toy_id,age_start,wage_uf,target_density,realized_density,initial_balance_uf,observed_fund,final_observed_uf,final_what_if_uf__transicion_5_anios_antes,delta_uf__transicion_5_anios_antes,delta_relative__transicion_5_anios_antes,final_what_if_uf__base,delta_uf__base,delta_relative__base,final_what_if_uf__transicion_5_anios_despues,delta_uf__transicion_5_anios_despues,delta_relative__transicion_5_anios_despues,age_band
TOY0001,27,32.37233424221505,0.7101485737194925,0.6416666666666667,28.073119166527945,A,399.0948281700706,383.2357408852022,-15.859087284868451,-0.03973764169680061,391.30286983735283,-7.7919583327177975,-0.019524077444063814,399.0948281700706,0.0,0.0,<35
TOY0002,42,57.47780105122188,0.779654639066476,0.7083333333333334,59.434750854580464,B,753.5328470470894,707.0582288391071,-46.4746182079823,-0.06167563682207744,722.4212860228944,-31.111561024194998,-0.04128759767555401,739.2203147315557,-14.312532315533645,-0.018993906332843924,35–44
TOY0003,27,73.130538693473,0.8447536609054551,0.825,28.121713575114732,A,1066.096110027021,1025.2442642398732,-40.851845787147795,-0.0383191021924959,1045.9625138681092,-20.133596158911814,-0.018885348112189893,1066.096110027021,0.0,0.0,<35
TOY0004,59,63.00059310475615,0.6459607598212525,0.6666666666666666,165.46500495379715,E,807.3685341282501,813.5585798818748,6.190045753624759,0.007666939559774155,831.0607966876363,23.692262559386222,0.029345040781119547,857.8940944500293,50.52556032177927,0.06258054182943096,55+
TOY0005,26,38.85816920887822,0.9631275429903463,0.95,11.501436772077582,B,617.7556503356059,621.8412356252671,4.085585289661253,0.00661359436767861,640.0979786028579,22.342328267252014,0.036166934701632014,640.644719947728,22.88906961212217,0.03705197937030169,<35
TOY0006,60,33.66180339193613,0.7914399102175519,0.7666666666666667,118.47900336295658,C,582.9013509593314,519.7200295282703,-63.181321431061065,-0.10839110481915692,527.9121929535027,-54.9891580058287,-0.09433698843780047,549.3025502632673,-33.59880069606402,-0.05764062931191971,55+
TOY0007,49,47.638665689540154,0.9120141482482554,0.8916666666666667,105.01063869178236,B,860.948666573143,784.6715116650144,-76.27715490812864,-0.08859663516494731,804.3939596843626,-56.5547068887804,-0.06568882569257772,828.3096452476927,-32.639021325450244,-0.03791053124614763,45–54
TOY0008,41,22.270682901114785,0.8352508881793445,0.8833333333333333,38.426344818734464,A,394.32608577822003,363.49028335534877,-30.835802422871268,-0.07819873839189573,367.16590623142173,-27.160179546798304,-0.06887746087910085,379.0659858621754,-15.260099916044624,-0.03869918949421802,35–44
TOY0009,43,32.19763753549755,0.6269316725977498,0.675,43.590221412908335,B,422.2084924219675,391.61349594645475,-30.594996475512744,-0.0724641901445583,407.2950862673633,-14.913406154604218,-0.035322373714120614,410.5752058599776,-11.633286561989905,-0.027553416785286444,35–44
TOY0010,31,50.04765281634802,0.7243817509812375,0.75,48.062562643626535,C,660.2212606240467,688.1100787099065,27.888818085859725,0.04224162375428353,694.0675045047797,33.846243880732914,0.05126500144624413,715.4274205726991,55.206159948652385,0.08361766462423681,<35
TOY0011,58,31.51596601499903,0.7414398297735858,0.7666666666666667,94.1032525850477,C,520.6176813731961,470.405413460631,-50.212267912565096,-0.09644748864488006,477.1098765870549,-43.50780478614121,-0.08356958732439468,497.4424297776407,-23.17525159555538,-0.04451491454233303,55+
TOY0012,42,20.089242506102448,0.831558168246242,0.8333333333333334,43.36167880559052,A,355.94416025122166,319.56227196198495,-36.38188828923671,-0.10221234775577936,326.86208898799356,-29.0820712632281,-0.08170402695384094,335.0514213257866,-20.892738925435083,-0.05869667565465664,35–44
TOY0013,33,92.43372962936517,0.9245759031863577,0.9666666666666667,35.84017401248163,A,1569.5654888370095,1470.2989113672934,-99.26657746971614,-0.06324462290724109,1518.096755582151,-51.468733254858535,-0.032791708036977174,1525.8182487618762,-43.74724007513328,-0.02787219799764351,<35
TOY0014,35,16.154544433703155,0.5964097253336174,0.6666666666666666,48.15217952081427,B,252.7125277962932,244.16216233064117,-8.550365465652021,-0.0338343553452336,252.7125277962932,0.0,0.0,255.83992525144237,3.127397455149179,0.01237531626318944,35–44
TOY0015,26,25.23846190947415,0.8657165319623696,0.8583333333333333,18.243169590831,B,382.94929035208514,386.0196369127345,3.070346560649341,0.008017632198316527,397.733967295493,14.784676943407874,0.038607401334559865,398.0777655443364,15.128475192251244,0.03950516575795726,<35
TOY0016,26,33.35055126663313,0.5587084187667227,0.49166666666666664,25.95489936863649,B,305.53583373825813,308.0552416319482,2.5194078936900723,0.008245867147119501,317.17838143781375,11.642547699555621,0.03810534285654166,317.44570467695974,11.909870938701602,0.03898027538368676,<35
TOY0017,33,43.54011199650327,0.6529691099521966,0.5583333333333333,50.021865965090115,C,455.0564614718036,461.1336647214231,6.077203249619515,0.01335483344190691,478.1301151071883,23.073653635384744,0.05070503462527909,479.373731567599,24.317270095795436,0.05343791848849988,<35
TOY0018,55,40.27688551908377,0.7017714457741587,0.6833333333333333,137.43004786095946,E,568.3033728791528,577.153833118925,8.850460239772246,0.015573478290184628,600.5488055354081,32.245432656255275,0.056739822769118264,610.4873204885417,42.18394760938895,0.0742278677595658,55+
TOY0019,62,74.05135258555087,0.8166137547619841,0.8583333333333333,142.33172890663525,C,1209.2117970922125,1089.3498963715065,-119.86190072070599,-0.09912399218146684,1091.1877224163698,-118.02407467584271,-0.09760413763714082,1123.6555191877485,-85.55627790446397,-0.07075375720796051,55+
TOY0020,38,25.53215146723832,0.7725069613013078,0.7333333333333333,66.22656679344891,A,424.97859035396783,394.07160911547334,-30.906981238494495,-0.07272597241369694,396.37556110694265,-28.603029247025177,-0.06730463580106827,412.1135258156298,-12.865064538338004,-0.03027226507486558,35–44
TOY0021,54,50.42282379065945,0.7440582484760273,0.6833333333333333,72.62554765843785,C,649.1185220554871,601.2498342864465,-47.86868776904066,-0.07374414092739268,618.4097392738074,-30.7087827816797,-0.04730843711628785,634.5795279941188,-14.538994061368271,-0.022398057623327916,45–54
TOY0022,61,40.07944363338781,0.8795687605320309,0.9166666666666666,78.61555570440193,E,624.5201419359007,624.5201419359007,0.0,0.0,631.6875672783542,7.167425342453498,0.011476692041085812,655.7540333575905,31.233891421689805,0.05001262461266709,55+
TOY0023,30,75.35648666175463,0.61688940391595,0.5833333333333334,33.50200569058976,C,731.0474993521079,759.8322468870749,28.784747534966982,0.039374661099966124,764.8098313145913,33.76233196248336,0.046183499693802865,787.436469855234,56.388970503126075,0.0771344824421134,<35
TOY0024,57,49.74232265829873,0.9019456648180815,0.875,123.78979254755406,D,822.0913043858494,781.9621618960297,-40.12914248981974,-0.0488134861367967,805.9746234532611,-16.116680932588338,-0.01960449021490196,823.2436040734073,1.1522996875578428,0.001401668745807605,55+
TOY0025,49,45.75312088883083,0.7977409779837492,0.7666666666666667,116.31477235809037,E,648.0062637888745,688.014818262173,40.00855447329843,0.061740999599864343,704.9567327077599,56.95046891888535,0.08788567657648483,726.751750419696,78.74548663082146,0.12151963805164279,45–54
TOY0026,36,34.537187054653856,0.8216391338548743,0.75,46.65924886412701,B,494.6560646916333,478.58160541305443,-16.074459278578843,-0.03249623410277924,494.23970694496126,-0.41635774667201986,-0.0008417115980000611,498.7716957342655,4.115631042632231,0.008320187169236215,35–44
TOY0027,59,60.253297187943794,0.7669173593890554,0.7166666666666667,76.41723256838728,E,713.6053052299193,716.9519966229177,3.346691392998423,0.004689835359225736,733.4643110954484,19.85900586552907,0.027829117468697318,754.3155001715604,40.710194941641134,0.05704861587110055,55+
TOY0028,39,41.61191754305332,0.9308878307910126,0.9666666666666667,40.02377862613707,B,717.4417930672184,690.9825819848842,-26.459211082334264,-0.03687994111580173,704.9044515727239,-12.537341494494513,-0.01747506434061319,720.0875241606249,2.6457310934064253,0.0036877292610670853,35–44
TOY0029,52,52.048002050716995,0.9589280172421337,0.9666666666666667,108.09505968580882,C,950.144157271719,883.0812419475704,-67.06291532414855,-0.0705818320419036,901.0109435054449,-49.13321376627414,-0.05171132547650159,929.2198557508844,-20.924301520834547,-0.022022238794708215,45–54
TOY0030,50,38.95744617151194,0.795646450801055,0.8,117.73937244817222,D,628.2033132364166,628.2033132364166,0.0,0.0,638.0342454047864,9.830932168369714,0.015649284174771516,665.4317870927966,37.22847385637999,0.05926182347651765,45–54
TOY0031,50,42.10886067103243,0.509343659846369,0.44166666666666665,124.97605187138709,C,481.32561190119856,451.7894264605965,-29.536185440602083,-0.06136425054120109,460.42274904997527,-20.90286285122329,-0.04342769703996974,481.32561190119856,0.0,0.0,45–54
TOY0032,58,34.397377923250936,0.43818149273962975,0.425,157.093594796445,C,463.3029856428903,415.2949101620687,-48.00807548082162,-0.10362133845134724,421.37192096439856,-41.93106467849174,-0.09050462867254605,442.75585923068724,-20.547126412203056,-0.0443492208099876,55+
TOY0033,44,40.378185175314705,0.8254284429360539,0.775,93.35048383197977,B,659.1536860895463,615.4150135058892,-43.73867258365715,-0.0663558036717331,634.1661666278005,-24.98751946174582,-0.03790848779134526,647.5651052802647,-11.588580809281666,-0.017580999778718298,35–44
TOY0034,36,24.14925651536769,0.7100965111301287,0.6916666666666667,39.01993101223657,C,318.5223076678006,321.90637329022184,3.3840656224212466,0.010624265682360301,332.28018277990157,13.757875112100976,0.043192815011404484,335.83386220452576,17.31155453672517,0.05434958280780777,35–44
TOY0035,41,33.284546394572374,0.8478608759212946,0.8916666666666667,71.65711356122632,B,595.3609999553099,569.4314070022116,-25.929592953098336,-0.04355272339814786,575.9774464591866,-19.38355349612334,-0.03255764737290201,594.8549311773626,-0.5060687779473483,-0.0008500200348785514,35–44
TOY0036,35,15.0,0.7103132793235817,0.6916666666666667,34.59964220328033,D,201.75263153588486,215.74242962881343,13.989798092928567,0.06934134135663195,223.03984252239846,21.2872109865136,0.10551144153342729,225.50033436070518,23.747702824820323,0.11770702887013607,35–44
TOY0037,25,33.106650286582195,0.9735113390868213,0.9833333333333333,9.706105109833988,A,563.3678596396799,547.0756359102942,-16.292223729385682,-0.028919334766108085,563.3678596396799,0.0,0.0,563.3678596396799,0.0,0.0,<35
TOY0038,34,33.609946421590415,0.7050570646527482,0.725,37.46597971909163,A,476.2890726766971,449.3882207411029,-26.900851935594233,-0.05648009471309956,459.607309073379,-16.68176360331813,-0.03502445166245005,469.0337897994101,-7.255282877287016,-0.015232940022144592,<35
TOY0039,40,25.572726659465207,0.8076459321412602,0.7666666666666667,72.97540755561354,C,415.1791456934884,415.1791456934884,0.0,0.0,420.57769630575507,5.398550612266661,0.01300294262913737,434.8490152214229,19.66986952793451,0.04737682451530456,35–44
TOY0040,61,30.398658298439436,0.8228872406587953,0.85,78.62737025090155,D,492.81662644290054,468.3439437264647,-24.472682716435827,-0.04965880086692109,474.5837626399371,-18.232863802963436,-0.03699725785342589,492.3968655038531,-0.4197609390474213,-0.0008517588825629474,55+
TOY0041,26,28.750833502813524,0.9655630943581008,0.9916666666666667,13.270305363212701,A,502.76583609882744,487.8717345391623,-14.89410155966516,-0.029624331030992046,502.33597314635733,-0.42986295247010275,-0.0008549963454270726,502.76583609882744,0.0,0.0,<35
TOY0042,43,52.68166741680686,0.5051352549176775,0.5583333333333333,60.60717561731869,C,548.1575770285738,530.5135069159352,-17.644070112638587,-0.03218795261078522,551.7672724653808,3.6096954368069873,0.0065851419155313895,555.9097978651268,7.752220836553079,0.014142321772830257,35–44
TOY0043,36,21.366174817105904,0.5367439480472356,0.5666666666666667,61.35307307904499,B,290.47731395173497,281.06399579344065,-9.413318158294317,-0.03240637979686911,290.228289257847,-0.249024693887975,-0.0008572948107381517,293.69515264145366,3.2178386897186897,0.011077762479769326,35–44
TOY0044,59,45.418068144849435,0.8190193122441571,0.75,77.3066685717604,D,615.5814630587381,588.188053825018,-27.39340923372015,-0.04450005543962632,601.8148156714652,-13.766647387272883,-0.02236364837704552,619.359971808898,3.778508750159858,0.006138113274862134,55+
TOY0045,25,39.25896859082778,0.8121670609616418,0.7916666666666666,15.891817021967267,A,553.4851298440254,536.9934766927024,-16.49165315132302,-0.029796018469313568,553.4851298440254,0.0,0.0,553.4851298440254,0.0,0.0,<35
TOY0046,58,46.26462253545083,0.761388561903044,0.8,120.19346478110765,D,718.7059647941214,688.1369053366286,-30.569059457492813,-0.04253347120369255,698.1126021238703,-20.593362670251167,-0.02865339050880189,726.5764062941113,7.870441499989852,0.01095085039713628,55+
TOY0047,66,17.007848167114044,0.9156835059838263,0.8833333333333333,105.28749942919607,E,348.5742894067743,348.5742894067743,0.0,0.0,348.5742894067743,0.0,0.0,354.6820232912082,6.107733884433912,0.017522043564453416,55+
TOY0048,41,41.97708821395986,0.882293718674959,0.8333333333333334,84.68309925976122,C,674.1587421448231,673.6194814946199,-0.5392606502032322,-0.0007999015906663409,681.2720210216459,7.113278876822733,0.010551341148810067,703.9977637932524,29.839021648429252,0.044261120983905,35–44
TOY0049,51,50.9454455077131,0.8857655631826612,0.9083333333333333,116.42886598485784,E,808.150066500307,849.0157415460759,40.86567504576885,0.05056693891363229,861.0196517628852,52.8695852625782,0.06542050474799788,896.1914951099762,88.0414286096692,0.10894193078636061,45–54
TOY0050,28,18.56573863593192,0.42799738870570037,0.44166666666666665,29.941741377074205,B,178.4515742334937,180.3213169438111,1.8697427103174107,0.010477591572663592,180.73556391801915,2.2839896845254657,0.012798932675914587,185.76484642081329,7.313272187319598,0.040981830609970515,<35
TOY0051,43,51.41946818266761,0.9555889847609256,0.9666666666666667,43.52904627469813,D,801.1945601220981,815.597359355675,14.402799233576957,0.01797665629604639,846.2991713790453,45.10461125694724,0.05629670182742319,852.8997479880763,51.705187865978246,0.06453512097997605,35–44
TOY0052,30,49.03962145189827,0.9373436089354117,0.9416666666666667,44.339525450924874,A,854.2786244064832,822.4108184409813,-31.86780596550193,-0.037303761390076184,829.1663668033875,-25.112257603095713,-0.029395863229684127,854.2786244064832,0.0,0.0,<35
TOY0053,25,33.36772761011303,0.8699243161925837,0.8416666666666667,16.958450270472145,A,503.3523692409018,488.3339642960645,-15.0184049448373,-0.029836762201966627,503.3523692409018,0.0,0.0,503.3523692409018,0.0,0.0,<35
TOY0054,49,29.44610089191371,0.7481310231416944,0.7916666666666666,83.40888342073748,C,491.2119628424979,467.5625405800268,-23.64942226247109,-0.04814504542116382,480.19739817199604,-11.01456467050184,-0.022423241907147062,494.75992416226984,3.5479613197719573,0.007222872381285272,45–54
TOY0055,45,28.80224061466858,0.72522786241997,0.65,95.91575448275323,D,412.50869184527727,419.4175973905816,6.9089055453043215,0.01674850901783098,437.93650486026064,25.42781301498337,0.06164188420185046,443.9147291643398,31.406037319062534,0.07613424381089695,45–54
TOY0056,59,29.01732022399141,0.8182287946569866,0.8583333333333333,125.91086319041673,E,515.7974248804312,520.3225209235025,4.525096043071244,0.008773010148548588,532.8408506101947,17.0434257297635,0.033042867039738244,550.6638456847238,34.8664208042926,0.06759712073470525,55+
TOY0057,35,34.532122752525325,0.8902143769891796,0.9,53.18440503264247,B,592.0383899294645,572.7153549087011,-19.323035020763427,-0.03263814534571918,592.0383899294645,0.0,0.0,597.710980734609,5.672590805144523,0.009581457725774012,35–44
TOY0058,42,40.679740454134205,0.6107684350687701,0.625,65.59791560125699,C,493.7237724793878,483.187936229253,-10.535836250134764,-0.021339536067355613,493.59194104437313,-0.13183143501464656,-0.0002670145582672756,505.8321886747722,12.10841619538445,0.024524677299977427,35–44
TOY0059,53,33.07028545934744,0.6093426043265562,0.6666666666666666,125.26909318626117,D,501.91746155274814,487.25181772006664,-14.665643832681496,-0.029219234149199358,509.1564852943266,7.239023741578478,0.014422737394279128,515.2910083341582,13.373546781410028,0.026644912372717933,45–54
TOY0060,42,42.62667205112751,0.870287957072707,0.85,73.27696714082076,B,708.2657187227651,662.9505819058855,-45.315136816879544,-0.06398041811002453,677.9598262992881,-30.305892423476962,-0.04278887375507656,694.6283808043432,-13.63733791842185,-0.01925455031624912,35–44
TOY0061,62,28.010350469899194,0.6375764499344486,0.5583333333333333,112.63070388118952,C,415.7185088542843,367.41855107081744,-48.29995778346688,-0.11618428517070611,369.2480883914726,-46.47042046281172,-0.11178338099711671,382.29243572742513,-33.426073126859194,-0.08040554465323446,55+
TOY0062,33,38.937280117646885,0.8433074949732215,0.8583333333333333,50.73207423457132,A,647.8885666037451,605.6470197487603,-42.24154685498479,-0.06519878422367675,627.2345381338439,-20.654028469901164,-0.03187898279818446,629.5226181064921,-18.36594849725293,-0.028347387874936403,<35
TOY0063,31,69.4003968803393,0.7729312124902727,0.8,48.31038781697142,A,1011.9627929435532,974.5052424069735,-37.457550536579674,-0.03701475073764793,982.7094097255647,-29.25338321798847,-0.02890756796788696,1011.1126827421723,-0.8501102013808577,-0.0008400607288219231,<35
TOY0064,32,26.97524031526006,0.5540408758201101,0.6166666666666667,24.040702077278837,A,320.86979350477054,302.7095411114566,-18.160252393313954,-0.05659695228695294,308.2347472058022,-12.635046298968348,-0.03937748755019688,314.69704454546496,-6.172748959305579,-0.019237550820481952,<35
TOY0065,61,35.042510694437716,0.802663641902663,0.7916666666666666,178.04421392461654,D,660.5432717883376,623.4251371725945,-37.11813461574309,-0.05619334296638945,634.1693379456945,-26.37393384264317,-0.039927639821747185,659.9706661690049,-0.5726056193327622,-0.0008668707165581102,55+
TOY0066,29,33.0091598145596,0.9012932856792463,0.9083333333333333,29.16525105878104,A,557.6244856821942,538.4856281807424,-19.138857501451753,-0.034322125360111144,549.2387006923778,-8.38578498981633,-0.015038408830912786,557.6244856821942,0.0,0.0,<35
TOY0067,45,30.57893126537414,0.8929837245529426,0.8916666666666667,62.765386056599496,C,521.7139670699804,500.4579548733953,-21.256012196585118,-0.04074265505284802,521.7139670699804,0.0,0.0,527.2281901239174,5.51422305393703,0.010569437281707561,45–54
TOY0068,37,24.637129020390702,0.4207812235638758,0.4583333333333333,35.41603093127813,C,229.31106563235377,229.72352933764046,0.4124637052866831,0.001798708248768044,235.43122199485887,6.120156362505099,0.026689319791995292,240.21787003411401,10.90680440176024,0.04756335840873338,35–44
TOY0069,35,73.887922624284,0.6850639400728961,0.6833333333333333,45.28088142062445,B,892.8912413469885,864.8620671208492,-28.029174226139276,-0.031391476283108455,892.8912413469885,0.0,0.0,900.0397682497471,7.14852690275859,0.00800604437778385,35–44
TOY0070,45,35.196203372203584,0.4445680512107666,0.43333333333333335,54.11883643104648,C,321.1638588857701,307.82124439317806,-13.34261449259202,-0.041544570235524714,321.1638588857701,0.0,0.0,325.1505145933848,3.986655707614716,0.012413151720887416,45–54
TOY0071,46,27.549777107365628,0.5190514745534404,0.5416666666666666,47.713799151009795,A,329.46497669839636,290.91332014629296,-38.551656552103395,-0.11701291268781788,302.70894392164007,-26.756032776756285,-0.08121055246867614,306.21315550957746,-23.251821188818894,-0.07057448540305522,45–54
TOY0072,33,33.12152459080062,0.7510394697936221,0.7916666666666666,26.321216309585346,B,468.88113668455173,456.01879327520373,-12.862343409348,-0.02743199161368992,471.31023048277956,2.429093798227825,0.005180617449027425,473.9033351842174,5.022198499665649,0.010711026967682002,<35
TOY0073,39,27.81804422468215,0.5670969031643953,0.5583333333333333,41.37997107255632,B,324.9664346274956,311.7054480033768,-13.2609866241188,-0.04080725026053744,319.05492222318634,-5.911512404309235,-0.018191147682946163,327.1393763441618,2.17294171666623,0.006686665098680322,35–44
TOY0074,32,32.748990574828845,0.8288267049875999,0.7583333333333333,45.45884759884272,A,497.1282975123221,468.42402119010774,-28.704276322214355,-0.057740177869281095,477.3009014858631,-19.827396026458985,-0.03988386121988463,487.5898736890858,-9.538423823236315,-0.019187046625524062,<35
TOY0075,41,33.80520670115046,0.8411007344395797,0.8,72.22760305242205,B,553.3586539619546,529.0452857295941,-24.313368232360517,-0.04393781150485476,535.0936889150246,-18.26496504693,-0.033007462549209166,552.8900010843793,-0.46865287757532315,-0.0008469242763619045,35–44
TOY0076,34,37.174657223579615,0.5795514275414227,0.6,43.68483253456126,A,446.8430739500802,422.77607195450435,-24.06700199557588,-0.053860076162363324,432.4053882171897,-14.437685732890543,-0.03231041628386855,440.4731092195935,-6.369964730486743,-0.014255484983075717,<35
TOY0077,56,25.334767747772364,0.8787856438396888,0.875,151.63387793967553,E,510.11737005438476,518.7370227465333,8.61965269214852,0.01689739106752941,540.1907602285416,30.073390174156884,0.05895386422726734,550.3880284249935,40.27065837060877,0.07894390729395351,55+
TOY0078,30,31.18354527457021,0.6962070738992973,0.6333333333333333,41.40652287848465,A,393.2406020890014,379.09531474511743,-14.145287343883979,-0.03597107538931721,382.0243185380408,-11.216283550960611,-0.02852269956707587,393.2406020890014,0.0,0.0,<35
TOY0079,67,62.28917330066929,0.36155006178876453,0.4,139.09498397288382,D,562.2035659796345,532.1063004051812,-30.09726557445333,-0.0535344622405749,532.1063004051812,-30.09726557445333,-0.0535344622405749,534.296336624995,-27.907229354639526,-0.04963901163809137,55+
TOY0080,39,36.498561816383216,0.9564314622166331,0.95,71.30571063588239,B,678.8641543361921,653.344910064066,-25.519244272126116,-0.03759109110287229,667.1397900908516,-11.724364245340439,-0.017270560200375873,682.6490588989219,3.784904562729821,0.005575348968647198,35–44
TOY0081,55,44.1913962394574,0.6778773899160555,0.6166666666666667,142.77467401628996,E,570.4085178450293,579.8074730805646,9.398955235535254,0.01647758569778013,603.0803312153118,32.67181337028251,0.05727791985595654,613.7418189522692,43.33330110723989,0.07596888852738504,55+
TOY0082,25,64.88603116765242,0.8904253907202674,0.8916666666666667,21.108989316326618,A,1010.6865343527722,980.7853040968301,-29.901230255942096,-0.02958506840609132,1010.6865343527722,0.0,0.0,1010.6865343527722,0.0,0.0,<35
TOY0083,42,35.45827015302869,0.6859440442090816,0.6416666666666667,96.13419298609506,B,524.6151560824874,489.21197766913696,-35.40317841335042,-0.06748409382168863,500.7656104392164,-23.84954564327097,-0.04546103056069739,514.4533756192869,-10.161780463200444,-0.019369971197711,35–44
TOY0084,49,60.791605565392935,0.9116493104292558,0.9083333333333333,93.77491778825623,A,1089.0600563731937,958.1174310353255,-130.9426253378682,-0.1202345312102765,981.7466459940874,-107.31341037910624,-0.09853764239272822,1008.7174098202579,-80.34264655293578,-0.0737724665253946,45–54
TOY0085,53,24.37632472705052,0.9356852450611697,0.9083333333333333,126.64384908378784,D,504.7965662936025,490.2881829934215,-14.50838330018098,-0.028741049897994975,512.257248850423,7.4606825568205295,0.014779582618003051,518.2204674516088,13.423901158006288,0.026592695066389505,45–54
TOY0086,59,30.78199866281672,0.7366613835324566,0.7166666666666667,115.75900339329894,D,487.7334644437052,465.7486556863576,-21.984808757347594,-0.04507545690436243,476.83992361287835,-10.89354083082685,-0.022335028504250176,492.89790994867786,5.164445504972662,0.01058866344318421,55+
TOY0087,48,47.369711563358,0.8001272702588288,0.8583333333333333,73.80077455642171,C,744.8483159618194,712.4363299045731,-32.41198605724628,-0.04351488130223247,721.0456607750045,-23.80265518681483,-0.03195637914019922,749.892483078305,5.044167116485596,0.006772072928663553,45–54
TOY0088,25,29.253463276857115,0.7253379020855268,0.7416666666666667,22.269330926282514,C,370.8675470275095,389.3510946700007,18.483547642491203,0.04983867634317485,401.1871382083785,30.319591180868997,0.08175315263866967,401.1871382083785,30.319591180868997,0.08175315263866967,<35
TOY0089,49,38.157790186983796,0.819145420635933,0.7916666666666666,96.40060933505823,C,616.9550379758689,587.7276964885834,-29.227341487285457,-0.04737353565208857,602.815901170516,-14.139136805352905,-0.022917613010732807,621.0346382358356,4.079600259966696,0.00661247580269575,45–54
TOY0090,35,37.474374765523486,0.6452767012117486,0.6416666666666667,44.28624796382379,A,476.60837018379493,443.9782248483944,-32.63014533540053,-0.0684632234276904,458.44628569529067,-18.162084488504263,-0.03810693564089196,462.6933246036804,-13.915045580114509,-0.02919597399170404,35–44
TOY0091,32,40.74421544747914,0.6628293111501451,0.6583333333333333,42.14365818759019,B,501.0627624972771,491.639826177619,-9.422936319658106,-0.018805900228335837,499.70416910541024,-1.3585933918668616,-0.002711423585132655,510.521748426965,9.458985929687913,0.018877846524744113,<35
TOY0092,47,65.24891574209695,0.711336369850026,0.7,98.60844112718068,A,939.1701691397333,818.6446358042917,-120.52553333544154,-0.12833194376887125,844.5612115665551,-94.60895757317815,-0.1007367574928818,863.1625736419567,-76.0075954977766,-0.08093058957291888,45–54
TOY0093,59,35.190632481327974,0.8636919423007401,0.875,124.12001958269968,C,665.002539640652,601.0031401822963,-63.9993994583557,-0.09623933089479497,614.7951142704053,-50.20742537024671,-0.07549959944119511,634.2751678398265,-30.727371800825495,-0.04620639767395429,55+
TOY0094,66,44.72444512734571,0.44351402214322944,0.4083333333333333,89.48739010061594,C,420.5108064668846,375.02827661084024,-45.48252985604438,-0.10816019269085331,375.02827661084024,-45.48252985604438,-0.10816019269085331,381.00126819617344,-39.509538270711175,-0.09395605930479833,55+
TOY0095,64,26.008658743469482,0.6500367036838671,0.6916666666666667,84.86216489321974,D,386.2272792861749,365.5240051813722,-20.703274104802688,-0.053603862842278915,368.5611493660596,-17.66612992011528,-0.045740243808686465,377.7701818634781,-8.45709742269679,-0.021896685905581803,55+
TOY0096,67,62.07725310932762,0.5621432160391371,0.575,198.08939979130216,E,761.1629860485635,761.1629860485635,0.0,0.0,761.1629860485635,0.0,0.0,764.6019540747144,3.43896802615086,0.004518044215475525,55+
TOY0097,36,29.01624865996206,0.621174078502469,0.6333333333333333,37.14902148878982,B,357.60927318275907,345.86306269764697,-11.746210485112101,-0.0328464929909944,357.29994383546455,-0.309329347294522,-0.0008649925225413524,360.97088380043573,3.3616106176766607,0.009400233354571519,35–44
TOY0098,25,45.419210525850374,0.884021814750252,0.9083333333333333,18.272435611419617,A,724.3864473737682,703.4380388072643,-20.948408566503872,-0.028918830056044564,724.3864473737682,0.0,0.0,724.3864473737682,0.0,0.0,<35
TOY0099,66,29.591015462753663,0.9384435372408868,0.9333333333333333,93.2200584367849,E,512.6689523839572,512.6689523839572,0.0,0.0,512.6689523839572,0.0,0.0,519.4789140313324,6.809961647375189,0.013283351011814215,55+
TOY0100,33,69.52869970631441,0.7399001051763158,0.6916666666666667,32.88229519661722,A,869.4468456265857,813.6764015914482,-55.77044403513753,-0.06414474250573121,840.7895293416892,-28.657316284896524,-0.03296040054552618,845.2079434496965,-24.23890217688927,-0.027878532539181267,<35
TOY0101,55,39.282545735826204,0.35691316282158175,0.44166666666666665,123.4529994483304,D,429.46240952092415,412.38414960453105,-17.078259916393108,-0.03976660014422295,429.46240952092415,0.0,0.0,437.72266727597867,8.26025775505451,0.019233948238377874,55+
TOY0102,50,32.348005569045164,0.8428878065383992,0.8583333333333333,128.81273032916772,D,591.9661019534414,591.9661019534414,0.0,0.0,601.5816674458365,9.615565492395149,0.016243439380505986,627.5580064074161,35.591904453974735,0.06012490299110751,45–54
TOY0103,66,24.12725313313188,0.8146796817880262,0.8083333333333333,196.53759587197652,C,600.6660876948816,528.9289414025332,-71.73714629234848,-0.11942932647928772,528.9289414025332,-71.73714629234848,-0.11942932647928772,539.4002096626797,-61.265878032201954,-0.10199656562486503,55+
TOY0104,55,44.14301131939756,0.7649820125585624,0.8083333333333333,118.27791126009257,D,694.6019162852908,668.7623236162641,-25.83959266902673,-0.03720057786079267,694.6019162852908,0.0,0.0,704.832032895741,10.230116610450182,0.014728028199462173,55+
TOY0105,45,41.15511794765201,0.9008609822526993,0.875,107.08572001710507,D,686.2831335027,696.4232640949917,10.140130592291712,0.014775433195535204,726.1815015596342,39.898368056934146,0.05813689147990275,735.0498419686342,48.76670846593413,0.07105916798076506,45–54
TOY0106,39,40.234303609257374,0.575418566497989,0.5666666666666667,60.95357852376707,B,469.1640778657819,451.03639293189104,-18.127684933890862,-0.03863826279359095,460.5722503732592,-8.591827492522725,-0.018313054851954558,471.9850349731613,2.8209571073793995,0.0060127303868018345,35–44
TOY0107,65,25.068809648205807,0.4746387822382957,0.45,173.9721553674815,E,382.8574060010796,382.8574060010796,0.0,0.0,382.8574060010796,0.0,0.0,391.69551445746725,8.838108456387658,0.023084595773400718,55+
TOY0108,53,41.867838053450114,0.8858918348714828,0.9,137.8363602771431,E,713.3911545153388,730.9873131139326,17.596158598593775,0.024665512723588856,760.8693165334959,47.478162018157036,0.06655277643638935,770.3195905140011,56.92843599866228,0.07979975030295705,45–54
TOY0109,39,35.83511918196841,0.6334594784288897,0.6166666666666667,80.76238773930662,A,515.7449525572915,474.6240776922138,-41.120874865077724,-0.07973102724744519,484.96769290770237,-30.777259649589155,-0.059675348245255555,497.82927519781623,-17.915677359475296,-0.03473747492950041,35–44
TOY0110,41,66.58103202588457,0.6614216603897164,0.675,49.332202195694364,A,840.1885781108564,775.3034869712905,-64.88509113956593,-0.07722681887137584,782.9913345877002,-57.1972435231562,-0.06807667351508495,807.9893130027435,-32.199265108112854,-0.03832385484281653,35–44
TOY0111,67,15.4388500420812,0.45185504407594684,0.44166666666666665,131.52305037967722,E,265.28271841267986,265.28271841267986,0.0,0.0,265.28271841267986,0.0,0.0,267.20730368946056,1.9245852767807037,0.00725484603104376,55+
TOY0112,47,29.69620801434846,0.9685568174262652,0.975,79.01691349664901,B,596.5187815837947,540.988235841737,-55.53054574205771,-0.09309102656352353,558.0847246902047,-38.43405689359008,-0.06443058974865012,570.7107883122526,-25.80799327154216,-0.04326434316622907,45–54
TOY0113,67,45.89978759024569,0.7176132625854316,0.7,154.88258265698082,E,655.918196145756,655.918196145756,0.0,0.0,655.918196145756,0.0,0.0,658.3340950031384,2.415898857382331,0.003683231951146393,55+
TOY0114,41,26.065096779650517,0.7273606026103561,0.7333333333333333,69.55096692179129,B,422.9269541436926,403.41068526824193,-19.51626887545069,-0.04614572016334506,408.8060178404289,-14.120936303263704,-0.03338859385743009,422.5663273108504,-0.36062683284222885,-0.0008526929516052828,35–44
TOY0115,57,26.894954737393544,0.9030809125848818,0.9333333333333333,155.78014485692853,C,626.2358293304947,558.9474969025251,-67.28833242796952,-0.10744887033995976,577.7006281152085,-48.53520121528618,-0.07750307303108939,591.0991858882007,-35.13664344229392,-0.056107686268699,55+
TOY0116,55,36.52407347256718,0.9623766443780497,0.975,121.01805131119467,E,662.5086824438475,671.6602448697814,9.15156242593389,0.013813498099641164,698.2672814895291,35.758599045681535,0.05397453647516892,708.5998111054535,46.09112866160592,0.06957060319811359,55+
TOY0117,57,55.317712204308556,0.6128384980496765,0.6583333333333333,83.24830641026361,D,659.2224178345078,627.8662258375772,-31.356191996930647,-0.04756542124270169,646.7614987218275,-12.460919112680358,-0.018902450486458666,660.1339470622,0.9115292276921991,0.0013827339650955839,55+
TOY0118,35,34.470201297077594,0.4410165891627851,0.425,34.61644490813182,A,302.11119251239296,281.3661916170142,-20.74500089537878,-0.0686667737228166,290.51900771774433,-11.592184794648631,-0.03837059030566403,293.34401521017236,-8.767177302220603,-0.029019703736600122,35–44
TOY0119,67,15.0,0.8629245619542043,0.8416666666666667,111.0527818820349,E,321.9931415459797,321.9931415459797,0.0,0.0,321.9931415459797,0.0,0.0,323.63332605766027,1.640184511680559,0.005093849216183832,55+
TOY0120,54,36.73636052639692,0.9453968888088722,0.9,95.37802907043216,B,686.9553896211672,608.9949532991674,-77.96043632199985,-0.11348689813030277,627.538016741207,-59.417372879960226,-0.08649378660923956,642.6419459972119,-44.31344362395532,-0.06450701791333602,45–54
TOY0121,49,29.94557434052399,0.638282079609478,0.5916666666666667,65.05305868619797,D,356.4367151255711,359.70258349488756,3.265868369316479,0.009162547601657467,369.7131265329901,13.276411407419005,0.03724759780355891,381.2809131592722,24.844198033701105,0.06970156827123875,45–54
TOY0122,42,49.15938127270232,0.771165552356376,0.8083333333333333,84.77152019358343,D,709.1041695396622,731.6409025154306,22.536732975768473,0.031781977802216144,748.0565174848307,38.952347945168526,0.0549317711253281,766.3269825079338,57.22281296827168,0.08069732971027332,35–44
TOY0123,48,26.5933040017783,0.8153264413309601,0.8,82.18758504389496,C,453.97303062306787,434.144542100102,-19.82848852296587,-0.04367767947746082,439.2062343239746,-14.766796299093244,-0.03252791532313304,458.66037330579894,4.687342682731071,0.010325156708753891,45–54
TOY0124,43,28.808901041698725,0.6637924892909997,0.6416666666666667,90.9776851706053,C,421.5995776166434,407.6845567865086,-13.915020830134779,-0.03300530069028573,426.4379582133302,4.838380596686818,0.011476246309445548,428.53629187822554,6.9367142615821535,0.016453323555958743,35–44
TOY0125,50,40.06714658171988,0.38191908985506484,0.35833333333333334,112.83076489496364,D,367.8312809746367,367.8312809746367,0.0,0.0,374.88583952766294,7.054558553026254,0.01917878907507231,390.8014965895008,22.970215614864117,0.062447694915996,45–54
TOY0126,57,45.83586536892254,0.6639369026095718,0.725,82.42393262750306,D,608.8025234281831,580.1302057701108,-28.672317658072302,-0.04709625297973097,597.2166642984901,-11.585859129693063,-0.019030570150157744,609.5000951709883,0.6975717428051667,0.0011458095457244077,55+
TOY0127,26,27.011837032714915,0.6824741374125224,0.625,22.452413904562814,A,320.2759196484235,310.78413049373205,-9.491789154691446,-0.029636287252288174,319.99550066159816,-0.28041898682533883,-0.0008755543880201166,320.2759196484235,0.0,0.0,<35
TOY0128,55,57.531652412398415,0.8564605288952565,0.8833333333333333,107.89499109501764,E,861.4695532492235,870.5598420367323,9.090288787508825,0.0105520720415746,904.3922966523897,42.92274340316624,0.049825026597020816,914.5620296008657,53.092476351642176,0.06163012511747179,55+
TOY0129,58,22.38701548725394,0.5573542176117974,0.5333333333333333,91.39541252970639,D,302.8745313001468,289.9635277539606,-12.911003546186237,-0.04262822460100324,294.261095877845,-8.613435422301848,-0.028438955845270453,307.7400082073335,4.8654769071866895,0.01606433161052112,55+
TOY0130,25,15.262232291590534,0.7359954012453072,0.7666666666666667,11.84765356610888,B,211.69520224268626,213.66278323174058,1.9675809890543121,0.009294405202431966,220.39516463530697,8.699962392620705,0.04109664413956393,220.39516463530697,8.699962392620705,0.04109664413956393,<35
TOY0131,42,55.43286642085442,0.6571112580963301,0.5916666666666667,51.89871188960491,A,639.2588127974155,577.6201143981145,-61.638698399301006,-0.09642213320387127,589.6689943692223,-49.58981842819321,-0.0775739300506264,603.8116486183386,-35.447164179076935,-0.05545041142875928,35–44
TOY0132,65,33.224728261641715,0.8778402577698576,0.8916666666666667,199.16860683240597,E,677.0841655088046,677.0841655088046,0.0,0.0,677.0841655088046,0.0,0.0,688.8555327826926,11.771367273888018,0.01738538260607858,55+
TOY0133,34,38.007227394665996,0.84472696471298,0.7833333333333333,49.75421725116638,A,589.4423473994043,556.3008051955776,-33.1415422038267,-0.05622524806717033,569.0678391668275,-20.374508232576773,-0.03456573543191843,580.7021494840789,-8.740197915325439,-0.014827909724991484,<35
TOY0134,51,64.95278322563107,0.43515610182263986,0.475,56.30388854237913,A,609.6908739949931,534.2239981421612,-75.46687585283189,-0.12377891661447382,540.8766365851784,-68.81423740981472,-0.11286742240196268,562.1680623789496,-47.522811616043555,-0.0779457486457864,45–54
TOY0135,52,43.84235298083171,0.7300948996922213,0.8166666666666667,61.46854643130975,D,618.9124876545245,607.1922109117717,-11.720276742752844,-0.01893688845602204,619.1198386884901,0.20735103396555132,0.00033502480253932987,638.0575315021865,19.14504384766201,0.030933361710337115,45–54
TOY0136,27,55.66097825010229,0.8060148591285028,0.8333333333333334,29.366862338294602,A,825.8409669198088,794.9799518905403,-30.861015029268515,-0.03736919850848863,810.3311231601829,-15.509843759625937,-0.01878066647319998,825.8409669198088,0.0,0.0,<35
TOY0137,55,43.79215259992941,0.7655817692216109,0.7583333333333333,71.28212298906276,E,564.3791285557967,571.5897274896242,7.210598933827555,0.01277616157117456,592.8511994981351,28.472070942338405,0.050448483123740395,601.0206824421654,36.64155388636868,0.06492365155340107,55+
TOY0138,45,37.36334220478233,0.9397439783128338,0.95,81.67897140132492,C,678.1621216488004,650.700854146675,-27.461267502125338,-0.04049366165624135,678.1621216488004,0.0,0.0,685.4258971464625,7.263775497662095,0.010710972001800823,45–54
TOY0139,47,31.076718771208995,0.6638144027875693,0.6583333333333333,106.77659506060898,C,479.9955568960409,453.3742555614481,-26.62130133459283,-0.05546155782512496,469.1454949253521,-10.850061970688785,-0.022604505010113463,480.32303117304684,0.32747427700593335,0.0006822443922680499,45–54
TOY0140,47,45.339572566128254,0.8280387900045776,0.825,109.96187870104659,C,748.2812758606922,709.3767724247617,-38.90450343593045,-0.05199181736998759,732.0591528239942,-16.222123036698008,-0.02167917808452302,748.6420368799526,0.3607610192603943,0.0004821195329862693,45–54
TOY0141,53,22.417192551655656,0.9083523990361931,0.9083333333333333,60.06918269493908,C,407.6489625690632,375.2525268047167,-32.396435764346506,-0.07947140490725024,389.9702837475433,-17.678678821519895,-0.043367407855293694,394.6193523617789,-13.029610207284293,-0.03196281949344304,45–54
TOY0142,25,24.80843692343764,0.5645350550318233,0.5666666666666667,20.893287354617456,A,274.0094440422914,265.6021131718845,-8.407330870406895,-0.030682631760346468,274.0094440422914,0.0,0.0,274.0094440422914,0.0,0.0,<35
TOY0143,40,43.21222763314756,0.8436849911224312,0.8666666666666667,48.1920768865546,B,685.4531179357392,657.5233326943504,-27.9297852413888,-0.040746455899858036,663.1883151505131,-22.264802785226152,-0.032481875423190476,685.4531179357392,0.0,0.0,35–44
TOY0144,56,44.77060790138444,0.7925735740726648,0.7583333333333333,156.31110537515067,E,683.4082428866004,693.4171434272208,10.008900540620402,0.014645566021188827,720.9686925358426,37.56044964924217,0.054960486707905654,732.933212728589,49.524969841988536,0.07246762145098429,55+
TOY0145,54,54.69232849873161,0.8121880675890132,0.8333333333333334,130.71628832896107,D,861.3338540689147,841.7967235486923,-19.537130520222377,-0.022682413361473697,867.9731539306551,6.639299861740483,0.007708160814040577,889.7955603010697,28.461706232155052,0.033043756608082786,45–54
TOY0146,52,23.946332902528372,0.5753187358865027,0.5833333333333334,135.59745091232637,C,421.11430299225754,387.1053033768792,-34.00899961537834,-0.08075954526769802,396.40514232697893,-24.709160665278603,-0.05867566237885036,411.53387564036166,-9.580427351895878,-0.022750182750434944,45–54
TOY0147,26,18.527889691264555,0.7451203884514445,0.7,22.33262447210037,A,253.96218523931537,246.61809468952302,-7.344090549792355,-0.02891804755448857,253.74767334698535,-0.2145118923300231,-0.0008446607597422107,253.96218523931537,0.0,0.0,<35
TOY0148,54,37.640660138979406,0.77245334366144,0.8166666666666667,137.4843126311474,C,686.8463810008143,633.1491607585376,-53.69722024227667,-0.07817937420596677,653.9673546675701,-32.879026333244155,-0.04786954877062266,671.1449253588179,-15.701455641996404,-0.022860214563724668,45–54
TOY0149,52,45.6134756724313,0.8925431550446117,0.8833333333333333,103.70760300955261,B,821.0262310901962,729.525281829982,-91.50094926021427,-0.11144704736012534,744.6397169672476,-76.3865141229486,-0.09303784852466779,768.1465907118987,-52.879640378297495,-0.06440676116776622,45–54
TOY0150,36,27.672794884963057,0.28677443658109325,0.2916666666666667,43.39661713178563,C,190.27275669235294,193.01461748058176,2.74186078822882,0.014410159582971982,199.51696653457648,9.24420984222354,0.04858399070325281,202.36036874253162,12.087612050178677,0.06352781270585584,35–44
TOY0151,27,29.39652703499872,0.7765803671665619,0.7583333333333333,19.487001014925518,A,410.9127236775175,394.98617599586674,-15.926547681650732,-0.038758954794862466,402.9508883537811,-7.961835323736352,-0.01937597661245638,410.9127236775175,0.0,0.0,<35
TOY0152,56,69.28952018842996,0.40003484725149113,0.375,78.7525966375954,C,515.7003946943781,472.96491399674005,-42.73548069763808,-0.08286881518282452,489.63111284304966,-26.06928185132847,-0.05055121562739551,496.33950016321137,-19.360894531166764,-0.03754291198989812,55+
TOY0153,53,42.55259998779216,0.6052972993885841,0.6833333333333333,118.91956691296579,C,632.0698168848008,579.8091101042023,-52.260706780598525,-0.08268185789691551,603.4941144748537,-28.575702409947098,-0.04520972469589579,611.4327929259821,-20.63702395881876,-0.03264991209441026,45–54
TOY0154,45,53.159049465625074,0.8936871589149359,0.8833333333333333,69.30035757993794,E,757.0647713617769,801.0282828522442,43.963511490467226,0.05807100416439592,833.5919484672747,76.5271771054978,0.10108405515665964,840.4450172823913,83.38024592061436,0.11013621168851029,45–54
TOY0155,45,30.682208387157047,0.9441330112736891,0.975,47.056712431114214,B,561.4758997652292,516.8515995434362,-44.624300221792964,-0.07947678652004797,538.114946196496,-23.36095356873318,-0.041606333555012975,543.3619382231504,-18.113961542078755,-0.03226133401211484,45–54
TOY0156,59,55.49149397261823,0.7830479437830925,0.7583333333333333,98.15737866508108,B,834.8397051260633,727.5804133518836,-107.2592917741797,-0.12847890572955345,743.4188056769688,-91.42089944909458,-0.10950712919828098,764.3937681290524,-70.4459369970109,-0.08438259053140429,55+
TOY0157,37,20.303152826641305,0.9550595636350353,0.9416666666666667,42.96020006980275,B,379.083735052391,362.9126924602509,-16.171042592140054,-0.04265823378020994,371.82970755011314,-7.254027502277836,-0.019135686476433267,378.7336852425001,-0.35004980989089063,-0.000923410258798163,35–44
TOY0158,31,28.841927242342315,0.8651697426838431,0.8833333333333333,23.957478785936562,B,451.0831178007273,450.7005072841599,-0.3826105165673539,-0.0008482040259737422,454.3470005400437,3.2638827393164433,0.0072356570452682956,467.8195321662804,16.736414365553117,0.03710272831125261,<35
TOY0159,34,29.562086493523015,0.8391341059268207,0.875,55.19211677438517,A,527.1880430139785,498.0458670963521,-29.14217591762639,-0.0552785221588451,509.60054829408193,-17.58749471989654,-0.03336095147254736,519.549955415845,-7.638087598133438,-0.014488355150215182,<35
TOY0160,51,20.76839951466629,0.853982013886367,0.8583333333333333,111.06945515854288,C,445.80877570535364,418.95080347928746,-26.85797222606618,-0.06024549916849842,426.9200429604396,-18.888732744914023,-0.04236958484055964,445.4476360534579,-0.3611396518957122,-0.0008100774851825809,45–54
TOY0161,25,48.5634099180462,0.7946797636095301,0.8333333333333334,17.865884562661527,A,715.0858523650892,693.9984346171764,-21.08741774791281,-0.02948935107325623,715.0858523650892,0.0,0.0,715.0858523650892,0.0,0.0,<35
TOY0162,32,29.45392560194201,0.5389706396230565,0.45,26.649159366904588,A,265.83111596913585,251.0723192419134,-14.75879672722246,-0.05551944765162864,255.53029803454447,-10.300817934591379,-0.03874948159111424,260.7426180582772,-5.088497910858678,-0.019141844596738178,<35
TOY0163,41,38.073200800124475,0.8827675346219231,0.9,47.01281207416229,B,631.4892891501742,605.2383663505258,-26.25092279964838,-0.04156986230910664,610.7705218321992,-20.718767317974994,-0.03280937250077076,630.9474718462083,-0.5418173039658996,-0.0008579991985216973,35–44
TOY0164,63,55.03833161578433,0.7246482987056388,0.6833333333333333,177.9240180863478,C,853.5802891833453,762.6374967420549,-90.94279244129041,-0.10654275127217272,771.2634487721349,-82.31684041121036,-0.09643713831532619,782.3691092724437,-71.21117991090159,-0.08342645772553181,55+
TOY0165,61,50.658304452144,0.9648865499511368,0.975,100.39231004217115,D,874.8579673888767,832.6567981159141,-42.2011692729626,-0.04823773783408214,842.1636479996487,-32.694319389227985,-0.03737100261749715,874.1055313989184,-0.7524359899582578,-0.0008600664542199876,55+
TOY0166,67,38.10446073811229,0.8814680574573226,0.8916666666666667,171.43627811345,E,704.2575587369644,704.2575587369644,0.0,0.0,704.2575587369644,0.0,0.0,706.955774983808,2.6982162468436854,0.003831291852490315,55+
TOY0167,61,25.08901490453791,0.49949328131771553,0.4583333333333333,147.18965413700087,E,353.02318074717306,353.02318074717306,0.0,0.0,360.7991594610071,7.775978713834036,0.02202682185735272,376.57329465404734,23.550113906874287,0.0667098230122749,55+
TOY0168,31,77.16291276075972,0.7933192540648636,0.7916666666666666,30.015187086238527,A,1086.4679910960422,1045.2942346224543,-41.1737564735879,-0.03789688864377061,1053.8774715746508,-32.59051952139134,-0.029996759949194263,1085.54952709481,-0.9184640012322234,-0.0008453668297265793,<35
TOY0169,46,49.822467840534095,0.9533640850146323,0.9416666666666667,98.77227220275385,C,881.5458000913081,846.1795406631624,-35.36625942814578,-0.04011845944304049,880.8312373814931,-0.7145627098150271,-0.0008105792231566378,890.5805481886464,9.034748097338252,0.01024875632826161,45–54
TOY0170,39,25.808729965679277,0.5460011156034792,0.55,59.81818904128674,B,329.222962148998,316.3960100709238,-12.826952078074214,-0.03896129235441681,323.48381516687795,-5.739146982120076,-0.017432401873362258,332.0089129615709,2.785950812572878,0.008462200796650388,35–44
TOY0171,33,50.88349106283992,0.6999021560412114,0.7416666666666667,53.43099909777156,A,727.7684698475648,680.1703594295273,-47.59811041803755,-0.06540282025134625,704.4955912897781,-23.272878557786726,-0.03197841006036073,707.1174769818073,-20.65099286575753,-0.028375772957137002,<35
TOY0172,61,43.295184057564484,0.8618442129796147,0.8666666666666667,83.8783366260917,E,641.8855808792069,641.8855808792069,0.0,0.0,649.1185875545222,7.23300667531521,0.011268373820468192,673.589031473273,31.703450594066112,0.04939112442850191,55+
TOY0173,31,49.06431053581081,0.6788277974004907,0.725,22.56680930516886,A,629.4301310877704,606.9552326551087,-22.47489843266169,-0.035706740625557565,611.447279351423,-17.982851736347357,-0.02857005225547382,628.8933497717343,-0.5367813160361266,-0.0008528052432260624,<35
TOY0174,55,43.339581209445996,0.784454179672402,0.7416666666666667,125.28808997782906,B,719.8546795861095,625.5227337808607,-94.33194580524878,-0.13104304032514769,649.9193108611813,-69.93536872492814,-0.09715206514339592,659.8076914887243,-60.04698809738511,-0.08341543064207069,55+
TOY0175,56,45.206951371948,0.6109548285354882,0.675,132.40454788264108,B,706.8602386080017,612.6008661521645,-94.25937245583725,-0.13334937701611194,636.6337349710928,-70.22650363690889,-0.09934991360555767,646.9405017607372,-59.91973684726452,-0.08476886034113706,55+
TOY0176,47,41.50133734515128,0.7152895470870989,0.775,56.54917611719663,B,609.6367104727809,556.0510937551991,-53.58561671758184,-0.08789762131618606,572.1989069794603,-37.437803493320644,-0.06141002149343522,584.6973370447284,-24.939373428052477,-0.040908582110666614,45–54
TOY0177,25,45.00092905168593,0.5253033577076969,0.5416666666666666,9.09568096719943,A,421.8182276267486,409.9022347690665,-11.915992857682056,-0.028249117931020473,421.8182276267486,0.0,0.0,421.8182276267486,0.0,0.0,<35
TOY0178,41,79.80793743909614,0.6897003208580755,0.675,85.51653955562564,C,969.5173967168962,968.7411886235616,-0.7762080933346169,-0.0008006128574516991,978.8497065972841,9.332309880387925,0.009625727100916581,1010.8044333985042,41.287036681608015,0.04258514269204405,35–44
TOY0179,58,40.94444752371162,0.93290679796659,0.8833333333333333,141.54315205953847,D,732.9302347741981,702.3290929918999,-30.601141782298214,-0.04175177981534062,712.456617739652,-20.473617034546123,-0.027933923398389515,741.7084659905302,8.778231216332074,0.011976898754949783,55+
TOY0180,50,42.620311189534426,0.27863277994569474,0.225,112.85827441947136,D,297.63286150132564,297.63286150132564,0.0,0.0,304.32051685041495,6.687655349089312,0.02246947906005836,317.9626283785331,20.329766877207476,0.06830484636225864,45–54
TOY0181,51,58.04286561271803,0.7164742343196496,0.7416666666666667,98.82932808225132,D,779.7745851186329,779.1106301033706,-0.6639550152623315,-0.0008514704479132273,789.5446281119201,9.770042993287234,0.01252931703564153,822.5920877650284,42.817502646395496,0.054910102821421614,45–54
TOY0182,40,44.575033448047066,0.5664835629451921,0.5333333333333333,46.707234742337356,D,416.06779881587687,437.71644076486194,21.648641948985073,0.0520315246952463,442.23449206051083,26.16669324463396,0.06289045515924085,456.3178926071223,40.25009379124543,0.09673926678727995,35–44
TOY0183,40,38.77957217375228,0.6164557758579297,0.6,37.99160891968786,D,399.83238545650875,421.6284461887879,21.79606073227916,0.05451299475752447,426.1050351937513,26.272649737242546,0.06570915886977424,440.340385522953,40.508000066444254,0.10131245376783138,35–44
TOY0184,37,37.74574589519615,0.7082560687735159,0.775,46.048870110038926,D,500.88941005338916,527.885057667216,26.995647613826804,0.053895424962067784,540.8089263088169,39.919516255427766,0.07969726541268418,550.6508191303244,49.76140907693525,0.09934609931487914,35–44
TOY0185,40,53.48215469698244,0.5926525119129062,0.6,67.83836352500208,B,630.4217043352983,603.6207898549197,-26.800914480378538,-0.04251267730167507,609.6458843249749,-20.7758200103234,-0.03295543263731526,630.4217043352983,0.0,0.0,35–44
TOY0186,53,40.146583030839345,0.572648198916272,0.6083333333333333,98.87794855883783,C,531.9529351874166,487.0600516816075,-44.89288350580915,-0.08439258538914274,507.566183526346,-24.38675166107066,-0.04584381445790642,514.2913287893574,-17.661606398059234,-0.03320144552231252,45–54
TOY0187,29,37.92295571598067,0.8498527435393631,0.8583333333333333,28.306154526296808,A,592.0257003787069,572.6476927972243,-19.37800758148262,-0.03273169993986225,583.459806550225,-8.565893828481876,-0.01446878712022548,592.0257003787069,0.0,0.0,<35
TOY0188,33,36.86650024210733,0.6299684658685046,0.6833333333333333,40.40447998739281,B,473.5119043177747,460.2013662073132,-13.310538110461493,-0.028110250215649835,476.6518280652611,3.139923747486421,0.006631140038623418,478.3129233450371,4.801019027262441,0.01013917281378518,<35
TOY0189,42,58.689444362928384,0.9790802551568689,0.975,51.63160245017575,B,1011.2785344629227,950.1520939730847,-61.126440489838046,-0.06044471271438734,970.0515269315208,-41.22700753140191,-0.040767213113345746,992.3020770172877,-18.976457445634992,-0.018764817801371736,35–44
TOY0190,38,39.4872953868369,0.5446325219112955,0.475,73.57551491290505,B,428.96050064890727,413.1193722777055,-15.841128371201762,-0.03692910733561294,415.8775869165805,-13.082913732326745,-0.030499110553385833,433.8437784746047,4.883277825697405,0.011383980152742001,35–44
TOY0191,44,46.55121244174858,0.8044737588284204,0.775,52.964011675810085,A,690.399443728015,623.952949877778,-66.44649385023695,-0.0962435506776187,641.1968987028384,-49.202545025176505,-0.0712667796478701,653.1540237871545,-37.245419940860415,-0.05394763897801369,35–44
TOY0192,32,26.596357090945663,0.671200608950828,0.6666666666666666,29.951492361331,B,338.00880761736346,331.3508475198779,-6.657960097485557,-0.019697593516623924,337.62004959766125,-0.3887580197022089,-0.0011501416854862168,344.9101528293603,6.901345211996841,0.02041764905667609,<35
TOY0193,29,33.45219076486067,0.5925109823896809,0.55,33.386097163029675,A,364.0179565401755,352.2979286469852,-11.720027893190263,-0.032196290547268025,359.16637793337577,-4.8515786067997055,-0.01332785517756252,364.0179565401755,0.0,0.0,<35
TOY0194,63,36.65164701912793,0.9444602958271776,0.9333333333333333,191.1071804187476,E,731.7020784913262,731.7020784913262,0.0,0.0,740.7140407142367,9.011962222910483,0.012316436549547616,751.4009577328135,19.698879241487248,0.026921994375229463,55+
TOY0195,46,24.59128307842425,0.7548622704264113,0.775,52.45448772716845,D,355.97020190146037,360.66328267034015,4.693080768879781,0.013183914675473085,375.57319266715575,19.60299076569538,0.0550691902327316,379.9376529359395,23.967451034479154,0.06732993634426121,45–54
TOY0196,62,53.069256111105645,0.9087889816005253,0.9166666666666666,125.67000516871613,D,898.1267587799884,853.9533258163757,-44.173432963612754,-0.04918396265535807,855.5938702062235,-42.53288857376492,-0.04735733364802697,880.9935295053731,-17.13322927461536,-0.01907662710984037,55+
TOY0197,46,34.392682157786474,0.7562869868497041,0.725,62.074827433959626,D,456.5086086634673,462.4064482313233,5.897839567855954,0.012919448737501948,481.3272848415121,24.818676178044768,0.05436628292883028,486.79556885882613,30.2869601953588,0.06634477339656475,45–54
TOY0198,62,45.22508658930402,0.9613135849366712,0.9666666666666667,157.84813633332962,D,868.3045561758106,824.0938612097141,-44.210694966096526,-0.05091611537869778,826.3772645034155,-41.927291672395086,-0.048286389117951134,851.6930490321001,-16.61150714371047,-0.01913096853582219,55+
TOY0199,41,15.0,0.7719872304817406,0.7666666666666667,85.14005413763141,B,322.71246110315144,306.643912736706,-16.06854836644544,-0.04979215339722909,311.62667882944515,-11.085782273706286,-0.034351887856486685,322.43439545358723,-0.278065649564212,-0.0008616514175302514,35–44
TOY0200,58,37.58309080893082,0.43224203668647815,0.5166666666666667,87.49983008875168,E,389.8565748682519,394.49166363940793,4.635088771156006,0.011889215342135495,400.202657912094,10.3460830438421,0.026538177655047734,418.02760954761294,28.171034679361014,0.07225999635604752,55+
TOY0201,43,71.10047546717799,0.7914196111979579,0.8166666666666667,81.96227327559339,B,1075.945680735456,997.6518130033643,-78.29386773209183,-0.07276749108614344,1036.9500197187556,-38.995661016700524,-0.03624315029551051,1045.3565811793692,-30.58909955608692,-0.028429966404231455,35–44
TOY0202,33,38.378965915135126,0.7561092712386115,0.6666666666666666,50.38820458647473,A,510.4768635651142,477.7962557421135,-32.680607823000685,-0.06401976300113377,494.8851471714406,-15.59171639367355,-0.030543434005574133,496.45343172017454,-14.023431844939637,-0.02747123884714686,<35
TOY0203,27,57.34249802798845,0.7338424490415874,0.775,22.997474331385476,A,788.6924385560128,758.8918867513668,-29.800551804646034,-0.03778475657660263,773.965806835331,-14.72663172068178,-0.0186722111190063,788.6924385560128,0.0,0.0,<35
TOY0204,26,30.67821209297552,0.8443157141355586,0.775,20.890380886861255,A,432.934463875974,420.3916095356984,-12.542854340275596,-0.028971716014433158,432.5683305266044,-0.36613334936959063,-0.0008457015551307512,432.934463875974,0.0,0.0,<35
TOY0205,29,44.16076812735389,0.4832018713995426,0.44166666666666665,19.199929397322876,A,360.07568289803095,348.06849480296074,-12.007188095070205,-0.03334628986448518,354.2930744265545,-5.782608471476465,-0.016059425132338156,360.07568289803095,0.0,0.0,<35
TOY0206,42,62.50041355552421,0.8031414726486102,0.8416666666666667,78.95427461903803,B,979.3625789888802,918.8444629118435,-60.518116077036666,-0.06179337190881562,938.5152258303389,-40.847353158541296,-0.041708100794205505,960.6591054925503,-18.70347349632982,-0.01909759868060279,35–44
TOY0207,26,42.914011299461755,0.9803994053184514,0.9916666666666667,18.64304313913543,B,720.9455157851337,725.8664603666682,4.920944581534513,0.00682568165525721,747.2907756349141,26.345259849780405,0.03654265027377224,747.924068998112,26.97855321297834,0.037421070833068226,<35
TOY0208,58,29.99311117741433,0.7205756142703441,0.7166666666666667,124.91028029615083,C,520.516307467786,470.45577854350563,-50.060528924280334,-0.09617475611439608,476.76532200350846,-43.750985464277505,-0.08405305431662236,498.0809484214644,-22.435359046321537,-0.04310212518694245,55+
TOY0209,60,37.429433392854484,0.6811963124633198,0.6583333333333333,114.06812577813903,D,523.2424379658408,495.9228615363254,-27.31957642951545,-0.052212080762644386,503.4192718026697,-19.82316616317115,-0.037885241572216066,523.2424379658408,0.0,0.0,55+
TOY0210,66,41.40173642667993,0.6886350939298469,0.7416666666666667,156.91405914850813,C,715.0518546033636,637.8387090803702,-77.21314552299339,-0.10798258199864852,637.8387090803702,-77.21314552299339,-0.10798258199864852,647.8480085280308,-67.20384607533276,-0.09398457698233709,55+
TOY0211,55,24.052375149743803,0.811103163864493,0.8583333333333333,119.99272952652751,D,473.3655362721713,454.90878681128186,-18.456749460889455,-0.03899047997080496,473.3655362721713,0.0,0.0,481.8305981594913,8.465061887319962,0.017882716925240683,55+
TOY0212,26,76.47117163454924,0.8268839962425814,0.8083333333333333,16.222196598387704,A,1065.5414545973053,1035.2910008939405,-30.250453703364883,-0.028389748303877416,1064.642162310684,-0.899292286621403,-0.0008439768183033936,1065.5414545973053,0.0,0.0,<35
TOY0213,33,48.281885964887714,0.8063882098698429,0.7666666666666667,37.62772859550354,A,677.9692903422236,635.9651710922942,-42.00411924992943,-0.06195578449980632,657.2475683913447,-20.721721950878987,-0.030564396125404292,659.3791676751927,-18.590122667030982,-0.02742030196920442,<35
TOY0214,25,40.26304156657535,0.39531283990655275,0.35,10.384312903044627,B,246.35658587558302,248.86467066115853,2.5080847855755053,0.010180709302580526,256.3085111108673,9.951925235284278,0.040396424556355504,256.3085111108673,9.951925235284278,0.040396424556355504,<35
TOY0215,60,28.640007180003295,0.6651279339186623,0.5666666666666667,106.40863287578779,D,386.3587678726489,365.5694836657013,-20.789284206947627,-0.05380823715071004,371.6351163827481,-14.723651489900817,-0.03810875464525243,386.3587678726489,0.0,0.0,55+
TOY0216,67,37.22920323900551,0.47677811993960284,0.44166666666666665,118.34374667120096,E,385.29068753794,385.29068753794,0.0,0.0,385.29068753794,0.0,0.0,386.85621666639446,1.5655291284544433,0.0040632415448667025,55+
TOY0217,42,29.28151375043472,0.7304788067970273,0.7583333333333333,66.94469574226424,B,465.20447625918615,435.43813322574965,-29.7663430334365,-0.0639855043373494,445.43055790066256,-19.773918358523588,-0.04250586434062309,456.36475609940396,-8.839720159782189,-0.01900179514794087,35–44
TOY0218,26,41.014436849933396,0.6600762407390125,0.6333333333333333,17.4407938980304,A,472.5597398998085,458.09822818628487,-14.461511713523635,-0.030602504810481213,472.15493431421356,-0.40480558559494284,-0.0008566230920999951,472.5597398998085,0.0,0.0,<35
TOY0219,39,63.54953181703059,0.6439958534206485,0.7166666666666667,36.954639777783456,B,800.2016634199607,770.8426336139738,-29.359029805986893,-0.036689538585198744,786.3055731763868,-13.896090243573894,-0.017365735262513393,803.1045814274103,2.902918007449557,0.0036277330329992363,35–44
TOY0220,46,45.38395732382349,0.6410146530143009,0.6916666666666667,60.43791125483615,B,610.5508454943798,560.424227501886,-50.126617992493834,-0.08210064462674671,583.9160226117124,-26.634822882667436,-0.043624250263875175,590.1486591929125,-20.40218630146728,-0.03341603152632944,45–54
TOY0221,51,15.0,0.7907196039534085,0.7666666666666667,127.40583542111067,D,347.72497953272,347.42373172942285,-0.3012478032971444,-0.0008663392653066593,355.1538532200427,7.428873687322721,0.02136422208524036,371.2648225115503,23.53984297883028,0.0676967269089026,45–54
TOY0222,46,26.33646258838991,0.6573917343873721,0.6666666666666666,64.41049463129583,C,370.66934784551535,355.61266643549845,-15.056681410016893,-0.040620249549989995,370.3752920927586,-0.29405575275671936,-0.0007933101414128174,375.09519236683235,4.4258445213170035,0.011940141657360792,45–54
TOY0223,43,45.38355727082542,0.48055145986577263,0.49166666666666664,74.02308500282598,B,481.2686359204756,444.9983464238557,-36.27028949661991,-0.07536391692604127,464.3895316260044,-16.879104294471233,-0.03507210533715377,467.6719070348543,-13.596728885621303,-0.02825184911461387,35–44
TOY0224,55,28.384485583310298,0.8181713562051135,0.825,126.98391456127126,E,496.0137938696177,503.92584053562274,7.91204666600504,0.01595126337975361,524.4866894836866,28.472895614068932,0.05740343507776191,533.3975455829298,37.38375171331205,0.0753683711528772,55+
TOY0225,43,29.433495702687086,0.8078788941966588,0.8166666666666667,52.902783015915695,C,453.96545696516597,439.59912773988816,-14.36632922527781,-0.03164630481208652,457.5469516964935,3.5814947313275525,0.007889355184137692,460.94867597137426,6.983219006208287,0.015382710069819616,35–44
TOY0226,36,35.6249464163099,0.6017247920746196,0.5583333333333333,51.022055476261485,A,415.91970341743377,387.52342985026786,-28.396273567165906,-0.06827345118263428,399.85562728532716,-16.064076132106607,-0.0386230226654688,403.76491977929777,-12.154783638135996,-0.029223870709334854,35–44
TOY0227,42,39.4314187482091,0.6908126585447272,0.6833333333333333,80.64269180259569,A,598.6823401576696,534.2840185110739,-64.39832164659572,-0.10756676341853633,547.0453160636206,-51.637024094049025,-0.08625112289173231,561.7718577263204,-36.91048243134924,-0.061652866562973085,35–44
TOY0228,62,67.27288742176904,0.5915084836495167,0.5916666666666667,109.04886164110182,C,789.3179742784832,707.9734596106656,-81.34451466781763,-0.10305671138703609,709.4377322970557,-79.8802419814275,-0.10120160009588808,731.5565607797245,-57.76141349875877,-0.07317889035981795,55+
TOY0229,43,67.27036096998431,0.8285126432126593,0.8083333333333333,96.18594497120303,C,993.815303807407,962.7371251180097,-31.078178689397305,-0.03127158393549956,1000.9473295663015,7.132025758894542,0.007176409672472461,1008.7982006559511,14.982896848544101,0.015076138182963383,35–44
TOY0230,40,19.029027068514853,0.8661646948591614,0.8333333333333334,55.366805644792336,B,348.1327892441425,332.25170852527003,-15.881080718872454,-0.045617882628502415,336.47511715103997,-11.65767209310252,-0.033486280101375665,348.1327892441425,0.0,0.0,35–44
TOY0231,39,70.68423777468387,0.8285637972946749,0.8166666666666667,70.14252359494537,A,1089.1604903300345,1010.565493788369,-78.59499654166541,-0.0721610793261972,1030.6652950690723,-58.49519526096219,-0.05370668122861966,1053.138946066025,-36.021544264009435,-0.033072760703148796,35–44
TOY0232,49,54.48352008335575,0.8353177795793654,0.8083333333333333,52.721177979182904,B,803.1889135973718,734.3178261796479,-68.87108741772386,-0.08574705931791293,751.9857426693893,-51.203170927982455,-0.06374984771471826,773.0361828457236,-30.152730751648164,-0.03754126861213547,45–54
TOY0233,51,47.96087586968464,0.7178229256417623,0.7166666666666667,116.68129873276244,B,744.0407886227647,672.2176430410656,-71.82314558169912,-0.09653119382694775,683.1425147010618,-60.89827392170287,-0.08184803152314657,710.606364727959,-33.43442389480572,-0.044936278233742466,45–54
TOY0234,61,68.53923453746457,0.7012449822985343,0.7,102.42496009105007,D,850.672276140851,811.8053209112633,-38.86695522958769,-0.0456896931047418,820.0914700855278,-30.580806055323137,-0.035948986364120916,849.9475596533903,-0.7247164874606824,-0.0008519338266769205,55+
TOY0235,47,49.34919364673108,0.5727092256974885,0.575,100.20977003867795,C,598.8019477097805,565.6777582711203,-33.12418943866021,-0.05531743770264819,585.226039762136,-13.57590794764451,-0.02267178321574914,599.2670702626406,0.4651225528600662,0.0007767552437647485,45–54
TOY0236,48,43.56840947060856,0.5211657257225127,0.43333333333333335,81.1456917902987,C,412.0158493505422,394.7849291074288,-17.230920243113417,-0.041821013124311635,398.9684086313716,-13.047440719170652,-0.03166732721505072,416.52118230750165,4.505332956959421,0.010934853511245235,45–54
TOY0237,52,61.63161476882861,0.6643024222053376,0.6416666666666667,92.20049555032128,C,759.9816128034183,705.0488996075479,-54.932713195870406,-0.07228163454275527,719.7084908064149,-40.273121997003386,-0.05299223207314707,742.9404417294013,-17.04117107401703,-0.022423136016614387,45–54
TOY0238,52,35.1525197447605,0.775052912274603,0.7666666666666667,81.28288315188306,A,592.6463351328006,504.67215446757797,-87.9741806652226,-0.14844296750018593,514.9938311986874,-77.65250393411316,-0.13102671750549633,531.8181415800092,-60.82819355279139,-0.10263826830070744,45–54
TOY0239,51,42.60231274021058,0.954433761842551,0.9666666666666667,129.5001875274082,C,837.7211809009085,791.7392134906419,-45.981967410266634,-0.05488934559445702,803.4172652007459,-34.303915700162634,-0.04094908482947901,837.0505170282354,-0.6706638726731171,-0.0008005812530034184,45–54
TOY0240,46,37.18994891053564,0.9556302429146467,0.9583333333333334,51.239917948959246,B,659.4314896746405,607.5814465350439,-51.85004313959655,-0.07862840029853446,632.0314392348376,-27.40005043980284,-0.04155101912606851,638.107099049522,-21.32439062511844,-0.03233753765025649,45–54
TOY0241,38,51.81120955068308,0.67467099390074,0.6416666666666667,75.87647430783768,A,700.5245252074229,645.9545374161177,-54.569987791305266,-0.07789875418729597,652.0758089795506,-48.448716227872296,-0.06916062819289126,676.701940580664,-23.822584626758953,-0.03400678173216731,35–44
TOY0242,64,54.42631206015842,0.8337058234788257,0.825,193.29159569762126,D,935.214304613728,886.2631781987669,-48.951126414961095,-0.05234214893150013,893.3104433040307,-41.90386130969728,-0.04480669414803795,914.2220718594923,-20.992232754235715,-0.022446441046371834,55+
TOY0243,53,19.436389617424968,0.5612723117183658,0.5583333333333333,88.50151865730615,C,303.546292785996,276.3133235256344,-27.232969260361585,-0.08971603313093723,289.71614574411245,-13.83014704188355,-0.04556190396841375,293.2767842483282,-10.269508537667775,-0.033831770579085596,45–54
TOY0244,44,28.563576183855353,0.9084737456499539,0.9,87.57668712269451,B,557.3854816082113,520.6817600073074,-36.70372160090392,-0.06584979841061434,536.4803469073413,-20.905134700870008,-0.03750570366589545,547.8811747744159,-9.504306833795454,-0.01705158664408135,35–44
TOY0245,37,25.840196977682265,0.47942072154896925,0.44166666666666665,49.89850129804599,B,268.67226167074244,255.99533424216725,-12.676927428575198,-0.04718361080426958,263.29252324961976,-5.379738421122681,-0.020023423287795716,268.5029838191515,-0.1692778515909481,-0.0006300533242185047,35–44
TOY0246,43,61.436823816640704,0.7420791006866373,0.75,76.71252164901716,B,876.7630644686492,811.9707639710737,-64.79230049757552,-0.07389944116412117,844.8041846241888,-31.958879844460398,-0.03645098788898993,851.9874138857002,-24.77565058294897,-0.02825809113886879,35–44
TOY0247,32,45.686139891539234,0.7693120587342573,0.75,32.813102614507905,A,629.7101652972765,595.6666630260838,-34.043502271192665,-0.05406217677162839,605.8235842077415,-23.886581089534957,-0.03793265919132571,617.9184029708941,-11.791762326382354,-0.018725697910269012,<35
TOY0248,31,42.99321666939373,0.8949215543103329,0.9333333333333333,41.18428042039588,A,744.6021336026164,716.4883151560574,-28.11381844655898,-0.03775683304926292,722.8440150791018,-21.758118523514554,-0.02922113373251034,743.9718137823198,-0.6303198202965632,-0.0008465189553605867,<35
TOY0249,65,36.34733743198596,0.7316711092669208,0.7666666666666667,92.19410218817752,D,541.3033673702298,514.5565962049279,-26.74677116530188,-0.04941179526601425,514.5565962049279,-26.74677116530188,-0.04941179526601425,521.0633757980819,-20.239991572147915,-0.037391216815218065,55+
TOY0250,53,81.64923682233069,0.600814099560017,0.575,129.3580554837767,C,916.7765769935844,847.7086370130803,-69.0679399805041,-0.07533781044777654,879.1230335835172,-37.653543410067186,-0.04107166822863828,888.6943136383163,-28.082263355268083,-0.030631523601267308,45–54
TOY0251,67,32.22810415931462,0.7099940402058836,0.7166666666666667,125.73725266144996,E,489.8303409228196,489.8303409228196,0.0,0.0,489.8303409228196,0.0,0.0,491.7537170535291,1.9233761307095278,0.003926616973309427,55+
TOY0252,63,26.47983617448806,0.9417922021567718,0.9583333333333334,171.936795644092,D,615.0911944269079,580.763030796167,-34.32816363074096,-0.05580987655452485,588.6118570012924,-26.47933742561554,-0.04304944968410229,597.3027554621456,-17.78843896476235,-0.02892000263690353,55+
TOY0253,32,23.825134187608153,0.9139083355385668,0.8916666666666667,23.918949648790296,A,397.856000973298,375.69044806960216,-22.16555290369587,-0.055712501129732916,382.4554986898457,-15.40050228345234,-0.0387087344309931,390.2482142460195,-7.607786727278551,-0.01912196047983994,<35
TOY0254,36,35.93812205415813,0.6837712549964825,0.7583333333333333,70.94159888565297,B,555.0733365127664,536.7776179200883,-18.2957185926781,-0.03296090334228707,554.5995393459743,-0.47379716679211015,-0.0008535757991344761,560.3127616754608,5.239425162694374,0.009439158428345529,35–44
TOY0255,49,47.36997294666149,0.8170935519518845,0.7916666666666666,127.57188115598895,B,808.7642638080259,738.1929433488083,-70.57132045921765,-0.08725820812969176,756.3453791381838,-52.4188846698421,-0.06481355200219951,779.0033867646915,-29.760877043334403,-0.03679796249058631,45–54
TOY0256,41,30.206908890867375,0.7213096690074473,0.7333333333333333,57.98829170490935,B,452.8544041439554,432.73478433938806,-20.11961980456732,-0.04442845122065242,437.8343398042252,-15.020064339730197,-0.03316753508917081,452.461922876029,-0.39248126792637095,-0.0008666831200819791,35–44
TOY0257,42,22.531198696665605,0.7613858437643052,0.7416666666666667,50.104090661969686,B,352.3864308899913,329.2041599164195,-23.182270973571804,-0.0657865029451401,336.8274060058715,-15.559024884119765,-0.04415330307930332,345.51065443611844,-6.875776453872845,-0.01951203522935685,35–44
TOY0258,26,44.38004090709196,0.610164770586159,0.575,15.69431850571442,B,441.09662958159475,445.1005487515755,4.0039191699807475,0.009077192844975324,458.28360132642496,17.186971744830203,0.03896418741882712,458.6870260140787,17.590396432483942,0.03987878222776131,<35
TOY0259,54,29.76695886039671,0.5287159205106469,0.525,132.28623885884838,B,468.717818751974,407.3095152017077,-61.40830355026628,-0.13101337541161628,422.455394918904,-46.26242383306999,-0.09869994692382311,434.69048851914374,-34.02733023283025,-0.07259662182980953,45–54
TOY0260,43,90.23731791117743,0.804379809849301,0.8,46.0869184910399,A,1302.03043581419,1163.7026365341474,-138.32779928004265,-0.10624006588105839,1206.8801660188221,-95.15026979536788,-0.07307837603340528,1218.016395693278,-84.01404012091211,-0.06452540417642094,35–44
TOY0261,48,30.144819059042934,0.7213419853404892,0.7333333333333333,114.51030910005593,C,519.5402421109736,495.71578238241545,-23.824459728558168,-0.04585681300019351,502.0580432396052,-17.48219887136844,-0.03364936429242804,525.7838772755764,6.243635164602779,0.012017616073846105,45–54
TOY0262,52,91.81096429408908,0.7656758498743113,0.775,84.7777398508719,C,1245.4667132385189,1159.2302068717431,-86.23650636677576,-0.06924031405266518,1182.2265139104502,-63.240199328068684,-0.05077630630820207,1217.80291265318,-27.663800585338777,-0.022211593687161746,45–54
TOY0263,49,84.36197212964865,0.734243170215083,0.725,115.22774354507527,E,1017.2569835299203,1072.6367314964905,55.37974796657022,0.054440273070822665,1097.6785122141391,80.42152868421886,0.07905723920926366,1128.245570780755,110.98858725083483,0.10910575110106424,45–54
TOY0264,30,47.946405094591185,0.7590977362099076,0.7666666666666667,38.729609007646545,A,681.2094730597653,656.1115182841118,-25.097954775653534,-0.036843226302948895,661.0718470847786,-20.13762597498669,-0.02956157653612068,681.2094730597653,0.0,0.0,<35
TOY0265,39,30.064469141792095,0.7851556735616934,0.7833333333333333,55.486347386662445,B,471.18598256410354,453.881443383641,-17.30453918046254,-0.036725496557207804,463.1158878080433,-8.070094756060257,-0.017127196170277248,474.0640367791396,2.878054215036059,0.006108106610842379,35–44
TOY0266,58,29.733734746125325,0.8062443937148936,0.775,170.57606867856305,C,615.4936232182501,553.2373067824273,-62.256316435822896,-0.10114859697538603,561.5197351690209,-53.97388804922923,-0.08769203451209506,587.7822045027301,-27.71141871552004,-0.04502308012652434,55+
TOY0267,42,45.72030494612663,0.7662128508975593,0.8,56.6777282345927,A,707.4454892510494,639.0898951886294,-68.35559406241998,-0.0966231251750378,653.0455591527179,-54.399930098331424,-0.0768962851907119,667.9905606077727,-39.45492864327662,-0.05577098058119834,35–44
TOY0268,30,32.01592226975166,0.9054909355562893,0.8583333333333333,31.28515111950696,A,518.5501214482397,498.72818174391614,-19.82193970432354,-0.038225696773464435,503.15005943105933,-15.400062017180346,-0.02969830953692587,518.5501214482397,0.0,0.0,<35
TOY0269,45,26.988587053852857,0.8894110058468822,0.875,107.76054813560036,E,474.3376964303343,508.87812634317885,34.54042991284456,0.07281822670384686,530.9793053668001,56.641608936465786,0.11941199142030379,537.9116503383143,63.57395390798001,0.13402677962643672,45–54
TOY0270,58,21.13454825986116,0.8624093643533913,0.8583333333333333,165.67918578631986,D,499.0027438947719,476.98808123279184,-22.014662661980083,-0.04411731785311079,484.2851283085605,-14.717615586211423,-0.029494057430103027,508.05265376469833,9.04990986992641,0.01813599219773998,55+
TOY0271,63,50.158672989637374,0.5396095329754572,0.6166666666666667,130.30239975756558,E,605.9813175140598,605.9813175140598,0.0,0.0,612.3248993534658,6.3435818394059424,0.010468279559227023,620.6049606035649,14.623643089505094,0.02413216821517894,55+
TOY0272,37,38.86196634961412,0.9644397186860408,0.9833333333333333,53.38730631553951,B,705.7435829713853,676.4463684535878,-29.297214517797556,-0.04151254821821804,692.4070419784558,-13.336540992929486,-0.018897148078596437,704.7893549361792,-0.9542280352061425,-0.0013520888580929036,35–44
TOY0273,42,53.75082528486159,0.6917656336276331,0.6666666666666666,97.01589183217536,A,761.9473910332111,686.4201170294481,-75.52727400376307,-0.09912400106961061,701.358897802938,-60.588493230273116,-0.07951794827739256,718.551713003157,-43.395678030054114,-0.056953640816604145,35–44
TOY0274,48,52.050874797912776,0.536168318881539,0.575,82.01683039562668,D,560.4332780761077,565.6163685964741,5.183090520366363,0.009248363227392975,572.5065555865265,12.073277510418734,0.021542756261485163,597.1186248138474,36.68534673773968,0.0654589014836442,45–54
TOY0275,34,52.85512225916748,0.7402241225517153,0.7166666666666667,51.410272577414766,C,665.200898677362,681.2101597852429,16.00926110788089,0.024066806193005164,696.0978758582879,30.896977180925887,0.04644758785257097,709.463733283208,44.26283460584591,0.06654055142417126,<35
TOY0276,45,57.53314318479309,0.8997532543889291,0.85,73.47314354783619,B,912.9978335838322,840.6781569961006,-72.31967658773158,-0.07921122474502684,875.2797618679971,-37.718071715835094,-0.04131233429961012,883.5753519924824,-29.422481591349765,-0.03222623374236977,45–54
TOY0277,25,35.94768773058664,0.880947721463048,0.85,20.46670149962605,A,546.6392897213143,530.9320372045,-15.707252516814265,-0.028734217997433142,546.6392897213143,0.0,0.0,546.6392897213143,0.0,0.0,<35
TOY0278,41,23.432751156168624,0.8306510791176215,0.8583333333333333,84.78917994560874,B,460.69931209944383,439.6274168973921,-21.071895202051735,-0.04573893350529523,445.53052223829394,-15.16878986114989,-0.03292557523479789,460.3063211389643,-0.3929909604795512,-0.0008530313594102834,35–44
TOY0279,54,32.251254556241136,0.9688802779365321,0.9833333333333333,68.22379943955664,C,597.7134707084208,554.0440344265096,-43.6694362819112,-0.07306081997809655,570.2033572269854,-27.510113481435383,-0.04602558722464445,584.2741573211551,-13.439313387265656,-0.022484541583674078,45–54
TOY0280,61,35.12897585260237,0.7185485677095887,0.7083333333333334,134.93355521496068,E,526.5802050572684,526.5802050572684,0.0,0.0,534.8562423837383,8.276037326469918,0.01571657507628843,556.0387607037011,29.45855564643273,0.0559431504707415,55+
TOY0281,38,27.127020583677222,0.7813976565052176,0.8083333333333333,73.71159209354389,B,474.08993466843094,457.18145227474366,-16.90848239368728,-0.0356651368384624,460.57581760934556,-13.514117059085379,-0.028505386996956372,478.66994816448573,4.580013496054789,0.00966064276234424,35–44
TOY0282,37,57.236179325377904,0.7139371141088946,0.825,64.60366210515045,A,914.0570541667443,840.2234278470279,-73.83362631971636,-0.08077573055548837,860.9463538610272,-53.110700305717046,-0.05810436018584508,877.0790058339566,-36.978048332787694,-0.040454858002815786,35–44
TOY0283,32,30.04171417065812,0.5674188833446396,0.5583333333333333,43.99059922042633,B,344.9471169871428,338.28056824510367,-6.66654874203914,-0.019326292100268816,344.4354748089168,-0.5116421782259977,-0.001483248164805162,352.65620707220154,7.709090085058733,0.022348614339473105,<35
TOY0284,32,43.416517866043684,0.7933952398107765,0.825,34.28613529053642,B,635.305061308732,623.4434558876698,-11.861605421062222,-0.01867072394579583,634.118462288859,-1.1865990198730287,-0.0018677625791752028,647.2113013045824,11.906239995850456,0.018740980862522294,<35
TOY0285,34,31.91539472781325,0.7275800685986987,0.7416666666666667,62.577380871507536,A,505.67416132774287,477.10000757356045,-28.57415375418242,-0.05650704730325862,488.4266800934803,-17.24748123426258,-0.034107895070169425,498.4997285205117,-7.174432807231142,-0.014187857232794587,<35
TOY0286,57,35.02580175157632,0.7350937847339163,0.7083333333333334,133.0286420364164,C,585.6853097594511,524.8612840057015,-60.82402575374965,-0.10385103525770678,541.7968204591715,-43.888489300279616,-0.07493527423166069,553.779536824695,-31.9057729347561,-0.05447596585248182,55+
TOY0287,43,36.30958670275392,0.7197707457015701,0.775,50.22285655455261,C,514.7999091373696,498.46756730199905,-16.332341835370528,-0.031725611340409965,518.5619504750088,3.7620413376391753,0.00730777389596482,522.3028977023953,7.502988565025703,0.01457457243455651,35–44
TOY0288,47,25.343016147312298,0.7227393327472362,0.7166666666666667,54.253853185268284,B,381.044375405552,345.51039029668954,-35.53398510886245,-0.09325419138136615,356.5390604103946,-24.50531499515739,-0.06431092171108932,364.6074881053849,-16.436887300167086,-0.043136412347441255,45–54
TOY0289,66,72.7338137377186,0.8827000463514532,0.925,155.26444931471485,E,1156.777188799919,1156.777188799919,0.0,0.0,1156.777188799919,0.0,0.0,1170.0774363479013,13.30024754798228,0.01149767446726746,55+
TOY0290,59,33.57480332836599,0.6697540564894754,0.6416666666666667,141.34386725731505,E,486.0843405324903,490.6161857350631,4.531845202572811,0.009323166423358398,502.45859754700035,16.37425701451008,0.033686040979169496,519.8410946283764,33.756754095886095,0.06944629003869296,55+
TOY0291,43,43.73287603897296,0.8962031093352574,0.9,41.90093937174314,B,705.1364517070991,655.3891189500608,-49.74733275703829,-0.07054993772709173,680.4108215324417,-24.725630174657454,-0.03506502906607367,685.4715053500013,-19.664946357097847,-0.027888143223187556,35–44
TOY0292,30,59.75804762203878,0.6884912057074556,0.675,25.03069184051128,A,721.6366801684561,695.447253826963,-26.189426341493117,-0.03629170614689314,700.3862440110651,-21.25043615739105,-0.02944755545467903,721.6366801684561,0.0,0.0,<35
TOY0293,42,20.524527685784914,0.5889040814646421,0.5666666666666667,54.028026328625415,B,276.6675312710419,257.9014916138088,-18.766039657233136,-0.06782884703174175,263.97671369980094,-12.690817571240984,-0.04587028160817397,271.2663553102674,-5.4011759607745375,-0.019522261741234725,35–44
TOY0294,54,47.427964446062724,0.4720321455185385,0.49166666666666664,139.26104153682164,D,541.3005434525265,529.1589432223489,-12.141600230177687,-0.022430423130071264,547.4946603723463,6.1941169198197485,0.01144302734357594,562.4097336599042,21.10919020737765,0.03899717165022398,45–54
TOY0295,39,34.10498212446525,0.9123440922578685,0.9,47.89809538441567,B,574.450905742334,553.4437752463379,-21.007130495996194,-0.03656906149159911,564.4072443429271,-10.043661399406915,-0.01748393343801591,577.2513913519728,2.800485609638713,0.004875065182497584,35–44
TOY0296,41,36.81267492098032,0.8246481949991493,0.825,44.113239344433914,B,564.4970531260467,540.8146316080604,-23.682421517986313,-0.04195313578138071,546.1508950254815,-18.346158100565162,-0.03250000686269061,564.0186643372988,-0.4783887887479068,-0.0008474602056799396,35–44
TOY0297,26,29.460479494332816,0.6514397925032286,0.7,18.23215379948753,A,377.44994094558666,366.3207103647247,-11.129230580861986,-0.029485315464564787,377.1304765629342,-0.3194643826524839,-0.0008463755004231022,377.44994094558666,0.0,0.0,<35
TOY0298,61,32.36460451410635,0.8668238648919075,0.8416666666666667,103.60882459723427,D,548.5151777278047,520.3780629874003,-28.1371147404044,-0.05129687542459793,527.4142582055233,-21.1009195222814,-0.038469162530179846,548.0457571041873,-0.4694206236174523,-0.0008558024329645697,55+
TOY0299,49,53.28291336282879,0.7927483582512437,0.8083333333333333,104.12508298726546,B,862.8971308255611,789.5566253775274,-73.3405054480337,-0.08499333562259792,808.3356483702757,-54.561482455285386,-0.06323057581972102,831.7016091326115,-31.195521692949683,-0.03615207488649774,45–54
TOY0300,67,44.6604419090228,0.6704677125887583,0.6583333333333333,130.57081503585968,E,585.8034038134798,585.8034038134798,0.0,0.0,585.8034038134798,0.0,0.0,587.7885192095257,1.9851153960458987,0.0033887058066293108,55+
TOY0301,60,33.75491167189508,0.6077498677401817,0.5333333333333333,123.93396989793082,C,465.5934593966884,413.90931173489304,-51.68414766179535,-0.11100703117429356,421.41622757762576,-44.17723181906263,-0.09488370364202936,438.0866866018666,-27.506772794821813,-0.05907895018642406,55+
TOY0302,65,27.414157920533082,0.6253971685911179,0.525,154.63336957855313,E,402.05795133560423,402.05795133560423,0.0,0.0,402.05795133560423,0.0,0.0,410.02457766487066,7.9666263292664325,0.01981462200362394,55+
TOY0303,25,29.850893936998244,0.8158528371604082,0.7416666666666667,12.97949532893941,B,381.36686120539406,384.215351622514,2.8484904171199332,0.0074691608183172775,395.8904969816904,14.523635776296317,0.03808310908397017,395.8904969816904,14.523635776296317,0.03808310908397017,<35
TOY0304,57,50.52080725008798,0.7457182873202397,0.75,144.11079505760068,D,763.9458008041515,726.3322623212147,-37.61353848293686,-0.04923587307285904,749.124373841921,-14.821426962230476,-0.019401149854648025,764.4289035032805,0.4831026991289491,0.0006323782375927678,55+
TOY0305,45,59.01227575265182,0.9637413677171321,0.9583333333333334,77.33870029274664,E,905.9036439056628,960.8473620460337,54.94371814037095,0.06065073091381956,1000.3699218169995,94.46627791133676,0.10427850527685267,1009.5873608227984,103.6837169171356,0.11445336114348703,45–54
TOY0306,34,58.75963398570844,0.6995076683363495,0.7,61.27679635464081,A,798.245795865602,753.8684303694771,-44.37736549612487,-0.055593610045891806,770.5784609640982,-27.66733490150375,-0.034660169893537374,786.486909637272,-11.75888622832997,-0.014730909062388275,<35
TOY0307,45,100.0,0.6423986239432623,0.5833333333333334,58.91214848049976,A,1081.2133167234604,959.2821456486403,-121.9311710748201,-0.11277253913623986,998.9717627229378,-82.24155400052257,-0.07606413344015195,1007.0831823183273,-74.13013440513305,-0.06856198796161628,45–54
TOY0308,57,33.868617321310985,0.8932672801346504,0.8666666666666667,79.84187368484878,B,602.8432936096088,520.8230218925809,-82.02027171702798,-0.13605570898188168,535.8568721316144,-66.98642147799444,-0.11111746981027826,547.301364676425,-55.54192893318384,-0.09213327828633333,55+
TOY0309,53,34.524574658540196,0.7488305542853768,0.7916666666666666,136.653229083403,D,594.0573914296922,577.1290870189823,-16.92830441070987,-0.02849607572421453,602.0040029990864,7.946611569394236,0.013376841503931924,608.8815856064718,14.824194176779656,0.024954144819413715,45–54
TOY0310,35,35.17482213292886,0.8526460557091192,0.875,51.51056048813038,C,557.3773686791402,562.7803113447743,5.4029426656341,0.009693509225962682,581.4931158937327,24.11574721459249,0.04326646284857505,586.7231491228935,29.345780443753256,0.05264975238104164,35–44
TOY0311,48,27.204882821531815,0.8786908629225881,0.9083333333333333,122.52851343358003,D,537.653402649315,545.0267213480814,7.373318698766411,0.013713888282737452,551.7198958775106,14.066493228195554,0.026162753102430214,577.3524724024469,39.69906975313188,0.07383766113543166,45–54
TOY0312,60,56.36530627679721,0.9544902683215095,0.9666666666666667,110.00029690530384,D,964.2086722981421,917.8948783647332,-46.313793933408874,-0.04803295724671541,928.2846081700013,-35.9240641281408,-0.03725756172936889,964.2086722981421,0.0,0.0,55+
TOY0313,40,43.538240176441036,0.679387982678268,0.6583333333333333,54.95184143399172,B,555.6365217652536,531.525337623041,-24.111184142212664,-0.04339380727820341,537.6586304924932,-17.977891272760417,-0.0323554888286407,555.6365217652536,0.0,0.0,35–44
TOY0314,57,37.54298399003141,0.7493486820006178,0.7416666666666667,154.79399550178246,C,664.6173737463128,595.4752209463794,-69.14215279993334,-0.10403302039817752,614.571096971502,-50.046276774810735,-0.07530088551960368,628.5231671829166,-36.09420656339614,-0.0543082501138068,55+
TOY0315,51,36.803584348414205,0.8399409961944007,0.8833333333333333,101.30382036846936,B,691.9287138256072,624.3770645467239,-67.55164927888336,-0.0976280474117005,633.809603681439,-58.1191101441683,-0.08399580619054436,660.4542449540771,-31.47446887153012,-0.045488022454669985,45–54
TOY0316,58,45.05998037593152,0.787357145994477,0.8083333333333333,142.17500211967527,E,700.0988461581018,707.1415010733551,7.042654915253365,0.010059515101190408,717.0013900837678,16.90254392566601,0.024143082106792946,746.510908511821,46.41206235371919,0.06629358498219551,55+
TOY0317,55,38.96993700323706,0.7023965891345371,0.7333333333333333,96.71812823078457,B,622.5783661124337,539.2610444366702,-83.31732167576354,-0.13382623973271335,561.3271052209174,-61.25126089151638,-0.09838321442806897,569.3226882695316,-53.25567784290217,-0.08554052106796872,55+
TOY0318,53,41.28146415126295,0.8139508026732616,0.8833333333333333,112.7339428690832,E,663.9666057943915,679.37380844004,15.407202645648454,0.02320478546841187,706.2732194317558,42.30661363736431,0.06371798410967866,715.1560174508237,51.189411656432185,0.07709636480164161,45–54
TOY0319,25,26.325139330087975,0.7171185357504944,0.75,20.080673377159872,A,367.039707621755,356.11421464287474,-10.925492978880243,-0.02976651504457739,367.039707621755,0.0,0.0,367.039707621755,0.0,0.0,<35
TOY0320,45,52.89278700195199,0.7332493213734007,0.7916666666666666,54.27170231181986,E,665.3942026403532,703.9118446178188,38.51764197746559,0.057886951561380684,732.1046943177631,66.71049167740989,0.10025709784169412,738.3003346619137,72.90613202156044,0.10956833067114413,45–54
TOY0321,33,39.209745284714174,0.9400075880455537,0.9416666666666667,50.90426464378419,C,653.30319774001,662.1096503275285,8.806452587518493,0.013479885936549696,685.1043595578002,31.801161817790216,0.048677492973860925,688.2870535494862,34.98385580947627,0.05354918808065978,<35
TOY0322,50,28.13298740537865,0.6684343140140583,0.6833333333333333,68.9315137497696,E,361.1155183818266,379.98028839185105,18.864770010024472,0.05224026398687687,385.34506440426776,24.229546022441184,0.06709638547524843,401.36481459531274,40.24929621348616,0.111458229194483,45–54
TOY0323,66,72.75396974705997,0.682925525973701,0.7416666666666667,101.80738934471987,D,944.4625022916383,899.0042412136968,-45.45826107794153,-0.048131356160400096,899.0042412136968,-45.45826107794153,-0.048131356160400096,909.0538070395929,-35.40869525204539,-0.03749084285096538,55+
TOY0324,52,31.130280845570546,0.528792048282594,0.525,86.40593648934212,D,361.5826331725022,354.72127865248285,-6.861354520019347,-0.018975896214423416,363.0912583543702,1.5086251818680125,0.0041722832997577175,375.23879923426614,13.65616606176394,0.03776775986707559,45–54
TOY0325,39,39.148130678717656,0.9658300393420943,0.95,58.890329478697126,A,725.6585306549,672.2050863277443,-53.453444327155694,-0.07366198021390924,685.8239212200265,-39.83460943487353,-0.05489442727135474,701.2799599478919,-24.378570707008066,-0.03359509972962993,35–44
TOY0326,26,54.37498177111955,0.8590441796849101,0.8583333333333333,15.183508109245732,A,808.5571900939115,784.7634772778166,-23.793712816094853,-0.029427371505200917,807.8639077940246,-0.693282299886846,-0.0008574313708178405,808.5571900939115,0.0,0.0,<35
TOY0327,57,57.87817734269026,0.5767304301981777,0.5666666666666667,86.94939791666344,C,641.5685431170972,579.1354917341324,-62.43305138296478,-0.09731314300359906,596.4678818729416,-45.10066124415562,-0.07029749467614399,608.178078892163,-33.39046422493425,-0.052045045822703195,55+
TOY0328,27,48.92011675537662,0.7153225295138451,0.65,23.749947843691807,A,572.1546145615475,550.3564971839136,-21.798117377633957,-0.03809829864666603,561.4864163830181,-10.668198178529451,-0.01864565609892821,572.1546145615475,0.0,0.0,<35
TOY0329,64,46.53709011818606,0.8803272758373899,0.8666666666666667,101.5250030606013,C,782.7987574709466,704.8418687241078,-77.95688874683879,-0.09958739459257782,708.9084451229754,-73.89031234797119,-0.09439247525979066,724.9258176768674,-57.87293979407923,-0.07393080180793099,55+
TOY0330,42,44.194190275618986,0.8285548425743264,0.85,68.28519691836475,A,745.9424027164284,672.52798415381,-73.41441856261838,-0.0984183474424728,687.4059326947422,-58.53647002168623,-0.07847317676072507,703.5703560453264,-42.372046671102,-0.056803375859583394,35–44
TOY0331,59,31.098530814335334,0.39659998761035836,0.4583333333333333,86.65865326883727,C,351.3484063933136,315.9148243223335,-35.433582070980094,-0.10085027120149881,323.55319669957294,-27.795209693740674,-0.07911010605986812,334.5719936949731,-16.776412698340494,-0.047748651745869286,55+
TOY0332,48,99.87810383202908,0.5468746174687426,0.5583333333333333,113.57716931724306,C,1051.0832397098286,1001.6359962304531,-49.447243479375516,-0.04704407948986644,1015.635289587719,-35.44795012210966,-0.033725159704664054,1058.1381327115894,7.0548930017607745,0.006712021213189923,45–54
TOY0333,46,69.56650508324009,0.9515873430902538,0.9916666666666667,103.41832893580411,C,1231.3447003630429,1182.652190657063,-48.692509705979774,-0.039544174504201446,1230.3575283856128,-0.98717197743008,-0.0008017023804455237,1242.4762069836565,11.131506620613663,0.00904012224792261,45–54
TOY0334,42,53.052766604527974,0.7371092460398209,0.7166666666666667,39.94342219803093,A,705.3632949984592,638.2615961410064,-67.10169885745279,-0.09513069269871688,651.611777815192,-53.7515171832672,-0.07620401793572862,666.5553725240957,-38.80792247436352,-0.05501834692780305,35–44
TOY0335,43,49.23888691985267,0.3600130462105753,0.35,45.836914111568916,C,342.8544382609621,331.59460204425875,-11.259836216703377,-0.03284144803204503,346.1561172060777,3.3016789451155546,0.009629972888385074,348.89727772834124,6.04283946737911,0.017625087480359847,35–44
TOY0336,38,55.348080675495105,0.6731354671811647,0.6916666666666667,49.20087616597801,A,731.6784443477583,678.4877901770016,-53.190654170756716,-0.07269676260337643,683.92687321643,-47.75157113132832,-0.06526305578661074,707.8018471932015,-23.876597154556748,-0.0326326371085609,35–44
TOY0337,61,34.88695056036439,0.4337160342088555,0.43333333333333335,127.11324560264752,E,377.40425485986947,377.40425485986947,0.0,0.0,384.41917844069917,7.014923580829702,0.018587293308164554,399.9807246274397,22.576469767570245,0.05982039014359519,55+
TOY0338,41,44.31163652815548,0.5263106326035262,0.5833333333333334,83.26309626465635,A,573.6992611365321,526.5989012737926,-47.100359862739424,-0.08209939083663942,532.633004551231,-41.06625658530106,-0.07158150509719396,550.3919656862362,-23.307295450295896,-0.040626329906932046,35–44
TOY0339,45,29.064230795148404,0.7949869761860036,0.775,67.07436663470772,C,454.12651183277507,435.5538798833896,-18.57263194938548,-0.04089748443540453,454.12651183277507,0.0,0.0,459.5613439737253,5.4348321409502205,0.011967660991683005,45–54
TOY0340,37,56.89344464981301,0.5597105434293872,0.5583333333333333,67.25412990488107,B,628.2594415130535,600.9561386902571,-27.303302822796354,-0.04345864306796743,616.3409884547909,-11.918453058262571,-0.018970591241031065,627.5796907928568,-0.6797507201966937,-0.0010819586229530165,35–44
TOY0341,63,44.713483930562774,0.6666519309171065,0.5916666666666667,118.64733443305352,E,528.6334325366535,528.6334325366535,0.0,0.0,534.7145936533834,6.081161116729959,0.011503549988409523,542.5739579315133,13.940525394859833,0.02637087353322709,55+
TOY0342,25,52.28556412633091,0.5208781261808827,0.5833333333333334,10.658035497094911,B,506.55449926159673,510.451350993399,3.8968517318022577,0.007692857802038544,524.7055991155523,18.1510998539556,0.03583247188686389,524.7055991155523,18.1510998539556,0.03583247188686389,<35
TOY0343,50,40.18190448821877,0.8610354393403009,0.8416666666666667,56.83850321436659,D,581.0118767103919,581.0118767103919,0.0,0.0,587.1230677753463,6.111191064954369,0.010518186133397167,611.2850641119792,30.27318740158728,0.05210424883737286,45–54
TOY0344,48,60.87813394517953,0.8263077065209007,0.85,82.0168179231596,D,884.8209319365794,891.450745167945,6.629813231365574,0.0074928304610235585,902.7488329618731,17.927901025293636,0.020261614953045237,938.4647355370963,53.64380360051689,0.06062673436432875,45–54
TOY0345,26,38.990251876473295,0.8336611478767589,0.7833333333333333,15.043482935014833,A,544.2227577970007,527.852194622642,-16.370563174358722,-0.030080629558062455,543.753813372835,-0.46894442416567017,-0.0008616773507670317,544.2227577970007,0.0,0.0,<35
TOY0346,55,28.803217881783766,0.20817858522074745,0.14166666666666666,98.41891025563392,D,195.17584837285602,187.13757531205476,-8.03827306080126,-0.041184773258652774,195.17584837285602,0.0,0.0,200.19312828693765,5.017279914081627,0.025706458846777025,55+
TOY0347,49,62.66776474689074,0.7808478077690869,0.8083333333333333,61.08200324128418,C,880.1249305132815,841.111188772708,-39.01374174057344,-0.04432750441215316,860.6806747365376,-19.44425577674383,-0.0220926087906681,883.7977388430847,3.6728083298032743,0.004173053395568838,45–54
TOY0348,45,44.03367690452927,0.7028505065134444,0.6666666666666666,64.44823991206897,B,579.89029791021,533.0609536268365,-46.82934428337353,-0.08075552298794375,554.8560021975145,-25.034295712695553,-0.0431707441957786,561.2845290109143,-18.605768899295754,-0.03208498049777109,45–54
TOY0349,26,47.173174349954664,0.9764327092212943,0.9833333333333333,17.42818536355618,A,811.2632390306082,787.2803403937284,-23.982898636879895,-0.029562412646156,810.5766864941899,-0.6865525364183895,-0.0008462759106880879,811.2632390306082,0.0,0.0,<35
TOY0350,63,69.47546836497831,0.9186084980758704,0.8833333333333333,133.90861099063434,C,1161.6155638408632,1046.849704749425,-114.76585909143819,-0.09879848606019592,1054.6934642547262,-106.92209958613694,-0.09204602875033863,1069.9502934507966,-91.66527039006655,-0.07891188207480349,55+
TOY0351,42,26.76804443049674,0.468732893640847,0.44166666666666665,95.5493887639147,A,363.24870820175056,321.5287508898974,-41.719957311853136,-0.11485232120545252,329.8882923359345,-33.36041586581604,-0.09183904887360939,339.6138862888981,-23.634821912852487,-0.06506512309391499,35–44
TOY0352,37,54.456250089652904,0.6975081567227472,0.7333333333333333,40.89629812006709,A,741.2634700666656,684.1830893473084,-57.08038071935721,-0.07700417331265996,699.9806907530245,-41.28277931364107,-0.05569245076912843,712.5869361596373,-28.67653390702833,-0.03868602064587012,35–44
TOY0353,57,53.407236609051836,0.8022515186122883,0.7666666666666667,99.72228796773031,D,746.4626088049163,711.6814968226646,-34.78111198225167,-0.04659458032055497,732.2877372059011,-14.174871599015205,-0.018989392679305328,747.417451014043,0.9548422091266957,0.0012791561129303908,55+
TOY0354,49,26.828633526971704,0.6132802696215511,0.6333333333333333,114.11292214566703,B,457.9783767204028,414.69191612346384,-43.28646059693898,-0.09451638504619941,425.7191872379372,-32.259189482465615,-0.07043823709205366,440.25665455846473,-17.72172216193809,-0.03869554342028958,45–54
TOY0355,45,27.337216739089207,0.608316577394249,0.65,86.37061862415204,D,383.9481945967571,390.39215872228095,6.4439641255238485,0.01678342082658224,407.2616231112116,23.313428514454472,0.06072024518552421,412.8512101230613,28.903015526304216,0.07527842540491614,45–54
TOY0356,31,45.19132278296433,0.5916908988243408,0.6333333333333333,38.39480986088728,A,544.8593950964238,523.9223838828192,-20.937011213604592,-0.0384264480011387,528.8139603703601,-16.045434726063718,-0.02944876214022918,544.3988809491483,-0.46051414727548945,-0.0008451981399605346,<35
TOY0357,34,48.088196432831715,0.3513648694897124,0.36666666666666664,35.562716241366275,A,367.8555009967211,345.9198203681479,-21.93568062857321,-0.05963124261873887,354.41726434624286,-13.438236650478245,-0.03653129180905745,362.4323688643081,-5.423132132413002,-0.014742560917857084,<35
TOY0358,49,38.90959418446788,0.93051336260777,0.9583333333333334,52.68094615886835,C,658.3065604275763,628.8345961085081,-29.471964319068206,-0.044769361405005426,643.5130189391963,-14.793541488380015,-0.02247211615021949,660.8339902087989,2.5274297812226223,0.0038392899800072655,45–54
TOY0359,54,41.15461430945984,0.7989751812730755,0.8666666666666667,110.39036156112763,C,722.1620499567655,668.0620950542481,-54.099954902517425,-0.07491387134751304,688.8065110197521,-33.35553893701342,-0.04618844058478333,705.7603325232589,-16.401717433506633,-0.022711962549802456,45–54
TOY0360,47,69.97674720373014,0.7668115415152955,0.7416666666666667,74.15382834319485,D,873.2741019441866,873.5650054451969,0.290903501010348,0.0003331182046537595,898.8521381608571,25.57803621667051,0.029289814228689037,918.0627680781703,44.788666133983725,0.051288210693835934,45–54
TOY0361,44,74.99007391851873,0.3840204598408996,0.3416666666666667,90.94370801425136,B,563.2534399362036,525.9324709972702,-37.32096893893333,-0.06625963783401034,541.6581395810671,-21.595300355136487,-0.038340290221010376,553.9093313266212,-9.34410860958235,-0.016589527816537997,35–44
TOY0362,30,48.890574770984934,0.7329762893744208,0.725,29.937784462827945,A,641.2385669129228,618.2293466535818,-23.009220259340964,-0.035882464727773455,622.858390186515,-18.380176726407853,-0.028663554681207737,641.2385669129228,0.0,0.0,<35
TOY0363,56,32.16495699150994,0.6511169753205417,0.575,120.73692840158772,E,418.3173256867953,425.31273464704464,6.9954089602493355,0.01672273303230809,443.10652675462,24.789201067824706,0.05925932192056749,451.4372282468403,33.11990256004498,0.07917411143721709,55+
TOY0364,46,48.085509959984684,0.6192638946206926,0.5916666666666667,47.104142299685236,C,519.1196364148385,497.36565849805254,-21.75397791678597,-0.04190551924990549,518.6912155742219,-0.4284208406165817,-0.0008252834425130917,524.0844029312173,4.964766516378745,0.009563819528512818,45–54
TOY0365,64,87.39824384285346,0.6549753175890584,0.675,190.92828258623746,D,1138.4084216163,1082.02888270994,-56.37953890636004,-0.04952487862511856,1089.3864436677532,-49.02197794854692,-0.04306185461887746,1113.7771959008808,-24.631225715419305,-0.021636545590947187,55+
TOY0366,29,43.012863977247996,0.857772223713189,0.8666666666666667,23.027664826747824,A,671.7542552909994,648.489426528251,-23.26482876274838,-0.034632945871954646,661.32578266166,-10.428472629339353,-0.015524237542524855,671.7542552909994,0.0,0.0,<35
TOY0367,53,44.20406265859039,0.5765420002906447,0.49166666666666664,93.50914127092973,B,504.9344530295507,440.8157555317399,-64.11869749781079,-0.1269841998562501,459.62010562535187,-45.31434740419883,-0.08974302928294509,465.45194673788,-39.48250629167069,-0.07819332995556161,45–54
TOY0368,54,41.560508918084444,0.6564305758836549,0.6083333333333333,105.71969785561885,B,583.6417003777309,511.98176803203216,-71.65993234569873,-0.12278069284514914,528.9363468316205,-54.70535354611036,-0.09373105710353669,543.2298032595351,-40.41189711819584,-0.06924093513544594,45–54
TOY0369,58,54.372707570821966,0.7687634088243964,0.8083333333333333,145.3298885931442,D,854.6341369251809,818.9656170677898,-35.66851985739106,-0.04173542609205849,830.4258882691084,-24.208248656072442,-0.02832586203866061,863.7953092439436,9.161172318762738,0.010719408367799277,55+
TOY0370,51,77.0323970873406,0.6623840990762456,0.7083333333333334,106.33714849782233,B,1064.317933580098,962.9766878392762,-101.34124574082182,-0.09521707991890671,976.4347484391559,-87.88318514094215,-0.08257230510560432,1017.0937896317503,-47.22414394834777,-0.04437033564726056,45–54
TOY0371,61,53.66709667090116,0.601104491050038,0.575,145.65380161068413,E,624.8348078377104,624.8348078377104,0.0,0.0,633.8280975713051,8.993289733594679,0.014393067768930345,658.3245215069498,33.48971366923945,0.05359770814486664,55+
TOY0372,41,15.0,0.3924734834940621,0.4166666666666667,79.16066118463378,D,202.67953386968807,216.72542161958407,14.045887749895996,0.0693009673040137,220.77222850637347,18.092694636685394,0.08926749677803203,228.90254272879963,26.22300885911156,0.12938163197065333,35–44
TOY0373,48,15.263012042820474,0.8416826776283736,0.8,121.82751320862975,D,349.1442754049017,355.765065772149,6.620790367247309,0.018962906837207028,359.81248228409953,10.66820687919784,0.03055529656565592,378.5808602776153,29.43658487271358,0.08431066165577561,45–54
TOY0374,32,69.6045194298286,0.800239211893914,0.8083333333333333,38.61853683678717,A,1007.2920255184405,952.5546897233597,-54.73733579508075,-0.05434107925842868,969.747228099837,-37.54479741860348,-0.03727300173877546,988.4477838104729,-18.844241707967626,-0.018707823779572474,<35
TOY0375,62,24.988774710729068,0.9583505482786208,0.95,152.38509434005897,E,532.7495053939967,532.7495053939967,0.0,0.0,534.9868040356578,2.2372986416610274,0.004199532085921831,552.978948423258,20.229443029261233,0.037971772520559055,55+
TOY0376,53,36.71969660365405,0.8797343802856492,0.9,138.5710361201647,C,726.0730505634317,665.2522108298383,-60.8208397335934,-0.08376683267117069,693.2124835314349,-32.860567031996766,-0.04525793514371179,702.0153927963503,-24.057657767081423,-0.03313393569477985,45–54
TOY0377,47,25.632714430398252,0.9774232657365707,0.9583333333333334,111.66624438612325,C,551.9917306542953,521.82361923979,-30.168111414505347,-0.05465319449395745,539.6869323190285,-12.30479833526681,-0.022291635276277644,552.5260371716955,0.5343065174001822,0.0009679610902266766,45–54
TOY0378,46,26.559527510944257,0.5332415297240797,0.525,92.25883188335287,B,371.64099392555715,339.5813335695863,-32.059660355970834,-0.08626513457875606,353.83338911641584,-17.80760480914131,-0.047916147842152035,359.203967922156,-12.437026003401172,-0.03346516182736403,45–54
TOY0379,44,19.7373941412189,0.6345883784285092,0.5916666666666667,59.489363975201236,B,284.96259370890937,265.5096511677059,-19.45294254120347,-0.06826489851883766,274.0230057427364,-10.939587966172951,-0.03838955781455233,280.2083748852333,-4.754218823676069,-0.016683659289445263,35–44
TOY0380,54,49.32679385158564,0.8568302035669788,0.875,68.95125152617902,B,809.0547271186476,720.7578375816296,-88.29688953701805,-0.10913586754690496,741.1637795388361,-67.8909475798115,-0.08391391250082314,758.3837798579333,-50.67094726071434,-0.06262981422922143,45–54
TOY0381,66,40.3169509117929,0.3747544380030315,0.4,86.64981095116987,D,361.0883663749831,340.94000566047464,-20.148360714508442,-0.05579897496222508,340.94000566047464,-20.148360714508442,-0.05579897496222508,346.4628012946822,-14.625565080300873,-0.040504116006641167,55+
TOY0382,28,53.964775080558006,0.7594465829957702,0.7333333333333333,21.900700987246566,B,677.8302125736585,680.7317665603119,2.9015539866534255,0.004280650128645869,684.6621555803576,6.8319430066991345,0.010079136161191382,703.7286982335355,25.898485659876997,0.03820792460923639,<35
TOY0383,32,32.32332706058998,0.5124407521438956,0.5,47.86452339188206,B,337.38223740805853,330.9632688540745,-6.41896855398403,-0.01902580468757875,337.24351595957967,-0.13872144847886148,-0.00041116998199008936,344.6981841145398,7.31594670648127,0.02168444540141201,<35
TOY0384,49,34.19367486803348,0.8688647934411993,0.875,117.66919761427884,C,645.6994919370319,614.8885033332429,-30.810988603789042,-0.04771722602933948,631.418171855955,-14.281320081076842,-0.022117595351104247,650.754443247388,5.054951310356159,0.007828643778535094,45–54
TOY0385,43,40.94048733834418,0.789486829315208,0.7666666666666667,92.29051223399189,A,685.450358213483,608.3454136092661,-77.10494460421694,-0.1124880068706634,634.5708739363583,-50.879484277124675,-0.07422781776602161,638.9394408339529,-46.510917379530156,-0.06785453800148777,35–44
TOY0386,54,29.104885226288804,0.7704957585542641,0.7833333333333333,114.1659084150449,D,496.7888922297707,485.7322001840347,-11.056692045735986,-0.022256318969028244,502.0660563620961,5.277164132325424,0.010622548561099121,514.883324606035,18.094432376264308,0.03642277969430818,45–54
TOY0387,48,58.40391335125133,0.526112792265148,0.48333333333333334,54.943427956352025,C,524.056813969835,500.3631425852127,-23.69367138462235,-0.04521202807218183,507.0681976398953,-16.98861632993976,-0.03241750870720983,527.6052438472549,3.548429877419835,0.006771078598405644,45–54
TOY0388,44,15.831889777886335,0.8769179963024727,0.8333333333333334,88.61066774173003,A,371.53949186068235,330.4960527251377,-41.043439135544645,-0.11046857745861072,341.7851951205492,-29.754296740133157,-0.08008380641078727,349.0999275237979,-22.439564336884473,-0.06039617544963083,35–44
TOY0389,55,40.2141939398813,0.5008036800831545,0.5,109.09288902413039,C,482.0763492562309,435.4000354787656,-46.67631377746534,-0.09682348833225207,453.2494129332312,-28.8269363229997,-0.05979744985929136,461.8211727410346,-20.255176515196297,-0.042016532332372014,55+
TOY0390,38,28.48923320826606,0.7527229223757917,0.7166666666666667,42.920169334613874,A,418.6532510843278,387.6303127382283,-31.022938346099465,-0.07410174951645276,390.7433060429029,-27.90994504142492,-0.06666601768680191,405.09861790786846,-13.554633176459333,-0.032376753653177937,35–44
TOY0391,60,30.728011623419118,0.8805067130884429,0.8666666666666667,160.2642198485865,C,656.3309622550638,584.0167926441792,-72.31416961088462,-0.11017942740720776,593.7412565923925,-62.58970566267135,-0.09536302454423551,617.891506659283,-38.43945559578083,-0.05856718303172548,55+
TOY0392,55,35.300314551834546,0.7091530737709698,0.6666666666666666,146.78908912453298,D,554.5599216587937,532.6125091707726,-21.947412488021087,-0.03957626873282194,554.5599216587937,0.0,0.0,564.8793057821183,10.319384123324653,0.0186082400121117,55+
TOY0393,27,23.331972392859722,0.7403971476160102,0.775,27.447410905781865,B,338.7240657453461,338.60947748762044,-0.11458825772564296,-0.0003382938188153384,345.84545121673665,7.1213854713905675,0.021024149718208873,352.5325632959045,13.8084975505584,0.04076621340787656,<35
TOY0394,36,46.98234268609076,0.5388449350500482,0.575,56.828142565323084,C,504.4495528216498,509.90279753452086,5.453244712871083,0.010810287534934293,526.2053154004151,21.755762578765314,0.04312772695916567,532.0333044823217,27.583751660671908,0.05468089228423656,35–44
TOY0395,36,38.02604274314009,0.7639807475975651,0.7666666666666667,57.081464892556134,A,589.6608421807855,547.6465750772533,-42.014267103532234,-0.07125158073605131,565.9036264893458,-23.757215691439683,-0.040289627514651705,571.6313988970153,-18.029443283770206,-0.030575954843958475,35–44
TOY0396,56,38.59011066873045,0.6627116718945408,0.7416666666666667,139.5702618062006,D,621.1149559132491,596.4082081843861,-24.70674772886298,-0.039778059590491965,620.5830848922786,-0.5318710209704705,-0.0008563165576788156,631.5306490694193,10.415693156170164,0.016769348503057113,55+
TOY0397,30,44.48805108047509,0.7927274369466926,0.85,29.324028099094193,A,684.2122379923638,659.4395195047455,-24.772718487618363,-0.036206190290175466,664.1660746910666,-20.04616330129727,-0.029298165376458796,684.2122379923638,0.0,0.0,<35
TOY0398,26,55.51262798713635,0.788547477093231,0.7916666666666666,25.40508432726533,A,778.8209207942327,756.1520516649947,-22.668869129238033,-0.02910665150869418,778.1679156947016,-0.6530050995311285,-0.0008384534648416819,778.8209207942327,0.0,0.0,<35
TOY0399,29,19.642595339638888,0.8269147871142859,0.8,19.35563436375052,B,286.0336657986531,287.04923766287544,1.015571864222352,0.0035505326318379105,292.92714481721924,6.893479018566154,0.024100236590397284,297.2593709596626,11.2257051610095,0.039246097586679074,<35
TOY0400,43,24.71695059211723,0.4582299762642471,0.55,92.53988769714839,B,371.34081416102356,341.06305283636976,-30.277761324653795,-0.08153631426984631,357.9634176158886,-13.377396545134957,-0.03602457913321144,360.45195406486823,-10.888860096155327,-0.029323089951091674,35–44
TOY0401,60,34.04335077831456,0.416153418346089,0.45,144.9752526050159,D,428.69619136287207,403.3536348898209,-25.34255647305116,-0.059115422491822,411.5377848061222,-17.158406556749867,-0.04002463026835257,428.69619136287207,0.0,0.0,55+
TOY0402,49,68.66109673319747,0.9528435492868854,0.95,64.11706342866313,E,1010.8271360290802,1062.959839562348,52.13270353326777,0.05157430155472986,1087.8553557542743,77.02821972519416,0.07620315777017117,1116.8188393071746,105.9917032780944,0.10485640867781876,45–54
TOY0403,33,31.72070802460624,0.39487197768358895,0.36666666666666664,28.387528085810793,A,250.53517158288525,232.47202534854097,-18.063146234344288,-0.07209824520932939,241.91300920635086,-8.62216237653439,-0.034414977833489124,243.00069924982557,-7.534472333059682,-0.03007351137749148,<35
TOY0404,42,29.390414989491635,0.4264524629355313,0.36666666666666664,42.431105717649494,B,240.63524857989952,225.16732306706567,-15.467925512833858,-0.06427955008302932,230.4953974065525,-10.139851173347012,-0.04213784652575625,236.1404366172795,-4.49481196262002,-0.018678942462278414,35–44
TOY0405,45,46.195217423401274,0.7835547649230408,0.8083333333333333,107.23561666705157,C,744.7287584946807,714.4757257176943,-30.2530327769864,-0.04062288777210221,744.7287584946807,0.0,0.0,753.0759307274452,8.347172232764478,0.011208338791208527,45–54
TOY0406,59,39.42449244172133,0.5691743212816083,0.5,153.1480959366229,D,503.0995883420707,480.1806097997161,-22.918978542354637,-0.04555555018019897,491.6460028829172,-11.453585459153544,-0.022766040212630734,509.67143825655194,6.57184991448122,0.013062721709111935,55+
TOY0407,57,43.85104227957563,0.8322446076435598,0.85,153.72895400373528,D,765.4540356428661,728.4646017018757,-36.98943394099035,-0.048323520706145096,750.7837426817123,-14.670292961153791,-0.019165478628423438,767.4997168075538,2.0456811646877213,0.00267250686446463,55+
TOY0408,59,59.82946739859717,0.7951696934534943,0.825,155.9670419944359,C,1004.3429484864402,908.7546576666167,-95.58829081982344,-0.09517495091081829,929.9372378669038,-74.40571061953631,-0.07408396776386672,957.9439486248488,-46.39899986159139,-0.04619836275200162,55+
TOY0409,45,23.0573717967743,0.7790120107015123,0.8333333333333334,85.21547044561449,D,403.2569203971375,409.6213756915039,6.364455294366394,0.015782631301400896,426.98893687314626,23.732016476008766,0.05885085977603777,432.52096213912256,29.264041741985068,0.07256922389122322,45–54
TOY0410,27,26.070366910898976,0.7709756588135476,0.7583333333333333,27.174177496116794,B,366.3523110000782,365.626090321389,-0.7262206786892307,-0.0019823013445903204,373.65607488524927,7.303763885171065,0.019936448238126347,380.966865221974,14.614554221895787,0.039892075969169216,<35
TOY0411,39,31.93668188098703,0.5022535664382012,0.4,38.6297424800276,C,253.70219261809987,255.48976592340776,1.7875733053078875,0.0070459513450036315,260.41498218882253,6.712789570722663,0.02645932816523766,266.48640188030606,12.78420926220619,0.05039061401195832,35–44
TOY0412,67,47.77573960498563,0.619930352068377,0.5583333333333333,155.24667458081905,E,577.6740857575144,577.6740857575144,0.0,0.0,577.6740857575144,0.0,0.0,579.8006916128729,2.126605855358548,0.0036813246565663427,55+
TOY0413,36,29.669477544675885,0.900733784012935,0.8666666666666667,42.01257941970437,A,503.55392997558255,468.44579243156113,-35.10813754402142,-0.06972071004534475,483.81651719817626,-19.73741277740629,-0.039196224282001646,488.37310521821274,-15.180824757369805,-0.03014736625748493,35–44
TOY0414,49,31.414830873025615,0.548027116895296,0.5916666666666667,90.33667537526692,C,428.3964726210906,407.3400486188794,-21.0564240022112,-0.049151721239393265,418.1861692458887,-10.210303375201875,-0.02383377088221894,432.33731437474313,3.940841753652535,0.009199052759564008,45–54
TOY0415,65,39.37413890237745,0.8904049269665962,0.9166666666666666,141.8340420879352,E,696.7974646689067,696.7974646689067,0.0,0.0,696.7974646689067,0.0,0.0,707.0259633963175,10.228498727410738,0.01467929957562486,55+
TOY0416,54,37.745418978004125,0.7016675119710116,0.675,127.61255596201846,B,616.1863250420379,541.9666831924488,-74.21964184958904,-0.12044999837431569,560.0010479421511,-56.185277099886775,-0.0911822849948084,574.4580735417063,-41.72825150033157,-0.06772018430867444,45–54
TOY0417,63,51.259027843738956,0.28916807741173567,0.25,182.76265017084364,D,441.595145944439,414.72193429747153,-26.87321164696749,-0.06085486195617884,422.52034608156504,-19.074799862873988,-0.04319522086701999,428.5755143201944,-13.019631624244653,-0.02948318554634377,55+
TOY0418,59,24.78629007112962,0.6023243994778419,0.5833333333333334,141.93697962376731,E,387.2929238728219,392.029960692021,4.737036819199091,0.012231147349220928,402.51675949271055,15.223835619888632,0.039308323704070114,417.7166590296328,30.423735156810892,0.07855484384424583,55+
TOY0419,55,32.694465629680444,0.48603803790581057,0.4666666666666667,63.332124144261435,D,314.04491437334525,302.04813052652605,-11.996783846819199,-0.038200853756087505,314.04491437334525,0.0,0.0,318.69365048653674,4.6487361131914895,0.014802774700134025,55+
TOY0420,58,39.110534228099446,0.7507532427286866,0.7166666666666667,129.28116490160696,D,595.5258179115402,570.5131774207108,-25.012640490829426,-0.04200093386135073,578.6218124552765,-16.90400545626369,-0.02838500858878734,603.2978954563432,7.772077544802983,0.01305078186544284,55+
TOY0421,25,33.863261254403994,0.8925125328889014,0.9,9.59949923645816,B,507.96536659747176,511.29005735103186,3.3246907535601053,0.00654511305727401,526.4450569040606,18.47969030658885,0.03637982335365142,526.4450569040606,18.47969030658885,0.03637982335365142,<35
TOY0422,60,28.641667960856847,0.8372852984267498,0.8083333333333333,139.3733518518322,C,571.1194048311457,507.90663868903533,-63.21276614211041,-0.11068222443045794,516.5575865329981,-54.561818298147614,-0.09553487035566421,537.506642415129,-33.61276241601672,-0.0588541767827947,55+
TOY0423,65,37.25790281664579,0.3865480511967257,0.44166666666666665,84.59974305179566,E,341.4237242884624,341.4237242884624,0.0,0.0,341.4237242884624,0.0,0.0,346.38072637853156,4.957002090069182,0.014518622279104054,55+
TOY0424,57,58.354897176057996,0.5437012212971388,0.5333333333333333,149.36462120971746,C,712.8739471151652,637.4692763365232,-75.40467077864196,-0.10577560182103318,657.9837567485913,-54.89019036657385,-0.07699845195451682,673.6463513495661,-39.22759576559906,-0.05502739428807013,55+
TOY0425,27,55.39063998068124,0.7128558707203744,0.7166666666666667,18.451589622276465,A,694.9819021463016,669.5507739866227,-25.431128159678906,-0.03659250418052662,682.0575983635617,-12.924303782739912,-0.018596604807730954,694.9819021463016,0.0,0.0,<35
TOY0426,49,38.51643913434635,0.623966406541529,0.6166666666666667,109.71646599120112,E,478.70990362195465,510.7055814501507,31.99567782819605,0.0668373008080978,524.2735544471915,45.563650825236834,0.09518008815046208,541.0392403786494,62.32933675669477,0.1302027308921465,45–54
TOY0427,53,42.04367704704258,0.6793938515008315,0.6083333333333333,66.21472792500948,C,501.233721992024,460.97668306455734,-40.25703892746668,-0.08031590286358925,478.97688511785276,-22.256836874171256,-0.0444041090964854,485.2871457541462,-15.94657623787782,-0.03181465160504815,45–54
TOY0428,27,29.173713504154282,0.6564954443532549,0.675,24.68093427373208,A,374.8539455176921,359.8295574042805,-15.024388113411646,-0.04008064552358437,367.5346667555535,-7.3192787621386515,-0.019525681534525052,374.8539455176921,0.0,0.0,<35
TOY0429,42,48.93003687548271,0.8333185920506424,0.825,95.63314944041463,D,730.9180093800468,753.9780360715274,23.06002669148063,0.03154940279969276,770.8913906591687,39.973381279121895,0.05468928219873348,789.435432429298,58.51742304925119,0.08006017405274335,35–44
TOY0430,46,28.740529795978848,0.5211855288570464,0.5416666666666666,56.4700603542593,B,344.57585716857363,315.4536633021877,-29.122193866385942,-0.08451606013748891,328.6810726637823,-15.894784504791346,-0.0461285495606133,333.0531917157063,-11.52266545286733,-0.033440141591899786,45–54
TOY0431,42,34.44926667617858,0.8180639836700352,0.8333333333333334,42.59845118388421,C,512.0169119084327,500.8552350511474,-11.161676857285272,-0.021799430053360047,512.0437406114429,0.02682870301021012,5.2398079802173925e-05,523.8884990421428,11.871587133710136,0.023185927764497682,35–44
TOY0432,36,28.192180542635278,0.8546533700595482,0.8166666666666667,51.68314534969555,A,473.19095018479067,440.05724136112786,-33.1337088236628,-0.0700218565268913,454.4048802255326,-18.786069959258043,-0.03970082257896457,459.0073093337311,-14.183640851059579,-0.029974455017621526,35–44
TOY0433,40,25.43989957152366,0.5536650239078617,0.55,82.15577963104923,A,379.2993763678678,344.00080225341753,-35.298574114450275,-0.09306256828699755,349.2603926150709,-30.038983752796923,-0.07919597453717742,361.9549563065465,-17.34442006132133,-0.04572752063926322,35–44
TOY0434,51,39.64651990802813,0.6696376778349645,0.6083333333333333,79.85860488455937,D,470.96317851500277,470.546286768213,-0.4168917467897586,-0.000885189683202503,477.91414210958874,6.950963594585971,0.014759038310602435,498.15257433835376,27.189395823350992,0.057731468326424284,45–54
TOY0435,26,42.292376388448595,0.8324253621684583,0.8666666666666667,18.033797444435507,B,627.3817972072727,632.1095639043592,4.727766697086508,0.00753570906604506,651.2247900071994,23.84299279992672,0.038003960118163205,651.7794511843514,24.397653977078676,0.03888804884949226,<35
TOY0436,26,56.44854299381551,0.6188224382724159,0.625,11.69575739550309,A,616.8763681774021,598.153219116016,-18.723149061386152,-0.03035154210349278,616.3444607530372,-0.5319074243649311,-0.0008622593631467668,616.8763681774021,0.0,0.0,<35
TOY0437,66,30.97138399678493,0.21749969682201767,0.2,136.3985265988171,E,262.8329834322168,262.8329834322168,0.0,0.0,262.8329834322168,0.0,0.0,269.42626953215955,6.593286099942759,0.025085459267113475,55+
TOY0438,52,47.775711170220994,0.7408973017932123,0.675,87.9809154389154,B,653.889195255223,585.0520707303926,-68.8371245248303,-0.10527337815692472,596.5389171483603,-57.350278106862675,-0.08770641650452415,613.8988704406246,-39.99032481459835,-0.0611576473579587,45–54
TOY0439,66,61.27186606197452,0.7355802044634847,0.7333333333333333,152.23912876793034,D,876.145380292095,832.5567951273276,-43.58858516476732,-0.0497504023250519,832.5567951273276,-43.58858516476732,-0.0497504023250519,843.4701327412874,-32.67524755080751,-0.03729432156557633,55+
TOY0440,38,66.24728672845883,0.6175565909920824,0.6416666666666667,68.03757007899785,B,801.6012460236437,771.4526831753975,-30.14856284824623,-0.03761042413269522,778.9922005146598,-22.609045508983968,-0.02820485324983779,806.0235962477839,4.422350224140132,0.005516895396654231,35–44
TOY0441,61,42.13264536575367,0.7697960769348215,0.6583333333333333,74.97343126638131,D,515.3796261088648,490.41981003932153,-24.959816069543308,-0.048429962701457274,496.32298492156025,-19.056641187304592,-0.03697593040528768,514.9474143121447,-0.4322117967201393,-0.0008386280225769482,55+
TOY0442,35,51.82537773577252,0.5746533039626643,0.575,61.42312847549677,A,612.7613665367479,567.7693598666857,-44.99200667006221,-0.07342500543784525,587.7161743386765,-25.04519219807139,-0.0408726684902212,593.5321668398582,-19.229199696889737,-0.03138122072801486,35–44
TOY0443,65,33.33958267070715,0.6688999061448078,0.6583333333333333,172.81537984009887,E,532.8927958634316,532.8927958634316,0.0,0.0,532.8927958634316,0.0,0.0,542.5163450057993,9.623549142367665,0.018059071575127872,55+
TOY0444,34,53.557530430557165,0.48272428172650084,0.5166666666666667,40.706034632646876,A,530.8457379351198,502.6285464581115,-28.217191477008328,-0.05315516252756847,513.7842769783506,-17.061460956769224,-0.03214014870522419,523.0913702012982,-7.754367733821596,-0.014607572746057063,<35
TOY0445,29,45.61339405730613,0.8933842369551777,0.8666666666666667,34.25843293083453,A,723.0029898050362,698.8931460698219,-24.109843735214326,-0.03334681055982325,712.4101538627999,-10.59283594223632,-0.014651164783001436,723.0029898050362,0.0,0.0,<35
TOY0446,43,15.0,0.5480563997227255,0.525,91.03027556617047,A,286.2719876081974,250.01154739189525,-36.26044021630213,-0.12666429754185216,263.2377919919249,-23.034195616272484,-0.080462625102523,264.73977894839794,-21.532208659799437,-0.07521591211106982,35–44
TOY0447,30,35.50254261517114,0.33812885085066374,0.3333333333333333,38.68713615014823,B,260.7571259521842,260.7571259521842,0.0,0.0,263.95403184735017,3.196905895165969,0.01226009024103214,272.9744542820716,12.21732832988738,0.04685328650281151,<35
TOY0448,30,73.64644810294075,0.5427008602572084,0.6083333333333333,39.161588229354706,A,811.9107454285135,782.8252975282177,-29.085447900295776,-0.03582345481207416,788.4643645118507,-23.446380916662747,-0.02887802760177549,811.9107454285135,0.0,0.0,<35
TOY0449,64,46.77738943274543,0.7612319272547121,0.7166666666666667,185.9777911679339,E,714.8294545569375,714.8294545569375,0.0,0.0,721.3797489544387,6.550294397501148,0.009163436615186926,738.6376528554849,23.80819829854738,0.033306123784874186,55+
TOY0450,29,42.26883705057222,0.6415751369607925,0.5916666666666667,27.01600806950398,B,451.22935566747924,453.22341386348796,1.994058196008723,0.004419167704767357,462.16694833662564,10.937592669146397,0.02423954144775675,468.88921630748854,17.6598606400093,0.03913721573785023,<35
TOY0451,57,36.05260466232322,0.757962593545119,0.7166666666666667,158.2039705026088,E,569.9452132249895,572.150086500168,2.204873275178443,0.0038685705643570767,591.2028787085386,21.25766548354909,0.037297734923088965,604.8348764024064,34.88966317741688,0.06121581928900932,55+
TOY0452,42,60.593539839648436,0.7517876478804197,0.7583333333333333,91.66490235663913,A,926.8213317369897,835.225633797681,-91.5956979393087,-0.0988277835250575,853.5853874519793,-73.23594428501042,-0.07901840600470023,874.0975381948067,-52.72379354218299,-0.056886685423361394,35–44
TOY0453,53,38.7998107097921,0.8231384330194209,0.8083333333333333,143.28509228357626,D,668.6225085111182,649.0958346418842,-19.52667386923406,-0.029204332221354434,677.5213108082899,8.898802297171642,0.013309157534925564,686.4117085680668,17.78920005694863,0.02660574514094871,45–54
TOY0454,58,27.570234668950036,0.5364964362421191,0.48333333333333334,96.93640608278085,C,358.0530367381707,319.44618043559524,-38.606856302575466,-0.10782440683726713,324.8512061093745,-33.20183062879619,-0.09272880613235879,340.6848904169726,-17.368146321198083,-0.04850718898915163,55+
TOY0455,65,29.35902029912948,0.798236947898349,0.725,140.87385093468822,E,483.2126508434565,483.2126508434565,0.0,0.0,483.2126508434565,0.0,0.0,491.7048399104288,8.492189066972287,0.017574434469273648,55+
TOY0456,61,27.623760774408492,0.8143381340600794,0.7916666666666666,78.91428921163994,D,433.88896428902734,411.9681139846298,-21.92085030439756,-0.05052179729972428,417.5330735137313,-16.355890775296018,-0.03769602852678422,433.5215043551141,-0.3674599339132669,-0.0008468985481466795,55+
TOY0457,52,19.31562751784542,0.9218584262880667,0.9083333333333333,110.1284246324467,C,439.5595380407281,405.556499001808,-34.00303903892012,-0.07735707246959911,414.85716585654666,-24.702372184181456,-0.056198011978738194,429.7679151371737,-9.791622903554412,-0.022275987792687024,45–54
TOY0458,42,24.13206176225634,0.7543609259719054,0.725,81.26720220104109,A,434.6422296261877,387.2952281760617,-47.347001450126015,-0.10893327482432302,396.6434378972911,-37.998791728896606,-0.0874254481935115,407.59740849899237,-27.04482112719535,-0.06222317870597882,35–44
TOY0459,66,33.342679983183594,0.8333097290139447,0.85,145.41683092243022,E,589.279680353575,589.279680353575,0.0,0.0,589.279680353575,0.0,0.0,598.6237201991612,9.344039845586167,0.015856714828482943,55+
TOY0460,55,45.96625383743786,0.7499792270346296,0.7333333333333333,122.09179863033333,E,636.6767012760457,645.7791570645486,9.10245578850288,0.014296825642055921,671.3619352761405,34.68523400009474,0.05447856648527827,681.6426701323204,44.965968856274685,0.07062606306490027,55+
TOY0461,65,75.40248161604482,0.7764472150962033,0.8666666666666667,104.62093371944326,E,1066.4171014925737,1066.4171014925737,0.0,0.0,1066.4171014925737,0.0,0.0,1078.0927207727755,11.675619280201772,0.010948454656119377,55+
TOY0462,39,61.439557045459416,0.7451117564722035,0.8333333333333334,38.14894161284638,B,893.7738517003057,860.5640542727907,-33.209797427515014,-0.03715682369129181,878.1166322978227,-15.657219402483065,-0.0175180996542883,896.4605000642105,2.6866483639047374,0.003005959906741129,35–44
TOY0463,64,43.592020786910496,0.5270732721156294,0.5416666666666666,142.52450391411554,E,520.1735352195977,520.1735352195977,0.0,0.0,525.2846283135173,5.111093093919521,0.009825746117133383,539.1706138316936,18.997078612095834,0.03652065575399943,55+
TOY0464,52,49.513676872159905,0.35197040837199867,0.36666666666666664,84.2107781338587,D,389.35499747821126,381.7322601982538,-7.622737279957448,-0.019577859098582673,390.577018526904,1.2220210486927385,0.0031385780498711657,404.75858587903014,15.403588400818876,0.03956180991790381,45–54
TOY0465,45,47.457984417499034,0.5900696951658272,0.6583333333333333,110.14280909179234,C,651.756886121349,625.3186401557114,-26.438245965637634,-0.04056458248254724,651.756886121349,0.0,0.0,659.335964011087,7.57907788973796,0.011628688627812744,45–54
TOY0466,62,40.69141832724846,0.7712378253247187,0.7833333333333333,178.5170224635425,D,722.6316348563173,682.8978316320972,-39.73380322422008,-0.054984865466235044,685.5994192420382,-37.03221561427915,-0.05124632499882509,708.5053161680831,-14.126318688234164,-0.019548436584903905,55+
TOY0467,64,48.91931154099404,0.7442552727929006,0.7166666666666667,195.1354697224527,D,789.8105669157707,747.202150387858,-42.60841652791271,-0.05394764050106293,753.7628915425194,-36.04767537325131,-0.045640913002744865,771.5640248176426,-18.24654209812809,-0.023102428433417033,55+
TOY0468,34,15.0,0.5540512507827696,0.5833333333333334,28.410896506041613,B,188.44201611899405,185.19826427098286,-3.243751848011186,-0.017213527613517354,189.8034095197507,1.36139340075664,0.007224468453452371,193.73505698758842,5.293040868594375,0.028088432599086666,<35
TOY0469,33,47.676003407660566,0.7264780644579263,0.775,25.328810730764587,A,663.8651243838713,622.0133599710117,-41.85176441285955,-0.06304257126280266,642.6580418857267,-21.207082498144587,-0.03194486608680758,645.3388919005366,-18.52623248333464,-0.02790662109344677,<35
TOY0470,66,25.913287350830434,0.8253948338647994,0.8416666666666667,201.7322624109967,E,568.2594849563874,568.2594849563874,0.0,0.0,568.2594849563874,0.0,0.0,579.25505129003,10.995566333642614,0.01934955178880382,55+
TOY0471,48,28.99649606832559,0.7365161328654616,0.6916666666666667,103.32886214278528,A,514.7881527848064,448.11993089839893,-66.66822188640742,-0.12950613087297747,453.5512922858234,-61.236860498982935,-0.11895545802232432,474.9139556447403,-39.87419714006603,-0.0774574879479295,45–54
TOY0472,38,55.08297295519119,0.7141689878256361,0.6583333333333333,74.28107789197863,C,671.3534229386348,676.0949107720229,4.741487833388078,0.007062580857387646,679.5377279522526,8.184305013617745,0.012190754875120113,704.0502203969477,32.69679745831286,0.04870280889489331,35–44
TOY0473,27,61.133302891540446,0.7230722611840663,0.7083333333333334,30.37490880384824,A,779.3667809162239,749.7247042100971,-29.642076706126772,-0.0380335388060542,764.3702789570139,-14.996501959210036,-0.01924190551408944,779.3667809162239,0.0,0.0,<35
TOY0474,41,72.31200258996006,0.5511687251477312,0.5583333333333333,64.39451642984956,D,682.2438770412036,714.6715104019632,32.427633360759614,0.04753085289881054,719.7815638240655,37.5376867828619,0.055020921471157225,742.8082480576481,60.56437101644451,0.08877231889438675,35–44
TOY0475,42,36.88796294196846,0.8817077841484425,0.9,54.3657706857942,B,626.2361859680558,587.241600037405,-38.99458593065083,-0.062268177413561276,600.0168762336391,-26.219309734416697,-0.04186808479277837,614.3979686044328,-11.838217363623016,-0.018903758085015654,35–44
TOY0476,62,26.505874120419442,0.7432368004842012,0.7666666666666667,151.2255033224301,C,544.4399273125562,482.7126420263464,-61.72728528620979,-0.11337758711214607,484.88611844446206,-59.55380886809411,-0.10938545444685033,501.54308218850787,-42.8968451240483,-0.07879077740641482,55+
TOY0477,39,66.46388920884036,0.6924537506208296,0.675,47.004881338013824,B,802.5140411185071,773.234099744413,-29.27994137409405,-0.03648526988173939,789.093382854399,-13.420658264108056,-0.016723269097451476,805.6389510143281,3.1249098958210197,0.0038939005870421983,35–44
TOY0478,53,21.702879869266045,0.9746104087315232,0.9916666666666667,146.46298210055392,C,556.0492981373437,507.6582642369911,-48.391033900352625,-0.08702651736537226,531.1906036027616,-24.858694534582128,-0.044705918374241094,537.481526149415,-18.567771987928722,-0.03339231260632303,45–54
TOY0479,26,24.33498644445053,0.8959731982719339,0.8916666666666667,22.403194154543755,B,386.83636118168323,389.8589249011979,3.0225637195146646,0.007813546043814235,401.3003749910467,14.46401380936345,0.03739052286910072,401.63968881949256,14.803327637809332,0.03826767368142203,<35
TOY0480,52,32.30769915616723,0.7492334530468713,0.775,137.6599904196336,E,531.835302794504,550.8321863101555,18.996883515651575,0.0357194857427352,563.4115150102347,31.57621221573072,0.05937216286661484,582.4800993971821,50.644796602678184,0.09522646642027599,45–54
TOY0481,34,48.87487154497349,0.38640706090353205,0.38333333333333336,45.861199151452155,B,369.84572684060726,363.74131362031994,-6.104413220287313,-0.01650529606610307,371.9820815224141,2.1363546818068357,0.005776340043337935,378.2567529140131,8.411026073405822,0.022741985273851073,<35
TOY0482,35,32.40576555813743,0.4761821720207602,0.44166666666666665,32.01609192607375,A,293.35052751264203,273.1775205214814,-20.173006991160605,-0.06876758382611481,282.1185810293021,-11.231946483339925,-0.03828848231014648,284.7689176839286,-8.581609828713454,-0.029253773298033803,35–44
TOY0483,61,55.53461754913407,0.6509429005373666,0.6833333333333333,80.6666309125726,D,675.5398169231498,643.1354171181604,-32.40439980498945,-0.04796815671440402,650.6089488982827,-24.930868024867095,-0.03690510522150803,674.9625517528228,-0.5772651703269958,-0.0008545242720943147,55+
TOY0484,29,51.27498727553453,0.9237343485189362,0.9333333333333333,20.424167684423942,A,836.4068981351871,809.1886607553315,-27.218237379855623,-0.0325418614319658,824.0886846560335,-12.318213479153655,-0.014727536928040408,836.4068981351871,0.0,0.0,<35
TOY0485,39,22.740309560357055,0.4097956045543384,0.48333333333333334,71.95877784952478,C,279.28254636594454,282.16395770517914,2.881411339234603,0.010317190876149684,288.2701735970994,8.987627231154875,0.03218112749293822,296.3575192281551,17.074972862210586,0.06113870374068142,35–44
TOY0486,62,26.981622646814312,0.6528754872610436,0.675,137.26177251422462,C,491.77893676735226,435.12690817218606,-56.6520285951662,-0.11519815990404403,437.11529003430076,-54.66364673305151,-0.11115491666311739,452.51351602396863,-39.26542074338363,-0.0798436407250176,55+
TOY0487,35,38.6017191699586,0.8293892913370261,0.7833333333333333,42.5685970121726,C,538.6699805505805,543.8092257491941,5.139245198613594,0.009540619273716855,562.4423981724175,23.772417621837008,0.04413169190816779,567.4155979325615,28.745617381980992,0.05336406040782116,35–44
TOY0488,52,27.35854583431917,0.800644240872662,0.8333333333333334,116.2860265628411,C,530.5336120453401,490.30167413473197,-40.23193791060811,-0.07583296703012632,501.6014794404251,-28.932132604914955,-0.05453402376029359,518.6483305203274,-11.885281525012715,-0.02240250429975954,45–54
TOY0489,46,37.45945130706413,0.4620485139517126,0.4,95.54648749446515,D,354.88905710734775,361.19714885196555,6.308091744617798,0.01777482742362979,376.860296338353,21.971239231005256,0.06191016260148974,382.5849900607378,27.69593295339007,0.07804110157449151,45–54
TOY0490,52,27.493407117376677,0.48618437677899856,0.49166666666666664,117.11308696189498,D,362.3546706954435,355.15250093730145,-7.20216975814202,-0.01987602297031077,364.15422518531074,1.799554489867262,0.004966279271117147,377.33324094596185,14.978570250518374,0.04133676605236247,45–54
TOY0491,47,32.51622518849693,0.6377057849675367,0.5583333333333333,108.52481930776058,C,448.6015507644319,423.0858283491446,-25.515722415287314,-0.05687836426737192,438.65875040189474,-9.942800362537184,-0.0221639901725581,449.12956955086054,0.5280187864286177,0.001177032904877029,45–54
TOY0492,63,54.65585664144602,0.9212999857464693,0.9,181.4830550043851,D,985.2886175254517,933.8952103186372,-51.39340720681457,-0.05216076415851523,943.0809113036732,-42.207706221778494,-0.042837911116625826,956.9762526464256,-28.312364879026177,-0.02873509789459716,55+
TOY0493,62,56.318031627742975,0.5314275836063515,0.5083333333333333,185.3040035240763,C,726.6773827476479,644.8651519254703,-81.81223082217764,-0.11258397848139501,647.5596382955589,-79.11774445208903,-0.10887602439604771,669.5038041215951,-57.17357862605286,-0.07867807638359847,55+
TOY0494,46,26.63787385406905,0.7982154277972385,0.7833333333333333,47.32284454568766,D,376.7136241765096,381.2215023414966,4.507878164987005,0.011966326343628264,397.113937650041,20.400313473531412,0.054153373184010034,401.2779796457149,24.56435546920528,0.06520697392589025,45–54
TOY0495,49,43.0327403262842,0.494724619017769,0.45,55.35681921324317,C,385.1930380164309,367.3006281452554,-17.89240987117546,-0.046450501710293746,376.1410287781857,-9.052009238245148,-0.02349992950251356,387.5711289911647,2.378090974733823,0.006173764165053219,45–54
TOY0496,37,41.451445173804636,0.9665156538025449,0.9833333333333333,50.88563275898355,C,712.5077981864889,712.0390467098827,-0.4687514766062577,-0.0006578896087865438,728.5807395761676,16.072941389678704,0.022558267334881643,741.5023836458654,28.99458545937648,0.040693709645248655,35–44
TOY0497,63,85.01393590827858,0.5987542121898608,0.55,189.02688860739335,C,1021.1303027811801,910.7465988112111,-110.38370396996902,-0.10809952820842228,920.3941100426713,-100.73619273850886,-0.0986516534316344,934.6274844785108,-86.50281830266931,-0.08471281095768846,55+
TOY0498,41,43.42232680886863,0.6878832608115787,0.6166666666666667,49.93484399074027,A,539.4405321289117,494.74359500798334,-44.696937120928396,-0.08285795089318027,500.5087331907542,-38.931798938157556,-0.07217069652610741,517.2112584934819,-22.229273635429877,-0.041208015177690904,35–44
TOY0499,26,21.185106448260637,0.9795295646771389,0.9916666666666667,11.584701355519316,A,372.8499639151325,361.8749246189361,-10.975039296196371,-0.029435538040428755,372.53413488787544,-0.31582902725705253,-0.00084706734027995,372.8499639151325,0.0,0.0,<35
TOY0500,58,39.135420989388194,0.6666293470844291,0.6416666666666667,73.63585900855504,D,471.8542482512748,453.37891397349836,-18.475334277776426,-0.039154748200842415,458.9425659528983,-12.91168229837649,-0.027363708912716334,476.177673122451,4.323424871176201,0.009162627839421011,55+
TOY0501,47,49.820515152806585,0.9279714198326235,0.925,119.63326088023051,D,852.147891311066,853.1162931123828,0.9684018013167588,0.00113642457041907,880.1388113743875,27.990920063321482,0.032847490850744565,899.9295799309446,47.78168861987854,0.056072061090668646,45–54
TOY0502,56,33.0748722162604,0.6892687718767483,0.6833333333333333,131.40905275660646,E,489.0791531303147,496.60190903649567,7.522755906180976,0.015381469150815619,516.4118113295389,27.33265819922417,0.05588596043050198,525.3631699086433,36.28401677832858,0.0741884346247339,55+
TOY0503,61,66.01942545217425,0.8721276117147466,0.9166666666666666,108.24135556162582,D,1054.4723310440702,1003.2821943689141,-51.190136675156054,-0.04854573720722566,1014.6168118260713,-39.8555192179989,-0.03779664771150193,1053.5714780745652,-0.9008529695049674,-0.0008543163656205,55+
TOY0504,50,33.53282750482079,0.8230091627841646,0.7833333333333333,79.28532703958761,C,532.6742734484825,503.03733154804866,-29.63694190043384,-0.05563802003908902,510.4788962804452,-22.195377168037282,-0.0416678226720929,532.6742734484825,0.0,0.0,45–54
TOY0505,29,34.69207047095352,0.38278271715176027,0.2833333333333333,30.50972148408522,A,219.14493398997962,211.66798104013853,-7.476952949841092,-0.03411875790924268,216.0894686739388,-3.0554653160408236,-0.013942669175188604,219.14493398997962,0.0,0.0,<35
TOY0506,42,27.57623673523833,0.8808209678284504,0.9,50.50805054781672,C,463.07731029917136,453.028596185976,-10.04871411319533,-0.021699862830038774,463.0058259415014,-0.07148435766993089,-0.00015436808515567613,474.2392824874901,11.161972188318714,0.02410390649696814,35–44
TOY0507,66,16.546836664572638,0.7936147418706818,0.8083333333333333,89.69558473535247,E,304.7658039952996,304.7658039952996,0.0,0.0,304.7658039952996,0.0,0.0,309.9253264035152,5.159522408215594,0.01692946630027814,55+
TOY0508,44,58.70930870719577,0.5292669877516075,0.43333333333333335,94.22340610671912,A,599.6274772209308,533.424860671948,-66.20261654898286,-0.11040624231532792,550.426564759918,-49.20091246101276,-0.08205246478870887,563.3260556406176,-36.30142158031322,-0.06053995682212221,35–44
TOY0509,64,23.400722260997917,0.4609286799054657,0.425,134.18140966818817,E,312.99859217281033,312.99859217281033,0.0,0.0,317.5645831375064,4.565990964696084,0.014587896172309822,326.0354555106079,13.03686333779757,0.041651507910296814,55+
TOY0510,38,47.783614635575546,0.714245674840431,0.7833333333333333,41.486948889712465,B,677.659394281696,653.3047596023995,-24.35463467929651,-0.035939344875624224,658.3930186452149,-19.266375636481143,-0.028430765955665738,681.4950154648179,3.83562118312193,0.005660101838014908,35–44
TOY0511,57,39.566293621001186,0.7422977875862838,0.8,74.77014485037863,E,546.7144728576624,547.8222791836932,1.1078063260308681,0.0020262977861924547,564.0983426887535,17.383869831091147,0.031796981229024635,575.7307862363211,29.016313378658765,0.05307398069597702,55+
TOY0512,46,35.51389415897019,0.46438706662554946,0.35833333333333334,81.1186516349014,C,321.75926538391667,307.98045312738685,-13.778812256529818,-0.042823358140407275,321.4887283109598,-0.2705370729568699,-0.0008408058510267491,326.26825988962617,4.508994505709495,0.014013565391285399,45–54
TOY0513,32,25.689030377749567,0.5881231941691656,0.6333333333333333,44.82799751865623,B,338.66083488078476,331.94755476002,-6.71328012076475,-0.019823018871160447,338.57599835342165,-0.08483652736310887,-0.0002505058708456298,346.39820584427116,7.7373709634863985,0.022846961226591578,<35
TOY0514,50,36.95378128430744,0.546711054732934,0.5583333333333333,111.18256149923181,C,488.7671031906455,460.3695318229663,-28.397571367679234,-0.05810041466027771,468.4196055724529,-20.34749761819262,-0.04163025188349467,488.7671031906455,0.0,0.0,45–54
TOY0515,61,27.163094529727015,0.42925634842485066,0.43333333333333335,83.57401288071662,D,290.47367430372844,274.07205329166413,-16.40162101206431,-0.056465086040514145,278.9294310981623,-11.544243205566147,-0.039742820870903195,290.2149216430749,-0.2587526606535562,-0.0008907955644303911,55+
TOY0516,38,62.84165819074922,0.5712620156014154,0.5583333333333333,36.83690326951783,A,657.9775583846196,609.8927928117502,-48.0847655728694,-0.07307964376615039,614.7181194956881,-43.25943888893141,-0.06574607042090663,636.4435546127928,-21.534003771826747,-0.03272756570101598,35–44
TOY0517,54,27.06523598239431,0.7255343877905384,0.6833333333333333,77.18287441460686,D,382.7610412266834,374.5184947448317,-8.242546481851718,-0.021534444716305945,386.42541207104733,3.66437084436393,0.009573520943041203,396.7876044218339,14.026563195150516,0.03664574417029964,45–54
TOY0518,58,22.076543535724486,0.9478224081963132,0.9666666666666667,101.89633129952685,D,459.1219874526401,439.44717479642685,-19.67481265621325,-0.04285312660666851,445.91725096799837,-13.204736484641728,-0.02876084536466217,465.23269731154704,6.110709858906944,0.013309556122134802,55+
TOY0519,67,52.88733462882269,0.5303035372774149,0.5,210.39241417293394,D,684.2804118297454,645.0314234047888,-39.248988424956565,-0.0573580475875467,645.0314234047888,-39.248988424956565,-0.0573580475875467,648.2031483523423,-36.07726347740311,-0.052722923020598556,55+
TOY0520,64,49.876150567148656,0.8548005009708717,0.8666666666666667,185.40949013412688,D,900.5608213849487,853.0498923432301,-47.510929041718555,-0.05275704640209944,859.8196407092065,-40.74118067574216,-0.04523978803906592,880.4405706730566,-20.120250711892027,-0.0223419120997842,55+
TOY0521,51,56.996166555658284,0.9677556918802646,0.9666666666666667,91.07892994608913,B,1041.1292210358986,946.14854938044,-94.98067165545854,-0.09122851394081044,957.8861708380845,-83.24305019781411,-0.07995458058029459,996.8939550218005,-44.2352660140981,-0.04248777684876148,45–54
TOY0522,63,47.617369406690976,0.7937207131484701,0.8083333333333333,147.68506079358306,B,859.4439510025351,736.5074839364902,-122.93646706604488,-0.1430418666890847,743.75716791182,-115.68678309071504,-0.13460654758901647,754.2165881192374,-105.2273628832977,-0.12243656233841749,55+
TOY0523,49,73.64071607020888,0.7610967952148295,0.725,106.77805178856755,D,941.5295680683779,947.0017726622937,5.472204593915762,0.005812036901976958,969.635848743266,28.106280674888126,0.029851723863065116,997.0413880856074,55.511820017229525,0.058959189280817226,45–54
TOY0524,67,24.974932767139375,0.9308201127165071,0.9,162.97206493444634,E,528.2417877954941,528.2417877954941,0.0,0.0,528.2417877954941,0.0,0.0,530.7058698060877,2.464082010593529,0.004664685883479347,55+
TOY0525,64,44.305072190316444,0.6935187789486125,0.5833333333333334,178.3836731960204,E,596.6038194492489,596.6038194492489,0.0,0.0,602.7263585462941,6.122539097045205,0.01026231964571922,617.9487431031994,21.344923653950445,0.03577738351332527,55+
TOY0526,52,40.56171810428915,0.9666302188004191,0.975,98.11683381750507,C,764.0171201323104,710.3749589069744,-53.642161225336054,-0.07021067959320915,724.7974519295401,-39.21966820277032,-0.05133349393529085,747.3570842027193,-16.660035929591118,-0.02180584111348971,45–54
TOY0527,51,35.73234253480634,0.5154165681677407,0.525,86.32931360028255,B,438.69837258299276,395.9725577191509,-42.72581486384183,-0.09739223469710723,402.5123452861763,-36.18602729681646,-0.0824849818424408,418.8058274670146,-19.89254511597818,-0.04534446982069651,45–54
TOY0528,30,31.75110608959588,0.43664918872562264,0.475,43.7322239211522,A,325.1281803129406,312.51381862862576,-12.614361684314815,-0.03879811855180715,315.6468698241621,-9.48131048877849,-0.02916176161553452,325.1281803129406,0.0,0.0,<35
TOY0529,65,37.22891860756815,0.827927479290484,0.8583333333333333,93.83028482729962,D,603.541851950576,574.2913548768976,-29.25049707367839,-0.04846473691781972,574.2913548768976,-29.25049707367839,-0.04846473691781972,581.287888354109,-22.253963596466974,-0.03687227907152557,55+
TOY0530,31,45.24979107573946,0.8054003219934248,0.8416666666666667,21.604635701827586,A,668.9363874904673,645.2659102013092,-23.670477289158043,-0.03538524399600751,649.569900636897,-19.366486853570223,-0.028951163691698922,668.3740674334695,-0.5623200569978053,-0.0008406181327754725,<35
TOY0531,64,55.48961011516736,0.7741072537048513,0.8,165.33719754509977,C,939.9612156224592,842.6599475440673,-97.3012680783919,-0.10351625839578626,848.6147965010094,-91.3464191214498,-0.09718105130641863,868.1672632847489,-71.79395233771038,-0.07637969646456866,55+
TOY0532,40,41.85098492622952,0.815000710652988,0.8166666666666667,49.07950595400271,B,626.6827194964885,602.0409441533641,-24.641775343124436,-0.03932097467586626,607.1985020523459,-19.484217444142587,-0.03109103991218598,626.6827194964885,0.0,0.0,35–44
TOY0533,61,17.710446499687478,0.7957476959864557,0.8166666666666667,97.56988128756466,B,392.10523730161765,330.9771215988201,-61.12811570279757,-0.15589721811284096,336.65171478138143,-55.45352252023622,-0.14142510031708633,350.35998765185934,-41.74524964975831,-0.10646440210041563,55+
TOY0534,47,57.04789972890544,0.4118758722978748,0.4083333333333333,64.75078970693991,A,500.15826617680835,435.8781684770726,-64.28009769973573,-0.12851951481496138,449.20836820918817,-50.94989796762019,-0.10186755155938809,459.725328741981,-40.43293743482735,-0.08084028630356399,45–54
TOY0535,62,40.65773719278393,0.5558954190729637,0.525,79.09591520883068,D,429.1799169464401,406.46309301515976,-22.716823931280317,-0.05293077106894373,407.68107669626846,-21.49884025017161,-0.0500928384606929,420.5744880677648,-8.605428878675298,-0.020050865706629062,55+
TOY0536,39,45.110833872064035,0.9525490816603644,0.975,49.35149718929149,A,824.8639578364313,764.6153957076693,-60.24856212876193,-0.07304060452197514,780.1232053900254,-44.74075244640585,-0.054240159266696786,797.0453009684433,-27.81865686798801,-0.03372514534512416,35–44
TOY0537,57,56.74395472988139,0.6642426107986287,0.6583333333333333,161.52230329155933,E,738.7722291661725,741.1254755995267,2.3532464333542293,0.003185347716724962,764.8274082258366,26.05517905966417,0.03526821668577318,781.4970527831546,42.72482361698212,0.057832200413386214,55+
TOY0538,46,63.0409165552498,0.7793844561822502,0.775,95.92673495839442,B,937.5768571163487,864.5604167842504,-73.01644033209834,-0.0778778185253749,898.962428603806,-38.61442851254276,-0.04118534733387824,907.5578089570213,-30.01904815932744,-0.03201769319653991,45–54
TOY0539,43,34.56341649217862,0.7257477625618853,0.6666666666666666,74.68876585613167,D,447.1264490284929,457.38406192279587,10.257612894302952,0.02294119016352192,477.1869012612978,30.06045223280489,0.06723031549155634,480.6572278960632,33.53077886757029,0.07499171417934525,35–44
TOY0540,30,23.230655239286893,0.8060733736000771,0.8416666666666667,23.300395598036296,A,369.1177872804275,355.2487509480588,-13.869036332368694,-0.03757347061097349,358.06993964224546,-11.04784763818202,-0.029930412510271953,369.1177872804275,0.0,0.0,<35
TOY0541,25,52.80359700462705,0.9412007431275292,0.975,11.484540584965918,C,820.2710267901747,858.3465221709243,38.07549538074966,0.04641818879028792,883.9222161921462,63.651189401971465,0.07759775406312563,883.9222161921462,63.651189401971465,0.07759775406312563,<35
TOY0542,27,55.178023189222536,0.6393111938202778,0.6833333333333333,24.35197982171072,A,668.151118674512,643.5702727047463,-24.58084596976562,-0.036789350915896746,655.8421728302227,-12.30894584428927,-0.01842239801784351,668.151118674512,0.0,0.0,<35
TOY0543,52,47.56570876414241,0.7407189067788977,0.7666666666666667,121.33112651173406,C,753.4056628937471,698.4883102202459,-54.91735267350123,-0.07289214214633033,713.2658857797956,-40.139777113951595,-0.05327777463176897,736.8769258613881,-16.528737032359004,-0.021938694977250317,45–54
TOY0544,58,49.32708306779604,0.5201118740136611,0.475,168.43016199500607,D,581.1460547536584,555.9222586486029,-25.2237961050555,-0.04340354012339909,564.3891940665338,-16.756860687124572,-0.02883416406264283,590.4760477578998,9.329993004241373,0.016054471897251732,55+
TOY0545,27,42.064372909627416,0.7227115757752419,0.725,20.991136943860166,A,552.1317375112741,530.5860152495253,-21.54572226174878,-0.039022792565531206,541.7313024311727,-10.400435080101374,-0.018836872386617687,552.1317375112741,0.0,0.0,<35
TOY0546,40,68.46036489202761,0.9107879069910944,0.9333333333333333,60.6046823269959,B,1131.843256973046,1087.0104256256013,-44.83283134744465,-0.039610459373450424,1096.2931297420791,-35.55012723096684,-0.031409055107189165,1131.843256973046,0.0,0.0,35–44
TOY0547,55,34.72177701101361,0.3440927480544349,0.35,150.56847700319474,D,389.07148862354774,373.1469438206624,-15.92454480288535,-0.040929611314421965,389.07148862354774,0.0,0.0,397.94692881707215,8.875440193524412,0.02281184937226799,55+
TOY0548,50,58.136865646742734,0.5942944069719767,0.5333333333333333,56.468119491948556,C,572.7282483783357,542.1923172640206,-30.535931114315076,-0.053316614294435016,549.8538161157034,-22.874432262632354,-0.039939416865504174,572.7282483783357,0.0,0.0,45–54
TOY0549,52,34.21089259985479,0.7425727066425551,0.725,135.90096242472407,C,586.0461236013933,542.9593472269637,-43.08677637442963,-0.07352113534963955,554.8044691265036,-31.241654474889742,-0.053309207614756215,573.2253791567457,-12.82074444464763,-0.02187668159267242,45–54
TOY0550,49,33.0567178449866,0.6769343110264169,0.5916666666666667,76.63563249579211,C,420.2060787296557,400.3710051343258,-19.835073595329902,-0.047203204806780086,410.70632829873097,-9.499750430924735,-0.022607360796978115,423.38848506821085,3.182406338555154,0.007573441936337577,45–54
TOY0551,63,31.776468318152887,0.5919898676732268,0.625,132.4832205246745,D,478.030067881032,451.63868776622155,-26.39138011481043,-0.055208619474075626,457.667713181689,-20.362354699342973,-0.042596388945999486,464.13329189275214,-13.896775988279842,-0.029070924450171565,55+
TOY0552,34,16.998333663745886,0.5803154244995106,0.5666666666666667,54.30865426269264,A,256.6908366245914,240.79221707840574,-15.898619546185643,-0.06193684104679309,247.59317645942207,-9.097660165169316,-0.035442091680407684,252.88496791016695,-3.8058687144244345,-0.014826663719166966,<35
TOY0553,41,39.50156109512588,0.8780861740139566,0.8416666666666667,77.61755923463299,A,691.4400940965296,635.3235111864432,-56.116582910086436,-0.08115899466809362,642.0680575266522,-49.37203656987742,-0.07140464805470881,663.6370384621022,-27.803055634427437,-0.040210360769946774,35–44
TOY0554,38,25.84662719947838,0.5641466467156158,0.5583333333333333,34.46228511622086,B,288.0654635747645,278.01361097672634,-10.051852598038181,-0.034894334340879185,280.13979696464884,-7.925666610115684,-0.027513421816561023,290.3350086092195,2.2695450344550068,0.00787857387099078,35–44
TOY0555,48,48.02306992993279,0.6362596104920624,0.6166666666666667,95.16641971362648,D,571.4082375254595,577.8562475156284,6.4480099901688845,0.011284419031291293,584.7159034825219,13.30766595706234,0.02328924415701894,609.6340734614674,38.22583593600791,0.06689759339408319,45–54
TOY0556,55,51.01294351097057,0.38456525068677255,0.375,155.42730416042073,D,504.0402675460863,483.18849857614345,-20.85176896994284,-0.041369252245379906,504.0402675460863,0.0,0.0,514.6441390172879,10.603871471201614,0.021037746691998205,55+
TOY0557,37,31.647153150484954,0.7524057838659132,0.7916666666666666,63.767792182293036,C,488.0800840994125,488.33643983839914,0.256355738986656,0.0005252329429905611,500.83902962699386,12.758945527581375,0.02614109024981781,510.17054646813085,22.090462368718363,0.04525991346169933,35–44
TOY0558,34,37.60141159148475,0.6626792643745726,0.6916666666666667,57.094268817571255,A,527.4126002467216,499.55205340150894,-27.86054684521264,-0.0528249549445341,510.8858195026799,-16.526780744041673,-0.0313355819263903,520.126902734542,-7.285697512179581,-0.013814037641063814,<35
TOY0559,45,66.98825125024358,0.8776101996435419,0.875,108.34183507001379,D,1021.6258562670522,1033.8893189714936,12.263462704441395,0.01200386876390458,1075.8483670604533,54.22251079340106,0.05307472443143357,1086.4723306133483,64.84647434629608,0.06347379909044237,45–54
TOY0560,27,16.729395827666355,0.8080212876945151,0.8,29.168922700419685,A,274.13982563007175,263.27088428547046,-10.868941344601296,-0.03964743655767844,268.90143593722564,-5.238389692846113,-0.01910845927185667,274.13982563007175,0.0,0.0,<35
TOY0561,61,44.76245968652069,0.7222209690727599,0.725,97.363100346281,D,619.7073154203797,588.1730084950424,-31.53430692533732,-0.050885807123231985,595.7974250264931,-23.9098903938866,-0.03858255308422054,619.1703474463043,-0.5369679740754236,-0.0008664864214346091,55+
TOY0562,32,16.841846680909743,0.819184017729007,0.8166666666666667,43.98290099386858,A,306.61216056618986,288.3194082371819,-18.292752329007953,-0.05966088329708963,293.95342249427165,-12.658738071918208,-0.04128583174438549,300.6580588177958,-5.954101748394066,-0.019419000659984365,<35
TOY0563,47,32.5890687552995,0.9250912768988592,0.8833333333333333,110.29603226448913,B,645.4198217632388,582.9182056149315,-62.501616148307335,-0.09683869946472601,602.3573418455732,-43.062479917665655,-0.06672010754182012,616.5765878727299,-28.84323389050894,-0.04468910454549002,45–54
TOY0564,55,43.020249202886724,0.8945018739764513,0.8916666666666667,76.07874912099892,E,644.2525535989274,651.5650306678427,7.312477068915314,0.01135032686803683,676.5961124363046,32.343558837377145,0.050203229551360584,684.7983935403948,40.54583994146742,0.0629346980698331,55+
TOY0565,31,50.432248346814625,0.49128900060725383,0.49166666666666664,37.74638789188455,C,451.1082998300704,471.4595528753111,20.351253045240696,0.04511389627037876,476.29180305954907,25.183503229478674,0.05582584767109178,491.27856769235194,40.17026786228155,0.08904794675117578,<35
TOY0566,29,44.133276097826474,0.6632204208229691,0.6583333333333333,33.74443561785041,A,552.1937215629358,532.7867225260221,-19.406999036913703,-0.035145272898040036,543.8895392712162,-8.304182291719599,-0.015038530804398431,552.1937215629358,0.0,0.0,<35
TOY0567,32,66.15472275361265,0.745800946233833,0.7583333333333333,23.70387113361844,A,890.9355982120676,841.4876438336296,-49.447954378438,-0.05550115460384597,856.5017313869118,-34.43386682515575,-0.038649108750686056,874.0745608760329,-16.861037336034656,-0.018925091072656053,<35
TOY0568,45,32.71707026515345,0.9390489771567812,0.9166666666666666,107.79809353896745,A,687.1717050538136,603.9303377213936,-83.24136733242005,-0.12113619743103543,629.6073042512319,-57.56440080258176,-0.08377003939368222,637.1112384410842,-50.06046661272944,-0.07285001149575732,45–54
TOY0569,44,21.844838588042965,0.9423802974038236,0.9333333333333333,73.1224486193935,C,428.51853756320025,418.7984900073207,-9.720047555879546,-0.022682910315043214,431.7085418354558,3.1900042722555213,0.007444262015817715,440.93327242195176,12.414734858751501,0.02897129008548549,35–44
TOY0570,38,31.47146328143302,0.6547238183121188,0.6416666666666667,45.4183134417425,B,393.6700771648322,380.64335118462577,-13.026725980206436,-0.033090465178413964,383.06523835131395,-10.604838813518256,-0.02693839188869296,396.59897757234137,2.928900407509161,0.007439987383859092,35–44
TOY0571,64,73.50115276122455,0.6291939970948991,0.5833333333333334,109.54675683273057,E,749.0011688671423,749.0011688671423,0.0,0.0,752.9802740310267,3.979105163884469,0.005312548670521888,769.2099370341923,20.20876816705004,0.026980956782237886,55+
TOY0572,62,31.619940975287907,0.459793868626614,0.49166666666666664,145.7087068710913,D,433.67087608058597,407.69199783490365,-25.978878245682324,-0.05990459511709256,410.305356663363,-23.36551941722297,-0.053878461077199735,424.90981707619335,-8.76105900439262,-0.020202092157013185,55+
TOY0573,61,64.19087649953967,0.5717389017510384,0.5666666666666667,108.31527384264703,E,657.9310501348234,657.9310501348234,0.0,0.0,666.1872733727913,8.256223237967902,0.012548766677414003,692.839386306814,34.90833617199064,0.053057742395403285,55+
TOY0574,30,44.19171377968858,0.894451017399334,0.8833333333333333,44.506995391494435,A,734.2228861811584,706.4050375988352,-27.817848582323222,-0.037887471373998505,712.2468835505264,-21.976002630632024,-0.02993096925231198,734.2228861811584,0.0,0.0,<35
TOY0575,39,44.40256552020704,0.902660333892497,0.8833333333333333,72.45420550238832,C,719.0956914714905,722.8745972967934,3.7789058253028998,0.00525508061044011,737.2926143122968,18.196922840806337,0.025305286982835185,754.0041600029022,34.9084685314117,0.04854495576239404,35–44
TOY0576,58,44.97963949070797,0.9655135672245644,0.975,127.27577303683373,E,788.368427545046,795.0933349776353,6.724907432589362,0.008530158232655793,806.6147656367916,18.246338091745656,0.02314443026157731,838.4916579996195,50.12323045457356,0.06357843452794731,55+
TOY0577,56,51.768734205595905,0.6893260076113217,0.675,69.65862316460118,D,623.3940181777695,598.3036875824116,-25.09033059535784,-0.04024794891150685,622.8609096381849,-0.5331085395845321,-0.0008551710860859041,631.1430951527018,7.749076974932336,0.012430464118958762,55+
TOY0578,35,18.405965582102894,0.48916977884413393,0.5416666666666666,35.9999671853335,B,217.80412421590955,210.83029044080115,-6.973833775108403,-0.032018832518502904,217.80412421590955,0.0,0.0,220.2973091867496,2.4931849708400478,0.011446913504578715,35–44
TOY0579,65,40.675326884199166,0.6746291699723496,0.6666666666666666,100.8821207603131,E,515.2230722640284,515.2230722640284,0.0,0.0,515.2230722640284,0.0,0.0,521.8515447037096,6.628472439681218,0.012865247688838899,55+
TOY0580,35,38.883552501109826,0.6596372398147067,0.65,45.24576168179328,B,483.2199917030664,467.5889523861605,-15.631039316905913,-0.03234766687076762,483.2199917030664,0.0,0.0,487.6721405907994,4.452148887733017,0.00921350309212543,35–44
TOY0581,31,50.45407604854186,0.5673767089038897,0.55,34.7385380440154,A,526.3586247102426,505.84659734295496,-20.5120273672876,-0.038969680374439264,510.2599783187232,-16.098646391519367,-0.030584938929007932,525.913108371299,-0.44551633894354836,-0.0008464121570892491,<35
TOY0582,60,47.841312445938684,0.892294048082394,0.875,72.34451117602437,D,723.0141961603509,689.0864986833639,-33.92769747698708,-0.046925354518851714,696.7751296769621,-26.239066483388797,-0.03629121893143228,723.0141961603509,0.0,0.0,55+
TOY0583,49,31.912809056205685,0.7378177470843263,0.7583333333333333,105.64370261120992,D,505.724856402714,510.52965399620166,4.804797593487649,0.009500813599839342,524.0026274320752,18.27777102936119,0.03614172963412021,540.4578038292317,34.73294742651768,0.06867953391410819,45–54
TOY0584,52,34.49262723474018,0.6355835811706286,0.5833333333333334,85.64722446837953,D,418.05917856136386,409.93793076911277,-8.121247792251097,-0.019426072213503676,418.92441841174946,0.865239850385592,0.0020696587821922297,432.9415273826248,14.882348821260962,0.0355986654149647,45–54
TOY0585,42,36.417571357951964,0.7661969290821785,0.725,44.74824806761712,B,501.1272582683813,469.5756195885508,-31.55163867983049,-0.06296132999999937,479.7926978492199,-21.33456041916139,-0.042573138992442416,491.40571758627266,-9.721540682108639,-0.01939934521961728,35–44
TOY0586,57,27.936048387074624,0.6512148141292186,0.6083333333333333,67.6429159365599,D,348.345764041506,330.6537146199222,-17.692049421583818,-0.05078876004209365,341.55206911292555,-6.793694928580464,-0.019502734437646274,348.98135092957665,0.6355868880706339,0.0018245862406838231,55+
TOY0587,60,52.780549910668505,0.28484715341470435,0.325,74.40502645898961,E,336.63317959925854,336.63317959925854,0.0,0.0,341.1299950892455,4.496815489986943,0.01335820638755858,353.2736786628929,16.640499063634365,0.049432141785441086,55+
TOY0588,51,41.748850074219234,0.5136931650913342,0.5583333333333333,104.54028234496724,D,491.3035121167004,490.88053568280804,-0.4229764338923587,-0.0008609269493515814,499.31933216228543,8.01582004558503,0.016315413686033287,520.2370786346679,28.933566517967506,0.058891430255224586,45–54
TOY0589,37,32.44363457299123,0.7227009578154313,0.7,67.36744417936916,A,497.8887957420947,456.66527806512806,-41.22351767696665,-0.08279663657729774,468.25219901021393,-29.636596731880786,-0.05952453034760086,477.3803951772538,-20.50840056484094,-0.04119072519853262,35–44
TOY0590,44,54.39350929075641,0.3034768137672893,0.31666666666666665,102.38194761264668,A,462.63561383133157,412.93527284787604,-49.70034098345553,-0.10742869657582255,426.4310878221642,-36.20452600916735,-0.07825710975715516,435.64412214400323,-26.991491687328335,-0.05834287478172606,35–44
TOY0591,67,15.586639434367083,0.9214798938093938,0.8833333333333333,152.13726140160819,E,390.1005894435714,390.1005894435714,0.0,0.0,390.1005894435714,0.0,0.0,392.3325773084859,2.2319878649145153,0.005721570090673644,55+
TOY0592,29,74.8993095099033,0.5682552554342216,0.525,24.45085649263605,B,676.6050859430742,679.0143244233985,2.4092384803243476,0.0035607750080186573,690.9331728878486,14.32808694477444,0.02117643990926177,701.644110551179,25.039024608104796,0.037006852487968755,<35
TOY0593,63,32.45921750139756,0.8532314855321865,0.875,138.19565509257222,C,651.2674014736767,581.2195121200095,-70.04788935366719,-0.10755626520713923,587.773485772163,-63.49391570151374,-0.09749285095160731,596.5981989451826,-54.66920252849411,-0.08394278971247382,55+
TOY0594,33,42.011893322388005,0.9415275790517211,0.9666666666666667,37.55914366754226,A,748.2194491913264,700.3499496312686,-47.86949956005776,-0.06397788725192188,724.0643876948646,-24.155061496461713,-0.032283391620691604,727.367512273174,-20.85193691815232,-0.027868744845765514,<35
TOY0595,44,18.28783766755774,0.7082669788280676,0.6583333333333333,68.00325527631293,B,304.84171722621636,283.94253891483874,-20.899178311377625,-0.0685574746840466,293.03584095601457,-11.805876270201793,-0.038727889271929605,299.87291905692194,-4.968798169294416,-0.01629960037788125,35–44
TOY0596,55,36.96742571869606,0.848689764474813,0.7916666666666666,147.04671437619336,E,604.6974894431755,614.2746254739342,9.577136030758652,0.01583789613477249,638.9314843436173,34.23399490044176,0.05661342323740337,649.7454719682725,45.04798252509693,0.07449672491046488,55+
TOY0597,28,32.62680925785122,0.8506178323889477,0.825,25.546530288168768,A,497.67857258644386,481.5674562641911,-16.11111632225277,-0.03237253361848191,483.8190723795736,-13.85950020687028,-0.02784829600929417,497.67857258644386,0.0,0.0,<35
TOY0598,37,30.15985283557451,0.7389781759853028,0.8,65.5152364336121,A,516.3509355258079,474.45640790532485,-41.894527620483075,-0.08113576395057998,486.39132318532245,-29.959612340485478,-0.05802180315598182,495.34337702836905,-21.00755849743888,-0.040684652727600024,35–44
TOY0599,57,33.97351600249622,0.631061806279543,0.5916666666666667,164.0286150265107,E,495.081377867529,497.68519748780176,2.603819620272759,0.005259377016942679,514.8505251187746,19.769147251245613,0.03993110655140675,527.3068015260831,32.225423658554064,0.06509116500676937,55+
TOY0600,46,31.759516996015517,0.6494776813080514,0.675,75.37342412284968,B,469.6586998973887,430.2449933661944,-39.41370653119429,-0.08391989020922086,448.107085386767,-21.551614510621732,-0.04588782133777214,454.10008576850316,-15.558614128885552,-0.03312749052085018,45–54
TOY0601,63,67.16091482329155,0.667290920279251,0.7166666666666667,101.27929529868858,D,855.3091358897173,814.176788380528,-41.13234750918923,-0.04809062102020245,820.0112782222072,-35.297857667510016,-0.04126912269070082,831.5994208169586,-23.709715072758627,-0.027720638162125,55+
TOY0602,66,35.03549941645818,0.700810155762588,0.6583333333333333,203.13650153061926,E,587.457419119393,587.457419119393,0.0,0.0,587.457419119393,0.0,0.0,598.559092229334,11.101673109941089,0.01889783454702587,55+
TOY0603,52,43.15683178205872,0.3671951456944781,0.35833333333333334,117.24946964037133,B,440.0653783662344,384.6904207914951,-55.37495757473931,-0.1258334790624105,394.23996856783185,-45.825409798402575,-0.1041331857746497,408.67637155189925,-31.389006814335175,-0.07132805341530957,45–54
TOY0604,45,30.747099752434465,0.8511475438766904,0.8416666666666667,47.26354197725852,A,515.5206906621361,456.17090363829357,-59.34978702384251,-0.11512590687216351,474.8140785590003,-40.7066121031358,-0.0789621306001358,479.6704546165746,-35.85023604556147,-0.06954179860272014,45–54
TOY0605,31,24.410627768508686,0.5003395373730285,0.5,26.26821903525645,A,249.70560606086264,239.93897056894568,-9.766635491916958,-0.03911260001722372,242.17969683875572,-7.525909222106918,-0.030139127994877946,249.49129427177365,-0.21431178908898119,-0.0008582578199576307,<35
TOY0606,64,58.11602304766807,0.7190910784297967,0.7583333333333333,139.79410041289006,E,808.2116980623802,808.2116980623802,0.0,0.0,813.5543717010805,5.342673638700376,0.006610487885177818,832.5902124609306,24.378514398550465,0.030163525790329437,55+
TOY0607,47,24.84961218093021,0.26191670380373416,0.3,114.32430865148639,D,269.3394816609539,271.00357825122023,1.6640965902663538,0.006178435407999894,282.3314256919753,12.991944031021433,0.04823631482062396,290.04589007843737,20.706408417483487,0.07687847429493777,45–54
TOY0608,58,45.91181659234581,0.9423760371406201,0.9083333333333333,90.32171349835527,D,746.6105110468706,715.685217796728,-30.925293250142545,-0.04142091866183373,725.60778920696,-21.002721839910578,-0.028130760991378678,753.1671883259553,6.556677279084738,0.008781924687734755,55+
TOY0609,58,49.77245416428241,0.5103542172367546,0.49166666666666664,135.48847041299982,D,551.8484336611464,528.0861635517942,-23.76227010935213,-0.04305941388961698,535.6451373974609,-16.203296263685502,-0.029361859661696355,559.6631433924906,7.814709731344237,0.014160971119368426,55+
TOY0610,35,36.04455095815365,0.8155164062541953,0.85,35.013859959325075,D,503.15376643507926,532.6845466243002,29.530780189220934,0.05869136267914876,549.717327635278,46.56356120019876,0.09254340185130405,553.9221494558179,50.76838302073867,0.10090033386898867,35–44
TOY0611,34,33.38750164889504,0.8849382734195753,0.8083333333333333,58.242254511259,B,524.5321176991855,515.5779462907768,-8.954171408408683,-0.01707077813973601,527.4134441412784,2.881326442092927,0.005493136349269845,536.7794749285413,12.24735722935577,0.02334910831214243,<35
TOY0612,54,43.4483944545914,0.8379244724746973,0.8583333333333333,113.85562803945406,E,677.7976433861946,697.8989756323658,20.101332246171182,0.02965683407476516,719.467020886485,41.66937750029035,0.06147760752326481,737.6213617502156,59.82371836402092,0.08826191555513363,45–54
TOY0613,48,49.87683811357493,0.7045772572484968,0.75,108.4777764109729,C,747.9307064760678,714.7853656138169,-33.14534086225092,-0.04431605839318686,723.3750209599718,-24.55568551609599,-0.03283149802980001,754.5083776298891,6.577671153821257,0.008794492720873182,45–54
TOY0614,57,34.835520525555864,0.7594742635527487,0.7083333333333334,123.37126580321193,E,508.37341715457217,509.83611206617275,1.462694911600579,0.002877205735475785,526.3833181391041,18.009900984531896,0.03542651990998169,537.4074882533355,29.03407109876332,0.05711170198723314,55+
TOY0615,51,29.34610310768344,0.9275655542166021,0.9166666666666666,106.06367352564277,B,606.1209549374305,546.2997311030914,-59.821223834339094,-0.09869519168911489,555.0507688443034,-51.07018609312706,-0.08425741706686085,578.265879470516,-27.855075466914514,-0.045956298392273776,45–54
TOY0616,46,58.679448188630225,0.8812823149349237,0.8666666666666667,115.56854210051347,B,1011.6521265343279,929.2441425828035,-82.40798395152433,-0.08145881552568257,967.3653517512441,-44.28677478308373,-0.043776683329673216,978.3867249521834,-33.26540158214448,-0.032882253404738604,45–54
TOY0617,67,37.41526774487747,0.5638882919112113,0.525,208.39177389165425,C,622.7649667174614,546.920536046811,-75.84443067065047,-0.12178660445596301,546.920536046811,-75.84443067065047,-0.12178660445596301,550.1667292244279,-72.5982374930336,-0.11657405501740481,55+
TOY0618,58,35.292825714815415,0.7375545134021426,0.7333333333333333,143.15864063235043,C,620.1767294540764,558.6999877202177,-61.47674173385872,-0.09912777892839497,566.9689958602429,-53.207733593833495,-0.08579446965169224,592.3760880637949,-27.8006413902815,-0.0448269663628843,55+
TOY0619,27,32.280896811366,0.5590215069857329,0.55,20.605482078192242,A,336.8888162682055,323.76102634754534,-13.127789920660177,-0.03896772254442793,330.58138983198535,-6.307426436220169,-0.018722575911212958,336.8888162682055,0.0,0.0,<35
TOY0620,52,49.45931470111341,0.7647952308349484,0.775,110.70909502092582,D,721.8897039309421,708.260907237251,-13.628796693691129,-0.018879333808859644,722.8500970228243,0.9603930918822243,0.0013303875739638649,745.4287095621273,23.539005631185205,0.032607482144442645,45–54
TOY0621,49,42.740667378332446,0.8013950467262767,0.775,91.97984338826214,C,658.5395610649437,627.3309283909168,-31.20863267402683,-0.04739067251109175,643.5347970047607,-15.004764060182993,-0.02278490913426423,662.9238220266403,4.384260961696668,0.006657551377181825,45–54
TOY0622,61,58.79107147262747,0.8192605056832075,0.8083333333333333,176.88544884083802,D,952.8095648573849,903.6185778547822,-49.1909870026027,-0.051627301841754236,916.643691403371,-36.16587345401388,-0.03795708480259341,951.9899766952834,-0.8195881621014678,-0.0008601804519291489,55+
TOY0623,31,33.5569605050446,0.7800214141045294,0.75,29.076992509500403,A,474.4543091629213,456.0757723696012,-18.378536793320052,-0.038736157388359005,460.21918694507696,-14.23512221784432,-0.030003146652750057,474.05709851549517,-0.3972106474261068,-0.0008371947303564831,<35
TOY0624,40,37.83889549647735,0.7738002304772069,0.7833333333333333,48.88920849157125,A,580.3165566363589,535.5559490625321,-44.760607573826746,-0.07713136401495935,540.2355649459525,-40.080991690406336,-0.0690674619430548,558.421711710455,-21.89484492590384,-0.0377291405449659,35–44
TOY0625,32,59.913293910188976,0.8606614977372277,0.875,31.133913961505556,B,900.4627971916065,883.5337623989051,-16.929034792701373,-0.018800371148591788,898.8976258413845,-1.5651713502219309,-0.0017381854698532706,916.8743765649309,16.411579373324457,0.01822571618117874,<35
TOY0626,57,35.40425765108512,0.8500788835339226,0.8583333333333333,157.6316470470574,D,670.398941726406,636.4954598564469,-33.90348186995902,-0.05057209932738116,657.2694385278315,-13.129503198574412,-0.019584612059147077,672.2131962537422,1.8142545273362884,0.0027062311922274596,55+
TOY0627,51,33.869615160285775,0.9440346451141917,0.9583333333333334,116.03360889756257,D,643.932814283401,643.3808277915314,-0.5519864918695703,-0.0008572113109095447,653.5249474017704,9.592133118369475,0.01489617069607485,680.8101589801347,36.87734469673376,0.05726893222202478,45–54
TOY0628,57,28.874460146574833,0.6346871808309135,0.5,147.68079336806065,D,419.29937770117857,396.58068178047165,-22.71869592070692,-0.05418251762085324,410.8805449433212,-8.418832757857388,-0.020078333538231963,421.2516590289862,1.9522813278076114,0.004656055867554798,55+
TOY0629,30,42.74471293315628,0.5588033477218388,0.5666666666666667,35.731111466119486,A,462.5478214198204,445.3787700391439,-17.169051380676535,-0.03711843529599823,449.73934870273513,-12.808472717085294,-0.027691131865606566,462.5478214198204,0.0,0.0,<35
TOY0630,29,38.42359910758723,0.6325136016722022,0.6,16.569482424861274,A,411.2241872119694,398.05069491959387,-13.173492292375556,-0.03203481872428182,404.7282372564752,-6.495949955494211,-0.015796614492779804,411.2241872119694,0.0,0.0,<35
TOY0631,34,39.76544501738254,0.9008546979471002,0.925,62.9783440046529,A,725.5806382633184,685.9896806652232,-39.5909575980952,-0.05456451772590898,701.2081649100065,-24.372473353311875,-0.03359030281134223,715.304977484291,-10.275660779027362,-0.014161983158236136,<35
TOY0632,35,26.9415046884746,0.5368530450479393,0.5166666666666667,30.241294569330016,D,248.34941622590605,264.22818465622214,15.878768430316086,0.06393720859755225,273.03498727063715,24.68557104473109,0.09939854669227954,275.5202397022968,27.17082347639075,0.10940562651323238,35–44
TOY0633,35,39.80001788589066,0.5713282176845852,0.5333333333333333,29.70495225821845,A,414.7078959234823,384.82270578677054,-29.885190136711742,-0.07206322915594032,398.04857956169656,-16.659316361785727,-0.04017120610806879,401.994269870038,-12.713626053444273,-0.03065682177363238,35–44
TOY0634,29,39.03432028184659,0.6678886360409125,0.7083333333333334,20.701607997920753,A,498.20334406468083,481.72447869765773,-16.478865367023104,-0.03307658522035872,490.64213389650814,-7.561210168172693,-0.015176955872040487,498.20334406468083,0.0,0.0,<35
TOY0635,33,35.85318252590375,0.7830563055177359,0.7666666666666667,31.633830809571496,A,509.9925457254407,478.290549875077,-31.701995850363744,-0.062161684746331214,494.38568137408123,-15.60686435135949,-0.030602142094370177,495.96530478595224,-14.027240939488479,-0.02750479601527389,<35
TOY0636,25,33.10523148278712,0.9012411292882917,0.9416666666666667,19.978185983827114,C,515.3529174333804,539.9665588909509,24.613641457570452,0.04776074923598794,556.0152934075863,40.66237597420593,0.07890200016081672,556.0152934075863,40.66237597420593,0.07890200016081672,<35
TOY0637,25,48.85255192100127,0.8090769386431368,0.85,15.174388501956928,A,726.7233669576503,705.4948997594864,-21.228467198163912,-0.0292112076800759,726.7233669576503,0.0,0.0,726.7233669576503,0.0,0.0,<35
TOY0638,67,39.9880382935436,0.5250155415253592,0.5333333333333333,122.80231098213383,E,461.1059787387139,461.1059787387139,0.0,0.0,461.1059787387139,0.0,0.0,462.86065473845565,1.754675999741778,0.003805363800620132,55+
TOY0639,54,45.46589057885599,0.5404338419831966,0.55,121.39239539570417,B,599.204339116692,526.938575799194,-72.265763317498,-0.12060287050662466,544.2597006783602,-54.94463843833182,-0.09169599559196717,558.53765110762,-40.666688009072004,-0.06786781295512678,45–54
TOY0640,28,26.935593450078883,0.45468924042192016,0.39166666666666666,30.54003978521721,A,233.75783140536683,226.06341704370175,-7.694414361665082,-0.03291617788976642,226.87126920753053,-6.886562197836298,-0.029460241637398243,233.75783140536683,0.0,0.0,<35
TOY0641,43,37.54089538627382,0.832731530542748,0.8833333333333333,68.63158151261459,A,676.1496260100946,601.7787433225974,-74.37088268749721,-0.10999175304784814,626.6176591458029,-49.53196686429169,-0.0732559258467329,631.1794641428745,-44.9701618672201,-0.06650918692743424,35–44
TOY0642,28,24.071436217297414,0.7406128394146038,0.775,15.50314898506069,A,335.8936804703355,325.6401207480068,-10.253559722328703,-0.030526206113705823,326.58384678142045,-9.309833688915035,-0.02771660864794756,335.8936804703355,0.0,0.0,<35
TOY0643,63,33.36421999663863,0.7380122208782437,0.7333333333333333,183.25464516534822,B,689.0282998747272,581.7827689215615,-107.24553095316571,-0.1556474980384175,589.8814813914873,-99.14681848323983,-0.14389368114671897,598.4635198660691,-90.56478000865809,-0.1314384039452715,55+
TOY0644,51,50.886630333121644,0.562893791704015,0.6083333333333333,55.960298949809676,C,569.6527759852686,539.5225875920975,-30.130188393171125,-0.052892199710706356,546.9623843542141,-22.690391631054467,-0.03983196885472784,569.1955559006296,-0.4572200846389478,-0.000802629433075519,45–54
TOY0645,63,35.33939146361817,0.643738269750122,0.5666666666666667,141.30351282567534,E,465.317264274515,465.317264274515,0.0,0.0,471.5814842732284,6.264219998713372,0.013462255711659488,478.67334719925566,13.356082924740633,0.028703175124104474,55+
TOY0646,65,40.02118162786248,0.8341280230947687,0.7916666666666666,157.22653361641935,E,653.3132977780824,653.3132977780824,0.0,0.0,653.3132977780824,0.0,0.0,663.7083360482069,10.395038270124473,0.015911260807759398,55+
TOY0647,49,26.142867682930614,0.9437659801441091,0.9166666666666666,86.67830599247509,B,528.585140530124,480.95543162498006,-47.62970890514396,-0.09010792255222233,493.4610506097496,-35.124089920374445,-0.06644925713414507,508.51750971467135,-20.067630815452674,-0.037964803163642924,45–54
TOY0648,30,60.07111463419206,0.5948123365718657,0.6083333333333333,33.02785165702498,A,681.6805099578779,655.3654354245193,-26.315074533358597,-0.03860323736552873,660.8384801650927,-20.842029792785183,-0.03057448392366835,681.6805099578779,0.0,0.0,<35
TOY0649,58,55.45761454135425,0.6774450440856099,0.7583333333333333,141.16061277538034,C,869.3497224087151,786.710708990409,-82.63901341830615,-0.09505842273617748,798.5063993148548,-70.84332309386036,-0.08149001635104236,830.3504290792525,-38.9992933294626,-0.04486030457501833,55+
TOY0650,51,18.747158513115245,0.7960838440321083,0.825,102.80282860777267,B,415.7769766516354,371.87408953236826,-43.90288711926712,-0.10559239588692226,378.8375867383194,-36.939389913316006,-0.08884424099381094,395.33786651751257,-20.439110134122814,-0.049158831012540705,45–54
TOY0651,55,23.7335045424635,0.8214972578696241,0.825,66.01427739259962,E,363.62809726746354,368.76701385761555,5.138916590152007,0.014132341886584632,383.2649795826893,19.636882315225762,0.05400265398298432,389.07551002291507,25.447412755451523,0.06998197594377276,55+
TOY0652,36,57.11091420682369,0.48146750652275105,0.4166666666666667,69.38956361914718,B,494.5799798406587,478.43733354588795,-16.14264629477077,-0.03263910176867957,494.1562629627668,-0.423716877891934,-0.000856720642085973,499.31017419500677,4.730194354348043,0.009564063543113788,35–44
TOY0653,45,27.373401579114358,0.8748075887531302,0.875,53.68116946025726,C,455.174393087142,437.04185789792757,-18.132535189214423,-0.03983645711313777,455.174393087142,0.0,0.0,460.19232583092884,5.017932743786844,0.011024198241367689,45–54
TOY0654,54,39.485322139768954,0.802288785863638,0.7666666666666667,130.26129825286228,C,667.6892111988333,616.4180925361572,-51.27111866267603,-0.07678889789250742,636.6085131427158,-31.080698056117512,-0.04654964845142884,652.7272234896033,-14.961987709230016,-0.02240861086008239,45–54
TOY0655,63,28.28992909418999,0.33011182624991203,0.275,139.9313821128907,D,308.8478029133399,289.0170949146143,-19.830707998725586,-0.06420867434271471,294.71255938765177,-14.13524352568811,-0.045767667415313795,299.37917324951644,-9.468629663823435,-0.030657914916364937,55+
TOY0656,36,42.67276315464027,0.7953358873674381,0.7416666666666667,33.60287146604687,D,519.6978491718888,551.9643004151433,32.26645124325444,0.0620869439707501,570.3801021429422,50.682252971053344,0.09752253747405892,575.3876554529074,55.689806281018605,0.10715804648750682,35–44
TOY0657,67,38.66604715342149,0.9525789660512146,0.9666666666666667,121.52831886923808,E,687.7172728633149,687.7172728633149,0.0,0.0,687.7172728633149,0.0,0.0,689.383071804831,1.6657989415161865,0.0024222147781465253,55+
TOY0658,44,53.20923281694691,0.804317711257159,0.8083333333333333,57.50275323199797,A,821.7308504816824,741.3206153079425,-80.41023517373992,-0.09785471134083024,761.2303411247726,-60.50050935690979,-0.07362570033904114,777.039991498238,-44.6908589834444,-0.0543862494115287,35–44
TOY0659,27,27.24872735888885,0.524167971210443,0.5416666666666666,19.405022446506415,A,281.9561000892155,270.97227583014507,-10.983824259070445,-0.038955795797980586,276.7596263952228,-5.1964736939926865,-0.01843008075494179,281.9561000892155,0.0,0.0,<35
TOY0660,33,28.64411306666195,0.5550776628786162,0.6166666666666667,55.890352396196,A,394.6378025535419,367.4915809907749,-27.14622156276704,-0.06878768680322767,381.9977654033585,-12.640037150183389,-0.03202946364589199,383.275664791544,-11.362137761997928,-0.028791306074780754,<35
TOY0661,54,53.96816018703346,0.5690362190665375,0.55,111.65839268979887,D,594.9904319637029,581.9459450637871,-13.044486899915796,-0.021923859946560542,600.1271626751405,5.136730711437622,0.008633299689348561,615.645023070435,20.654591106732028,0.034714156727804424,45–54
TOY0662,58,37.764838495589316,0.7820736631373951,0.7416666666666667,151.44676077966935,D,624.3876237985801,598.1426944065405,-26.24492939203958,-0.042033071111136966,606.320228937443,-18.06739486113713,-0.02893618350604188,632.8241114841542,8.436487685574093,0.013511619007194886,55+
TOY0663,52,30.72626370363256,0.5504737681405147,0.525,88.4533569413404,C,385.98065903161995,356.37767188150195,-29.602987150117997,-0.07669551947081599,364.35660364404674,-21.624055387573208,-0.05602367600963587,377.5209018745601,-8.459757157059869,-0.021917567523420445,45–54
TOY0664,39,18.405013853181273,0.7788518321475958,0.8083333333333333,74.6339429494742,A,378.41626750970664,347.94992328157673,-30.466344228129913,-0.08051013353264058,355.5376182877079,-22.878649221998728,-0.060458947424642306,365.30722710541335,-13.109040404293296,-0.03464185218717386,35–44
TOY0665,37,57.10826242146337,0.9175355883942613,0.8916666666666667,34.00816709934919,A,914.2325211776247,845.2816765102694,-68.95084466735523,-0.07541937425124579,864.3517700613922,-49.88075111623243,-0.05456024584640784,879.2936937592226,-34.93882741840207,-0.03821656592722966,35–44
TOY0666,45,21.422072334567787,0.8968654484745107,0.9,59.758692289833604,C,391.47805595662993,375.5440918143937,-15.93396414223622,-0.040702062094641334,391.47805595662993,0.0,0.0,396.2146376152205,4.7365816585905804,0.012099226473923475,45–54
TOY0667,46,41.480166030887084,0.8576842214762421,0.8833333333333333,116.79955427615032,C,746.7789235432772,716.587452817742,-30.19147072553517,-0.0404289271880951,746.18106998999,-0.5978535532872229,-0.0008005763612750627,755.368379976359,8.589456433081864,0.011502007036201745,45–54
TOY0668,65,46.955808552825026,0.5572331875074553,0.6416666666666667,191.14089857683814,E,671.9824125176501,671.9824125176501,0.0,0.0,671.9824125176501,0.0,0.0,682.9855859897547,11.00317347210455,0.01637419859082323,55+
TOY0669,34,37.61063405608272,0.5044404104492037,0.43333333333333335,59.938552411359325,A,374.46091598306407,352.97394869889587,-21.486967284168202,-0.057381068002140934,361.8684553414796,-12.592460641584466,-0.03362823756526301,369.1008047357108,-5.360111247353245,-0.014314207487532982,<35
TOY0670,31,37.326938800347115,0.8965666046652442,0.9083333333333333,21.539482392683638,A,607.5035838738341,584.8393972925095,-22.664186581324657,-0.03730708292583762,589.3309726642462,-18.1726112095879,-0.029913586836323836,606.9840427768281,-0.5195410970060266,-0.0008552066371247946,<35
TOY0671,59,21.958409414637,0.528616437968189,0.525,172.38356082094725,C,438.4493103612106,389.43645758838346,-49.01285277282716,-0.11178681688984426,400.11860756909226,-38.33070279211836,-0.08742333922372947,416.4695228233929,-21.979787537817742,-0.05013073807713364,55+
TOY0672,56,28.250481464488498,0.7377472705304474,0.675,119.73781232267615,E,424.5310334211895,431.57391980448085,7.042886383291375,0.01658980340385141,448.9951224869326,24.46408906574311,0.05762615012757277,457.3697777908784,32.838744369688925,0.07735298902662002,55+
TOY0673,35,83.15641139139687,0.8473350757125789,0.875,28.253157474361544,A,1274.1492120180114,1189.6533496333423,-84.49586238466918,-0.06631551594404217,1228.1134074273116,-46.035804590699854,-0.03613062281597923,1237.2670719155578,-36.882140102453604,-0.028946484253629334,35–44
TOY0674,31,81.54537412316246,0.3832882547464572,0.35833333333333334,37.41958269004447,A,542.3513572890746,523.8401397136821,-18.511217575392493,-0.03413141190965241,527.218231514404,-15.133125774670589,-0.02790280796993483,541.896753237826,-0.45460405124856607,-0.0008382094838315091,<35
TOY0675,35,47.711554817012384,0.8922039219264586,0.8666666666666667,53.504966509741415,B,756.6410889915993,732.613803594975,-24.02728539662428,-0.03175519509341773,756.6410889915993,0.0,0.0,763.0333214975981,6.392232505998777,0.008448169943450878,35–44
TOY0676,49,32.698345312052965,0.5635702920463292,0.5666666666666667,83.00877348200271,C,413.6038826947059,394.4825516249144,-19.121331069791495,-0.04623102410260871,404.1771810113979,-9.426701683307954,-0.02279161796521645,417.36767678364237,3.7637940889364927,0.00909999699329389,45–54
TOY0677,34,31.687898204326338,0.7618555446076081,0.7916666666666666,31.603024464292012,A,473.6753390748092,448.4649949955968,-25.210344079212405,-0.05322283429079011,458.204951584323,-15.470387490486189,-0.03266031860705099,466.86306758402264,-6.812271490786543,-0.014381731386084784,<35
TOY0678,42,20.066813752831067,0.8303158982814979,0.775,72.48321456160626,B,370.8179709858895,345.3073887399438,-25.51058224594567,-0.06879543129509336,353.6599933141374,-17.157977671752064,-0.046270620666345685,363.49108665517434,-7.3268843307151315,-0.01975870886525599,35–44
TOY0679,43,39.054424922978384,0.7132419999295818,0.7,68.12023038497712,C,530.8222670554055,513.0993113167289,-17.72295573867666,-0.03338773981165111,534.9132492609823,4.090982205576779,0.007706877535997858,539.0827396241077,8.260472568702198,0.015561654213424259,35–44
TOY0680,39,38.395575145198045,0.5546977934354255,0.575,57.513633225139124,C,433.16230302745794,435.91768902093025,2.7553859934723164,0.006361093692166531,445.6609696481631,12.498666620705137,0.028854465250898853,456.45571166606425,23.29340863860631,0.05377524423479141,35–44
TOY0681,39,19.428571097991046,0.857144028657892,0.8916666666666667,36.88729541956609,B,340.17677727150186,327.5268050645545,-12.649972206947382,-0.03718646613214038,334.2412347631052,-5.935542508396679,-0.01744840596117292,342.0611198348871,1.8843425633852462,0.005539303942200924,35–44
TOY0682,50,26.80307451399822,0.8274854362837214,0.8083333333333333,76.56700453590274,C,454.48465963172896,429.18007078851014,-25.304588843218824,-0.055677542260113344,435.7376296292577,-18.747030002471263,-0.04124898300783586,454.48465963172896,0.0,0.0,45–54
TOY0683,65,38.60615561093071,0.9583927819805506,0.925,83.85839370018542,D,649.0006021536694,616.8674690833224,-32.13313307034707,-0.04951171534158094,616.8674690833224,-32.13313307034707,-0.04951171534158094,624.5491597538622,-24.451442399807206,-0.03767553114537425,55+
TOY0684,37,39.215720118809266,0.37025040248856683,0.39166666666666666,70.77199155916212,A,375.6074890154352,344.58673989479297,-31.020749120642222,-0.0825882071786046,353.41946862849176,-22.188020386943435,-0.059072358874164066,360.1216241930648,-15.485864822370388,-0.04122884999700849,35–44
TOY0685,33,37.035201441094756,0.7700456344511079,0.7083333333333334,52.56771980897252,A,535.0760599016534,498.881771207291,-36.19428869436234,-0.06764325935459503,517.689835975726,-17.38622392592731,-0.03249299534933947,519.6166439940399,-15.459415907613447,-0.02889199698161582,<35
TOY0686,28,45.580243310783004,0.5137754589517957,0.45,29.52426260252232,A,391.86283240415696,379.72131187430034,-12.14152052985662,-0.0309841085345246,381.0245027663816,-10.83832963777536,-0.027658478277411636,391.86283240415696,0.0,0.0,<35
TOY0687,56,28.363719432216566,0.7433896474217174,0.7583333333333333,143.768194522922,D,519.4762818623587,498.6497117387793,-20.826570123579472,-0.04009147453068451,519.029478963716,-0.44680289864277256,-0.0008601025961011421,529.103600870475,9.627319008116274,0.018532740269876502,55+
TOY0688,36,38.85296292642821,0.6506834327206527,0.625,32.092449357493294,D,407.9732423039,434.8435169953367,26.87027469143669,0.06586283585584018,449.27713889839436,41.30389659449435,0.10124168036424064,454.0492510869948,46.07600878309478,0.11293880089511532,35–44
TOY0689,50,57.683518587464434,0.5678587077539424,0.5916666666666667,68.43315937734071,C,633.3615415416097,601.6865922203648,-31.674949321244867,-0.05001085042856823,608.024622084304,-25.336919457305612,-0.04000388055712267,633.3615415416097,0.0,0.0,45–54
TOY0690,37,28.406539324502923,0.6892983479896932,0.675,38.99885863297241,C,359.2967599320973,359.2425333719884,-0.05422656010892979,-0.00015092415561768213,368.1973884734511,8.900628541353797,0.024772359603342675,374.9809051544839,15.684145222386576,0.04365234249635508,35–44
TOY0691,34,34.466074404382965,0.6103152254533037,0.5583333333333333,37.52290811430585,A,390.5665849730792,368.55967364434423,-22.006911328734986,-0.05634611913933152,377.2944127383683,-13.272172234710922,-0.0339818426495081,384.8392601227449,-5.727324850334298,-0.014664144529233258,<35
TOY0692,58,41.43988898522665,0.7054839523009809,0.7583333333333333,133.07758998522507,E,619.1004264014066,625.5293404687587,6.428914067352139,0.010384283055207888,635.605251705719,16.504825304312362,0.02665936672059588,662.3576009733425,43.257174571935934,0.06987101401847395,55+
TOY0693,28,25.09398584541684,0.5983153686438677,0.625,19.518816329950912,A,296.3485066204964,287.19481722307955,-9.153689397416827,-0.030888258900994003,288.1380979967982,-8.210408623698186,-0.02770524716769507,296.3485066204964,0.0,0.0,<35
TOY0694,67,44.15648633810601,0.6989522013851704,0.7,181.5785058081298,D,711.7727334717281,672.9183617422318,-38.85437172949628,-0.054588171058451485,672.9183617422318,-38.85437172949628,-0.054588171058451485,675.0616905577585,-36.71104291396955,-0.051576916602169565,55+
TOY0695,58,20.518012164571083,0.7957702267965949,0.7833333333333333,152.199728411666,E,423.610049525918,430.4267281079591,6.816678582041106,0.016091871733614482,437.1721515891289,13.562102063210887,0.03201553428297754,458.96286962432237,35.35282009840438,0.08345604675330387,55+
TOY0696,30,51.88704720606393,0.712070844820671,0.725,33.53574439224189,A,686.4800556268652,661.8576797146251,-24.62237591224016,-0.03586757650192185,666.5109446891571,-19.969110937708137,-0.029089134890413093,686.4800556268652,0.0,0.0,<35
TOY0697,59,27.932972862344954,0.8599526915637616,0.8416666666666667,121.91317622766375,D,519.3301127210742,495.4347177243179,-23.895394996756295,-0.04601195734935215,507.520547286327,-11.809565434747242,-0.022739997441839077,524.8692904496936,5.539177728619393,0.010666005288228808,55+
TOY0698,62,60.74356918216587,0.6739410776985636,0.7083333333333334,84.50362834990959,D,755.8621695571759,720.3398515026346,-35.5223180545413,-0.0469957612448737,721.3930122187865,-34.46915733838944,-0.045602437490135705,741.8672647087072,-13.99490484846865,-0.018515154497899533,55+
TOY0699,35,72.8776399541665,0.7886899627521586,0.75,57.28605000307057,B,986.6266158473045,954.5873991558182,-32.03921669148633,-0.03247349724492421,986.6266158473045,0.0,0.0,995.6895809458455,9.062965098540985,0.009185810470719868,35–44
TOY0700,47,31.159757196125053,0.7634140930441385,0.7416666666666667,99.93356770431208,D,482.4371914734947,483.1934553422352,0.7562638687405183,0.001567590314566436,499.5819970511969,17.144805577702186,0.03553790188798933,511.25155312187934,28.814361648384647,0.0597266590504304,45–54
TOY0701,57,27.88939488870815,0.787961925675623,0.825,102.76255104719506,D,484.0047297052245,460.26044463958135,-23.74428506564317,-0.04905796081807767,474.7513416938641,-9.253388011360414,-0.01911838344430239,485.2803144192447,1.2755847140201695,0.0026354798532590706,55+
TOY0702,50,30.160077386210567,0.6167816586553148,0.6083333333333333,86.1179492695977,D,391.8352949501773,391.8352949501773,0.0,0.0,398.16579017022553,6.330495220048249,0.01615601070560313,415.2790387207603,23.443743770583012,0.059830607586189855,45–54
TOY0703,33,64.67851255123568,0.8124341292494776,0.775,42.348275351750345,A,920.885873180691,861.0560557087425,-59.829817471948445,-0.06496985046073023,890.0636776909525,-30.82219548973842,-0.033470157798468736,894.8369930430232,-26.048880137667766,-0.028286762666579257,<35
TOY0704,56,24.87700158918477,0.8596990151174474,0.8416666666666667,105.38454295480985,E,433.6611389561123,440.3754564733961,6.714317517283803,0.01548286649213293,458.3872697335584,24.726130777446087,0.05701716975831772,466.42499430434805,32.76385534823572,0.0755517439886435,55+
TOY0705,63,38.89346635463135,0.38698834567207685,0.4083333333333333,90.42204939136055,E,340.3871867809772,340.3871867809772,0.0,0.0,344.6367558488517,4.249569067874518,0.012484515378097694,349.218850170275,8.83166338929783,0.025945933725703307,55+
TOY0706,32,35.85734414881576,0.7904203424969873,0.8583333333333333,47.04817238963802,A,598.4790268926552,564.4297830305723,-34.0492438620829,-0.05689296087595408,575.0174249534965,-23.46160193915864,-0.039202045326421686,587.0349904488354,-11.444036443819755,-0.019121867149193172,<35
TOY0707,33,38.191244989299086,0.731292814644084,0.6583333333333333,41.85821494901416,A,493.9625806341082,461.36956937436275,-32.593011259745424,-0.0659827536286356,477.6876690417056,-16.27491159240259,-0.03294766087647816,479.99630588191957,-13.96627475218861,-0.028273952926271995,<35
TOY0708,57,32.729000211698555,0.7115218931524923,0.6666666666666666,78.64035252086721,D,435.28240882727476,413.4834550143149,-21.798953812959837,-0.05008002476298079,426.9023307823067,-8.380078044968059,-0.01925204849776818,436.11012833253204,0.8277195052572779,0.0019015689319659135,55+
TOY0709,51,65.32135711811601,0.6366235107338034,0.5833333333333334,126.35758963352579,D,740.4194811409333,739.7869781875768,-0.632502953356493,-0.0008542494754214536,751.4347557702691,11.015274629335863,0.014877072942978353,782.0916841274314,41.67220298649818,0.0562818835105261,45–54
TOY0710,61,26.18093883855379,0.3026014827038086,0.30833333333333335,149.80188036789272,D,326.2166061691765,305.567260205883,-20.649345963293513,-0.06329949356589382,312.81556512998776,-13.401041039188726,-0.041080192687183215,325.93223545809343,-0.28437071108305645,-0.0008717235901092302,55+
TOY0711,51,32.17000950616752,0.8451656873271275,0.8666666666666667,102.27262411530697,A,644.6315759362537,556.7015558840455,-87.93002005220819,-0.1364035261916854,565.6160494174953,-79.0155265187584,-0.12257470696187567,589.3426214510503,-55.288954485203476,-0.08576830014090231,45–54
TOY0712,55,46.58921571931345,0.9726665657278281,0.95,149.09034769733475,E,820.9747952179176,831.7371670321703,10.762371814252674,0.013109259720203603,864.3793078680638,43.404512650146216,0.052869482599188666,876.418843093989,55.44404787607141,0.06753440933756627,55+
TOY0713,37,50.431294553596054,0.7049936986753446,0.6666666666666666,63.94043169828489,B,647.2701116236237,619.9267231022769,-27.34338852134681,-0.042244169830054634,635.0461924133157,-12.223919210308054,-0.01888534475915371,645.7716538820764,-1.4984577415473268,-0.002315042382829313,35–44
TOY0714,66,16.80949497448661,0.7667805515352224,0.7833333333333333,172.0492617631889,E,406.96418469668095,406.96418469668095,0.0,0.0,406.96418469668095,0.0,0.0,415.66580867773956,8.701623981058617,0.021381793062561716,55+
TOY0715,26,31.526440836774455,0.3805976148721952,0.425,21.370824709870654,B,249.84950746284167,252.09742320534616,2.247915742504489,0.00899707894296653,259.316378020645,9.466870557803333,0.03789029105535158,259.54591523012795,9.696407767286274,0.038808992924384,<35
TOY0716,53,78.36068802298358,0.5799830959395356,0.5,120.3803846485953,C,794.9900969352601,730.2794178283376,-64.7106791069225,-0.08139809458807912,759.6960168825859,-35.29408005267419,-0.04439562227093796,769.1200287935799,-25.870068141680235,-0.03254137157357184,45–54
TOY0717,49,19.591490624232414,0.6836071542477835,0.6666666666666666,86.87579095350597,C,333.6171761975137,317.8660770980115,-15.751099099502198,-0.04721309399902407,325.96836347559343,-7.648812721920251,-0.022926915241893497,337.21296329261924,3.5957870951055497,0.010778183354015036,45–54
TOY0718,39,27.787805333063954,0.8925998238361477,0.8916666666666667,56.366775317226825,B,492.4984739961283,474.1995446833509,-18.29892931277743,-0.037155301547028285,484.0017185943212,-8.49675540180715,-0.01725234868823966,495.301553584128,2.8030795879996617,0.005691549793556794,35–44
TOY0719,64,26.255835417519958,0.5793893599716213,0.5333333333333333,111.1464596722706,E,340.7021494665165,340.7021494665165,0.0,0.0,344.4147790949489,3.71262962843241,0.010896995027022127,353.0839178503171,12.38176838380059,0.03634191449390145,55+
TOY0720,53,60.99596308826498,0.7124527531914687,0.85,137.0298623619695,B,1061.0080836386626,935.0991533693019,-125.90893026936067,-0.11866915267748357,970.8653899671092,-90.14269367155339,-0.08495947868975184,982.8342031181738,-78.17388052048875,-0.07367887363534142,45–54
TOY0721,40,40.64446547542509,0.2794968982089127,0.30833333333333335,80.95417146498258,C,312.048705915031,312.048705915031,0.0,0.0,316.1853021758193,4.136596260788281,0.013256251932397545,326.777275662572,14.728569747540973,0.047199586052926845,35–44
TOY0722,37,61.707120982077555,0.42212490595210733,0.4083333333333333,32.188544082774115,B,456.97475355442486,438.7731125097416,-18.201641044683242,-0.03983073660658032,448.5353235981843,-8.439429956240588,-0.01846804422038051,456.5139126181849,-0.46084093623994704,-0.001008460385733434,35–44
TOY0723,52,46.660061613761044,0.47023011433515716,0.43333333333333335,122.0150665942489,B,523.8264128420458,460.05210813921116,-63.77430470283463,-0.12174701988932557,470.7989833135205,-53.02742952852526,-0.10123091968734899,487.30464867915583,-36.52176416288995,-0.06972111995028918,45–54
TOY0724,40,37.13054997954716,0.8001447877623715,0.7833333333333333,81.49107499023475,B,601.8595964152022,575.8864576371612,-25.973138778040948,-0.04315481373520047,582.0252240101961,-19.834372405006093,-0.032955148548172386,601.8595964152022,0.0,0.0,35–44
TOY0725,38,44.73981456279761,0.8028085028484921,0.8333333333333334,70.96806221772734,D,651.7567512666316,691.3301636215597,39.57341235492811,0.060718070473410046,695.8425242823629,44.08577301573132,0.06764145201419791,721.1880053118198,69.43125404518821,0.10652939752485069,35–44
TOY0726,55,47.558609262644815,0.7402446018964512,0.8,109.73263842815172,E,682.4750764278062,691.1660774253846,8.691000997578385,0.012734532436068813,718.4380671212474,35.96299069344116,0.05269495097414789,728.2608968998559,45.785820472049636,0.06708790116072905,55+
TOY0727,32,57.52986661091683,0.7940260081919113,0.725,51.97652559385727,B,764.484156980914,750.0117104870554,-14.47244649385857,-0.0189309959685926,763.2869105104785,-1.1972464704355161,-0.00156608408363057,779.5430969555633,15.05893997464932,0.019698171423355282,<35
TOY0728,51,32.26430204207744,0.7629448811305782,0.7416666666666667,117.39243002959576,C,550.6545787460987,518.5650033653183,-32.08957538078039,-0.058275326528387184,527.4560487979927,-23.198529948105943,-0.04212900581146817,550.2114394098763,-0.44313933622231616,-0.0008047501161824178,45–54
TOY0729,50,35.78621410250241,0.6477046140780989,0.6083333333333333,109.53120701052602,C,503.036490980957,474.5077719836673,-28.52871899728973,-0.05671302084200036,482.5623743202881,-20.474116660668926,-0.0407010565391448,503.036490980957,0.0,0.0,45–54
TOY0730,34,24.75515258062979,0.5000261808168215,0.4666666666666667,53.680914017463415,B,274.44282361602734,269.9806990760015,-4.4621245400258545,-0.01625884940707656,277.0000134236962,2.5571898076688626,0.00931775068473506,282.90612556048524,8.463301944457896,0.03083812443315659,<35
TOY0731,28,75.3195131385409,0.9696294270109987,0.9916666666666667,31.33281495616277,A,1311.2221806470127,1268.6427119116504,-42.5794687353623,-0.032473115055414725,1274.797509449117,-36.424671197895805,-0.027779175593202865,1311.2221806470127,0.0,0.0,<35
TOY0732,25,32.50756053216979,0.8905823337210096,0.9166666666666666,11.106654468522608,A,522.7165185443808,507.3490175434768,-15.367501000904042,-0.029399302405246797,522.7165185443808,0.0,0.0,522.7165185443808,0.0,0.0,<35
TOY0733,27,44.52497243541876,0.8897649642665479,0.8833333333333333,14.139884863897592,A,684.3218694228417,658.6955551085798,-25.62631431426189,-0.037447750041767924,671.6229870162964,-12.698882406545295,-0.01855688525233823,684.3218694228417,0.0,0.0,<35
TOY0734,35,31.177712757424626,0.615092372674692,0.6083333333333333,47.99365126357613,B,381.93336523249997,369.69479606463386,-12.238569167866103,-0.03204372878084616,381.93336523249997,0.0,0.0,385.24995551570424,3.3165902832042775,0.008683688268987133,35–44
TOY0735,60,21.873035445798276,0.5879077448543155,0.575,97.98851324409074,D,321.3781756540023,303.5050702736727,-17.873105380329605,-0.05561393627292199,308.81126975403595,-12.566905899966343,-0.03910317144091313,321.3781756540023,0.0,0.0,55+
TOY0736,60,43.4056031691122,0.602636986743484,0.6083333333333333,102.36110084319424,D,531.2473697171623,505.3110124606654,-25.936357256496933,-0.048821620086901385,511.62799584274586,-19.619373874416453,-0.036930768965240945,531.2473697171623,0.0,0.0,55+
TOY0737,33,55.22681703933608,0.6226870268509813,0.5916666666666667,40.01763896511208,B,591.3727222742078,575.3855504383678,-15.987171835840059,-0.02703400281020596,594.6835371137408,3.310814839533009,0.005598524779433234,597.4794612114072,6.106738937199339,0.01032637912975587,<35
TOY0738,28,22.917997977575496,0.787410651478474,0.8083333333333333,33.916741533580144,A,368.8077268913892,357.3082528589242,-11.499474032465002,-0.031180133153369427,358.536697870308,-10.271029021081233,-0.027849278288320622,368.8077268913892,0.0,0.0,<35
TOY0739,31,40.92033803723626,0.7910060702542671,0.7916666666666666,40.95984883481182,A,622.03623969728,597.0136421439959,-25.022597553284186,-0.04022691276871859,602.7504450202165,-19.285794677063564,-0.031004294358234152,621.5001862924823,-0.5360534047977126,-0.0008617719846332195,<35
TOY0740,38,58.47511573867406,0.28519105856700966,0.3,79.38665974603232,B,410.808910938536,396.25321533835626,-14.555695600179718,-0.03543179130882457,398.713928859102,-12.094982079433976,-0.029441868852848718,415.43507016162613,4.626159223090156,0.011261097556333866,35–44
TOY0741,61,46.79260097102375,0.7564220061019054,0.7583333333333333,109.01975672706432,D,677.1617173758772,643.9443657780905,-33.21735159778666,-0.04905379430855872,651.6673056654734,-25.494411710403824,-0.037648926476823386,676.5817466736002,-0.5799707022770235,-0.0008564729626543421,55+
TOY0742,51,40.24297799568924,0.5993854079968993,0.5666666666666667,82.06046460291111,C,479.3792497963183,452.786347745612,-26.5929020507063,-0.05547361939843087,460.2078575515528,-19.171392244765457,-0.039992119502275325,478.9963303174493,-0.3829194788689847,-0.0007987819227296411,45–54
TOY0743,59,17.9091192652467,0.6870771253801427,0.7083333333333334,150.7363569336356,C,424.62178494122463,378.0764143897146,-46.54537055151002,-0.10961606823341097,388.0207203173729,-36.601064623851755,-0.08619686017503314,403.4921718257728,-21.129613115451832,-0.04976101995891835,55+
TOY0744,62,51.11707554524099,0.7116799773123126,0.625,170.8809973986817,C,751.4063016045071,671.7408944613899,-79.66540714311725,-0.10602174479107318,674.3959128783993,-77.01038872610786,-0.10248834560165998,695.494440197952,-55.91186140655509,-0.07440962537466655,55+
TOY0745,52,37.5372094621984,0.6226057059555188,0.6333333333333333,123.79997108771741,D,527.8594010306376,517.525017998016,-10.334383032621645,-0.019577908459040283,529.0950602460224,1.2356592153847714,0.002340887010768622,548.3867703697861,20.527369339148436,0.03888794875883428,45–54
TOY0746,58,24.228627510201246,0.8141135769841128,0.7666666666666667,98.61848028393112,D,413.6784712034454,395.6438249845429,-18.03464621890248,-0.04359580561791698,401.66302336604724,-12.015447837398142,-0.029045378654691922,419.53294322523556,5.854472021790173,0.014152227948335705,55+
TOY0747,25,45.606478658904315,0.7062550945045707,0.825,19.820252055059232,A,663.307172575082,644.1793325668681,-19.127840008213866,-0.028837076997005773,663.307172575082,0.0,0.0,663.307172575082,0.0,0.0,<35
TOY0748,50,33.160925539915205,0.8179151477295047,0.8583333333333333,55.86824268459128,E,477.1825110689829,501.28400314762195,24.10149207863907,0.05050791158428458,507.6205797368858,30.43806866790294,0.0637870583306075,528.5978199239777,51.415308854994805,0.10774768073501773,45–54
TOY0749,59,21.190979580603777,0.7697390779259785,0.7833333333333333,156.72379859934892,E,436.76978623473326,442.06830683540306,5.298520600669804,0.012131151850833799,453.52457217345324,16.754785938719976,0.038360679851869195,470.6737312276156,33.903944992882316,0.07762429101417134,55+
TOY0750,46,36.622659051832215,0.8151434260429077,0.875,73.59780056016031,C,610.5360122302217,586.075456162213,-24.460556068008714,-0.04006406760291992,610.0437246515478,-0.4922875786738814,-0.0008063202969397221,616.777293833622,6.241281603400353,0.01022262647636718,45–54
TOY0751,44,35.586828016942114,0.7515923615995144,0.7166666666666667,52.45850674022621,B,496.9044553340691,466.0087214534618,-30.89573388060728,-0.06217640745409714,478.726076613836,-18.17837872023307,-0.03658324759437248,488.88125963315974,-8.023195700909355,-0.016146354927559226,35–44
TOY0752,47,18.061276511002973,0.8087419826464802,0.8166666666666667,118.64778402314411,D,384.67516987727225,386.2333037485479,1.5581338712756292,0.004050518445920748,400.7914353733794,16.116265496107133,0.04189577793973265,411.18627433655314,26.511104459280887,0.06891815883967523,45–54
TOY0753,34,32.718780852913326,0.30800433152873175,0.325,34.61385896249721,A,235.75632632078012,222.50836429925207,-13.247962021528053,-0.05619345291079192,228.09665970627287,-7.659666614507245,-0.032489760652637534,232.2592321823832,-3.497094138396932,-0.01483351133338684,<35
TOY0754,49,37.07010322125262,0.7081830012829885,0.725,109.21332155224397,B,611.3129329173884,556.5349567652798,-54.77797615210852,-0.08960709515941345,570.340102671887,-40.972830245501314,-0.06702431445375345,588.5354887136061,-22.777444203782238,-0.03725987620625115,45–54
TOY0755,50,24.34651162427114,0.776118638439042,0.7583333333333333,94.04263323056502,A,473.3293774099571,405.67886937853274,-67.65050803142435,-0.14292480302322608,412.74143608515334,-60.58794132480375,-0.1280037627420022,430.86859916650894,-42.460778243448146,-0.08970661925907097,45–54
TOY0756,32,93.35317673847995,0.4545041154508035,0.5166666666666667,23.824476034024222,A,851.7214302396097,805.1341059709515,-46.58732426865822,-0.05469784205799788,820.3302164085421,-31.391213831067603,-0.03685619818470043,835.6743917609376,-16.047038478672107,-0.018840712360798206,<35
TOY0757,46,64.38561023081232,0.7375884761603225,0.6666666666666666,116.95408737000348,D,801.3653429633539,811.8627848246581,10.497441861304196,0.01309944578147837,845.7025343072214,44.33719134386752,0.0553270636585228,855.3978855929463,54.0325426295924,0.0674256044437691,45–54
TOY0758,38,24.511097701109883,0.9071238935696426,0.9166666666666666,63.65098893321529,A,485.6116503950137,450.01106305754604,-35.60058733746769,-0.0733108180343468,453.06177622930505,-32.54987416570867,-0.0670286104940675,470.4883878277336,-15.123262567280108,-0.031142709518971246,35–44
TOY0759,43,44.89734105025075,0.6262742937301835,0.6333333333333333,62.768609705414846,D,508.4517093529602,518.526986718023,10.075277365062732,0.019815603290790795,539.6305866969577,31.1788773439975,0.061321216490106245,543.3902647275099,34.93855537454971,0.0687155824867054,35–44
TOY0760,52,32.921417718891476,0.5846125162966216,0.49166666666666664,82.26407716491651,B,395.7513599305723,348.41306510585133,-47.33829482472095,-0.11961625307623869,356.3776683490406,-39.37369158153166,-0.0994909823896476,368.62751725416257,-27.12384267640971,-0.0685375855212933,45–54
TOY0761,32,26.405536038966236,0.6644592073663561,0.65,26.84426172224699,A,336.4197119523139,317.1257879704184,-19.29392398189549,-0.05735075352727936,322.8324527468464,-13.58725920546749,-0.04038782129209306,329.90829454844067,-6.511417403873224,-0.019355041255121774,<35
TOY0762,38,27.404470046073993,0.70951520661135,0.625,67.78377386563753,B,385.35616690380635,372.01383095146485,-13.3423359523415,-0.034623387656002036,374.6468394236171,-10.709327480189245,-0.027790725567556684,389.4320976736077,4.075930769801346,0.01057704824746919,35–44
TOY0763,25,36.52482910529681,0.6875800189753946,0.675,14.896681940753007,A,442.9493301848498,429.6085078359289,-13.340822348920938,-0.030118168015636493,442.9493301848498,0.0,0.0,442.9493301848498,0.0,0.0,<35
TOY0764,32,29.263539737613836,0.8315221219470859,0.875,33.67060738808064,A,486.7060163682649,459.55435816424864,-27.151658204016258,-0.055786567847708746,467.9389021983172,-18.767114169947718,-0.03855944561767577,477.5184103893856,-9.187605978879276,-0.018877116102726577,<35
TOY0765,28,46.2828196663257,0.7278606239009179,0.7083333333333334,31.30474290919122,A,609.0439239811628,589.0339370769057,-20.009986904257175,-0.032854751712252606,592.0512435152541,-16.992680465908734,-0.02790058285916719,609.0439239811628,0.0,0.0,<35
TOY0766,50,59.8673226768244,0.35265962578170473,0.375,78.52079267699773,C,470.7429601063696,444.462939605861,-26.280020500508613,-0.05582668829411774,451.9750714514892,-18.76788865488038,-0.03986865496754233,470.7429601063696,0.0,0.0,45–54
TOY0767,60,46.715943694536094,0.6845628690893697,0.6833333333333333,172.3481848588387,D,714.2926709642219,675.3894133325374,-38.90325763168448,-0.05446403024011026,686.6429468549313,-27.64972410929056,-0.03870923675020532,714.2926709642219,0.0,0.0,55+
TOY0768,29,25.157808145470693,0.9373420290213893,0.8833333333333333,20.17660041451404,A,406.3575434287834,392.788328696702,-13.569214732081377,-0.03339230426876394,400.33225287976154,-6.025290549021861,-0.014827559242979405,406.3575434287834,0.0,0.0,<35
TOY0769,42,40.721326491690924,0.5961807062680846,0.55,89.74759904713788,A,535.4985060086218,477.05856939067206,-58.43993661794974,-0.10913183876746213,488.5146089789449,-46.98389702967688,-0.08773861458526722,502.15084327792005,-33.34766273070176,-0.06227405372101047,35–44
TOY0770,32,38.08836644150297,0.6252816864173397,0.6333333333333333,25.82881762204684,B,436.72454490465293,428.44531632528884,-8.279228579364087,-0.018957552709045977,436.22315387767327,-0.5013910269796611,-0.0011480715540939102,445.5471517835373,8.822606878884358,0.020201765579286546,<35
TOY0771,28,66.2220114733042,0.6730735921592926,0.7,20.769261096949286,A,812.6870319163297,787.0042163738781,-25.682815542451635,-0.03160234448664834,790.5564849596544,-22.13054695667529,-0.02723132778985171,812.6870319163297,0.0,0.0,<35
TOY0772,66,51.22417284287406,0.29190147676105876,0.31666666666666665,160.8649544408637,E,436.3836575864318,436.3836575864318,0.0,0.0,436.3836575864318,0.0,0.0,444.98218545554795,8.59852786911614,0.019704055639189644,55+
TOY0773,51,35.75097546953338,0.5297071789920585,0.5,69.10859195298885,C,384.83756865490165,362.7795406440852,-22.05802801081643,-0.05731776158942703,368.49923074272317,-16.338337912178474,-0.04245515314236292,384.52165213173794,-0.31591652316370755,-0.0008209087388945102,45–54
TOY0774,52,68.93477746539129,0.7476060798463346,0.7083333333333334,74.4494847802537,B,913.2249229678712,815.426354639187,-97.79856832868415,-0.10709143593108539,831.0989027280494,-82.12602023982174,-0.0899296746883802,856.5688984787954,-56.656024489075776,-0.062039507534409455,45–54
TOY0775,35,44.593642049897646,0.8187803466521212,0.7833333333333333,36.072704740278866,B,626.2267139735407,606.1466057559361,-20.08010821760456,-0.03206523734861455,626.2267139735407,0.0,0.0,631.6020924120882,5.3753784385475,0.00858375779666054,35–44
TOY0776,66,33.237948248578995,0.44213877618596825,0.4666666666666667,159.94275021608834,D,450.6471329441235,424.2024165522203,-26.44471639190317,-0.05868164792070718,424.2024165522203,-26.44471639190317,-0.05868164792070718,432.43295092179795,-18.21418202232553,-0.040417836242140126,55+
TOY0777,65,28.854078666343966,0.786850586873918,0.8083333333333333,191.22496137186621,E,575.7557530575712,575.7557530575712,0.0,0.0,575.7557530575712,0.0,0.0,586.5116377360224,10.755884678451253,0.018681332529170147,55+
TOY0778,64,29.528560163706736,0.8605177207469377,0.8,89.48534554523877,E,449.9447270355121,449.9447270355121,0.0,0.0,453.18038771305294,3.2356606775408636,0.007191240352696582,463.34491581552595,13.400188780013877,0.029781855358772313,55+
TOY0779,31,35.16705216286149,0.7409254347729093,0.75,23.762068193253775,A,483.07562063742637,465.0337501778313,-18.04187045959509,-0.03734792171003898,468.9196954828477,-14.155925154578654,-0.029303745728049058,482.6523558206721,-0.4232648167542834,-0.0008761874925415913,<35
TOY0780,48,72.2300864811613,0.9437986080655567,0.9333333333333333,116.64329874055791,E,1112.583944204585,1178.337084113318,65.75313990873315,0.05909948660614717,1193.4926157311766,80.90867152659166,0.07272140852655884,1242.03252608872,129.44858188413514,0.11634949664555982,45–54
TOY0781,35,24.263688135830144,0.7380530852341417,0.7916666666666666,33.53085731040998,B,366.58822514684186,354.47190214373126,-12.116323003110608,-0.03305158805430053,366.58822514684186,0.0,0.0,369.8157942466879,3.2275690998460504,0.008804344707343592,35–44
TOY0782,59,67.45564365410297,0.7741012763350522,0.7833333333333333,95.14207273295051,D,915.5403800635353,877.2155968051208,-38.32478325841453,-0.04186028720628898,895.0337750206471,-20.506605042888168,-0.022398362201637823,920.7268974269457,5.186517363410417,0.005664979367759226,55+
TOY0783,60,30.646487634628357,0.8639863644193363,0.85,73.97930145370454,B,544.5363389984168,466.7777552635057,-77.7585837349111,-0.14279778623761819,472.9297829137799,-71.6065560846369,-0.13150005051333236,491.8230308340916,-52.71330816432521,-0.09680402277887001,55+
TOY0784,33,21.026038931751945,0.7363444977511086,0.7333333333333333,40.658102090753324,A,330.23864790253936,307.7098753971593,-22.52877250538006,-0.06821967279865071,319.71134796608766,-10.527299936451698,-0.0318778556153686,320.7043950564347,-9.534252846104664,-0.02887079663952119,<35
TOY0785,26,73.34418188095823,0.7375956896953737,0.75,23.947183539201454,A,960.1051569990855,931.8938180476606,-28.211338951424864,-0.02938359277186109,959.2882023795704,-0.8169546195150588,-0.0008509011888536699,960.1051569990855,0.0,0.0,<35
TOY0786,33,40.45403366399506,0.7909351558271085,0.8416666666666667,44.994102570608305,A,646.3744927572058,605.2144575545624,-41.16003520264337,-0.06367830980933231,625.8629801358132,-20.511512621392512,-0.03173317148375954,628.4783306811411,-17.896162076064684,-0.027686986842141548,<35
TOY0787,49,33.866501041159644,0.38268767353194794,0.35,97.60019224500996,C,330.70733617813977,314.99082147939583,-15.716514698743936,-0.047523937268443395,323.1348691953796,-7.572466982760147,-0.022897789538848135,334.7042963020914,3.9969601239516237,0.012086094521346347,45–54
TOY0788,28,37.13425203464422,0.7265042407454613,0.7583333333333333,25.30992726081027,A,513.2756120716474,496.91203569723,-16.36357637441739,-0.031880681625164,499.2024927475328,-14.0731193241146,-0.027418250532717958,513.2756120716474,0.0,0.0,<35
TOY0789,29,50.794208011575,0.8188460481550012,0.8666666666666667,20.109590150729016,B,745.823142318582,747.3313504474204,1.5082081288384188,0.0020222061280503745,762.1644821946553,16.341339876073334,0.021910475753369685,773.7009704379097,27.877828119327773,0.03737860430646123,<35
TOY0790,54,33.59174059599505,0.6528717658179204,0.5833333333333334,120.03328897073966,D,454.6089528510747,444.2955155611467,-10.313437289928004,-0.022686392833329405,459.6220448875632,5.013092036488501,0.01102726201287707,470.73880045732705,16.129847606252326,0.03548070821107707,45–54
TOY0791,44,33.025123928909416,0.7159757847294504,0.7583333333333333,75.21716171828777,B,525.3447969781138,491.7916975911751,-33.5530993869387,-0.0638687193247991,506.03442777986083,-19.310369198252943,-0.03675751489180057,516.7755253373489,-8.569271640764896,-0.01631170935746773,35–44
TOY0792,43,51.73748483505702,0.7753090888971937,0.7833333333333333,78.99535914957951,C,753.2680726243207,728.7301607409455,-24.53791188337516,-0.032575271374355785,758.2065497870246,4.938477162703975,0.006556068605826804,764.699196776626,11.431124152305301,0.015175373240605028,35–44
TOY0793,49,47.69934965849878,0.6884174745643475,0.6583333333333333,82.5162360141722,A,663.4022824052693,583.0338121791144,-80.36847022615484,-0.12114590552020155,597.2362129594644,-66.16606944580485,-0.09973747634076469,614.1911033991479,-49.21117900612137,-0.07417999652895146,45–54
TOY0794,29,60.494861851085254,0.6805730974874146,0.6916666666666667,32.60907205111741,C,699.4069001104085,730.0301237406305,30.623223630222014,0.04378456035447731,743.6955093378087,44.28860922740023,0.06332309449679263,754.5543335269862,55.147433416577655,0.0788488552341593,<35
TOY0795,67,33.76570834742647,0.7289409402748483,0.6916666666666667,170.60562477090238,E,550.5269992292184,550.5269992292184,0.0,0.0,550.5269992292184,0.0,0.0,552.9263252613839,2.3993260321655043,0.004358234992152488,55+
TOY0796,54,22.722313815364583,0.44896016082062684,0.5,69.66148525645826,C,283.5317055799094,260.33535867002917,-23.19634690988022,-0.08181217991983147,269.62393877473613,-13.907766805173253,-0.04905189272123056,277.0198221662572,-6.5118834136521855,-0.022967037849729643,45–54
TOY0797,49,38.98772314756452,0.7670480123931197,0.7583333333333333,68.76216009559086,E,508.833573272104,538.1259379889858,29.29236471688182,0.057567672920075585,550.824453625368,41.99088035326406,0.08252380062745779,566.7066293441195,57.873056072015515,0.11373670903800082,45–54
TOY0798,37,45.39784251887859,0.7320519200276314,0.7916666666666666,68.76087265971191,D,628.4768463528932,661.6571990502323,33.18035269733912,0.05279486888003526,676.9709057817485,48.49405942885528,0.07716125058587386,689.4600659971412,60.98321964424804,0.09703335930056789,35–44
TOY0799,54,27.311127772304875,0.5377910123717394,0.5416666666666666,72.73080112656349,E,303.6656973505692,313.79511307461496,10.12941572404577,0.0333571286201344,324.1398872482816,20.474189897712392,0.06742345308128694,332.9260619179128,29.26036456734363,0.09635716125540439,45–54
TOY0800,42,40.87371479735322,0.7586641250529818,0.7583333333333333,65.92925720663591,C,584.9216148058861,572.3189092433419,-12.602705562544202,-0.02154597341513287,585.0632701315654,0.14165532567938044,0.00024217830576556132,599.8676468869025,14.946032081016483,0.025552196572486974,35–44
