representative_quantile,path_id,month,age,labor_state,potential_wage_uf,contribution_uf,fund_id,monthly_return,opening_balance_uf,closing_balance_uf
p10,draw_02681,1,21.0,cotizando,25.0,3.6249999999999996,FG01,-0.001034820166857157,0.0,3.6212487768951425
p10,draw_02681,2,21.083333333333332,cotizando,25.0,3.6249999999999996,FG01,-0.007652555699590615,3.6212487768951425,7.19079645451686
p10,draw_02681,3,21.166666666666668,cotizando,25.0,3.6249999999999996,FG01,0.00401252511082147,7.19079645451686,10.859195109384142
p10,draw_02681,4,21.25,cotizando,25.0,3.6249999999999996,FG01,-0.00386029425193421,10.859195109384142,14.428281854259493
p10,draw_02681,5,21.333333333333332,cotizando,25.0,3.6249999999999996,FG01,0.006823063873481444,14.428281854259493,18.176460549477067
p10,draw_02681,6,21.416666666666668,cotizando,25.0,3.6249999999999996,FG01,0.0030751147675601304,18.176460549477067,21.868502542767143
p10,draw_02681,7,21.5,cotizando,25.0,3.6249999999999996,FG01,0.0026840420857458507,21.868502542767143,25.561928176505
p10,draw_02681,8,21.583333333333332,cotizando,25.0,3.6249999999999996,FG01,0.005854727785687533,25.561928176505,29.35780969587885
p10,draw_02681,9,21.666666666666668,cotizando,25.0,3.6249999999999996,FG01,-0.007180863397352843,29.35780969587885,32.74596464499186
p10,draw_02681,10,21.75,desempleado,25.0,0.0,FG01,-0.0064205701482361105,32.74596464499186,32.535716881917025
p10,draw_02681,11,21.833333333333332,cotizando,25.0,3.6249999999999996,FG01,-0.010689078178631692,32.535716881917025,35.77419215217085
p10,draw_02681,12,21.916666666666668,cotizando,25.0,3.6249999999999996,FG01,-0.0012433176937797525,35.77419215217085,39.350206439447426
p10,draw_02681,13,22.0,cotizando,25.0,3.6249999999999996,FG01,0.00868168105572903,39.350206439447426,43.34830347505882
p10,draw_02681,14,22.083333333333332,cotizando,25.0,3.6249999999999996,FG01,0.005443985197486082,43.34830347505882,47.22902544385406
p10,draw_02681,15,22.166666666666668,cotizando,25.0,3.6249999999999996,FG01,-0.0022663506233850076,47.22902544385406,50.73877239158775
p10,draw_02681,16,22.25,cotizando,25.0,3.6249999999999996,FG01,-2.24920696481632e-05,50.73877239158775,54.36254963783278
p10,draw_02681,17,22.333333333333332,cotizando,25.0,3.6249999999999996,FG01,0.0006108840190613814,54.36254963783278,58.02297330521105
p10,draw_02681,18,22.416666666666668,cotizando,25.0,3.6249999999999996,FG01,0.0027295327487123554,58.02297330521105,61.81624346723938
p10,draw_02681,19,22.5,cotizando,25.0,3.6249999999999996,FG01,-0.0004848658714842226,61.81624346723938,65.40951324169463
p10,draw_02681,20,22.583333333333332,cotizando,25.0,3.6249999999999996,FG01,0.000170608647551436,65.40951324169463,69.04629112663316
p10,draw_02681,21,22.666666666666668,cotizando,25.0,3.6249999999999996,FG01,0.0049437578934028534,69.04629112663316,73.03056039576423
p10,draw_02681,22,22.75,cotizando,25.0,3.6249999999999996,FG01,0.0013439961007143029,73.03056039576423,76.7585851700342
p10,draw_02681,23,22.833333333333332,informal,25.0,0.0,FG01,0.0003982826843387102,76.7585851700342,76.78915678538176
p10,draw_02681,24,22.916666666666668,informal,25.0,0.0,FG01,0.00756705970070416,76.78915678538176,77.37022491914348
p10,draw_02681,25,23.0,informal,25.0,0.0,FG01,0.003941263390733006,77.37022491914348,77.67516135415008
p10,draw_02681,26,23.083333333333332,desempleado,25.0,0.0,FG01,0.0007790773048294251,77.67516135415008,77.73567630951007
p10,draw_02681,27,23.166666666666668,desempleado,25.0,0.0,FG01,0.006834927022454444,77.73567630951007,78.2669939841267
p10,draw_02681,28,23.25,cotizando,25.0,3.6249999999999996,FG01,-0.002159278468331299,78.2669939841267,81.71516636478806
p10,draw_02681,29,23.333333333333332,cotizando,25.0,3.6249999999999996,FG01,-0.0014344982562559006,81.71516636478806,85.2177460449492
p10,draw_02681,30,23.416666666666668,cotizando,25.0,3.6249999999999996,FG01,0.0026871081849094078,85.2177460449492,89.0814761150164
p10,draw_02681,31,23.5,cotizando,25.0,3.6249999999999996,FG01,0.0010640969789778723,89.0814761150164,92.80512479618207
p10,draw_02681,32,23.583333333333332,cotizando,25.0,3.6249999999999996,FG01,-0.003697003336701323,92.80512479618207,96.07362230305206
p10,draw_02681,33,23.666666666666668,cotizando,25.0,3.6249999999999996,FG01,-0.001554142653850049,96.07362230305206,99.54367642160081
p10,draw_02681,34,23.75,cotizando,25.0,3.6249999999999996,FG01,-0.008811508074596838,99.54367642160081,102.2596047962664
p10,draw_02681,35,23.833333333333332,cotizando,25.0,3.6249999999999996,FG01,-0.00831165683792376,102.2596047962664,105.00452829678066
p10,draw_02681,36,23.916666666666668,cotizando,25.0,3.6249999999999996,FG01,-0.0036883462193743493,105.00452829678066,108.22886498677482
p10,draw_02681,37,24.0,desempleado,25.0,0.0,FG01,0.006402989315106006,108.22886498677482,108.9218532528712
p10,draw_02681,38,24.083333333333332,cotizando,25.0,3.6249999999999996,FG01,-0.00026412483590327446,108.9218532528712,112.51712683372435
p10,draw_02681,39,24.166666666666668,cotizando,25.0,3.6249999999999996,FG01,0.0017614209184976808,112.51712683372435,116.34670200544808
p10,draw_02681,40,24.25,cotizando,25.0,3.6249999999999996,FG01,0.0008641995454664373,116.34670200544808,120.07538149579001
p10,draw_02681,41,24.333333333333332,cotizando,25.0,3.6249999999999996,FG01,0.0005878482784773636,120.07538149579001,123.7730985520993
p10,draw_02681,42,24.416666666666668,cotizando,25.0,3.6249999999999996,FG01,0.006835266350349799,123.7730985520993,128.268898488231
p10,draw_02681,43,24.5,cotizando,25.0,3.6249999999999996,FG01,-0.002691125137583278,128.268898488231,131.53895550251548
p10,draw_02681,44,24.583333333333332,cotizando,25.0,3.6249999999999996,FG01,-0.00041805274887587307,131.53895550251548,135.1074498393687
p10,draw_02681,45,24.666666666666668,cotizando,25.0,3.6249999999999996,FG01,-0.003583600931608969,135.1074498393687,138.23528810287996
p10,draw_02681,46,24.75,cotizando,25.0,3.6249999999999996,FG01,-0.003207656256721734,138.23528810287996,141.4052490621664
p10,draw_02681,47,24.833333333333332,cotizando,25.0,3.6249999999999996,FG01,0.0015137865168080287,141.4052490621664,145.24979389772602
p10,draw_02681,48,24.916666666666668,cotizando,25.0,3.6249999999999996,FG01,0.004589945060103344,145.24979389772602,149.55812102255078
p10,draw_02681,49,25.0,cotizando,25.0,3.6249999999999996,FG01,-0.003608090762010218,149.55812102255078,152.63042241869343
p10,draw_02681,50,25.083333333333332,cotizando,25.0,3.6249999999999996,FG01,0.0004256955679031897,152.63042241869343,156.3219396594779
p10,draw_02681,51,25.166666666666668,cotizando,25.0,3.6249999999999996,FG01,0.003473773834252056,156.3219396594779,160.50255915333568
p10,draw_02681,52,25.25,cotizando,25.0,3.6249999999999996,FG01,-0.006464639464579285,160.50255915333568,163.06653365720794
p10,draw_02681,53,25.333333333333332,cotizando,25.0,3.6249999999999996,FG01,-0.0009083370340502255,163.06653365720794,166.54012156392446
p10,draw_02681,54,25.416666666666668,cotizando,25.0,3.6249999999999996,FG01,0.0010231865861314547,166.54012156392446,170.33923223373608
p10,draw_02681,55,25.5,cotizando,25.0,3.6249999999999996,FG01,-0.0022328644046359135,170.33923223373608,173.57579369190157
p10,draw_02681,56,25.583333333333332,cotizando,25.0,3.6249999999999996,FG01,0.002275634146833921,173.57579369190157,177.60403786887295
p10,draw_02681,57,25.666666666666668,cotizando,25.0,3.6249999999999996,FG01,0.005498336942544803,177.60403786887295,182.2254961828492
p10,draw_02681,58,25.75,cotizando,25.0,3.6249999999999996,FG01,0.00224370368452885,182.2254961828492,186.2674896259062
p10,draw_02681,59,25.833333333333332,cotizando,25.0,3.6249999999999996,FG01,0.009235002283198788,186.2674896259062,191.64614720116376
p10,draw_02681,60,25.916666666666668,cotizando,25.0,3.6249999999999996,FG01,-0.003003802651492426,191.64614720116376,194.68459121144093
p10,draw_02681,61,26.0,cotizando,25.0,3.6249999999999996,FG01,0.006052353139474862,194.68459121144093,199.5098308883975
p10,draw_02681,62,26.083333333333332,cotizando,25.0,3.6249999999999996,FG01,-0.0022437683156184005,199.5098308883975,202.67904339105158
p10,draw_02681,63,26.166666666666668,cotizando,25.0,3.6249999999999996,FG01,-0.0007208033810756012,202.67904339105158,206.15533873904573
p10,draw_02681,64,26.25,cotizando,25.0,3.6249999999999996,FG01,0.0067575157271488025,206.15533873904573,211.19793267732146
p10,draw_02681,65,26.333333333333332,desempleado,25.0,0.0,FG01,-0.002145816162730451,211.19793267732146,210.7447407398472
p10,draw_02681,66,26.416666666666668,desempleado,25.0,0.0,FG01,-0.0070382063550726666,210.7447407398472,209.26147576627386
p10,draw_02681,67,26.5,desempleado,25.0,0.0,FG01,0.0023965891687326947,209.26147576627386,209.76298955252835
p10,draw_02681,68,26.583333333333332,cotizando,25.0,3.6249999999999996,FG01,0.008192109739378476,209.76298955252835,215.136087380008
p10,draw_02681,69,26.666666666666668,cotizando,25.0,3.6249999999999996,FG01,0.0004129046611308561,215.136087380008,218.85141485266124
p10,draw_02681,70,26.75,cotizando,25.0,3.6249999999999996,FG01,0.0037111497137568947,218.85141485266124,223.30205813595936
p10,draw_02681,71,26.833333333333332,informal,25.0,0.0,FG01,0.007579507066273992,223.30205813595936,224.9945776635144
p10,draw_02681,72,26.916666666666668,informal,25.0,0.0,FG01,0.0014760424344122695,224.9945776635144,225.3266792076584
p10,draw_02681,73,27.0,informal,25.0,0.0,FG01,-0.0023551210892212016,225.3266792076584,224.79600759349228
p10,draw_02681,74,27.083333333333332,informal,25.0,0.0,FG01,0.003105883240627795,224.79600759349228,225.49419774603697
p10,draw_02681,75,27.166666666666668,informal,25.0,0.0,FG01,0.006486350023650848,225.49419774603697,226.95683204092012
p10,draw_02681,76,27.25,desempleado,25.0,0.0,FG01,0.009019983507804733,226.95683204092012,229.0039789229128
p10,draw_02681,77,27.333333333333332,cotizando,25.0,3.6249999999999996,FG01,-0.0064951420412275845,229.0039789229128,231.11802066190276
p10,draw_02681,78,27.416666666666668,cotizando,25.0,3.6249999999999996,FG01,-0.000810096623098427,231.11802066190276,234.55285613356864
p10,draw_02681,79,27.5,desempleado,25.0,0.0,FG01,0.009102092513853362,234.55285613356864,236.68777792948492
p10,draw_02681,80,27.583333333333332,cotizando,25.0,3.6249999999999996,FG01,-0.004658322238581512,236.68777792948492,239.1933235718407
p10,draw_02681,81,27.666666666666668,cotizando,25.0,3.6249999999999996,FG01,0.006168813373495958,239.1933235718407,244.31622449362055
p10,draw_02681,82,27.75,cotizando,25.0,3.6249999999999996,FG01,0.0008304419226545063,244.31622449362055,248.14712528079437
p10,draw_02681,83,27.833333333333332,cotizando,25.0,3.6249999999999996,FG01,-0.006741571453462059,248.14712528079437,250.07478550822387
p10,draw_02681,84,27.916666666666668,cotizando,25.0,3.6249999999999996,FG01,0.002186686874650252,250.07478550822387,254.2545474992963
p10,draw_02681,85,28.0,cotizando,25.0,3.6249999999999996,FG01,0.00502151572954493,254.2545474992963,259.17449370339193
p10,draw_02681,86,28.083333333333332,cotizando,25.0,3.6249999999999996,FG01,0.0039020803543279086,259.17449370339193,263.82495844489927
p10,draw_02681,87,28.166666666666668,cotizando,25.0,3.6249999999999996,FG01,0.00503144146859452,263.82495844489927,268.79561725659283
p10,draw_02681,88,28.25,cotizando,25.0,3.6249999999999996,FG01,-0.0009590863625469098,268.79561725659283,272.15934235770544
p10,draw_02681,89,28.333333333333332,cotizando,25.0,3.6249999999999996,FG01,0.0009536838258247957,272.15934235770544,276.04735342442774
p10,draw_02681,90,28.416666666666668,cotizando,25.0,3.6249999999999996,FG01,0.003003222699924271,276.04735342442774,280.51227178477325
p10,draw_02681,91,28.5,cotizando,25.0,3.6249999999999996,FG01,0.00035226627869628453,280.51227178477325,284.2373637641438
p10,draw_02681,92,28.583333333333332,cotizando,25.0,3.6249999999999996,FG01,-4.95048109494574e-05,284.2373637641438,287.8481131922462
p10,draw_02681,93,28.666666666666668,cotizando,25.0,3.6249999999999996,FG01,-0.002134177316362392,287.8481131922462,290.8510578857418
p10,draw_02681,94,28.75,cotizando,25.0,3.6249999999999996,FG01,-0.002345516057584202,290.8510578857418,293.7853595633967
p10,draw_02681,95,28.833333333333332,cotizando,25.0,3.6249999999999996,FG01,-0.0049025485014164896,293.7853595633967,295.9522908508134
p10,draw_02681,96,28.916666666666668,cotizando,25.0,3.6249999999999996,FG01,0.01018084874497388,295.9522908508134,302.6272419363946
p10,draw_02681,97,29.0,cotizando,25.0,3.6249999999999996,FG01,0.007580777542537979,302.6272419363946,308.57387205441796
p10,draw_02681,98,29.083333333333336,cotizando,25.0,3.6249999999999996,FG01,0.005008556713612789,308.57387205441796,313.7625378110285
p10,draw_02681,99,29.166666666666664,cotizando,25.0,3.6249999999999996,FG01,-6.825758879391203e-05,313.7625378110285,317.3658737029843
p10,draw_02681,100,29.25,cotizando,25.0,3.6249999999999996,FG01,0.003089552719262333,317.3658737029843,321.9825919296917
p10,draw_02681,101,29.333333333333336,cotizando,25.0,3.6249999999999996,FG01,-0.0011555260073020791,321.9825919296917,325.2313438890419
p10,draw_02681,102,29.416666666666664,cotizando,25.0,3.6249999999999996,FG01,0.007663237887550437,325.2313438890419,331.37644828309374
p10,draw_02681,103,29.5,cotizando,25.0,3.6249999999999996,FG01,-0.004658505620882125,331.37644828309374,333.4408421532633
p10,draw_02681,104,29.583333333333336,cotizando,25.0,3.6249999999999996,FG01,-0.003650743445595899,333.4408421532633,335.835301239288
p10,draw_02681,105,29.666666666666664,cotizando,25.0,3.6249999999999996,FG01,0.005003938612953519,335.835301239288,341.1589397482241
p10,draw_02681,106,29.75,cotizando,25.0,3.6249999999999996,FG01,-0.010653667269830306,341.1589397482241,341.1107263741653
p10,draw_02681,107,29.833333333333336,cotizando,25.0,3.6249999999999996,FG01,0.0030894116093254857,341.1107263741653,345.80075692937487
p10,draw_02681,108,29.916666666666664,cotizando,25.0,3.6249999999999996,FG01,0.004162321960974652,345.80075692937487,350.88017943117217
p10,draw_02681,109,30.0,cotizando,25.0,3.6249999999999996,FG01,0.014576154023780924,350.88017943117217,359.67250152878904
p10,draw_02681,110,30.083333333333336,cotizando,25.0,3.6249999999999996,FG01,-0.00028120803405216443,359.67250152878904,363.1953393526081
p10,draw_02681,111,30.166666666666664,cotizando,25.0,3.6249999999999996,FG01,0.00396707592528864,363.1953393526081,368.27554348975997
p10,draw_02681,112,30.25,cotizando,25.0,3.6249999999999996,FG01,-0.0035956577787576204,368.27554348975997,370.5633164076368
p10,draw_02681,113,30.333333333333336,cotizando,25.0,3.6249999999999996,FG01,0.00466811055408756,370.5633164076368,375.93506883667555
p10,draw_02681,114,30.416666666666664,cotizando,25.0,3.6249999999999996,FG01,0.0007397405678138799,375.93506883667555,379.84084481751626
p10,draw_02681,115,30.5,cotizando,25.0,3.6249999999999996,FG01,-0.00032865199269889065,379.84084481751626,383.339818003485
p10,draw_02681,116,30.583333333333336,cotizando,25.0,3.6249999999999996,FG01,-5.302251185476752e-05,383.339818003485,386.944300156835
p10,draw_02681,117,30.666666666666664,cotizando,25.0,3.6249999999999996,FG01,-0.002757130446843652,386.944300156835,389.4924496477702
p10,draw_02681,118,30.75,cotizando,25.0,3.6249999999999996,FG01,0.002448351416763594,389.4924496477702,394.0799393125698
p10,draw_02681,119,30.833333333333336,cotizando,25.0,3.6249999999999996,FG01,0.003013761541454717,394.0799393125698,398.9035271635166
p10,draw_02681,120,30.916666666666664,cotizando,25.0,3.6249999999999996,FG01,-0.006086894306162409,398.9035271635166,400.0783785634571
p10,draw_02681,121,31.0,cotizando,25.0,3.6249999999999996,FG01,-0.004603926449380205,400.0783785634571,401.8447579011846
p10,draw_02681,122,31.083333333333336,cotizando,25.0,3.6249999999999996,FG01,-0.0027453380914915348,401.8447579011846,404.3566063298706
p10,draw_02681,123,31.166666666666664,informal,25.0,0.0,FG01,-0.0021787975692802745,404.3566063298706,403.47559513887666
p10,draw_02681,124,31.25,informal,25.0,0.0,FG01,-0.004089275324447196,403.47559513887666,401.8256723436586
p10,draw_02681,125,31.333333333333336,informal,25.0,0.0,FG01,-0.0008548211454788478,401.8256723436586,401.482183262143
p10,draw_02681,126,31.416666666666664,informal,25.0,0.0,FG01,-0.0022493683356687327,401.482183262143,400.579101951778
p10,draw_02681,127,31.5,cotizando,25.0,3.6249999999999996,FG01,-0.000974901161277992,400.579101951778,403.8100429033919
p10,draw_02681,128,31.583333333333336,cotizando,25.0,3.6249999999999996,FG01,-0.006736244868845265,403.8100429033919,404.6904606862462
p10,draw_02681,129,31.666666666666664,cotizando,25.0,3.6249999999999996,FG01,-0.0002873090117924047,404.6904606862462,408.19814797473686
p10,draw_02681,130,31.75,cotizando,25.0,3.6249999999999996,FG01,0.006830819696898437,408.19814797473686,414.63623764556144
p10,draw_02681,131,31.833333333333336,cotizando,25.0,3.6249999999999996,FG01,0.009293070356539911,414.63623764556144,422.1481687544151
p10,draw_02681,132,31.916666666666664,cotizando,25.0,3.6249999999999996,FG01,-0.0016895683796802803,422.1481687544151,425.05379587157137
p10,draw_02681,133,32.0,informal,25.0,0.0,FG01,0.0023951722118488593,425.05379587157137,426.07187291198386
p10,draw_02681,134,32.083333333333336,informal,25.0,0.0,FG01,0.004284713202657063,426.07187291198386,427.89746869113065
p10,draw_02681,135,32.166666666666664,informal,25.0,0.0,FG01,0.006577136882524073,427.89746869113065,430.71180891439775
p10,draw_02681,136,32.25,informal,25.0,0.0,FG01,0.008292781496785744,430.71180891439775,434.28360783381015
p10,draw_02681,137,32.333333333333336,informal,25.0,0.0,FG01,0.0019278514553619517,434.28360783381015,435.1208421192124
p10,draw_02681,138,32.416666666666664,cotizando,25.0,3.6249999999999996,FG01,-0.001475989695806382,435.1208421192124,438.0982577771665
p10,draw_02681,139,32.5,cotizando,25.0,3.6249999999999996,FG01,0.00246768582245375,438.0982577771665,442.8132919978313
p10,draw_02681,140,32.583333333333336,informal,25.0,0.0,FG01,-0.0047887270189247025,442.8132919978313,440.6927800221023
p10,draw_02681,141,32.666666666666664,informal,25.0,0.0,FG01,0.003130374202348615,440.6927800221023,442.0723133318447
p10,draw_02681,142,32.75,informal,25.0,0.0,FG01,0.004468626174164855,442.0723133318447,444.047769242073
p10,draw_02681,143,32.833333333333336,informal,25.0,0.0,FG01,0.00749275808873614,444.047769242073,447.37491175684676
p10,draw_02681,144,32.916666666666664,informal,25.0,0.0,FG01,0.004356193220199033,447.37491175684676,449.323763314329
p10,draw_02681,145,33.0,informal,25.0,0.0,FG01,-0.0024803949101780266,449.323763314329,448.2092629387821
p10,draw_02681,146,33.083333333333336,cotizando,25.0,3.6249999999999996,FG01,-0.0023627952686677968,448.2092629387821,450.7666710800884
p10,draw_02681,147,33.166666666666664,cotizando,25.0,3.6249999999999996,FG01,0.0009180425533101036,450.7666710800884,454.8088219700096
p10,draw_02681,148,33.25,cotizando,25.0,3.6249999999999996,FG01,0.005047299271546263,454.8088219700096,460.74767466569097
p10,draw_02681,149,33.333333333333336,cotizando,25.0,3.6249999999999996,FG01,0.0020558917812898807,460.74767466569097,465.32737463099176
p10,draw_02681,150,33.416666666666664,cotizando,25.0,3.6249999999999996,FG01,-0.00213065671150144,465.32737463099176,467.9531981066097
p10,draw_02681,151,33.5,cotizando,25.0,3.6249999999999996,FG01,0.0076996527873624925,467.9531981066097,475.2091864941207
p10,draw_02681,152,33.583333333333336,cotizando,25.0,3.6249999999999996,FG01,-0.002480404041177277,475.2091864941207,477.6464842428868
p10,draw_02681,153,33.666666666666664,cotizando,25.0,3.6249999999999996,FG01,-0.0017723260736394924,477.6464842428868,480.4185142428639
p10,draw_02681,154,33.75,cotizando,25.0,3.6249999999999996,FG01,-0.001357285097568233,480.4185142428639,483.3865291944075
p10,draw_02681,155,33.833333333333336,cotizando,25.0,3.6249999999999996,FG01,-0.00026907771208057793,483.3865291944075,486.880485246375
p10,draw_02681,156,33.916666666666664,cotizando,25.0,3.6249999999999996,FG01,-0.0020921174669213927,486.880485246375,489.4792901530703
p10,draw_02681,157,34.0,cotizando,25.0,3.6249999999999996,FG01,0.0032191998387373906,489.4792901530703,494.69169140441176
p10,draw_02681,158,34.083333333333336,cotizando,25.0,3.6249999999999996,FG01,0.006992725834138353,494.69169140441176,501.8012834059778
p10,draw_02681,159,34.166666666666664,cotizando,25.0,3.6249999999999996,FG01,0.011228927925843703,501.8012834059778,511.1016787141706
p10,draw_02681,160,34.25,cotizando,25.0,3.6249999999999996,FG01,0.00031331003077724026,511.1016787141706,514.8879477457205
p10,draw_02681,161,34.333333333333336,informal,25.0,0.0,FG01,0.0038129086358461195,514.8879477457205,516.8511684481732
p10,draw_02681,162,34.416666666666664,cotizando,25.0,3.6249999999999996,FG01,0.006276692322478622,516.8511684481732,523.7430372187049
p10,draw_02681,163,34.5,cotizando,25.0,3.6249999999999996,FG01,-0.004720138451861286,523.7430372187049,524.8787870679463
p10,draw_02681,164,34.583333333333336,cotizando,25.0,3.6249999999999996,FG01,0.0027386963283225945,524.8787870679463,529.9511984490939
p10,draw_02681,165,34.666666666666664,cotizando,25.0,3.6249999999999996,FG01,-0.00485062166649142,529.9511984490939,530.9880221801726
p10,draw_02681,166,34.75,cotizando,25.0,3.6249999999999996,FG01,0.0009510581727831286,530.9880221801726,535.1214702641934
p10,draw_02681,167,34.833333333333336,cotizando,25.0,3.6249999999999996,FG01,0.009445721663069822,535.1214702641934,543.8353194692703
p10,draw_02681,168,34.916666666666664,informal,25.0,0.0,FG01,0.009238702881850691,543.8353194692703,548.8596524025033
p10,draw_02681,169,35.0,cotizando,25.0,3.6249999999999996,FG01,0.0009862795148052035,548.8596524025033,553.0295566974122
p10,draw_02681,170,35.083333333333336,cotizando,25.0,3.6249999999999996,FG02,-0.0026576908301391305,553.0295566974122,555.1751409865224
p10,draw_02681,171,35.166666666666664,cotizando,25.0,3.6249999999999996,FG02,0.002858204646809334,555.1751409865224,560.3973061461278
p10,draw_02681,172,35.25,cotizando,25.0,3.6249999999999996,FG02,-0.006603461976686509,560.3973061461278,560.2978062934889
p10,draw_02681,173,35.333333333333336,cotizando,25.0,3.6249999999999996,FG02,0.0005147987367714481,560.2978062934889,564.2131130418054
p10,draw_02681,174,35.416666666666664,informal,25.0,0.0,FG02,-0.0016811214050739013,564.2131130418054,563.2646023004475
p10,draw_02681,175,35.5,informal,25.0,0.0,FG02,0.004578786110240303,563.2646023004475,565.8436704378507
p10,draw_02681,176,35.583333333333336,informal,25.0,0.0,FG02,-0.0018220995559575083,565.8436704378507,564.8126469372046
p10,draw_02681,177,35.666666666666664,informal,25.0,0.0,FG02,0.007424973760527192,564.8126469372046,569.0063660203273
p10,draw_02681,178,35.75,desempleado,25.0,0.0,FG02,0.001729933201073612,569.0063660203273,569.9907090245281
p10,draw_02681,179,35.833333333333336,cotizando,25.0,3.6249999999999996,FG02,-0.0009272511520982752,569.9907090245281,573.0838231974734
p10,draw_02681,180,35.916666666666664,cotizando,25.0,3.6249999999999996,FG02,-0.0015738292937012021,573.0838231974734,575.8011819575893
p10,draw_02681,181,36.0,cotizando,25.0,3.6249999999999996,FG02,0.003149457052181363,575.8011819575893,581.2510598325741
p10,draw_02681,182,36.083333333333336,cotizando,25.0,3.6249999999999996,FG02,0.004324216716983263,581.2510598325741,587.4051906678654
p10,draw_02681,183,36.166666666666664,cotizando,25.0,3.6249999999999996,FG02,0.0003749354258738084,587.4051906678654,591.2517888241077
p10,draw_02681,184,36.25,cotizando,25.0,3.6249999999999996,FG02,0.0007640252244286149,591.2517888241077,595.3312896961964
p10,draw_02681,185,36.333333333333336,cotizando,25.0,3.6249999999999996,FG02,0.007216852076795454,595.3312896961964,603.2788686394001
p10,draw_02681,186,36.416666666666664,cotizando,25.0,3.6249999999999996,FG02,0.0011466948024015501,603.2788686394001,607.5998021511263
p10,draw_02681,187,36.5,cotizando,25.0,3.6249999999999996,FG02,0.003191733631712097,607.5998021511263,613.1756689086885
p10,draw_02681,188,36.583333333333336,cotizando,25.0,3.6249999999999996,FG02,-0.002495039871619145,613.1756689086885,615.26172664692
p10,draw_02681,189,36.666666666666664,cotizando,25.0,3.6249999999999996,FG02,0.0014632661777208606,615.26172664692,619.7923226618628
p10,draw_02681,190,36.75,cotizando,25.0,3.6249999999999996,FG02,-0.006245012879414721,619.7923226618628,619.5240734525893
p10,draw_02681,191,36.833333333333336,cotizando,25.0,3.6249999999999996,FG02,-0.006415164818378081,619.5240734525893,619.1514694399713
p10,draw_02681,192,36.916666666666664,cotizando,25.0,3.6249999999999996,FG02,0.002709758648569647,619.1514694399713,624.4640433641619
p10,draw_02681,193,37.0,cotizando,25.0,3.6249999999999996,FG02,-0.004530955428200496,624.4640433641619,625.2431999037377
p10,draw_02681,194,37.08333333333333,cotizando,25.0,3.6249999999999996,FG02,-0.007094742321268777,625.2431999037377,624.4065420713805
p10,draw_02681,195,37.16666666666667,cotizando,25.0,3.6249999999999996,FG02,-0.0010102899402889202,624.4065420713805,627.3970481222416
p10,draw_02681,196,37.25,cotizando,25.0,3.6249999999999996,FG02,-0.0025624973449086597,627.3970481222416,629.4050557993495
p10,draw_02681,197,37.33333333333333,cotizando,25.0,3.6249999999999996,FG02,0.007164539231481041,629.4050557993495,637.5654244688305
p10,draw_02681,198,37.41666666666667,cotizando,25.0,3.6249999999999996,FG02,-0.008128434675991315,637.5654244688305,635.9785499886644
p10,draw_02681,199,37.5,cotizando,25.0,3.6249999999999996,FG02,-0.001834877741811398,635.9785499886644,638.4299556712067
p10,draw_02681,200,37.58333333333333,informal,25.0,0.0,FG02,-0.0011121389205161587,638.4299556712067,637.7199328694813
p10,draw_02681,201,37.66666666666667,informal,25.0,0.0,FG02,0.0036614870729631543,637.7199328694813,640.0549361598539
p10,draw_02681,202,37.75,cotizando,25.0,3.6249999999999996,FG02,-0.0022182417561241083,640.0549361598539,642.2520984478849
p10,draw_02681,203,37.83333333333333,informal,25.0,0.0,FG02,0.012001502447320867,642.2520984478849,649.9600885792041
p10,draw_02681,204,37.91666666666667,informal,25.0,0.0,FG02,-0.002521761118364106,649.9600885792041,648.3210444993366
p10,draw_02681,205,38.0,informal,25.0,0.0,FG02,-0.004890935184465774,648.3210444993366,645.1501482919651
p10,draw_02681,206,38.08333333333333,informal,25.0,0.0,FG02,0.002508187671455189,645.1501482919651,646.7683059401486
p10,draw_02681,207,38.16666666666667,cotizando,25.0,3.6249999999999996,FG02,0.0006652893927505621,646.7683059401486,650.8260057077066
p10,draw_02681,208,38.25,cotizando,25.0,3.6249999999999996,FG02,0.008596296404287617,650.8260057077066,660.0768605348542
p10,draw_02681,209,38.33333333333333,cotizando,25.0,3.6249999999999996,FG02,-0.0001144481603493417,660.0768605348542,663.6259010778955
p10,draw_02681,210,38.41666666666667,cotizando,25.0,3.6249999999999996,FG02,0.004612540743337266,663.6259010778955,670.3286230451458
p10,draw_02681,211,38.5,cotizando,25.0,3.6249999999999996,FG02,-0.0020097468649498203,670.3286230451458,672.5991468641092
p10,draw_02681,212,38.58333333333333,cotizando,25.0,3.6249999999999996,FG02,0.004819775941646,672.5991468641092,679.4833957383249
p10,draw_02681,213,38.66666666666667,cotizando,25.0,3.6249999999999996,FG02,0.01322364021658138,679.4833957383249,692.1415753924946
p10,draw_02681,214,38.75,cotizando,25.0,3.6249999999999996,FG02,0.004818840344436127,692.1415753924946,699.119363436306
p10,draw_02681,215,38.83333333333333,cotizando,25.0,3.6249999999999996,FG02,0.001836943562345768,699.119363436306,704.0352651706951
p10,draw_02681,216,38.91666666666667,cotizando,25.0,3.6249999999999996,FG02,-0.0051244903942299705,704.0352651706951,704.0338669394496
p10,draw_02681,217,39.0,cotizando,25.0,3.6249999999999996,FG02,-0.0030566859053109295,704.0338669394496,705.4957760551074
p10,draw_02681,218,39.08333333333333,cotizando,25.0,3.6249999999999996,FG02,-0.005954090862776025,705.4957760551074,704.8986065217931
p10,draw_02681,219,39.16666666666667,cotizando,25.0,3.6249999999999996,FG02,2.663937948724518e-05,704.8986065217931,708.5424811510229
p10,draw_02681,220,39.25,cotizando,25.0,3.6249999999999996,FG02,0.0030913556326676236,708.5424811510229,714.3690441052819
p10,draw_02681,221,39.33333333333333,cotizando,25.0,3.6249999999999996,FG02,0.0030165442711791637,714.3690441052819,720.1599049257684
p10,draw_02681,222,39.41666666666667,cotizando,25.0,3.6249999999999996,FG02,-0.005640276563574439,720.1599049257684,719.7025578894466
p10,draw_02681,223,39.5,cotizando,25.0,3.6249999999999996,FG02,-0.00047940238705588943,719.7025578894466,722.980792931571
p10,draw_02681,224,39.58333333333333,cotizando,25.0,3.6249999999999996,FG02,-0.002805803140456214,722.980792931571,724.56708011589
p10,draw_02681,225,39.66666666666667,cotizando,25.0,3.6249999999999996,FG02,0.006212639257218497,724.56708011589,732.7160748196137
p10,draw_02681,226,39.75,cotizando,25.0,3.6249999999999996,FG02,0.004655934809339574,732.7160748196137,739.7694308614128
p10,draw_02681,227,39.83333333333333,cotizando,25.0,3.6249999999999996,FG02,0.001391821044047882,739.7694308614128,744.4291028743137
p10,draw_02681,228,39.91666666666667,cotizando,25.0,3.6249999999999996,FG02,0.000780967484642565,744.4291028743137,748.6383088054121
p10,draw_02681,229,40.0,cotizando,25.0,3.6249999999999996,FG02,0.002027323114409365,748.6383088054121,753.7883895994754
p10,draw_02681,230,40.08333333333333,cotizando,25.0,3.6249999999999996,FG03,0.006719581824586007,753.7883895994754,762.5028908459261
p10,draw_02681,231,40.16666666666667,cotizando,25.0,3.6249999999999996,FG03,0.0022626406017406805,762.5028908459261,767.8613629178801
p10,draw_02681,232,40.25,cotizando,25.0,3.6249999999999996,FG03,0.00042774681224819704,767.8613629178801,771.8163637503112
p10,draw_02681,233,40.33333333333333,cotizando,25.0,3.6249999999999996,FG03,0.0025226674424582594,771.8163637503112,777.3975444321796
p10,draw_02681,234,40.41666666666667,informal,25.0,0.0,FG03,0.0037188371948739464,777.3975444321796,780.2885593356177
p10,draw_02681,235,40.5,informal,25.0,0.0,FG03,0.0014624778129534164,780.2885593356177,781.4297140413476
p10,draw_02681,236,40.58333333333333,informal,25.0,0.0,FG03,0.00029244717554284874,781.4297140413476,781.6582409541041
p10,draw_02681,237,40.66666666666667,informal,25.0,0.0,FG03,0.002253203894428744,781.6582409541041,783.4194763467342
p10,draw_02681,238,40.75,informal,25.0,0.0,FG03,0.010305676042141469,783.4194763467342,791.4931436750677
p10,draw_02681,239,40.83333333333333,desempleado,25.0,0.0,FG03,0.0025966381001196553,791.4931436750677,793.5483649279179
p10,draw_02681,240,40.91666666666667,cotizando,25.0,3.6249999999999996,FG03,0.0030206477184209993,793.5483649279179,799.5813448338733
p10,draw_02681,241,41.0,cotizando,25.0,3.6249999999999996,FG03,-0.0002368794920927526,799.5813448338733,803.0160817228634
p10,draw_02681,242,41.08333333333333,cotizando,25.0,3.6249999999999996,FG03,0.005589017297236614,803.0160817228634,811.1494126812742
p10,draw_02681,243,41.16666666666667,cotizando,25.0,3.6249999999999996,FG03,0.0038016617813473024,811.1494126812742,817.8719094263841
p10,draw_02681,244,41.25,cotizando,25.0,3.6249999999999996,FG03,0.0020557383354527885,817.8719094263841,823.1856921155479
p10,draw_02681,245,41.33333333333333,cotizando,25.0,3.6249999999999996,FG03,-0.0009909965078547275,823.1856921155479,825.9913256070045
p10,draw_02681,246,41.41666666666667,cotizando,25.0,3.6249999999999996,FG03,-0.003056133859879269,825.9913256070045,827.0809070636083
p10,draw_02681,247,41.5,cotizando,25.0,3.6249999999999996,FG03,-8.607047207849592e-05,827.0809070636083,830.6344078140289
p10,draw_02681,248,41.58333333333333,cotizando,25.0,3.6249999999999996,FG03,-0.0003026022517184009,830.6344078140289,834.0069590387071
p10,draw_02681,249,41.66666666666667,cotizando,25.0,3.6249999999999996,FG03,0.005112967934235494,834.0069590387071,841.9147443859629
p10,draw_02681,250,41.75,cotizando,25.0,3.6249999999999996,FG03,-0.0010081930547769808,841.9147443859629,844.687277088135
p10,draw_02681,251,41.83333333333333,cotizando,25.0,3.6249999999999996,FG03,0.002413667062462962,844.687277088135,850.3598204900256
p10,draw_02681,252,41.91666666666667,cotizando,25.0,3.6249999999999996,FG03,0.0015539156180755759,850.3598204900256,855.3118408401845
p10,draw_02681,253,42.0,cotizando,25.0,3.6249999999999996,FG03,-0.0014422242975624937,855.3118408401845,857.6980612582532
p10,draw_02681,254,42.08333333333333,cotizando,25.0,3.6249999999999996,FG03,-0.0011715297210472386,857.6980612582532,860.3139956925658
p10,draw_02681,255,42.16666666666667,cotizando,25.0,3.6249999999999996,FG03,0.0033471422760834343,860.3139956925658,866.8307224290053
p10,draw_02681,256,42.25,cotizando,25.0,3.6249999999999996,FG03,0.0039726517338859214,866.8307224290053,873.9137398639837
p10,draw_02681,257,42.33333333333333,cotizando,25.0,3.6249999999999996,FG03,-0.004463561341318501,873.9137398639837,873.6217918692174
p10,draw_02681,258,42.41666666666667,cotizando,25.0,3.6249999999999996,FG03,0.0007805228987115539,873.6217918692174,877.9315030780925
p10,draw_02681,259,42.5,cotizando,25.0,3.6249999999999996,FG03,0.004396591658259574,877.9315030780925,885.4323470458102
p10,draw_02681,260,42.58333333333333,cotizando,25.0,3.6249999999999996,FG03,0.0030926795390567403,885.4323470458102,891.8069165120668
p10,draw_02681,261,42.66666666666667,cotizando,25.0,3.6249999999999996,FG03,-0.00041284586820106677,891.8069165120668,895.0622411450794
p10,draw_02681,262,42.75,cotizando,25.0,3.6249999999999996,FG03,0.004424991945583003,895.0622411450794,902.6639249487446
p10,draw_02681,263,42.83333333333333,cotizando,25.0,3.6249999999999996,FG03,0.003991365580460705,902.6639249487446,909.9062553697377
p10,draw_02681,264,42.91666666666667,cotizando,25.0,3.6249999999999996,FG03,-0.000178476292553804,909.9062553697377,913.3682116981472
p10,draw_02681,265,43.0,cotizando,25.0,3.6249999999999996,FG03,0.004610493098966402,913.3682116981472,921.2210025724805
p10,draw_02681,266,43.08333333333333,cotizando,25.0,3.6249999999999996,FG03,0.00010417534339699579,921.2210025724805,924.9423487223879
p10,draw_02681,267,43.16666666666667,cotizando,25.0,3.6249999999999996,FG03,0.0009605382551677741,924.9423487223879,929.4592731833355
p10,draw_02681,268,43.25,cotizando,25.0,3.6249999999999996,FG03,-0.00013438635933810206,929.4592731833355,932.9588793849067
p10,draw_02681,269,43.33333333333333,cotizando,25.0,3.6249999999999996,FG03,0.0018328008750795371,932.9588793849067,938.3004511386289
p10,draw_02681,270,43.41666666666667,cotizando,25.0,3.6249999999999996,FG03,-0.009648240058436149,938.3004511386289,932.8375282688927
p10,draw_02681,271,43.5,cotizando,25.0,3.6249999999999996,FG03,-0.001687588710749468,932.8375282688927,934.8821646781462
p10,draw_02681,272,43.58333333333333,cotizando,25.0,3.6249999999999996,FG03,-0.003347355565235397,934.8821646781462,935.3656474974475
p10,draw_02681,273,43.66666666666667,cotizando,25.0,3.6249999999999996,FG03,0.007718998913450371,935.3656474974475,946.2387152852203
p10,draw_02681,274,43.75,cotizando,25.0,3.6249999999999996,FG03,0.0006624601672694034,946.2387152852203,950.4929621609313
p10,draw_02681,275,43.83333333333333,cotizando,25.0,3.6249999999999996,FG03,0.007996387424264308,950.4929621609313,961.7474590348196
p10,draw_02681,276,43.91666666666667,cotizando,25.0,3.6249999999999996,FG03,0.002221797203041903,961.7474590348196,967.5173208641968
p10,draw_02681,277,44.0,cotizando,25.0,3.6249999999999996,FG03,0.0035187896829573413,967.5173208641968,974.559566443537
p10,draw_02681,278,44.08333333333333,cotizando,25.0,3.6249999999999996,FG03,-0.004576022456720203,974.559566443537,973.7083719006744
p10,draw_02681,279,44.16666666666667,cotizando,25.0,3.6249999999999996,FG03,-0.002490865455527067,973.7083719006744,974.8989659660732
p10,draw_02681,280,44.25,cotizando,25.0,3.6249999999999996,FG03,0.006061350355678567,974.8989659660732,984.4551425552216
p10,draw_02681,281,44.33333333333333,cotizando,25.0,3.6249999999999996,FG03,0.0034691378549964015,984.4551425552216,991.5079287815303
p10,draw_02681,282,44.41666666666667,cotizando,25.0,3.6249999999999996,FG03,0.007029843688509328,991.5079287815303,1002.1285577201528
p10,draw_02681,283,44.5,cotizando,25.0,3.6249999999999996,FG03,0.0016950949566692023,1002.1285577201528,1007.4584055034964
p10,draw_02681,284,44.58333333333333,cotizando,25.0,3.6249999999999996,FG03,0.0005747588527330548,1007.4584055034964,1011.6645346416609
p10,draw_02681,285,44.66666666666667,cotizando,25.0,3.6249999999999996,FG03,-4.308047271109824e-05,1011.6645346416609,1015.2457954885699
p10,draw_02681,286,44.75,cotizando,25.0,3.6249999999999996,FG03,-0.00020796581143519769,1015.2457954885699,1018.6589051968384
p10,draw_02681,287,44.83333333333333,cotizando,25.0,3.6249999999999996,FG03,0.005651678235821888,1018.6589051968384,1028.0615248946704
p10,draw_02681,288,44.91666666666667,cotizando,25.0,3.6249999999999996,FG03,0.002470916984656565,1028.0615248946704,1034.235736651874
p10,draw_02681,289,45.0,informal,25.0,0.0,FG03,-0.0011331132990203367,1034.235736651874,1033.0638303843518
p10,draw_02681,290,45.08333333333333,cotizando,25.0,3.6249999999999996,FG04,-0.0015778211701273227,1033.0638303843518,1035.053120800937
p10,draw_02681,291,45.16666666666667,cotizando,25.0,3.6249999999999996,FG04,-0.0012197224066023073,1035.053120800937,1037.4112218237485
p10,draw_02681,292,45.25,cotizando,25.0,3.6249999999999996,FG04,0.0036289844318792602,1037.4112218237485,1044.8141260657694
p10,draw_02681,293,45.33333333333333,cotizando,25.0,3.6249999999999996,FG04,-0.0018956659496184634,1044.8141260657694,1046.4516357142388
p10,draw_02681,294,45.41666666666667,cotizando,25.0,3.6249999999999996,FG04,0.0021289243649239018,1046.4516357142388,1052.312169449048
p10,draw_02681,295,45.5,cotizando,25.0,3.6249999999999996,FG04,0.0014452050497972444,1052.312169449048,1057.4632151786045
p10,draw_02681,296,45.58333333333333,cotizando,25.0,3.6249999999999996,FG04,-0.0017226747327244046,1057.4632151786045,1059.2603053211246
p10,draw_02681,297,45.66666666666667,cotizando,25.0,3.6249999999999996,FG04,0.0009345453098594731,1059.2603053211246,1063.878619798131
p10,draw_02681,298,45.75,cotizando,25.0,3.6249999999999996,FG04,-0.000942259069455369,1063.878619798131,1066.4977548307
p10,draw_02681,299,45.83333333333333,cotizando,25.0,3.6249999999999996,FG04,-0.00390242918764435,1066.4977548307,1065.9466765578861
p10,draw_02681,300,45.91666666666667,cotizando,25.0,3.6249999999999996,FG04,-0.0006900456029693492,1065.9466765578861,1068.8336233254167
p10,draw_02681,301,46.0,cotizando,25.0,3.6249999999999996,FG04,0.001641326787330293,1068.8336233254167,1074.218878392184
p10,draw_02681,302,46.08333333333333,cotizando,25.0,3.6249999999999996,FG04,0.00041923537111720354,1074.218878392184,1078.2957486705482
p10,draw_02681,303,46.16666666666667,cotizando,25.0,3.6249999999999996,FG04,-0.0010145879176531533,1078.2957486705482,1080.8230449510888
p10,draw_02681,304,46.25,cotizando,25.0,3.6249999999999996,FG04,0.007629424754636497,1080.8230449510888,1092.7217597103559
p10,draw_02681,305,46.33333333333333,cotizando,25.0,3.6249999999999996,FG04,0.002159259845616258,1092.7217597103559,1098.7140572454698
p10,draw_02681,306,46.41666666666667,cotizando,25.0,3.6249999999999996,FG04,-0.0009608111154431054,1098.7140572454698,1101.2799176262813
p10,draw_02681,307,46.5,cotizando,25.0,3.6249999999999996,FG04,0.0005978620638960403,1101.2799176262813,1105.5654983607421
p10,draw_02681,308,46.58333333333333,cotizando,25.0,3.6249999999999996,FG04,0.002895389955178154,1105.5654983607421,1112.402037388075
p10,draw_02681,309,46.66666666666667,cotizando,25.0,3.6249999999999996,FG04,0.0015282423906236868,1112.402037388075,1117.7325972156939
p10,draw_02681,310,46.75,informal,25.0,0.0,FG04,-0.0010837099856160063,1117.7325972156939,1116.5212992388426
p10,draw_02681,311,46.83333333333333,informal,25.0,0.0,FG04,-0.004360216869288534,1116.5212992388426,1111.6530242349816
p10,draw_02681,312,46.91666666666667,informal,25.0,0.0,FG04,0.0013501070883036707,1111.6530242349816,1113.1538748627354
p10,draw_02681,313,47.0,informal,25.0,0.0,FG04,-0.0033729824466358486,1113.1538748627354,1109.3992263824186
p10,draw_02681,314,47.08333333333333,desempleado,25.0,0.0,FG04,0.003621621687378306,1109.3992263824186,1113.417050680646
p10,draw_02681,315,47.16666666666667,cotizando,25.0,3.6249999999999996,FG04,-0.0029860363646324654,1113.417050680646,1113.7065224964902
p10,draw_02681,316,47.25,cotizando,25.0,3.6249999999999996,FG04,-0.0015567351103055005,1113.7065224964902,1115.5921332855687
p10,draw_02681,317,47.33333333333333,cotizando,25.0,3.6249999999999996,FG04,0.0038092271570016366,1115.5921332855687,1123.4804855842615
p10,draw_02681,318,47.41666666666667,cotizando,25.0,3.6249999999999996,FG04,-0.002349957590071209,1123.4804855842615,1124.4568354936018
p10,draw_02681,319,47.5,cotizando,25.0,3.6249999999999996,FG04,-0.002674371576604768,1124.4568354936018,1125.0649254966736
p10,draw_02681,320,47.58333333333333,cotizando,25.0,3.6249999999999996,FG04,0.0037511288117756036,1125.0649254966736,1132.923786795765
p10,draw_02681,321,47.66666666666667,cotizando,25.0,3.6249999999999996,FG04,0.001180305062895724,1132.923786795765,1137.890261083048
p10,draw_02681,322,47.75,informal,25.0,0.0,FG04,-0.002804470033733644,1137.890261083048,1134.6990819441633
p10,draw_02681,323,47.83333333333333,desempleado,25.0,0.0,FG04,0.0038419774605527148,1134.6990819441633,1139.0585702415026
p10,draw_02681,324,47.91666666666667,cotizando,25.0,3.6249999999999996,FG04,0.0006909179279371929,1139.0585702415026,1143.4730708061418
p10,draw_02681,325,48.0,cotizando,25.0,3.6249999999999996,FG04,-0.002088096316226824,1143.4730708061418,1144.7028195501405
p10,draw_02681,326,48.08333333333333,cotizando,25.0,3.6249999999999996,FG04,-7.404089950547964e-05,1144.7028195501405,1148.2427963254538
p10,draw_02681,327,48.16666666666667,cotizando,25.0,3.6249999999999996,FG04,-0.0019207511296858014,1148.2427963254538,1149.655344954413
p10,draw_02681,328,48.25,cotizando,25.0,3.6249999999999996,FG04,0.003700753810875306,1149.655344954413,1157.5483515860108
p10,draw_02681,329,48.33333333333333,cotizando,25.0,3.6249999999999996,FG04,0.0011838533506652322,1157.5483515860108,1162.548010548989
p10,draw_02681,330,48.41666666666667,cotizando,25.0,3.6249999999999996,FG04,0.003262910700094296,1162.548010548989,1169.9781289432703
p10,draw_02681,331,48.5,cotizando,25.0,3.6249999999999996,FG04,0.00048329084146984263,1169.9781289432703,1174.170320587009
p10,draw_02681,332,48.58333333333333,cotizando,25.0,3.6249999999999996,FG04,-8.999230447967655e-05,1174.170320587009,1177.689328071904
p10,draw_02681,333,48.66666666666667,cotizando,25.0,3.6249999999999996,FG04,0.0065935888121553534,1177.689328071904,1189.1034290091177
p10,draw_02681,334,48.75,cotizando,25.0,3.6249999999999996,FG04,0.0007119322951566617,1189.1034290091177,1193.577570897081
p10,draw_02681,335,48.83333333333333,cotizando,25.0,3.6249999999999996,FG04,-0.005414618643098067,1193.577570897081,1190.7201755371366
p10,draw_02681,336,48.91666666666667,cotizando,25.0,3.6249999999999996,FG04,-0.005039901120831765,1190.7201755371366,1188.325793948287
p10,draw_02681,337,49.0,cotizando,25.0,3.6249999999999996,FG04,-0.0004007480762983547,1188.325793948287,1191.4731219605699
p10,draw_02681,338,49.08333333333333,cotizando,25.0,3.6249999999999996,FG04,0.003746376187734199,1191.4731219605699,1199.5754091066888
p10,draw_02681,339,49.16666666666667,cotizando,25.0,3.6249999999999996,FG04,0.0008461321880845523,1199.5754091066888,1204.2184757015505
p10,draw_02681,340,49.25,cotizando,25.0,3.6249999999999996,FG04,-0.007501916181741441,1204.2184757015505,1198.7823351861741
p10,draw_02681,341,49.33333333333333,cotizando,25.0,3.6249999999999996,FG04,-0.000765201775479691,1198.7823351861741,1201.48725095844
p10,draw_02681,342,49.41666666666667,cotizando,25.0,3.6249999999999996,FG04,-0.00562287839958486,1201.48725095844,1198.3360513134508
p10,draw_02681,343,49.5,cotizando,25.0,3.6249999999999996,FG04,0.002832527741829372,1198.3360513134508,1205.3656393358945
p10,draw_02681,344,49.58333333333333,cotizando,25.0,3.6249999999999996,FG04,0.003735925214589237,1205.3656393358945,1213.5073379495918
p10,draw_02681,345,49.66666666666667,cotizando,25.0,3.6249999999999996,FG04,0.005388082413949414,1213.5073379495918,1223.6903472951471
p10,draw_02681,346,49.75,cotizando,25.0,3.6249999999999996,FG04,0.0013297037161149523,1223.6903472951471,1228.9473130732904
p10,draw_02681,347,49.83333333333333,cotizando,25.0,3.6249999999999996,FG04,0.004071880844934829,1228.9473130732904,1237.5912006648907
p10,draw_02681,348,49.91666666666667,cotizando,25.0,3.6249999999999996,FG04,0.00018052656069888166,1237.5912006648907,1241.4402731566804
p10,draw_02681,349,50.0,cotizando,25.0,3.6249999999999996,FG04,-0.00852262955369895,1241.4402731566804,1234.454043063391
p10,draw_02681,350,50.08333333333333,cotizando,25.0,3.6249999999999996,FG05,-0.000926387900755413,1234.454043063391,1236.9321016177182
p10,draw_02681,351,50.16666666666667,cotizando,25.0,3.6249999999999996,FG05,0.005251956615160231,1236.9321016177182,1247.0724536940436
p10,draw_02681,352,50.25,cotizando,25.0,3.6249999999999996,FG05,0.0013776877123801601,1247.0724536940436,1252.4205242079029
p10,draw_02681,353,50.33333333333333,cotizando,25.0,3.6249999999999996,FG05,-0.0009263595711919996,1252.4205242079029,1254.8819744147
p10,draw_02681,354,50.41666666666667,cotizando,25.0,3.6249999999999996,FG05,0.0014090656290159868,1254.8819744147,1260.2802933362245
p10,draw_02681,355,50.5,cotizando,25.0,3.6249999999999996,FG05,0.0021328812125108827,1260.2802933362245,1266.6010531907746
p10,draw_02681,356,50.58333333333333,cotizando,25.0,3.6249999999999996,FG05,-0.0025478968087035065,1266.6010531907746,1266.9896482835177
p10,draw_02681,357,50.66666666666667,cotizando,25.0,3.6249999999999996,FG05,0.004290634664034779,1266.9896482835177,1276.0663915380733
p10,draw_02681,358,50.75,cotizando,25.0,3.6249999999999996,FG05,0.003356451648963728,1276.0663915380733,1283.9866138193659
p10,draw_02681,359,50.83333333333333,cotizando,25.0,3.6249999999999996,FG05,0.005348187755461646,1283.9866138193659,1294.498002486185
p10,draw_02681,360,50.91666666666667,cotizando,25.0,3.6249999999999996,FG05,-0.003488450840469239,1294.498002486185,1293.5945642071297
p10,draw_02681,361,51.0,cotizando,25.0,3.6249999999999996,FG05,-0.0032778505010082988,1293.5945642071297,1292.9674724086756
p10,draw_02681,362,51.08333333333333,cotizando,25.0,3.6249999999999996,FG05,-0.00016708448700371854,1292.9674724086756,1296.3758319205701
p10,draw_02681,363,51.16666666666667,cotizando,25.0,3.6249999999999996,FG05,-0.0018251386244937343,1296.3758319205701,1297.628150190358
p10,draw_02681,364,51.25,cotizando,25.0,3.6249999999999996,FG05,-0.001810529173099346,1297.628150190358,1298.897193400351
p10,draw_02681,365,51.33333333333333,cotizando,25.0,3.6249999999999996,FG05,0.0015790492861099772,1298.897193400351,1304.5789401399823
p10,draw_02681,366,51.41666666666667,cotizando,25.0,3.6249999999999996,FG05,-0.0052243786645335966,1304.5789401399823,1301.369387386256
p10,draw_02681,367,51.5,cotizando,25.0,3.6249999999999996,FG05,0.0034042304766466786,1301.369387386256,1309.4368890516491
p10,draw_02681,368,51.58333333333333,cotizando,25.0,3.6249999999999996,FG05,0.003517755808843023,1309.4368890516491,1317.680920139231
p10,draw_02681,369,51.66666666666667,cotizando,25.0,3.6249999999999996,FG05,0.005281151378458484,1317.680920139231,1328.2839367207396
p10,draw_02681,370,51.75,cotizando,25.0,3.6249999999999996,FG05,0.001395300378459659,1328.2839367207396,1333.76734976422
p10,draw_02681,371,51.83333333333333,cotizando,25.0,3.6249999999999996,FG05,-0.002292403008064755,1333.76734976422,1334.3265075186575
p10,draw_02681,372,51.91666666666667,cotizando,25.0,3.6249999999999996,FG05,0.004360036220857593,1334.3265075186575,1343.78502455319
p10,draw_02681,373,52.0,cotizando,25.0,3.6249999999999996,FG05,0.007881333034216427,1343.78502455319,1358.0294116903353
p10,draw_02681,374,52.08333333333333,cotizando,25.0,3.6249999999999996,FG05,0.0016283976663929833,1358.0294116903353,1363.8717265567655
p10,draw_02681,375,52.16666666666667,cotizando,25.0,3.6249999999999996,FG05,0.0014968817370785937,1363.8717265567655,1369.543707432263
p10,draw_02681,376,52.25,cotizando,25.0,3.6249999999999996,FG05,0.002092261048661585,1369.543707432263,1376.0417348320645
p10,draw_02681,377,52.33333333333333,cotizando,25.0,3.6249999999999996,FG05,-0.0022273630642312818,1376.0417348320645,1376.593716105951
p10,draw_02681,378,52.41666666666667,cotizando,25.0,3.6249999999999996,FG05,0.0014190006333789263,1376.593716105951,1382.1772473383069
p10,draw_02681,379,52.5,cotizando,25.0,3.6249999999999996,FG05,0.003929751321951462,1382.1772473383069,1391.2481055517478
p10,draw_02681,380,52.58333333333333,cotizando,25.0,3.6249999999999996,FG05,-0.002298615990071409,1391.2481055517478,1391.666827927206
p10,draw_02681,381,52.66666666666667,cotizando,25.0,3.6249999999999996,FG05,0.0026350520699516856,1391.666827927206,1398.9684945465722
p10,draw_02681,382,52.75,cotizando,25.0,3.6249999999999996,FG05,-0.001520827410372601,1398.9684945465722,1400.4603919144554
p10,draw_02681,383,52.83333333333333,cotizando,25.0,3.6249999999999996,FG05,0.000665232469349388,1400.4603919144554,1405.0194351068963
p10,draw_02681,384,52.91666666666667,cotizando,25.0,3.6249999999999996,FG05,0.0021274005322446535,1405.0194351068963,1411.641186027886
p10,draw_02681,385,53.0,cotizando,25.0,3.6249999999999996,FG05,0.00012466692591279075,1411.641186027886,1415.4426229126464
p10,draw_02681,386,53.083333333333336,cotizando,25.0,3.6249999999999996,FG05,0.0010058806568073715,1415.4426229126464,1420.4950355852359
p10,draw_02681,387,53.166666666666664,cotizando,25.0,3.6249999999999996,FG05,0.0012128075682214477,1420.4950355852359,1425.8472191424494
p10,draw_02681,388,53.25,cotizando,25.0,3.6249999999999996,FG05,-0.005520914722313954,1425.8472191424494,1421.580224922647
p10,draw_02681,389,53.333333333333336,cotizando,25.0,3.6249999999999996,FG05,-0.0005933076701756209,1421.580224922647,1424.359639731126
p10,draw_02681,390,53.416666666666664,cotizando,25.0,3.6249999999999996,FG05,-0.0022909050214547397,1424.359639731126,1424.7132625494057
p10,draw_02681,391,53.5,cotizando,25.0,3.6249999999999996,FG05,-0.0013826164320414757,1424.7132625494057,1426.3634185970914
p10,draw_02681,392,53.583333333333336,cotizando,25.0,3.6249999999999996,FG05,0.000839814186328146,1426.3634185970914,1431.1893431573142
p10,draw_02681,393,53.666666666666664,cotizando,25.0,3.6249999999999996,FG05,-0.00017279012025519838,1431.1893431573142,1434.5664214144163
p10,draw_02681,394,53.75,cotizando,25.0,3.6249999999999996,FG05,-5.959180667389352e-05,1434.5664214144163,1438.1057169892713
p10,draw_02681,395,53.833333333333336,cotizando,25.0,3.6249999999999996,FG05,0.003916657733222827,1438.1057169892713,1447.3774827511922
p10,draw_02681,396,53.916666666666664,cotizando,25.0,3.6249999999999996,FG05,0.001704119196449457,1447.3774827511922,1453.4751639361446
p10,draw_02681,397,54.0,cotizando,25.0,3.6249999999999996,FG05,0.0021254412978468596,1453.4751639361446,1460.1971447996739
p10,draw_02681,398,54.083333333333336,cotizando,25.0,3.6249999999999996,FG05,0.0035604829932418505,1460.1971447996739,1469.034058651364
p10,draw_02681,399,54.166666666666664,cotizando,25.0,3.6249999999999996,FG05,0.0004919735593596266,1469.034058651364,1473.3835679701717
p10,draw_02681,400,54.25,cotizando,25.0,3.6249999999999996,FG05,0.005243896464508392,1473.3835679701717,1484.753847977799
p10,draw_02681,401,54.333333333333336,informal,25.0,0.0,FG05,-0.0002105907352925722,1484.753847977799,1484.4411725732248
p10,draw_02681,402,54.416666666666664,informal,25.0,0.0,FG05,-0.0008036596039803221,1484.4411725732248,1483.2481871683424
p10,draw_02681,403,54.5,desempleado,25.0,0.0,FG05,0.0013003039636475529,1483.2481871683424,1485.1768606651904
p10,draw_02681,404,54.583333333333336,cotizando,25.0,3.6249999999999996,FG05,0.0021077458690103145,1485.1768606651904,1491.9398766367824
p10,draw_02681,405,54.666666666666664,cotizando,25.0,3.6249999999999996,FG05,0.0015949722717307187,1491.9398766367824,1497.9502611455925
p10,draw_02681,406,54.75,cotizando,25.0,3.6249999999999996,FG05,0.0024876974689899095,1497.9502611455925,1505.3107261222422
p10,draw_02681,407,54.833333333333336,cotizando,25.0,3.6249999999999996,FG05,-0.0014090299443371597,1505.3107261222422,1506.809590500056
p10,draw_02681,408,54.916666666666664,informal,25.0,0.0,FG05,3.645044991569089e-05,1506.809590500056,1506.864514387567
p10,draw_02681,409,55.0,informal,25.0,0.0,FG05,-0.00041395736411340995,1506.864514387567,1506.240736725115
p10,draw_02681,410,55.083333333333336,informal,25.0,0.0,FG06,-0.0007459464977552237,1506.240736725115,1505.1171617227787
p10,draw_02681,411,55.166666666666664,informal,25.0,0.0,FG06,-0.002213647429209859,1505.1171617227787,1501.7853629870715
p10,draw_02681,412,55.25,cotizando,25.0,3.6249999999999996,FG06,-0.003045192103231158,1501.7853629870715,1500.8260992375808
p10,draw_02681,413,55.333333333333336,cotizando,25.0,3.6249999999999996,FG06,0.004809159275819106,1500.8260992375808,1511.6862441964954
p10,draw_02681,414,55.416666666666664,informal,25.0,0.0,FG06,-0.00268116586601154,1511.6862441964954,1507.6331626384365
p10,draw_02681,415,55.5,informal,25.0,0.0,FG06,0.005712261006715198,1507.6331626384365,1516.2451567658068
p10,draw_02681,416,55.583333333333336,informal,25.0,0.0,FG06,-9.069101480674191e-05,1516.2451567658068,1516.1076469538439
p10,draw_02681,417,55.666666666666664,desempleado,25.0,0.0,FG06,0.0008013134113414103,1516.1076469538439,1517.322524344385
p10,draw_02681,418,55.75,informal,25.0,0.0,FG06,0.000382199348884763,1517.322524344385,1517.9024440252379
p10,draw_02681,419,55.833333333333336,informal,25.0,0.0,FG06,0.0018707689811455687,1517.9024440252379,1520.7420888339252
p10,draw_02681,420,55.916666666666664,informal,25.0,0.0,FG06,-0.0016624174647143389,1520.7420888339252,1518.2139806261216
p10,draw_02681,421,56.0,informal,25.0,0.0,FG06,-0.0047591562221185124,1518.2139806261216,1510.9885631137174
p10,draw_02681,422,56.083333333333336,informal,25.0,0.0,FG06,-0.0025660446459172836,1510.9885631137174,1507.1112990012973
p10,draw_02681,423,56.166666666666664,informal,25.0,0.0,FG06,0.0012756984230002347,1507.1112990012973,1509.0339185087191
p10,draw_02681,424,56.25,cotizando,25.0,3.6249999999999996,FG06,0.000740672094466678,1509.0339185087191,1513.7793027581047
p10,draw_02681,425,56.333333333333336,cotizando,25.0,3.6249999999999996,FG06,0.005221239981385845,1513.7793027581047,1525.327034771592
p10,draw_02681,426,56.416666666666664,cotizando,25.0,3.6249999999999996,FG06,-0.0007849647775865222,1525.327034771592,1527.751861277677
p10,draw_02681,427,56.5,cotizando,25.0,3.6249999999999996,FG06,-0.003447808371619842,1527.751861277677,1526.096967315259
p10,draw_02681,428,56.583333333333336,cotizando,25.0,3.6249999999999996,FG06,0.0010911773813587619,1526.096967315259,1531.391165325761
p10,draw_02681,429,56.666666666666664,cotizando,25.0,3.6249999999999996,FG06,0.00035287385700100843,1531.391165325761,1535.5578324005785
p10,draw_02681,430,56.75,cotizando,25.0,3.6249999999999996,FG06,-0.0009156198012185258,1535.5578324005785,1537.7735261215369
p10,draw_02681,431,56.833333333333336,cotizando,25.0,3.6249999999999996,FG06,-0.008851253722588177,1537.7735261215369,1527.7552166792116
p10,draw_02681,432,56.916666666666664,cotizando,25.0,3.6249999999999996,FG06,0.0008519275080428145,1527.7552166792116,1532.6848416110731
p10,draw_02681,433,57.0,cotizando,25.0,3.6249999999999996,FG06,0.00015195657089051956,1532.6848416110731,1536.5432939864297
p10,draw_02681,434,57.083333333333336,cotizando,25.0,3.6249999999999996,FG06,0.002859550105658304,1536.5432939864297,1544.5724823942303
p10,draw_02681,435,57.166666666666664,cotizando,25.0,3.6249999999999996,FG06,0.005471052277553836,1544.5724823942303,1556.6677517563865
p10,draw_02681,436,57.25,cotizando,25.0,3.6249999999999996,FG06,0.0008247293127468229,1556.6677517563865,1561.5795709252263
p10,draw_02681,437,57.333333333333336,cotizando,25.0,3.6249999999999996,FG06,0.0017289378909827206,1561.5795709252263,1567.9107124150385
p10,draw_02681,438,57.416666666666664,cotizando,25.0,3.6249999999999996,FG06,0.00329256038030051,1567.9107124150385,1576.7100886379635
p10,draw_02681,439,57.5,cotizando,25.0,3.6249999999999996,FG06,0.00039897481250750157,1576.7100886379635,1580.965602533652
p10,draw_02681,440,57.583333333333336,cotizando,25.0,3.6249999999999996,FG06,-0.0025108967032549377,1580.965602533652,1580.6118592137416
p10,draw_02681,441,57.666666666666664,cotizando,25.0,3.6249999999999996,FG06,-7.823266629696855e-05,1580.6118592137416,1584.1129201401995
p10,draw_02681,442,57.75,cotizando,25.0,3.6249999999999996,FG06,0.0036807906571534686,1584.1129201401995,1593.5820510426597
p10,draw_02681,443,57.833333333333336,cotizando,25.0,3.6249999999999996,FG06,-0.00038436617963856203,1593.5820510426597,1596.5931386703587
p10,draw_02681,444,57.916666666666664,cotizando,25.0,3.6249999999999996,FG06,0.005529531416237178,1596.5931386703587,1609.066595140969
p10,draw_02681,445,58.0,cotizando,25.0,3.6249999999999996,FG06,0.0050828033742286345,1609.066595140969,1620.8885894223417
p10,draw_02681,446,58.083333333333336,informal,25.0,0.0,FG06,-0.005747190252459944,1620.8885894223417,1611.5730343208902
p10,draw_02681,447,58.166666666666664,informal,25.0,0.0,FG06,0.002550551113437461,1611.5730343208902,1615.683433717963
p10,draw_02681,448,58.25,informal,25.0,0.0,FG06,-0.003200443024557548,1615.683433717963,1610.512530942627
p10,draw_02681,449,58.333333333333336,desempleado,25.0,0.0,FG06,0.001174996300787659,1610.512530942627,1612.4048772088568
p10,draw_02681,450,58.416666666666664,desempleado,25.0,0.0,FG06,-0.005131830423674937,1612.4048772088568,1604.1302888047146
p10,draw_02681,451,58.5,cotizando,25.0,3.6249999999999996,FG06,0.0026858210501756324,1604.1302888047146,1612.0734318029176
p10,draw_02681,452,58.583333333333336,cotizando,25.0,3.6249999999999996,FG06,0.0020640170158283616,1612.0734318029176,1619.0332608586061
p10,draw_02681,453,58.666666666666664,cotizando,25.0,3.6249999999999996,FG06,0.008550511087957942,1619.0332608586061,1636.5328183100444
p10,draw_02681,454,58.75,cotizando,25.0,3.6249999999999996,FG06,0.0004875267971252004,1636.5328183100444,1640.957439197985
p10,draw_02681,455,58.833333333333336,cotizando,25.0,3.6249999999999996,FG06,0.0006860505872223689,1640.957439197985,1645.7107059461323
p10,draw_02681,456,58.916666666666664,cotizando,25.0,3.6249999999999996,FG06,-0.0004931777903995774,1645.7107059461323,1648.5222902070466
p10,draw_02681,457,59.0,cotizando,25.0,3.6249999999999996,FG06,0.002782152410332621,1648.5222902070466,1656.7438157727206
p10,draw_02681,458,59.083333333333336,cotizando,25.0,3.6249999999999996,FG06,-0.0035717646670752534,1656.7438157727206,1654.4383691022301
p10,draw_02681,459,59.166666666666664,cotizando,25.0,3.6249999999999996,FG06,0.006522110673161786,1654.4383691022301,1668.8774418986304
p10,draw_02681,460,59.25,cotizando,25.0,3.6249999999999996,FG06,0.0008432209580668942,1668.8774418986304,1673.9127310100573
p10,draw_02681,461,59.333333333333336,cotizando,25.0,3.6249999999999996,FG06,0.0003256456104143193,1673.9127310100573,1678.0840138084652
p10,draw_02681,462,59.416666666666664,cotizando,25.0,3.6249999999999996,FG06,0.00466176892717319,1678.0840138084652,1689.5487526335849
p10,draw_02681,463,59.5,cotizando,25.0,3.6249999999999996,FG06,-0.006225423651983735,1689.5487526335849,1682.6330287070216
p10,draw_02681,464,59.583333333333336,cotizando,25.0,3.6249999999999996,FG06,0.003588828785729275,1682.6330287070216,1692.3097200606126
p10,draw_02681,465,59.666666666666664,cotizando,25.0,3.6249999999999996,FG06,0.003891037332637616,1692.3097200606126,1702.5336653700845
p10,draw_02681,466,59.75,cotizando,25.0,3.6249999999999996,FG06,0.0012613888151634352,1702.5336653700845,1708.3107948274762
p10,draw_02681,467,59.833333333333336,cotizando,25.0,3.6249999999999996,FG06,-0.0012377586169105502,1708.3107948274762,1709.8168315458308
p10,draw_02681,468,59.916666666666664,cotizando,25.0,3.6249999999999996,FG06,0.0026449763382641843,1709.8168315458308,1717.9738446472616
p10,draw_02681,469,60.0,cotizando,25.0,3.6249999999999996,FG06,0.0021126673827275223,1717.9738446472616,1725.236010372489
p10,draw_02681,470,60.083333333333336,informal,25.0,0.0,FG07,0.005831650090746559,1725.236010372489,1735.296983108937
p10,draw_02681,471,60.166666666666664,cotizando,25.0,3.6249999999999996,FG07,-0.0005664695871358394,1735.296983108937,1737.936936691104
p10,draw_02681,472,60.25,cotizando,25.0,3.6249999999999996,FG07,0.0015286517519168623,1737.936936691104,1744.2241783966986
p10,draw_02681,473,60.333333333333336,cotizando,25.0,3.6249999999999996,FG07,0.00579861358854999,1744.2241783966986,1757.9842803932854
p10,draw_02681,474,60.416666666666664,cotizando,25.0,3.6249999999999996,FG07,0.0019695086810675843,1757.9842803932854,1765.0787851636692
p10,draw_02681,475,60.5,cotizando,25.0,3.6249999999999996,FG07,-0.0028634376196930295,1765.0787851636692,1763.6392122071381
p10,draw_02681,476,60.583333333333336,cotizando,25.0,3.6249999999999996,FG07,-0.0005503421795688938,1763.6392122071381,1766.291612168718
p10,draw_02681,477,60.666666666666664,cotizando,25.0,3.6249999999999996,FG07,-0.003761020159244017,1766.291612168718,1763.2599201101705
p10,draw_02681,478,60.75,cotizando,25.0,3.6249999999999996,FG07,-0.001491169021325442,1763.2599201101705,1764.250196053055
p10,draw_02681,479,60.833333333333336,cotizando,25.0,3.6249999999999996,FG07,0.0013053395400282992,1764.250196053055,1770.1828734482983
p10,draw_02681,480,60.916666666666664,cotizando,25.0,3.6249999999999996,FG07,-0.0002099450015074669,1770.1828734482983,1773.4354713516332
p10,draw_02681,481,61.0,cotizando,25.0,3.6249999999999996,FG07,-0.0016792656939292952,1773.4354713516332,1774.0763146660545
p10,draw_02681,482,61.083333333333336,cotizando,25.0,3.6249999999999996,FG07,0.004366290885252104,1774.0763146660545,1785.4632757129818
p10,draw_02681,483,61.166666666666664,cotizando,25.0,3.6249999999999996,FG07,0.0043053898333414425,1785.4632757129818,1796.7909981861867
p10,draw_02681,484,61.25,cotizando,25.0,3.6249999999999996,FG07,0.003769597331501909,1796.7909981861867,1807.2028415285429
p10,draw_02681,485,61.333333333333336,cotizando,25.0,3.6249999999999996,FG07,0.004043535894751054,1807.2028415285429,1818.149988904978
p10,draw_02681,486,61.416666666666664,cotizando,25.0,3.6249999999999996,FG07,0.0015563883574942856,1818.149988904978,1824.610378287684
p10,draw_02681,487,61.5,cotizando,25.0,3.6249999999999996,FG07,-0.001077949300474456,1824.610378287684,1826.2646332405561
p10,draw_02681,488,61.583333333333336,cotizando,25.0,3.6249999999999996,FG07,-0.00021334919925946683,1826.2646332405561,1829.4992277525712
p10,draw_02681,489,61.666666666666664,cotizando,25.0,3.6249999999999996,FG07,-0.0004398760195718554,1829.4992277525712,1832.3178803638866
p10,draw_02681,490,61.75,cotizando,25.0,3.6249999999999996,FG07,-0.0012216053984379018,1832.3178803638866,1833.7000826300105
p10,draw_02681,491,61.833333333333336,cotizando,25.0,3.6249999999999996,FG07,0.004086905274418886,1833.7000826300105,1844.834056201033
p10,draw_02681,492,61.916666666666664,cotizando,25.0,3.6249999999999996,FG07,-0.003368083769556885,1844.834056201033,1842.233291255152
p10,draw_02681,493,62.0,cotizando,25.0,3.6249999999999996,FG07,0.0011398085505267476,1842.233291255152,1847.9622163185852
p10,draw_02681,494,62.083333333333336,cotizando,25.0,3.6249999999999996,FG07,0.0049702923449614226,1847.9622163185852,1860.790146085882
p10,draw_02681,495,62.166666666666664,cotizando,25.0,3.6249999999999996,FG07,0.005549612297140323,1860.790146085882,1874.761927307575
p10,draw_02681,496,62.25,cotizando,25.0,3.6249999999999996,FG07,-0.003355587439425176,1874.761927307575,1872.0838357279213
p10,draw_02681,497,62.333333333333336,cotizando,25.0,3.6249999999999996,FG07,0.0054265324673147585,1872.0838357279213,1885.887430624228
p10,draw_02681,498,62.416666666666664,cotizando,25.0,3.6249999999999996,FG07,0.002867515077235856,1885.887430624228,1894.9306360076678
p10,draw_02681,499,62.5,cotizando,25.0,3.6249999999999996,FG07,0.0014794558725947267,1894.9306360076678,1901.3644652928072
p10,draw_02681,500,62.583333333333336,cotizando,25.0,3.6249999999999996,FG07,0.0021485020295579486,1901.3644652928072,1909.0823390252754
p10,draw_02681,501,62.666666666666664,cotizando,25.0,3.6249999999999996,FG07,0.0011320753985780696,1909.0823390252754,1914.8726679484657
p10,draw_02681,502,62.75,cotizando,25.0,3.6249999999999996,FG07,0.003969323916903968,1914.8726679484657,1926.1128066263782
p10,draw_02681,503,62.833333333333336,cotizando,25.0,3.6249999999999996,FG07,0.0031267666016370848,1926.1128066263782,1935.7716463500537
p10,draw_02681,504,62.916666666666664,cotizando,25.0,3.6249999999999996,FG07,-9.430725043495513e-05,1935.7716463500537,1939.213747184834
p10,draw_02681,505,63.0,cotizando,25.0,3.6249999999999996,FG07,0.0026469914596266735,1939.213747184834,1947.9814247560641
p10,draw_02681,506,63.083333333333336,cotizando,25.0,3.6249999999999996,FG07,-0.0011899070672672688,1947.9814247560641,1949.2841944787226
p10,draw_02681,507,63.166666666666664,cotizando,25.0,3.6249999999999996,FG07,-0.0008381754888765506,1949.2841944787226,1951.272313859909
p10,draw_02681,508,63.25,cotizando,25.0,3.6249999999999996,FG07,-0.0006332320140953812,1951.272313859909,1953.659410296504
p10,draw_02681,509,63.333333333333336,informal,25.0,0.0,FG07,-0.0023801268217512515,1953.659410296504,1949.0094531334905
p10,draw_02681,510,63.416666666666664,cotizando,25.0,3.6249999999999996,FG07,0.005230207860135757,1949.0094531334905,1962.8471371982414
p10,draw_02681,511,63.5,cotizando,25.0,3.6249999999999996,FG07,0.002160270617873027,1962.8471371982414,1970.7202491770965
p10,draw_02681,512,63.583333333333336,cotizando,25.0,3.6249999999999996,FG07,0.0024282466232084035,1970.7202491770965,1979.1394463614583
p10,draw_02681,513,63.666666666666664,cotizando,25.0,3.6249999999999996,FG07,0.0006068221566981568,1979.1394463614583,1983.9676317590238
p10,draw_02681,514,63.75,cotizando,25.0,3.6249999999999996,FG07,-0.006721409998376937,1983.9676317590238,1974.2332067712184
p10,draw_02681,515,63.833333333333336,cotizando,25.0,3.6249999999999996,FG07,-0.001762223783286587,1974.2332067712184,1974.3727779992776
p10,draw_02681,516,63.916666666666664,cotizando,25.0,3.6249999999999996,FG07,8.096517958700727e-05,1974.3727779992776,1978.157926944596
p10,draw_02681,517,64.0,cotizando,25.0,3.6249999999999996,FG07,0.007287243826973712,1978.157926944596,1996.224662345375
p10,draw_02681,518,64.08333333333334,cotizando,25.0,3.6249999999999996,FG07,-0.003592836745768544,1996.224662345375,1992.664528992488
p10,draw_02681,519,64.16666666666666,cotizando,25.0,3.6249999999999996,FG07,0.0028105009818864104,1992.664528992488,2001.9001026738508
p10,draw_02681,520,64.25,cotizando,25.0,3.6249999999999996,FG07,0.0020938596631657263,2001.9001026738508,2009.7243907898057
p10,draw_02681,521,64.33333333333334,cotizando,25.0,3.6249999999999996,FG07,-0.0008361692211632564,2009.7243907898057,2011.6658899977795
p10,draw_02681,522,64.41666666666666,cotizando,25.0,3.6249999999999996,FG07,-0.00296799155047834,2011.6658899977795,2009.3095236645102
p10,draw_02681,523,64.5,cotizando,25.0,3.6249999999999996,FG07,0.0025835038695121632,2009.3095236645102,2018.134947795472
p10,draw_02681,524,64.58333333333334,cotizando,25.0,3.6249999999999996,FG07,0.001188586677775294,2018.134947795472,2024.1629847350812
p10,draw_02681,525,64.66666666666666,cotizando,25.0,3.6249999999999996,FG07,0.0035346417225266425,2024.1629847350812,2034.9554887503639
p10,draw_02681,526,64.75,cotizando,25.0,3.6249999999999996,FG07,-0.00044909113003755493,2034.9554887503639,2037.6649803349985
p10,draw_02681,527,64.83333333333334,cotizando,25.0,3.6249999999999996,FG07,-0.003306339330584226,2037.6649803349985,2034.5407829878893
p10,draw_02681,528,64.91666666666666,cotizando,25.0,3.6249999999999996,FG07,0.001044827234304887,2034.5407829878893,2040.2953141059834
p50,draw_05820,1,21.0,cotizando,25.0,3.6249999999999996,FG01,0.00044589576371677214,0.0,3.6266163721434728
p50,draw_05820,2,21.083333333333332,cotizando,25.0,3.6249999999999996,FG01,0.010553848241397136,3.6266163721434728,7.328148830839905
p50,draw_05820,3,21.166666666666668,cotizando,25.0,3.6249999999999996,FG01,0.0003481070020949363,7.328148830839905,10.956961698642909
p50,draw_05820,4,21.25,cotizando,25.0,3.6249999999999996,FG01,-0.004503893807481858,10.956961698642909,14.516286091647453
p50,draw_05820,5,21.333333333333332,cotizando,25.0,3.6249999999999996,FG01,-0.001576989245326094,14.516286091647453,18.11267747858454
p50,draw_05820,6,21.416666666666668,informal,25.0,0.0,FG01,0.0012948905416255785,18.11267747858454,18.136131413335075
p50,draw_05820,7,21.5,informal,25.0,0.0,FG01,-0.004865301908535057,18.136131413335075,18.047893658556333
p50,draw_05820,8,21.583333333333332,informal,25.0,0.0,FG01,0.006981587165326475,18.047893658556333,18.17389660128409
p50,draw_05820,9,21.666666666666668,cotizando,25.0,3.6249999999999996,FG01,0.0006686796004639262,18.17389660128409,21.81347307875399
p50,draw_05820,10,21.75,cotizando,25.0,3.6249999999999996,FG01,-0.00989809446557552,21.81347307875399,25.186680669160484
p50,draw_05820,11,21.833333333333332,cotizando,25.0,3.6249999999999996,FG01,0.008109543320403385,25.186680669160484,29.045330241680674
p50,draw_05820,12,21.916666666666668,cotizando,25.0,3.6249999999999996,FG01,0.0036829832051431147,29.045330241680674,32.790654519267264
p50,draw_05820,13,22.0,cotizando,25.0,3.6249999999999996,FG01,0.0012664670266318463,32.790654519267264,36.46177374496913
p50,draw_05820,14,22.083333333333332,cotizando,25.0,3.6249999999999996,FG01,0.0010600682752881444,36.46177374496913,40.129268462074826
p50,draw_05820,15,22.166666666666668,cotizando,25.0,3.6249999999999996,FG01,-0.0008535212569033099,40.129268462074826,43.71692326386219
p50,draw_05820,16,22.25,cotizando,25.0,3.6249999999999996,FG01,-0.0023493665834460656,43.71692326386219,47.23069973135001
p50,draw_05820,17,22.333333333333332,cotizando,25.0,3.6249999999999996,FG01,-0.0056915222396899815,47.23069973135001,50.566253385314035
p50,draw_05820,18,22.416666666666668,cotizando,25.0,3.6249999999999996,FG01,0.0017117384467090478,50.566253385314035,54.28401463720903
p50,draw_05820,19,22.5,cotizando,25.0,3.6249999999999996,FG01,-0.005064634292519977,54.28401463720903,57.61572665583138
p50,draw_05820,20,22.583333333333332,cotizando,25.0,3.6249999999999996,FG01,-0.002466301903891234,57.61572665583138,61.08968853508443
p50,draw_05820,21,22.666666666666668,cotizando,25.0,3.6249999999999996,FG01,-0.010846865247236919,61.08968853508443,64.01273702902745
p50,draw_05820,22,22.75,cotizando,25.0,3.6249999999999996,FG01,0.008243031668139835,64.01273702902745,68.19527703731904
p50,draw_05820,23,22.833333333333332,cotizando,25.0,3.6249999999999996,FG01,0.0021328393514464957,68.19527703731904,71.97345815041604
p50,draw_05820,24,22.916666666666668,cotizando,25.0,3.6249999999999996,FG01,0.004172949304440643,71.97345815041604,75.9139266837716
p50,draw_05820,25,23.0,cotizando,25.0,3.6249999999999996,FG01,-0.003287504761714299,75.9139266837716,79.27744208355706
p50,draw_05820,26,23.083333333333332,cotizando,25.0,3.6249999999999996,FG01,-0.0020494408882905423,79.27744208355706,82.73253842901188
p50,draw_05820,27,23.166666666666668,cotizando,25.0,3.6249999999999996,FG01,-0.0044516467568627306,82.73253842901188,85.97310517313372
p50,draw_05820,28,23.25,cotizando,25.0,3.6249999999999996,FG01,0.005223268754375056,85.97310517313372,90.06610015633575
p50,draw_05820,29,23.333333333333332,cotizando,25.0,3.6249999999999996,FG01,-0.0014744927917398815,90.06610015633575,93.55295330450505
p50,draw_05820,30,23.416666666666668,cotizando,25.0,3.6249999999999996,FG01,0.0029128062164506105,93.55295330450505,97.46101385099236
p50,draw_05820,31,23.5,cotizando,25.0,3.6249999999999996,FG01,0.00198516470659729,97.46101385099236,101.28668623801997
p50,draw_05820,32,23.583333333333332,cotizando,25.0,3.6249999999999996,FG01,0.002764120447501375,101.28668623801997,105.20167477513232
p50,draw_05820,33,23.666666666666668,cotizando,25.0,3.6249999999999996,FG01,0.004108965656787624,105.20167477513232,109.27383984432574
p50,draw_05820,34,23.75,cotizando,25.0,3.6249999999999996,FG01,0.006564923083379304,109.27383984432574,113.6400120441065
p50,draw_05820,35,23.833333333333332,desempleado,25.0,0.0,FG01,-0.005938091485202214,113.6400120441065,112.96520725620911
p50,draw_05820,36,23.916666666666668,desempleado,25.0,0.0,FG01,-0.008355958158941914,112.96520725620911,112.02127471096001
p50,draw_05820,37,24.0,desempleado,25.0,0.0,FG01,0.00550718883428973,112.02127471096001,112.63819702425111
p50,draw_05820,38,24.083333333333332,desempleado,25.0,0.0,FG01,-0.005363616347749115,112.63819702425111,112.03404894931086
p50,draw_05820,39,24.166666666666668,cotizando,25.0,3.6249999999999996,FG01,0.0015473050200055989,112.03404894931086,115.8380087763592
p50,draw_05820,40,24.25,cotizando,25.0,3.6249999999999996,FG01,-0.00091438807918408,115.8380087763592,119.35377322523064
p50,draw_05820,41,24.333333333333332,cotizando,25.0,3.6249999999999996,FG01,-0.0063392511098734885,119.35377322523064,122.19917990057172
p50,draw_05820,42,24.416666666666668,cotizando,25.0,3.6249999999999996,FG01,0.003524019777892889,122.19917990057172,126.2675867990785
p50,draw_05820,43,24.5,cotizando,25.0,3.6249999999999996,FG01,-0.0006751095345835106,126.2675867990785,129.8048950752587
p50,draw_05820,44,24.583333333333332,cotizando,25.0,3.6249999999999996,FG01,-0.0007978753090599564,129.8048950752587,133.3234346564877
p50,draw_05820,45,24.666666666666668,cotizando,25.0,3.6249999999999996,FG01,-0.0037367963989180333,133.3234346564877,136.43668623902587
p50,draw_05820,46,24.75,cotizando,25.0,3.6249999999999996,FG01,-0.00509778981040801,136.43668623902587,139.347681202088
p50,draw_05820,47,24.833333333333332,cotizando,25.0,3.6249999999999996,FG01,-0.0037452610647241303,139.347681202088,142.43721118586262
p50,draw_05820,48,24.916666666666668,cotizando,25.0,3.6249999999999996,FG01,0.0019106470939879465,142.43721118586262,146.34128452520636
p50,draw_05820,49,25.0,cotizando,25.0,3.6249999999999996,FG01,-0.012417409835118806,146.34128452520636,148.10409170880683
p50,draw_05820,50,25.083333333333332,cotizando,25.0,3.6249999999999996,FG01,-0.0015891989483620365,148.10409170880683,151.48796399582727
p50,draw_05820,51,25.166666666666668,cotizando,25.0,3.6249999999999996,FG01,-0.009223291091405449,151.48796399582727,153.68231197684307
p50,draw_05820,52,25.25,informal,25.0,0.0,FG01,0.005515546881975654,153.68231197684307,154.52995397348175
p50,draw_05820,53,25.333333333333332,desempleado,25.0,0.0,FG01,0.005304143041210713,154.52995397348175,155.3496029535088
p50,draw_05820,54,25.416666666666668,desempleado,25.0,0.0,FG01,0.001860710413312328,155.3496029535088,155.63866357742833
p50,draw_05820,55,25.5,informal,25.0,0.0,FG01,0.0056210932546849664,155.63866357742833,156.5135230194316
p50,draw_05820,56,25.583333333333332,informal,25.0,0.0,FG01,-0.004374151751246789,156.5135230194316,155.82890911862236
p50,draw_05820,57,25.666666666666668,desempleado,25.0,0.0,FG01,0.0016582207522426666,155.82890911862236,156.0873078495222
p50,draw_05820,58,25.75,cotizando,25.0,3.6249999999999996,FG01,-0.0020197778392564104,156.0873078495222,159.38972446947125
p50,draw_05820,59,25.833333333333332,cotizando,25.0,3.6249999999999996,FG01,0.002448206253228537,159.38972446947125,163.41381813728572
p50,draw_05820,60,25.916666666666668,cotizando,25.0,3.6249999999999996,FG01,-0.0023654130887038774,163.41381813728572,166.64370233054217
p50,draw_05820,61,26.0,cotizando,25.0,3.6249999999999996,FG01,0.0026008766947628074,166.64370233054217,170.71155023028118
p50,draw_05820,62,26.083333333333332,cotizando,25.0,3.6249999999999996,FG01,-0.0030491292807918605,170.71155023028118,173.8049755502618
p50,draw_05820,63,26.166666666666668,cotizando,25.0,3.6249999999999996,FG01,0.009617741110510322,173.8049755502618,179.13645112034837
p50,draw_05820,64,26.25,cotizando,25.0,3.6249999999999996,FG01,0.0015506430467191793,179.13645112034837,183.04484889373643
p50,draw_05820,65,26.333333333333332,cotizando,25.0,3.6249999999999996,FG01,0.006543732929380282,183.04484889373643,187.89136653086481
p50,draw_05820,66,26.416666666666668,cotizando,25.0,3.6249999999999996,FG01,0.009111862776924317,187.89136653086481,193.2614373822292
p50,draw_05820,67,26.5,cotizando,25.0,3.6249999999999996,FG01,0.002363031611263697,193.2614373822292,197.3516862575925
p50,draw_05820,68,26.583333333333332,cotizando,25.0,3.6249999999999996,FG01,-0.002911583028482279,197.3516862575925,200.39152594876427
p50,draw_05820,69,26.666666666666668,cotizando,25.0,3.6249999999999996,FG01,0.005316824390251162,200.39152594876427,205.10124598994295
p50,draw_05820,70,26.75,cotizando,25.0,3.6249999999999996,FG01,0.0015155363052821965,205.10124598994295,209.04257819360595
p50,draw_05820,71,26.833333333333332,cotizando,25.0,3.6249999999999996,FG01,0.002406796289542299,209.04257819360595,213.17942573170825
p50,draw_05820,72,26.916666666666668,cotizando,25.0,3.6249999999999996,FG01,0.003669155562882076,213.17942573170825,217.5999148964392
p50,draw_05820,73,27.0,cotizando,25.0,3.6249999999999996,FG01,0.0014444242046507169,217.5999148964392,221.54445751818741
p50,draw_05820,74,27.083333333333332,cotizando,25.0,3.6249999999999996,FG01,0.0048091930448976895,221.54445751818741,226.25234090720727
p50,draw_05820,75,27.166666666666668,cotizando,25.0,3.6249999999999996,FG01,0.003642374381704453,226.25234090720727,230.71464024466204
p50,draw_05820,76,27.25,cotizando,25.0,3.6249999999999996,FG01,-0.004541788890907099,230.71464024466204,233.27531906989967
p50,draw_05820,77,27.333333333333332,cotizando,25.0,3.6249999999999996,FG01,0.0041362619524132,233.27531906989967,237.88020084618304
p50,draw_05820,78,27.416666666666668,cotizando,25.0,3.6249999999999996,FG01,-0.0015579027450558732,237.88020084618304,241.1289592308395
p50,draw_05820,79,27.5,cotizando,25.0,3.6249999999999996,FG01,-0.0003661498511584908,241.1289592308395,244.6643426050967
p50,draw_05820,80,27.583333333333332,cotizando,25.0,3.6249999999999996,FG01,-0.0025907717257821587,244.6643426050967,247.64608159646238
p50,draw_05820,81,27.666666666666668,cotizando,25.0,3.6249999999999996,FG01,-0.003381554634245755,247.64608159646238,250.42139470603792
p50,draw_05820,82,27.75,cotizando,25.0,3.6249999999999996,FG01,9.053639433844595e-05,250.42139470603792,254.06939515060927
p50,draw_05820,83,27.833333333333332,cotizando,25.0,3.6249999999999996,FG01,0.004605799435186178,254.06939515060927,258.8812838502446
p50,draw_05820,84,27.916666666666668,cotizando,25.0,3.6249999999999996,FG01,0.0034698148862661285,258.8812838502446,263.4171320616866
p50,draw_05820,85,28.0,cotizando,25.0,3.6249999999999996,FG01,0.004923020104777512,263.4171320616866,268.3567858466489
p50,draw_05820,86,28.083333333333332,cotizando,25.0,3.6249999999999996,FG01,-0.009625786457875108,268.3567858466489,269.36374725565753
p50,draw_05820,87,28.166666666666668,cotizando,25.0,3.6249999999999996,FG01,0.0026147072381525137,269.36374725565753,273.7025329090411
p50,draw_05820,88,28.25,cotizando,25.0,3.6249999999999996,FG01,-0.0021635682991291184,273.7025329090411,276.72751585036343
p50,draw_05820,89,28.333333333333332,cotizando,25.0,3.6249999999999996,FG01,0.0001813220291525597,276.72751585036343,280.4033499374155
p50,draw_05820,90,28.416666666666668,cotizando,25.0,3.6249999999999996,FG01,-0.00018459725648175792,280.4033499374155,283.975919083254
p50,draw_05820,91,28.5,cotizando,25.0,3.6249999999999996,FG01,-0.0017443528704362134,283.975919083254,287.09924159451106
p50,draw_05820,92,28.583333333333332,cotizando,25.0,3.6249999999999996,FG01,-0.00254331834031118,287.09924159451106,289.9848372988907
p50,draw_05820,93,28.666666666666668,desempleado,25.0,0.0,FG01,0.0009699816348438371,289.9848372988907,290.2661172654538
p50,draw_05820,94,28.75,cotizando,25.0,3.6249999999999996,FG01,0.007384842707867184,290.2661172654538,296.0614569396985
p50,draw_05820,95,28.833333333333332,cotizando,25.0,3.6249999999999996,FG01,-0.004643455273220005,296.0614569396985,298.29487628090925
p50,draw_05820,96,28.916666666666668,cotizando,25.0,3.6249999999999996,FG01,0.002643453519525728,298.29487628090925,302.7179874404788
p50,draw_05820,97,29.0,cotizando,25.0,3.6249999999999996,FG01,-0.002733650549641295,302.7179874404788,305.5055527644834
p50,draw_05820,98,29.083333333333336,cotizando,25.0,3.6249999999999996,FG01,0.0028842838720485008,305.5055527644834,310.0221730321794
p50,draw_05820,99,29.166666666666664,cotizando,25.0,3.6249999999999996,FG01,-0.0019477123367796856,310.0221730321794,313.03627856386856
p50,draw_05820,100,29.25,cotizando,25.0,3.6249999999999996,FG01,0.003678342404485146,313.03627856386856,317.8260671726685
p50,draw_05820,101,29.333333333333336,cotizando,25.0,3.6249999999999996,FG01,-0.00015854339450880331,317.8260671726685,321.40010322931045
p50,draw_05820,102,29.416666666666664,cotizando,25.0,3.6249999999999996,FG01,0.0009618134736667442,321.40010322931045,325.3377167528763
p50,draw_05820,103,29.5,cotizando,25.0,3.6249999999999996,FG01,0.0057769065988757485,325.3377167528763,330.8631036420701
p50,draw_05820,104,29.583333333333336,cotizando,25.0,3.6249999999999996,FG01,0.0004995807175187334,330.8631036420701,334.6552074488891
p50,draw_05820,105,29.666666666666664,desempleado,25.0,0.0,FG01,-0.004277305633560604,334.6552074488891,333.2237848447675
p50,draw_05820,106,29.75,cotizando,25.0,3.6249999999999996,FG01,0.00781433382516726,333.2237848447675,339.48103369814646
p50,draw_05820,107,29.833333333333336,cotizando,25.0,3.6249999999999996,FG01,0.004663855154040359,339.48103369814646,344.7062305417919
p50,draw_05820,108,29.916666666666664,cotizando,25.0,3.6249999999999996,FG01,0.010111740655239078,344.7062305417919,351.85346560715084
p50,draw_05820,109,30.0,cotizando,25.0,3.6249999999999996,FG01,-1.0360095735893523e-05,351.85346560715084,355.4747828162151
p50,draw_05820,110,30.083333333333336,cotizando,25.0,3.6249999999999996,FG01,-0.002009060461681048,355.4747828162151,358.3783296407608
p50,draw_05820,111,30.166666666666664,cotizando,25.0,3.6249999999999996,FG01,0.0034081426925808454,358.3783296407608,363.23708864336595
p50,draw_05820,112,30.25,cotizando,25.0,3.6249999999999996,FG01,0.0020224892616709537,363.23708864336595,367.60406327816133
p50,draw_05820,113,30.333333333333336,cotizando,25.0,3.6249999999999996,FG01,0.0060719916763487996,367.60406327816133,373.48316306040505
p50,draw_05820,114,30.416666666666664,cotizando,25.0,3.6249999999999996,FG01,0.0048258458979611,373.48316306040505,378.9280289421977
p50,draw_05820,115,30.5,cotizando,25.0,3.6249999999999996,FG01,-0.0006658921463184119,378.9280289421977,382.2982898846748
p50,draw_05820,116,30.583333333333336,cotizando,25.0,3.6249999999999996,FG01,-0.0003198899044294135,382.2982898846748,385.7998369203565
p50,draw_05820,117,30.666666666666664,cotizando,25.0,3.6249999999999996,FG01,0.009895168375790292,385.7998369203565,393.278261251398
p50,draw_05820,118,30.75,cotizando,25.0,3.6249999999999996,FG01,-0.005086634842676124,393.278261251398,394.8843592935449
p50,draw_05820,119,30.833333333333336,cotizando,25.0,3.6249999999999996,FG01,-0.002025245552891871,394.8843592935449,397.7022799858499
p50,draw_05820,120,30.916666666666664,cotizando,25.0,3.6249999999999996,FG01,0.004155813553849097,397.7022799858499,402.99512133554447
p50,draw_05820,121,31.0,cotizando,25.0,3.6249999999999996,FG01,0.006184424315133507,402.99512133554447,409.1348327009545
p50,draw_05820,122,31.083333333333336,cotizando,25.0,3.6249999999999996,FG01,-0.006654512862171349,409.1348327009545,410.01311708525833
p50,draw_05820,123,31.166666666666664,cotizando,25.0,3.6249999999999996,FG01,0.0015274260211301295,410.01311708525833,414.26991870862565
p50,draw_05820,124,31.25,cotizando,25.0,3.6249999999999996,FG01,-0.008243134566922643,414.26991870862565,414.4501546588773
p50,draw_05820,125,31.333333333333336,cotizando,25.0,3.6249999999999996,FG01,-0.0005536274253336508,414.4501546588773,417.84369678740757
p50,draw_05820,126,31.416666666666664,cotizando,25.0,3.6249999999999996,FG01,0.0032338395774007033,417.84369678740757,422.8316589397142
p50,draw_05820,127,31.5,cotizando,25.0,3.6249999999999996,FG01,-0.0010336458777984211,422.8316589397142,426.0158537721415
p50,draw_05820,128,31.583333333333336,cotizando,25.0,3.6249999999999996,FG01,0.004488779361477385,426.0158537721415,431.5694167694014
p50,draw_05820,129,31.666666666666664,cotizando,25.0,3.6249999999999996,FG01,-1.3945708728721179e-05,431.5694167694014,435.1883476748248
p50,draw_05820,130,31.75,cotizando,25.0,3.6249999999999996,FG01,0.0013394961116592339,435.1883476748248,439.40113644777944
p50,draw_05820,131,31.833333333333336,cotizando,25.0,3.6249999999999996,FG01,7.295715370960341e-05,439.40113644777944,443.0584583737137
p50,draw_05820,132,31.916666666666664,cotizando,25.0,3.6249999999999996,FG01,0.0004666030117114801,443.0584583737137,446.8918822206726
p50,draw_05820,133,32.0,cotizando,25.0,3.6249999999999996,FG01,-0.00506843731126287,446.8918822206726,448.23346564547154
p50,draw_05820,134,32.083333333333336,cotizando,25.0,3.6249999999999996,FG01,-0.004088600728088707,448.23346564547154,450.01099679384043
p50,draw_05820,135,32.166666666666664,cotizando,25.0,3.6249999999999996,FG01,-0.005019034682754761,450.01099679384043,451.3591819925861
p50,draw_05820,136,32.25,cotizando,25.0,3.6249999999999996,FG01,0.0062985171225965995,451.3591819925861,457.84990765337704
p50,draw_05820,137,32.333333333333336,cotizando,25.0,3.6249999999999996,FG01,0.009055821606781114,457.84990765337704,465.6539420930918
p50,draw_05820,138,32.416666666666664,desempleado,25.0,0.0,FG01,0.011093723879067605,465.6539420930918,470.8197783498719
p50,draw_05820,139,32.5,desempleado,25.0,0.0,FG01,-0.00032215120567379317,470.8197783498719,470.6681031906214
p50,draw_05820,140,32.583333333333336,desempleado,25.0,0.0,FG01,0.008430473332441629,470.6681031906214,474.6360580830008
p50,draw_05820,141,32.666666666666664,informal,25.0,0.0,FG01,-0.0036256558097509293,474.6360580830008,472.9151911014949
p50,draw_05820,142,32.75,informal,25.0,0.0,FG01,0.006116367730447714,472.9151911014949,475.80771431558657
p50,draw_05820,143,32.833333333333336,informal,25.0,0.0,FG01,-0.0038864214723521697,475.80771431558657,473.95852499795967
p50,draw_05820,144,32.916666666666664,informal,25.0,0.0,FG01,0.008357669940200662,473.95852499795967,477.9197139152369
p50,draw_05820,145,33.0,cotizando,25.0,3.6249999999999996,FG01,0.011175537697403636,477.9197139152369,486.9262350185821
p50,draw_05820,146,33.083333333333336,cotizando,25.0,3.6249999999999996,FG01,0.006436057316691429,486.9262350185821,493.7084508839355
p50,draw_05820,147,33.166666666666664,cotizando,25.0,3.6249999999999996,FG01,0.0039153438885648284,493.7084508839355,499.28068237143276
p50,draw_05820,148,33.25,cotizando,25.0,3.6249999999999996,FG01,0.006281356766686444,499.28068237143276,506.0646123824016
p50,draw_05820,149,33.333333333333336,cotizando,25.0,3.6249999999999996,FG01,-0.011197619374579741,506.0646123824016,503.98230210376636
p50,draw_05820,150,33.416666666666664,cotizando,25.0,3.6249999999999996,FG01,0.0014788254824007565,503.98230210376636,508.3579647171701
p50,draw_05820,151,33.5,cotizando,25.0,3.6249999999999996,FG01,-0.005459334819158331,508.3579647171701,509.1878782910738
p50,draw_05820,152,33.583333333333336,cotizando,25.0,3.6249999999999996,FG01,-0.00017658045120821683,509.1878782910738,512.7223255616398
p50,draw_05820,153,33.666666666666664,informal,25.0,0.0,FG01,-0.0001517198365615374,512.7223255616398,512.644535414204
p50,draw_05820,154,33.75,informal,25.0,0.0,FG01,-0.00560289852963055,512.644535414204,509.7722401005086
p50,draw_05820,155,33.833333333333336,informal,25.0,0.0,FG01,0.012332132058555911,509.7722401005086,516.058818685214
p50,draw_05820,156,33.916666666666664,cotizando,25.0,3.6249999999999996,FG01,-8.73997210537779e-05,516.058818685214,519.6383984644248
p50,draw_05820,157,34.0,cotizando,25.0,3.6249999999999996,FG01,0.0014634615154888433,519.6383984644248,524.0291743105414
p50,draw_05820,158,34.083333333333336,cotizando,25.0,3.6249999999999996,FG01,0.005829064520085424,524.0291743105414,530.7299045368899
p50,draw_05820,159,34.166666666666664,cotizando,25.0,3.6249999999999996,FG01,-0.0006236612625359751,530.7299045368899,534.0216480824841
p50,draw_05820,160,34.25,cotizando,25.0,3.6249999999999996,FG01,0.007002110465385827,534.0216480824841,541.4113093037022
p50,draw_05820,161,34.333333333333336,cotizando,25.0,3.6249999999999996,FG01,0.0008190459626623183,541.4113093037022,545.4827190923418
p50,draw_05820,162,34.416666666666664,cotizando,25.0,3.6249999999999996,FG01,-0.005372003254036526,545.4827190923418,546.1579106385611
p50,draw_05820,163,34.5,cotizando,25.0,3.6249999999999996,FG01,-0.0033665179860610127,546.1579106385611,547.9320565814675
p50,draw_05820,164,34.583333333333336,cotizando,25.0,3.6249999999999996,FG01,-0.0007342996156796893,547.9320565814675,551.1520484467942
p50,draw_05820,165,34.666666666666664,cotizando,25.0,3.6249999999999996,FG01,-0.00647053656563074,551.1520484467942,551.1873432690464
p50,draw_05820,166,34.75,cotizando,25.0,3.6249999999999996,FG01,0.0016577735218754445,551.1873432690464,555.7320964813275
p50,draw_05820,167,34.833333333333336,cotizando,25.0,3.6249999999999996,FG01,0.0028649504109256206,555.7320964813275,560.9596268247459
p50,draw_05820,168,34.916666666666664,cotizando,25.0,3.6249999999999996,FG01,-0.0010296546125160787,560.9596268247459,564.0032996595802
p50,draw_05820,169,35.0,cotizando,25.0,3.6249999999999996,FG01,0.004737724653533514,564.0032996595802,570.3175662489208
p50,draw_05820,170,35.083333333333336,cotizando,25.0,3.6249999999999996,FG02,0.003736525306411074,570.3175662489208,576.0871171721363
p50,draw_05820,171,35.166666666666664,cotizando,25.0,3.6249999999999996,FG02,0.006038490580202071,576.0871171721363,583.2127033309092
p50,draw_05820,172,35.25,cotizando,25.0,3.6249999999999996,FG02,-0.004122261722639344,583.2127033309092,584.4186047290667
p50,draw_05820,173,35.333333333333336,cotizando,25.0,3.6249999999999996,FG02,0.0048698303554053106,584.4186047290667,590.9072773256783
p50,draw_05820,174,35.416666666666664,cotizando,25.0,3.6249999999999996,FG02,0.0061612250937032875,590.9072773256783,598.1953245117538
p50,draw_05820,175,35.5,cotizando,25.0,3.6249999999999996,FG02,0.0006762855633114975,598.1953245117538,602.2273269089286
p50,draw_05820,176,35.583333333333336,cotizando,25.0,3.6249999999999996,FG02,-0.0010076894737054134,602.2273269089286,605.2418158964825
p50,draw_05820,177,35.666666666666664,cotizando,25.0,3.6249999999999996,FG02,0.0005127520241023321,605.2418158964825,609.1790135887422
p50,draw_05820,178,35.75,cotizando,25.0,3.6249999999999996,FG02,0.00208204298505149,609.1790135887422,614.079897886446
p50,draw_05820,179,35.833333333333336,cotizando,25.0,3.6249999999999996,FG02,-0.004976666158259837,614.079897886446,614.6307868253432
p50,draw_05820,180,35.916666666666664,cotizando,25.0,3.6249999999999996,FG02,0.006099774414313955,614.6307868253432,622.0270076553219
p50,draw_05820,181,36.0,cotizando,25.0,3.6249999999999996,FG02,0.00516967524121667,622.0270076553219,628.8864253489152
p50,draw_05820,182,36.083333333333336,cotizando,25.0,3.6249999999999996,FG02,0.0016651963529483568,628.8864253489152,633.5646810676044
p50,draw_05820,183,36.166666666666664,cotizando,25.0,3.6249999999999996,FG02,-0.003056841314964254,633.5646810676044,635.2418933250481
p50,draw_05820,184,36.25,cotizando,25.0,3.6249999999999996,FG02,2.468150963688371e-05,635.2418933250481,638.8826615244324
p50,draw_05820,185,36.333333333333336,cotizando,25.0,3.6249999999999996,FG02,0.003788622787421214,638.8826615244324,644.9418806919766
p50,draw_05820,186,36.416666666666664,cotizando,25.0,3.6249999999999996,FG02,0.0060131876807919355,644.9418806919766,652.4668350691232
p50,draw_05820,187,36.5,cotizando,25.0,3.6249999999999996,FG02,-0.0019415098738892439,652.4668350691232,654.8180262931585
p50,draw_05820,188,36.583333333333336,cotizando,25.0,3.6249999999999996,FG02,0.004173064629212166,654.8180262931585,661.1907515965339
p50,draw_05820,189,36.666666666666664,informal,25.0,0.0,FG02,0.003327834530458499,661.1907515965339,663.3910850109168
p50,draw_05820,190,36.75,informal,25.0,0.0,FG02,0.0002631703090395214,663.3910850109168,663.565669847773
p50,draw_05820,191,36.833333333333336,cotizando,25.0,3.6249999999999996,FG02,-0.005536434014383238,663.565669847773,663.4968127291487
p50,draw_05820,192,36.916666666666664,cotizando,25.0,3.6249999999999996,FG02,0.000783668294498103,663.4968127291487,667.6446149423526
p50,draw_05820,193,37.0,cotizando,25.0,3.6249999999999996,FG02,-0.00015103308756233942,667.6446149423526,671.1682310198211
p50,draw_05820,194,37.08333333333333,cotizando,25.0,3.6249999999999996,FG02,-0.004508781273403957,671.1682310198211,671.7507359363792
p50,draw_05820,195,37.16666666666667,cotizando,25.0,3.6249999999999996,FG02,0.002107674759802372,671.7507359363792,676.7992083283953
p50,draw_05820,196,37.25,cotizando,25.0,3.6249999999999996,FG02,0.002242014824207613,676.7992083283953,681.9497294902174
p50,draw_05820,197,37.33333333333333,cotizando,25.0,3.6249999999999996,FG02,0.0010109711485470976,681.9497294902174,686.267825761905
p50,draw_05820,198,37.41666666666667,cotizando,25.0,3.6249999999999996,FG02,0.0007149158202945914,686.267825761905,690.3860410573499
p50,draw_05820,199,37.5,cotizando,25.0,3.6249999999999996,FG02,0.0017390390535164813,690.3860410573499,695.2179533613203
p50,draw_05820,200,37.58333333333333,cotizando,25.0,3.6249999999999996,FG02,0.006161707949400385,695.2179533613203,703.1490195424291
p50,draw_05820,201,37.66666666666667,cotizando,25.0,3.6249999999999996,FG02,0.0021257495406237156,703.1490195424291,708.2764440897962
p50,draw_05820,202,37.75,cotizando,25.0,3.6249999999999996,FG02,-0.0048986220087077715,708.2764440897962,708.4141080077471
p50,draw_05820,203,37.83333333333333,cotizando,25.0,3.6249999999999996,FG02,-0.0006445052074218367,708.4141080077471,711.5801950947481
p50,draw_05820,204,37.91666666666667,cotizando,25.0,3.6249999999999996,FG02,-0.002644512547154874,711.5801950947481,713.3138259825297
p50,draw_05820,205,38.0,cotizando,25.0,3.6249999999999996,FG02,0.004924592573560247,713.3138259825297,720.4694576006602
p50,draw_05820,206,38.08333333333333,cotizando,25.0,3.6249999999999996,FG02,0.0021787141938721106,720.4694576006602,725.6720524731389
p50,draw_05820,207,38.16666666666667,cotizando,25.0,3.6249999999999996,FG02,0.004084062553125986,725.6720524731389,732.2755472552496
p50,draw_05820,208,38.25,cotizando,25.0,3.6249999999999996,FG02,0.000662758245302221,732.2755472552496,736.3882714106655
p50,draw_05820,209,38.33333333333333,cotizando,25.0,3.6249999999999996,FG02,0.0023998200149779295,736.3882714106655,741.7891700707462
p50,draw_05820,210,38.41666666666667,cotizando,25.0,3.6249999999999996,FG02,0.002192429454364233,741.7891700707462,747.0484380529098
p50,draw_05820,211,38.5,cotizando,25.0,3.6249999999999996,FG02,0.0012984172636186508,747.0484380529098,751.6481254042176
p50,draw_05820,212,38.58333333333333,cotizando,25.0,3.6249999999999996,FG02,0.003068408606155376,751.6481254042176,757.5906119622058
p50,draw_05820,213,38.66666666666667,cotizando,25.0,3.6249999999999996,FG02,0.0066404649519526335,757.5906119622058,766.2704375543201
p50,draw_05820,214,38.75,cotizando,25.0,3.6249999999999996,FG02,-0.004150041595500564,766.2704375543201,766.7003394642835
p50,draw_05820,215,38.83333333333333,cotizando,25.0,3.6249999999999996,FG02,0.003683489929127485,766.7003394642835,773.162825094352
p50,draw_05820,216,38.91666666666667,cotizando,25.0,3.6249999999999996,FG02,-0.0002669688969212021,773.162825094352,776.5804469055447
p50,draw_05820,217,39.0,cotizando,25.0,3.6249999999999996,FG02,-0.00039138985281182074,776.5804469055447,779.9000824105174
p50,draw_05820,218,39.08333333333333,cotizando,25.0,3.6249999999999996,FG02,-0.00459913143630567,779.9000824105174,779.9215475728691
p50,draw_05820,219,39.16666666666667,cotizando,25.0,3.6249999999999996,FG02,0.004531564381991065,779.9215475728691,787.0972391994824
p50,draw_05820,220,39.25,desempleado,25.0,0.0,FG02,-0.004567076199783894,787.0972391994824,783.5025061314188
p50,draw_05820,221,39.33333333333333,desempleado,25.0,0.0,FG02,0.004637423416766586,783.5025061314188,787.1359390004479
p50,draw_05820,222,39.41666666666667,informal,25.0,0.0,FG02,0.004233173766349954,787.1359390004479,790.4680222079759
p50,draw_05820,223,39.5,cotizando,25.0,3.6249999999999996,FG02,-0.00045686800134683907,790.4680222079759,793.7302265160363
p50,draw_05820,224,39.58333333333333,cotizando,25.0,3.6249999999999996,FG02,-0.0012070598783208483,793.7302265160363,796.3927710133394
p50,draw_05820,225,39.66666666666667,cotizando,25.0,3.6249999999999996,FG02,0.002291296142518372,796.3927710133394,801.8508486460083
p50,draw_05820,226,39.75,cotizando,25.0,3.6249999999999996,FG02,0.0062680668775264075,801.8508486460083,810.5246251335539
p50,draw_05820,227,39.83333333333333,cotizando,25.0,3.6249999999999996,FG02,-0.00303476571379068,810.5246251335539,811.678871765303
p50,draw_05820,228,39.91666666666667,cotizando,25.0,3.6249999999999996,FG02,0.005225944817761693,811.678871765303,819.5646048088558
p50,draw_05820,229,40.0,cotizando,25.0,3.6249999999999996,FG02,0.000996541505184512,819.5646048088558,824.0099474166843
p50,draw_05820,230,40.08333333333333,cotizando,25.0,3.6249999999999996,FG03,0.0016152677453726487,824.0099474166843,828.9717994521897
p50,draw_05820,231,40.16666666666667,cotizando,25.0,3.6249999999999996,FG03,-0.0003397849172513179,828.9717994521897,832.3138956175841
p50,draw_05820,232,40.25,cotizando,25.0,3.6249999999999996,FG03,-0.0015728367074339738,832.3138956175841,834.6241002373849
p50,draw_05820,233,40.33333333333333,cotizando,25.0,3.6249999999999996,FG03,-0.0003291564466898761,834.6241002373849,837.9731851421099
p50,draw_05820,234,40.41666666666667,cotizando,25.0,3.6249999999999996,FG03,-0.002923088027150941,837.9731851421099,839.138119563449
p50,draw_05820,235,40.5,cotizando,25.0,3.6249999999999996,FG03,-0.0016116544250569015,839.138119563449,841.4048766525298
p50,draw_05820,236,40.58333333333333,cotizando,25.0,3.6249999999999996,FG03,-0.004701803952248153,841.4048766525298,841.0567118387171
p50,draw_05820,237,40.66666666666667,cotizando,25.0,3.6249999999999996,FG03,0.01164934165359033,841.0567118387171,854.5216976884658
p50,draw_05820,238,40.75,cotizando,25.0,3.6249999999999996,FG03,-0.001280714520193527,854.5216976884658,857.0476567522801
p50,draw_05820,239,40.83333333333333,cotizando,25.0,3.6249999999999996,FG03,0.0036260156274891928,857.0476567522801,863.7934692558165
p50,draw_05820,240,40.91666666666667,cotizando,25.0,3.6249999999999996,FG03,0.012423351175889297,863.7934692558165,878.1947135158339
p50,draw_05820,241,41.0,cotizando,25.0,3.6249999999999996,FG03,0.003568832044378333,878.1947135158339,884.9667799667936
p50,draw_05820,242,41.08333333333333,cotizando,25.0,3.6249999999999996,FG03,0.0022418578017700105,884.9667799667936,890.5838763813009
p50,draw_05820,243,41.16666666666667,cotizando,25.0,3.6249999999999996,FG03,-0.00016340172153911416,890.5838763813009,894.0627611114846
p50,draw_05820,244,41.25,cotizando,25.0,3.6249999999999996,FG03,-5.675735496989202e-06,894.0627611114846,897.6826660731937
p50,draw_05820,245,41.33333333333333,cotizando,25.0,3.6249999999999996,FG03,-0.0002856590174036829,897.6826660731937,901.0501994109248
p50,draw_05820,246,41.41666666666667,cotizando,25.0,3.6249999999999996,FG03,0.003203279752278533,901.0501994109248,907.5731271595864
p50,draw_05820,247,41.5,cotizando,25.0,3.6249999999999996,FG03,-0.006080861446508585,907.5731271595864,905.6572575980109
p50,draw_05820,248,41.58333333333333,cotizando,25.0,3.6249999999999996,FG03,0.002552228204410167,905.6572575980109,911.6029534216223
p50,draw_05820,249,41.66666666666667,cotizando,25.0,3.6249999999999996,FG03,0.0011774231634025937,911.6029534216223,916.3055640137744
p50,draw_05820,250,41.75,cotizando,25.0,3.6249999999999996,FG03,-0.007534215380669291,916.3055640137744,912.9996090092341
p50,draw_05820,251,41.83333333333333,cotizando,25.0,3.6249999999999996,FG03,-0.0008498581226170207,912.9996090092341,915.8456081398768
p50,draw_05820,252,41.91666666666667,cotizando,25.0,3.6249999999999996,FG03,0.010670876591925735,915.8456081398768,929.2821655292403
p50,draw_05820,253,42.0,cotizando,25.0,3.6249999999999996,FG03,0.003100548647387607,929.2821655292403,935.7996895794602
p50,draw_05820,254,42.08333333333333,cotizando,25.0,3.6249999999999996,FG03,0.0027188595369518885,935.7996895794602,941.9788533559713
p50,draw_05820,255,42.16666666666667,cotizando,25.0,3.6249999999999996,FG03,0.001960734078178672,941.9788533559713,947.4579310557034
p50,draw_05820,256,42.25,cotizando,25.0,3.6249999999999996,FG03,0.004615250202581753,947.4579310557034,955.4724167459303
p50,draw_05820,257,42.33333333333333,cotizando,25.0,3.6249999999999996,FG03,-0.0013351498781535647,955.4724167459303,957.8168779468247
p50,draw_05820,258,42.41666666666667,cotizando,25.0,3.6249999999999996,FG03,0.007103878932512334,957.8168779468247,968.2718446484063
p50,draw_05820,259,42.5,cotizando,25.0,3.6249999999999996,FG03,-0.004965865270814462,968.2718446484063,967.0705358607527
p50,draw_05820,260,42.58333333333333,cotizando,25.0,3.6249999999999996,FG03,0.002822314701108125,967.0705358607527,973.4351441419126
p50,draw_05820,261,42.66666666666667,cotizando,25.0,3.6249999999999996,FG03,0.005565135886580805,973.4351441419126,982.4976166134245
p50,draw_05820,262,42.75,cotizando,25.0,3.6249999999999996,FG03,0.0006308008946863099,982.4976166134245,986.7446636422546
p50,draw_05820,263,42.83333333333333,cotizando,25.0,3.6249999999999996,FG03,-0.00227376298986791,986.7446636422546,988.1177977547769
p50,draw_05820,264,42.91666666666667,informal,25.0,0.0,FG03,0.007485429446786578,988.1177977547769,995.5142838149844
p50,draw_05820,265,43.0,desempleado,25.0,0.0,FG03,-0.0006801716844270923,995.5142838149844,994.8371631876907
p50,draw_05820,266,43.08333333333333,desempleado,25.0,0.0,FG03,-0.008629118132857903,994.8371631876907,986.2525957835869
p50,draw_05820,267,43.16666666666667,informal,25.0,0.0,FG03,-0.0026154872805760486,986.2525957835869,983.6730646638798
p50,draw_05820,268,43.25,informal,25.0,0.0,FG03,-0.004927120255730794,983.6730646638798,978.8263891819576
p50,draw_05820,269,43.33333333333333,cotizando,25.0,3.6249999999999996,FG03,-0.0018526481171876063,978.8263891819576,980.6312524655611
p50,draw_05820,270,43.41666666666667,cotizando,25.0,3.6249999999999996,FG03,0.002327233637527658,980.6312524655611,986.5468467242459
p50,draw_05820,271,43.5,cotizando,25.0,3.6249999999999996,FG03,0.00420324581626252,986.5468467242459,994.3337823963705
p50,draw_05820,272,43.58333333333333,cotizando,25.0,3.6249999999999996,FG03,0.005248861845460137,994.3337823963705,1003.1969301726325
p50,draw_05820,273,43.66666666666667,cotizando,25.0,3.6249999999999996,FG03,0.0018372003119869627,1003.1969301726325,1008.6716637368609
p50,draw_05820,274,43.75,cotizando,25.0,3.6249999999999996,FG03,0.0062844703654180685,1008.6716637368609,1018.6584121211268
p50,draw_05820,275,43.83333333333333,cotizando,25.0,3.6249999999999996,FG03,-0.001859221802186904,1018.6584121211268,1020.3827605132973
p50,draw_05820,276,43.91666666666667,cotizando,25.0,3.6249999999999996,FG03,-0.00038223061277573093,1020.3827605132973,1023.6163533995091
p50,draw_05820,277,44.0,cotizando,25.0,3.6249999999999996,FG03,0.005641259857970641,1023.6163533995091,1033.0362888108891
p50,draw_05820,278,44.08333333333333,cotizando,25.0,3.6249999999999996,FG03,0.001602650825995497,1033.0362888108891,1038.3226948816794
p50,draw_05820,279,44.16666666666667,cotizando,25.0,3.6249999999999996,FG03,-0.0052039926744828656,1038.3226948816794,1036.5254067103208
p50,draw_05820,280,44.25,cotizando,25.0,3.6249999999999996,FG03,0.0006698603409217087,1036.5254067103208,1040.8471622163695
p50,draw_05820,281,44.33333333333333,cotizando,25.0,3.6249999999999996,FG03,0.007134692201798735,1040.8471622163695,1051.9241496071304
p50,draw_05820,282,44.41666666666667,cotizando,25.0,3.6249999999999996,FG03,0.003608921006908198,1051.9241496071304,1059.3585431069716
p50,draw_05820,283,44.5,cotizando,25.0,3.6249999999999996,FG03,0.01291707258761985,1059.3585431069716,1076.7141786927295
p50,draw_05820,284,44.58333333333333,cotizando,25.0,3.6249999999999996,FG03,0.0002535099976015451,1076.7141786927295,1080.6130554753288
p50,draw_05820,285,44.66666666666667,cotizando,25.0,3.6249999999999996,FG03,-0.004773936368399827,1080.6130554753288,1079.061971990292
p50,draw_05820,286,44.75,cotizando,25.0,3.6249999999999996,FG03,0.005676071290671019,1079.061971990292,1088.8323804287895
p50,draw_05820,287,44.83333333333333,cotizando,25.0,3.6249999999999996,FG03,0.004425974337983523,1088.8323804287895,1097.2925687599081
p50,draw_05820,288,44.91666666666667,cotizando,25.0,3.6249999999999996,FG03,0.00018302854273378859,1097.2925687599081,1101.1190680981883
p50,draw_05820,289,45.0,cotizando,25.0,3.6249999999999996,FG03,-0.00287269974008575,1101.1190680981883,1101.5704701009015
p50,draw_05820,290,45.08333333333333,cotizando,25.0,3.6249999999999996,FG04,0.00686977111248761,1101.5704701009015,1112.7879100150528
p50,draw_05820,291,45.16666666666667,cotizando,25.0,3.6249999999999996,FG04,0.0026680704014912055,1112.7879100150528,1119.3915782561066
p50,draw_05820,292,45.25,cotizando,25.0,3.6249999999999996,FG04,0.0020778181410075953,1119.3915782561066,1125.3500024750592
p50,draw_05820,293,45.33333333333333,cotizando,25.0,3.6249999999999996,FG04,0.0026450518074454315,1125.3500024750592,1131.9611998459166
p50,draw_05820,294,45.41666666666667,cotizando,25.0,3.6249999999999996,FG04,-0.001650201182040971,1131.9611998459166,1133.7122541566214
p50,draw_05820,295,45.5,cotizando,25.0,3.6249999999999996,FG04,-0.003744706664270603,1133.7122541566214,1133.0782597614577
p50,draw_05820,296,45.58333333333333,cotizando,25.0,3.6249999999999996,FG04,0.003808825267614068,1133.0782597614577,1141.0327638590165
p50,draw_05820,297,45.66666666666667,cotizando,25.0,3.6249999999999996,FG04,-0.008010548385272069,1141.0327638590165,1135.4884274570466
p50,draw_05820,298,45.75,cotizando,25.0,3.6249999999999996,FG04,0.001362276507662867,1135.4884274570466,1140.6652149188346
p50,draw_05820,299,45.83333333333333,cotizando,25.0,3.6249999999999996,FG04,-0.004109510316781385,1140.6652149188346,1139.5877424752337
p50,draw_05820,300,45.91666666666667,cotizando,25.0,3.6249999999999996,FG04,0.0023083713181406645,1139.5877424752337,1145.8517019804965
p50,draw_05820,301,46.0,cotizando,25.0,3.6249999999999996,FG04,0.006657143019534216,1145.8517019804965,1157.128932783203
p50,draw_05820,302,46.08333333333333,cotizando,25.0,3.6249999999999996,FG04,0.0032856106102413895,1157.128932783203,1164.567718220635
p50,draw_05820,303,46.16666666666667,cotizando,25.0,3.6249999999999996,FG04,0.0018401953611917137,1164.567718220635,1170.3424210416827
p50,draw_05820,304,46.25,cotizando,25.0,3.6249999999999996,FG04,0.0017278272842664746,1170.3424210416827,1175.9958339825985
p50,draw_05820,305,46.33333333333333,cotizando,25.0,3.6249999999999996,FG04,0.0011719020578618003,1175.9958339825985,1181.0032340654393
p50,draw_05820,306,46.41666666666667,cotizando,25.0,3.6249999999999996,FG04,-0.0018668372049135294,1181.0032340654393,1182.416726004095
p50,draw_05820,307,46.5,cotizando,25.0,3.6249999999999996,FG04,0.0014479931046450217,1182.416726004095,1187.75910624517
p50,draw_05820,308,46.58333333333333,cotizando,25.0,3.6249999999999996,FG04,-0.01132961092332596,1187.75910624517,1177.8861878611776
p50,draw_05820,309,46.66666666666667,cotizando,25.0,3.6249999999999996,FG04,0.00825056717420064,1177.8861878611776,1191.2593252836957
p50,draw_05820,310,46.75,cotizando,25.0,3.6249999999999996,FG04,0.0007552438767303108,1191.2593252836957,1195.786754353767
p50,draw_05820,311,46.83333333333333,cotizando,25.0,3.6249999999999996,FG04,-0.00036555507386907605,1195.786754353767,1198.973303301305
p50,draw_05820,312,46.91666666666667,cotizando,25.0,3.6249999999999996,FG04,0.0024345999535553687,1198.973303301305,1205.526149074668
p50,draw_05820,313,47.0,cotizando,25.0,3.6249999999999996,FG04,-0.0009255997717108711,1205.526149074668,1208.0319590471204
p50,draw_05820,314,47.08333333333333,cotizando,25.0,3.6249999999999996,FG04,0.0004204205906272004,1208.0319590471204,1212.1663645814806
p50,draw_05820,315,47.16666666666667,cotizando,25.0,3.6249999999999996,FG04,0.00462324099047522,1212.1663645814806,1221.4122610540794
p50,draw_05820,316,47.25,cotizando,25.0,3.6249999999999996,FG04,0.0014173321756825931,1221.4122610540794,1226.7735457805813
p50,draw_05820,317,47.33333333333333,cotizando,25.0,3.6249999999999996,FG04,0.007548458383945414,1226.7735457805813,1239.686157999073
p50,draw_05820,318,47.41666666666667,cotizando,25.0,3.6249999999999996,FG04,0.0018082768766408226,1239.686157999073,1245.5594088165521
p50,draw_05820,319,47.5,cotizando,25.0,3.6249999999999996,FG04,0.005445550329149383,1245.5594088165521,1255.9869053851512
p50,draw_05820,320,47.58333333333333,cotizando,25.0,3.6249999999999996,FG04,0.0015009615028092316,1255.9869053851512,1261.5025343636144
p50,draw_05820,321,47.66666666666667,cotizando,25.0,3.6249999999999996,FG04,0.0022026547536697113,1261.5025343636144,1267.9141735411788
p50,draw_05820,322,47.75,cotizando,25.0,3.6249999999999996,FG04,-0.0008958454831211019,1267.9141735411788,1270.4000709159504
p50,draw_05820,323,47.83333333333333,cotizando,25.0,3.6249999999999996,FG04,-0.0009545226774227337,1270.4000709159504,1272.808985094156
p50,draw_05820,324,47.91666666666667,cotizando,25.0,3.6249999999999996,FG04,-0.002578269536519811,1272.808985094156,1273.1429942350092
p50,draw_05820,325,48.0,cotizando,25.0,3.6249999999999996,FG04,0.000732379404439995,1273.1429942350092,1277.7030728182351
p50,draw_05820,326,48.08333333333333,cotizando,25.0,3.6249999999999996,FG04,0.002251951405843708,1277.7030728182351,1284.213561373165
p50,draw_05820,327,48.16666666666667,cotizando,25.0,3.6249999999999996,FG04,0.004095214541370128,1284.213561373165,1293.1125365766377
p50,draw_05820,328,48.25,cotizando,25.0,3.6249999999999996,FG04,-0.0018260199948359633,1293.1125365766377,1294.3696679067943
p50,draw_05820,329,48.33333333333333,cotizando,25.0,3.6249999999999996,FG04,-0.003023289437565956,1294.3696679067943,1294.070454337295
p50,draw_05820,330,48.41666666666667,cotizando,25.0,3.6249999999999996,FG04,0.0015124612190929594,1294.070454337295,1299.6581683861732
p50,draw_05820,331,48.5,cotizando,25.0,3.6249999999999996,FG04,0.0019122982497394266,1299.6581683861732,1305.775434507993
p50,draw_05820,332,48.58333333333333,cotizando,25.0,3.6249999999999996,FG04,-0.002516795145596112,1305.775434507993,1306.1049418507819
p50,draw_05820,333,48.66666666666667,cotizando,25.0,3.6249999999999996,FG04,0.001218680946310215,1306.1049418507819,1311.3260847757274
p50,draw_05820,334,48.75,cotizando,25.0,3.6249999999999996,FG04,0.002676949865859758,1311.3260847757274,1318.4711429057302
p50,draw_05820,335,48.83333333333333,cotizando,25.0,3.6249999999999996,FG04,0.002085305245740674,1318.4711429057302,1324.853116927905
p50,draw_05820,336,48.91666666666667,desempleado,25.0,0.0,FG04,-0.004472350771128721,1324.853116927905,1318.92790906878
p50,draw_05820,337,49.0,cotizando,25.0,3.6249999999999996,FG04,-0.002519028090063711,1318.92790906878,1319.2213611402403
p50,draw_05820,338,49.08333333333333,cotizando,25.0,3.6249999999999996,FG04,0.0012191689789246237,1319.2213611402403,1324.459134387626
p50,draw_05820,339,49.16666666666667,cotizando,25.0,3.6249999999999996,FG04,-0.001691387537775619,1324.459134387626,1325.837829433605
p50,draw_05820,340,49.25,cotizando,25.0,3.6249999999999996,FG04,-0.00388015722795578,1325.837829433605,1324.3043046266798
p50,draw_05820,341,49.33333333333333,cotizando,25.0,3.6249999999999996,FG04,-2.2804839250005968e-06,1324.3043046266798,1327.926276305247
p50,draw_05820,342,49.41666666666667,cotizando,25.0,3.6249999999999996,FG04,0.007565771900344068,1327.926276305247,1341.6254895353845
p50,draw_05820,343,49.5,cotizando,25.0,3.6249999999999996,FG04,-0.00026061747432997947,1341.6254895353845,1344.8998937504607
p50,draw_05820,344,49.58333333333333,cotizando,25.0,3.6249999999999996,FG04,0.004492426460274375,1344.8998937504607,1354.5830426654838
p50,draw_05820,345,49.66666666666667,cotizando,25.0,3.6249999999999996,FG04,0.0006488497902466279,1354.5830426654838,1359.0893156690786
p50,draw_05820,346,49.75,cotizando,25.0,3.6249999999999996,FG04,0.00508625655087121,1359.0893156690786,1369.6454302841164
p50,draw_05820,347,49.83333333333333,cotizando,25.0,3.6249999999999996,FG04,0.001141515464922597,1369.6454302841164,1374.8380397178066
p50,draw_05820,348,49.91666666666667,cotizando,25.0,3.6249999999999996,FG04,0.0014941103325801582,1374.8380397178066,1380.5226155885287
p50,draw_05820,349,50.0,cotizando,25.0,3.6249999999999996,FG04,0.005300114750730648,1380.5226155885287,1391.483756783098
p50,draw_05820,350,50.08333333333333,cotizando,25.0,3.6249999999999996,FG05,0.0007386605716299306,1391.483756783098,1396.1392686148693
p50,draw_05820,351,50.16666666666667,cotizando,25.0,3.6249999999999996,FG05,-0.0003492125617437605,1396.1392686148693,1399.275453348789
p50,draw_05820,352,50.25,cotizando,25.0,3.6249999999999996,FG05,0.0019183440764299728,1399.275453348789,1405.5916991232914
p50,draw_05820,353,50.33333333333333,cotizando,25.0,3.6249999999999996,FG05,-0.001697602314062504,1405.5916991232914,1406.8244095938442
p50,draw_05820,354,50.41666666666667,cotizando,25.0,3.6249999999999996,FG05,0.0009864039212453158,1406.8244095938442,1411.8406824221856
p50,draw_05820,355,50.5,cotizando,25.0,3.6249999999999996,FG05,0.003052076607768095,1411.8406824221856,1419.785792120605
p50,draw_05820,356,50.58333333333333,cotizando,25.0,3.6249999999999996,FG05,-0.0010824427355245114,1419.785792120605,1421.870031449007
p50,draw_05820,357,50.66666666666667,cotizando,25.0,3.6249999999999996,FG05,0.0040865891883288446,1421.870031449007,1431.320444032543
p50,draw_05820,358,50.75,cotizando,25.0,3.6249999999999996,FG05,-0.000673847845164899,1431.320444032543,1433.9785091371525
p50,draw_05820,359,50.83333333333333,cotizando,25.0,3.6249999999999996,FG05,0.0014054518149216795,1433.9785091371525,1439.6239915982069
p50,draw_05820,360,50.91666666666667,cotizando,25.0,3.6249999999999996,FG05,0.004390049619885913,1439.6239915982069,1449.5849262851732
p50,draw_05820,361,51.0,desempleado,25.0,0.0,FG05,-0.0013024545312590805,1449.5849262851732,1447.6969078294883
p50,draw_05820,362,51.08333333333333,cotizando,25.0,3.6249999999999996,FG05,0.0006913392481462487,1447.6969078294883,1452.3252636260652
p50,draw_05820,363,51.16666666666667,cotizando,25.0,3.6249999999999996,FG05,7.145576310882811e-05,1452.3252636260652,1456.054299663201
p50,draw_05820,364,51.25,cotizando,25.0,3.6249999999999996,FG05,0.000621610791198918,1456.054299663201,1460.5866520675613
p50,draw_05820,365,51.33333333333333,cotizando,25.0,3.6249999999999996,FG05,0.0032340865262713123,1460.5866520675613,1468.9470392431224
p50,draw_05820,366,51.41666666666667,cotizando,25.0,3.6249999999999996,FG05,-0.0026762587808218273,1468.9470392431224,1468.6310553927053
p50,draw_05820,367,51.5,cotizando,25.0,3.6249999999999996,FG05,-0.00016327571532517257,1468.6310553927053,1472.0156717321192
p50,draw_05820,368,51.58333333333333,cotizando,25.0,3.6249999999999996,FG05,0.005570066158218642,1472.0156717321192,1483.8600878994253
p50,draw_05820,369,51.66666666666667,cotizando,25.0,3.6249999999999996,FG05,0.0014471546060405194,1483.8600878994253,1489.6377087957956
p50,draw_05820,370,51.75,cotizando,25.0,3.6249999999999996,FG05,-0.0022225892353574107,1489.6377087957956,1489.9437991736654
p50,draw_05820,371,51.83333333333333,cotizando,25.0,3.6249999999999996,FG05,0.00507084563286698,1489.9437991736654,1501.1424559963416
p50,draw_05820,372,51.91666666666667,desempleado,25.0,0.0,FG05,-0.00048766264798182773,1501.1424559963416,1500.4104048912525
p50,draw_05820,373,52.0,informal,25.0,0.0,FG05,-0.0014068509240399206,1500.4104048912525,1498.2995511266922
p50,draw_05820,374,52.08333333333333,informal,25.0,0.0,FG05,0.00016571960924846924,1498.2995511266922,1498.547848742842
p50,draw_05820,375,52.16666666666667,informal,25.0,0.0,FG05,-0.003482234320386805,1498.547848742842,1493.3295539932078
p50,draw_05820,376,52.25,informal,25.0,0.0,FG05,-0.0007480808401934655,1493.3295539932078,1492.2124227657707
p50,draw_05820,377,52.33333333333333,informal,25.0,0.0,FG05,0.0004434649681468123,1492.2124227657707,1492.874166700301
p50,draw_05820,378,52.41666666666667,informal,25.0,0.0,FG05,-0.006121459506260839,1492.874166700301,1483.7355979409022
p50,draw_05820,379,52.5,informal,25.0,0.0,FG05,-0.0025981428824180053,1483.7355979409022,1479.8806408577218
p50,draw_05820,380,52.58333333333333,informal,25.0,0.0,FG05,0.001950522137801158,1479.8806408577218,1482.767180809018
p50,draw_05820,381,52.66666666666667,informal,25.0,0.0,FG05,-0.002426343198114939,1482.767180809018,1479.169478745474
p50,draw_05820,382,52.75,informal,25.0,0.0,FG05,-0.0004635996757155731,1479.169478745474,1478.4837362547992
p50,draw_05820,383,52.83333333333333,cotizando,25.0,3.6249999999999996,FG05,-7.628976917790308e-05,1478.4837362547992,1481.9956665214136
p50,draw_05820,384,52.91666666666667,cotizando,25.0,3.6249999999999996,FG05,-0.0005434336343303082,1481.9956665214136,1484.8133302833696
p50,draw_05820,385,53.0,cotizando,25.0,3.6249999999999996,FG05,-0.0005485060888937838,1484.8133302833696,1487.6219127962663
p50,draw_05820,386,53.083333333333336,cotizando,25.0,3.6249999999999996,FG05,-0.0023677146438374737,1487.6219127962663,1487.7160656432611
p50,draw_05820,387,53.166666666666664,cotizando,25.0,3.6249999999999996,FG05,0.00012801552064775143,1487.7160656432611,1491.5319804462429
p50,draw_05820,388,53.25,cotizando,25.0,3.6249999999999996,FG05,0.0008550648916662665,1491.5319804462429,1496.4354366877524
p50,draw_05820,389,53.333333333333336,cotizando,25.0,3.6249999999999996,FG05,0.00014804783851088844,1496.4354366877524,1500.2825173930398
p50,draw_05820,390,53.416666666666664,cotizando,25.0,3.6249999999999996,FG05,0.0018845255191901897,1500.2825173930398,1506.741669488069
p50,draw_05820,391,53.5,cotizando,25.0,3.6249999999999996,FG05,-0.0013066492282762159,1506.741669488069,1508.3931500449683
p50,draw_05820,392,53.583333333333336,cotizando,25.0,3.6249999999999996,FG05,-0.0025487670874593323,1508.3931500449683,1508.1643679484926
p50,draw_05820,393,53.666666666666664,cotizando,25.0,3.6249999999999996,FG05,0.0005047713591609489,1508.1643679484926,1512.552475922517
p50,draw_05820,394,53.75,cotizando,25.0,3.6249999999999996,FG05,0.000779539889284233,1512.552475922517,1517.359396744233
p50,draw_05820,395,53.833333333333336,cotizando,25.0,3.6249999999999996,FG05,-0.0007092712309853604,1517.359396744233,1519.9056062688446
p50,draw_05820,396,53.916666666666664,cotizando,25.0,3.6249999999999996,FG05,0.0024913086158633397,1519.9056062688446,1527.3261911947736
p50,draw_05820,397,54.0,cotizando,25.0,3.6249999999999996,FG05,-0.004085709797564653,1527.3261911947736,1524.696168913316
p50,draw_05820,398,54.083333333333336,cotizando,25.0,3.6249999999999996,FG05,0.0013161814017498016,1524.696168913316,1530.33271681174
p50,draw_05820,399,54.166666666666664,cotizando,25.0,3.6249999999999996,FG05,0.0015527916360201209,1530.33271681174,1536.3396335244138
p50,draw_05820,400,54.25,cotizando,25.0,3.6249999999999996,FG05,0.0014778010537079046,1536.3396335244138,1542.2403948825092
p50,draw_05820,401,54.333333333333336,cotizando,25.0,3.6249999999999996,FG05,0.0006834352884018076,1542.2403948825092,1546.921893844491
p50,draw_05820,402,54.416666666666664,cotizando,25.0,3.6249999999999996,FG05,-0.0002609197348068857,1546.921893844491,1550.1423255601435
p50,draw_05820,403,54.5,cotizando,25.0,3.6249999999999996,FG05,0.004787449580352078,1550.1423255601435,1561.2059082908613
p50,draw_05820,404,54.583333333333336,cotizando,25.0,3.6249999999999996,FG05,-0.0002472184775209988,1561.2059082908613,1564.4440531761359
p50,draw_05820,405,54.666666666666664,cotizando,25.0,3.6249999999999996,FG05,0.005155956361450863,1564.4440531761359,1576.1539487860537
p50,draw_05820,406,54.75,cotizando,25.0,3.6249999999999996,FG05,0.0005458625290349268,1576.1539487860537,1580.6412909183541
p50,draw_05820,407,54.833333333333336,cotizando,25.0,3.6249999999999996,FG05,0.0058981876608840906,1580.6412909183541,1593.6105908070035
p50,draw_05820,408,54.916666666666664,cotizando,25.0,3.6249999999999996,FG05,-0.0022023354584465257,1593.6105908070035,1593.7179422298766
p50,draw_05820,409,55.0,cotizando,25.0,3.6249999999999996,FG05,-0.0009606207266622969,1593.7179422298766,1595.808501491983
p50,draw_05820,410,55.083333333333336,cotizando,25.0,3.6249999999999996,FG06,-0.004115493143800838,1595.808501491983,1592.8510438826272
p50,draw_05820,411,55.166666666666664,cotizando,25.0,3.6249999999999996,FG06,0.00295217229743201,1592.8510438826272,1601.1891162328911
p50,draw_05820,412,55.25,cotizando,25.0,3.6249999999999996,FG06,0.001275901392042022,1601.1891162328911,1606.8617007977614
p50,draw_05820,413,55.333333333333336,cotizando,25.0,3.6249999999999996,FG06,-0.0017682759247975056,1606.8617007977614,1607.638915937534
p50,draw_05820,414,55.416666666666664,cotizando,25.0,3.6249999999999996,FG06,0.0016574388246493243,1607.638915937534,1613.9344873085654
p50,draw_05820,415,55.5,cotizando,25.0,3.6249999999999996,FG06,0.0053887218920586144,1613.9344873085654,1626.276065529532
p50,draw_05820,416,55.583333333333336,cotizando,25.0,3.6249999999999996,FG06,0.0033341554417360224,1626.276065529532,1635.3354090366586
p50,draw_05820,417,55.666666666666664,cotizando,25.0,3.6249999999999996,FG06,0.004414591378325635,1635.3354090366586,1646.1957495278086
p50,draw_05820,418,55.75,cotizando,25.0,3.6249999999999996,FG06,-0.0013378970874401374,1646.1957495278086,1647.613459152217
p50,draw_05820,419,55.833333333333336,cotizando,25.0,3.6249999999999996,FG06,0.0024134496442913917,1647.613459152217,1655.2236400240981
p50,draw_05820,420,55.916666666666664,cotizando,25.0,3.6249999999999996,FG06,0.006130590809282868,1655.2236400240981,1669.018362250621
p50,draw_05820,421,56.0,cotizando,25.0,3.6249999999999996,FG06,0.006458717115914475,1669.018362250621,1683.4464925632099
p50,draw_05820,422,56.083333333333336,cotizando,25.0,3.6249999999999996,FG06,0.0005697250196169568,1683.4464925632099,1688.032659402406
p50,draw_05820,423,56.166666666666664,informal,25.0,0.0,FG06,0.00695398438471395,1688.032659402406,1699.7712121567774
p50,draw_05820,424,56.25,informal,25.0,0.0,FG06,0.0016657440286604289,1699.7712121567774,1702.6025959035167
p50,draw_05820,425,56.333333333333336,informal,25.0,0.0,FG06,0.0026831412670259105,1702.6025959035167,1707.1709191899306
p50,draw_05820,426,56.416666666666664,informal,25.0,0.0,FG06,0.002387401771777448,1707.1709191899306,1711.2466220671317
p50,draw_05820,427,56.5,cotizando,25.0,3.6249999999999996,FG06,0.006546233987245395,1711.2466220671317,1726.09757296327
p50,draw_05820,428,56.583333333333336,cotizando,25.0,3.6249999999999996,FG06,-0.0014900768301818249,1726.09757296327,1727.145153434655
p50,draw_05820,429,56.666666666666664,cotizando,25.0,3.6249999999999996,FG06,-0.0016080023428704058,1727.145153434655,1727.9870709729619
p50,draw_05820,430,56.75,cotizando,25.0,3.6249999999999996,FG06,-0.001317278059363673,1727.9870709729619,1729.33105638454
p50,draw_05820,431,56.833333333333336,cotizando,25.0,3.6249999999999996,FG06,-0.000355356373919598,1729.33105638454,1732.3402394041811
p50,draw_05820,432,56.916666666666664,cotizando,25.0,3.6249999999999996,FG06,-0.0007701286728836736,1732.3402394041811,1734.6283227981867
p50,draw_05820,433,57.0,cotizando,25.0,3.6249999999999996,FG06,0.00523167345424814,1734.6283227981867,1747.3472965638286
p50,draw_05820,434,57.083333333333336,cotizando,25.0,3.6249999999999996,FG06,0.00039228093746657855,1747.3472965638286,1751.6591696178027
p50,draw_05820,435,57.166666666666664,cotizando,25.0,3.6249999999999996,FG06,0.0032820126908428716,1751.6591696178027,1761.0450345385239
p50,draw_05820,436,57.25,cotizando,25.0,3.6249999999999996,FG06,-0.0010783798116555797,1761.0450345385239,1762.7670499990438
p50,draw_05820,437,57.333333333333336,cotizando,25.0,3.6249999999999996,FG06,0.0002686159583927636,1762.7670499990438,1766.8665310924514
p50,draw_05820,438,57.416666666666664,cotizando,25.0,3.6249999999999996,FG06,0.00438755279657434,1766.8665310924514,1778.2596561610073
p50,draw_05820,439,57.5,cotizando,25.0,3.6249999999999996,FG06,0.0036033316247406164,1778.2596561610073,1788.3053774941923
p50,draw_05820,440,57.583333333333336,cotizando,25.0,3.6249999999999996,FG06,0.0035593702920806037,1788.3053774941923,1798.308521245322
p50,draw_05820,441,57.666666666666664,cotizando,25.0,3.6249999999999996,FG06,0.0025155710262313134,1798.308521245322,1806.4664130025617
p50,draw_05820,442,57.75,cotizando,25.0,3.6249999999999996,FG06,0.003628501194842443,1806.4664130025617,1816.6593318574155
p50,draw_05820,443,57.833333333333336,cotizando,25.0,3.6249999999999996,FG06,0.0020069427897512803,1816.6593318574155,1823.9375383725342
p50,draw_05820,444,57.916666666666664,cotizando,25.0,3.6249999999999996,FG06,-0.00044353220900891565,1823.9375383725342,1826.7519555227877
p50,draw_05820,445,58.0,cotizando,25.0,3.6249999999999996,FG06,0.0025644244803313225,1826.7519555227877,1835.0708189957647
p50,draw_05820,446,58.083333333333336,cotizando,25.0,3.6249999999999996,FG06,-0.00113515378602297,1835.0708189957647,1836.608616475487
p50,draw_05820,447,58.166666666666664,cotizando,25.0,3.6249999999999996,FG06,0.008255874624509453,1836.608616475487,1855.426354492916
p50,draw_05820,448,58.25,cotizando,25.0,3.6249999999999996,FG06,0.0040392502955531465,1855.426354492916,1866.5605282259999
p50,draw_05820,449,58.333333333333336,desempleado,25.0,0.0,FG06,0.001966733347419179,1866.5605282259999,1870.2315550618382
p50,draw_05820,450,58.416666666666664,cotizando,25.0,3.6249999999999996,FG06,-0.0032757961111482847,1870.2315550618382,1867.718183045917
p50,draw_05820,451,58.5,cotizando,25.0,3.6249999999999996,FG06,-0.0007595238592571586,1867.718183045917,1869.9218532495354
p50,draw_05820,452,58.583333333333336,cotizando,25.0,3.6249999999999996,FG06,-0.0010131712612339965,1869.9218532495354,1871.6486294212475
p50,draw_05820,453,58.666666666666664,cotizando,25.0,3.6249999999999996,FG06,-0.0008412453804039562,1871.6486294212475,1873.6960641435035
p50,draw_05820,454,58.75,cotizando,25.0,3.6249999999999996,FG06,0.000367498573996968,1873.6960641435035,1878.0109769575106
p50,draw_05820,455,58.833333333333336,cotizando,25.0,3.6249999999999996,FG06,0.00080059127821234,1878.0109769575106,1883.1423983094332
p50,draw_05820,456,58.916666666666664,cotizando,25.0,3.6249999999999996,FG06,-0.004857752020982536,1883.1423983094332,1877.6019501671717
p50,draw_05820,457,59.0,cotizando,25.0,3.6249999999999996,FG06,-0.0028829346941649085,1877.6019501671717,1875.8034957249367
p50,draw_05820,458,59.083333333333336,cotizando,25.0,3.6249999999999996,FG06,0.003025436782479745,1875.8034957249367,1885.1145878259435
p50,draw_05820,459,59.166666666666664,cotizando,25.0,3.6249999999999996,FG06,0.0004335566193647982,1885.1145878259435,1889.5584633765018
p50,draw_05820,460,59.25,cotizando,25.0,3.6249999999999996,FG06,-0.00040429033191264745,1889.5584633765018,1892.4180676057217
p50,draw_05820,461,59.333333333333336,cotizando,25.0,3.6249999999999996,FG06,0.0007765651217200127,1892.4180676057217,1897.5154685213033
p50,draw_05820,462,59.416666666666664,cotizando,25.0,3.6249999999999996,FG06,0.0033836535438528975,1897.5154685213033,1907.5732692049776
p50,draw_05820,463,59.5,informal,25.0,0.0,FG06,0.0008682452751545462,1907.5732692049776,1909.2295106829758
p50,draw_05820,464,59.583333333333336,cotizando,25.0,3.6249999999999996,FG06,-0.0011136060981362873,1909.2295106829758,1910.7243442350318
p50,draw_05820,465,59.666666666666664,cotizando,25.0,3.6249999999999996,FG06,0.004344983913324092,1910.7243442350318,1922.6671613402154
p50,draw_05820,466,59.75,cotizando,25.0,3.6249999999999996,FG06,0.0008558238293275379,1922.6671613402154,1927.940728074137
p50,draw_05820,467,59.833333333333336,cotizando,25.0,3.6249999999999996,FG06,0.0029368585093117665,1927.940728074137,1937.2384633189265
p50,draw_05820,468,59.916666666666664,cotizando,25.0,3.6249999999999996,FG06,-0.0019505776461896651,1937.2384633189265,1937.0776584330704
p50,draw_05820,469,60.0,cotizando,25.0,3.6249999999999996,FG06,0.0038365563937142887,1937.0776584330704,1948.1482736255803
p50,draw_05820,470,60.083333333333336,cotizando,25.0,3.6249999999999996,FG07,-0.0027508651357735646,1948.1482736255803,1946.404208574229
p50,draw_05820,471,60.166666666666664,cotizando,25.0,3.6249999999999996,FG07,0.0029734835546598006,1946.404208574229,1955.8275883570307
p50,draw_05820,472,60.25,cotizando,25.0,3.6249999999999996,FG07,-0.0067699104000410095,1955.8275883570307,1946.1872699007251
p50,draw_05820,473,60.333333333333336,cotizando,25.0,3.6249999999999996,FG07,-0.0035569080207413515,1946.1872699007251,1942.8769669989754
p50,draw_05820,474,60.416666666666664,cotizando,25.0,3.6249999999999996,FG07,-0.0016864281964627664,1942.8769669989754,1943.219331197358
p50,draw_05820,475,60.5,cotizando,25.0,3.6249999999999996,FG07,-0.001655242527346619,1943.219331197358,1943.6218316662366
p50,draw_05820,476,60.583333333333336,cotizando,25.0,3.6249999999999996,FG07,0.0019827715055189456,1943.6218316662366,1951.1077771982766
p50,draw_05820,477,60.666666666666664,cotizando,25.0,3.6249999999999996,FG07,0.002685260844591722,1951.1077771982766,1959.9817445865272
p50,draw_05820,478,60.75,cotizando,25.0,3.6249999999999996,FG07,-0.0032723275018751823,1959.9817445865272,1957.1811802333489
p50,draw_05820,479,60.833333333333336,cotizando,25.0,3.6249999999999996,FG07,-0.00016737291374430683,1957.1811802333489,1960.4779943896754
p50,draw_05820,480,60.916666666666664,cotizando,25.0,3.6249999999999996,FG07,-0.001962052706998623,1960.4779943896754,1960.2493207927089
p50,draw_05820,481,61.0,cotizando,25.0,3.6249999999999996,FG07,0.0026731076702278017,1960.2493207927089,1969.1239683029833
p50,draw_05820,482,61.083333333333336,cotizando,25.0,3.6249999999999996,FG07,0.004078718145087411,1969.1239683029833,1980.7952553157031
p50,draw_05820,483,61.166666666666664,cotizando,25.0,3.6249999999999996,FG07,0.00778034686163998,1980.7952553157031,1999.8597332213235
p50,draw_05820,484,61.25,cotizando,25.0,3.6249999999999996,FG07,0.0017567345838959884,1999.8597332213235,2007.004324140481
p50,draw_05820,485,61.333333333333336,cotizando,25.0,3.6249999999999996,FG07,-0.0017445753867050477,2007.004324140481,2007.121629709798
p50,draw_05820,486,61.416666666666664,cotizando,25.0,3.6249999999999996,FG07,0.005304572609303306,2007.121629709798,2021.4127812060055
p50,draw_05820,487,61.5,cotizando,25.0,3.6249999999999996,FG07,-0.0033806070952546504,2021.4127812060055,2018.1919241147018
p50,draw_05820,488,61.583333333333336,cotizando,25.0,3.6249999999999996,FG07,-0.004665318951336087,2018.1919241147018,2012.3845033024975
p50,draw_05820,489,61.666666666666664,cotizando,25.0,3.6249999999999996,FG07,0.006442703103032372,2012.3845033024975,2028.9980539851672
p50,draw_05820,490,61.75,cotizando,25.0,3.6249999999999996,FG07,-0.0014120390931933353,2028.9980539851672,2029.7529107712141
p50,draw_05820,491,61.833333333333336,cotizando,25.0,3.6249999999999996,FG07,-0.0008556436328655871,2029.7529107712141,2031.6380639086533
p50,draw_05820,492,61.916666666666664,cotizando,25.0,3.6249999999999996,FG07,0.004259600226931571,2031.6380639086533,2043.932470917544
p50,draw_05820,493,62.0,cotizando,25.0,3.6249999999999996,FG07,-0.001626106302500598,2043.932470917544,2044.2279248093528
p50,draw_05820,494,62.083333333333336,cotizando,25.0,3.6249999999999996,FG07,0.004319894666659482,2044.2279248093528,2056.6994337373394
p50,draw_05820,495,62.166666666666664,cotizando,25.0,3.6249999999999996,FG07,0.003952840425363665,2056.6994337373394,2068.468567448381
p50,draw_05820,496,62.25,cotizando,25.0,3.6249999999999996,FG07,0.001450748476151271,2068.468567448381,2075.099654033799
p50,draw_05820,497,62.333333333333336,cotizando,25.0,3.6249999999999996,FG07,-0.003185263128131793,2075.099654033799,2072.1033690397667
p50,draw_05820,498,62.416666666666664,cotizando,25.0,3.6249999999999996,FG07,0.0009163932808128652,2072.1033690397667,2077.6305525699477
p50,draw_05820,499,62.5,cotizando,25.0,3.6249999999999996,FG07,-0.00026609564911391024,2077.6305525699477,2080.7017395227144
p50,draw_05820,500,62.583333333333336,cotizando,25.0,3.6249999999999996,FG07,-0.000716668581199863,2080.7017395227144,2082.8329680355437
p50,draw_05820,501,62.666666666666664,cotizando,25.0,3.6249999999999996,FG07,-0.0009714841879219682,2082.8329680355437,2084.4310071108334
p50,draw_05820,502,62.75,cotizando,25.0,3.6249999999999996,FG07,0.0033544967203180858,2084.4310071108334,2095.0603841385273
p50,draw_05820,503,62.833333333333336,cotizando,25.0,3.6249999999999996,FG07,-0.0036174337568095384,2095.0603841385273,2091.0935287850216
p50,draw_05820,504,62.916666666666664,cotizando,25.0,3.6249999999999996,FG07,-0.003903033647160346,2091.0935287850216,2086.542771885843
p50,draw_05820,505,63.0,cotizando,25.0,3.6249999999999996,FG07,0.004694179304173179,2086.542771885843,2099.97939418288
p50,draw_05820,506,63.083333333333336,desempleado,25.0,0.0,FG07,-0.0005176511967541835,2099.97939418288,2098.892337336322
p50,draw_05820,507,63.166666666666664,cotizando,25.0,3.6249999999999996,FG07,0.001805806249011748,2098.892337336322,2106.3140762827393
p50,draw_05820,508,63.25,cotizando,25.0,3.6249999999999996,FG07,-0.0015405689202670665,2106.3140762827393,2106.688569718161
p50,draw_05820,509,63.333333333333336,cotizando,25.0,3.6249999999999996,FG07,0.003505250855420285,2106.688569718161,2117.710748163621
p50,draw_05820,510,63.416666666666664,cotizando,25.0,3.6249999999999996,FG07,0.004239389106761833,2117.710748163621,2130.32891582617
p50,draw_05820,511,63.5,cotizando,25.0,3.6249999999999996,FG07,-0.0006066968946006883,2130.32891582617,2132.659252612217
p50,draw_05820,512,63.583333333333336,cotizando,25.0,3.6249999999999996,FG07,0.001022075286446981,2132.659252612217,2138.467695951638
p50,draw_05820,513,63.666666666666664,cotizando,25.0,3.6249999999999996,FG07,-0.0018517236862744778,2138.467695951638,2138.1261321683487
p50,draw_05820,514,63.75,cotizando,25.0,3.6249999999999996,FG07,0.0018996299548316845,2138.1261321683487,2145.8196667748107
p50,draw_05820,515,63.833333333333336,cotizando,25.0,3.6249999999999996,FG07,-0.002580214915970861,2145.8196667748107,2143.8986375845443
p50,draw_05820,516,63.916666666666664,cotizando,25.0,3.6249999999999996,FG07,0.003513901551604649,2143.8986375845443,2155.0698242267604
p50,draw_05820,517,64.0,informal,25.0,0.0,FG07,-0.002911767578636049,2155.0698242267604,2148.79476178288
p50,draw_05820,518,64.08333333333334,cotizando,25.0,3.6249999999999996,FG07,-0.0013793951854025948,2148.79476178288,2149.450724326511
p50,draw_05820,519,64.16666666666666,cotizando,25.0,3.6249999999999996,FG07,0.0035330729099022832,2149.450724326511,2160.6826978410977
p50,draw_05820,520,64.25,cotizando,25.0,3.6249999999999996,FG07,0.002966732221355589,2160.6826978410977,2170.728619225211
p50,draw_05820,521,64.33333333333334,cotizando,25.0,3.6249999999999996,FG07,-0.006730104827185893,2170.728619225211,2159.719991436454
p50,draw_05820,522,64.41666666666666,cotizando,25.0,3.6249999999999996,FG07,-0.0011240793401339824,2159.719991436454,2160.913220025998
p50,draw_05820,523,64.5,informal,25.0,0.0,FG07,-0.0010709932544427864,2160.913220025998,2158.5988965439137
p50,draw_05820,524,64.58333333333334,informal,25.0,0.0,FG07,0.0033571307816183246,2158.5988965439137,2165.8455953446687
p50,draw_05820,525,64.66666666666666,desempleado,25.0,0.0,FG07,0.0041844865352576735,2165.8455953446687,2174.9085470758355
p50,draw_05820,526,64.75,informal,25.0,0.0,FG07,-0.001413187702463853,2174.9085470758355,2171.8349930631243
p50,draw_05820,527,64.83333333333334,informal,25.0,0.0,FG07,-0.00102644705949732,2171.8349930631243,2169.6057194207815
p50,draw_05820,528,64.91666666666666,informal,25.0,0.0,FG07,0.010954032421596023,2169.6057194207815,2193.3716508133966
p90,draw_07268,1,21.0,cotizando,25.0,3.6249999999999996,FG01,0.003922783877440406,0.0,3.639220091555721
p90,draw_07268,2,21.083333333333332,cotizando,25.0,3.6249999999999996,FG01,0.0025399776844693407,3.639220091555721,7.282671048483346
p90,draw_07268,3,21.166666666666668,cotizando,25.0,3.6249999999999996,FG01,0.00843409479146806,7.282671048483346,10.999667380060407
p90,draw_07268,4,21.25,cotizando,25.0,3.6249999999999996,FG01,0.0044819008559071625,10.999667380060407,14.690213689308457
p90,draw_07268,5,21.333333333333332,cotizando,25.0,3.6249999999999996,FG01,0.009780239986256059,14.690213689308457,18.494340874589458
p90,draw_07268,6,21.416666666666668,cotizando,25.0,3.6249999999999996,FG01,0.005996927261985156,18.494340874589458,22.251988952897424
p90,draw_07268,7,21.5,cotizando,25.0,3.6249999999999996,FG01,0.005602967762729733,22.251988952897424,26.021976887797024
p90,draw_07268,8,21.583333333333332,cotizando,25.0,3.6249999999999996,FG01,0.0051575360324951375,26.021976887797024,29.79988223935039
p90,draw_07268,9,21.666666666666668,cotizando,25.0,3.6249999999999996,FG01,0.005121418727459994,29.79988223935039,33.59606505721414
p90,draw_07268,10,21.75,cotizando,25.0,3.6249999999999996,FG01,-0.005997090948597445,33.59606505721414,36.99784694486237
p90,draw_07268,11,21.833333333333332,cotizando,25.0,3.6249999999999996,FG01,0.005484685395980623,36.99784694486237,40.84565048024401
p90,draw_07268,12,21.916666666666668,cotizando,25.0,3.6249999999999996,FG01,0.011096062489399787,40.84565048024401,44.96409959691706
p90,draw_07268,13,22.0,cotizando,25.0,3.6249999999999996,FG01,0.0016319527149674027,44.96409959691706,48.66839470992206
p90,draw_07268,14,22.083333333333332,cotizando,25.0,3.6249999999999996,FG01,0.0045426666715750515,48.66839470992206,52.530946171214346
p90,draw_07268,15,22.166666666666668,cotizando,25.0,3.6249999999999996,FG01,-0.004058533718991516,52.530946171214346,55.9280353701566
p90,draw_07268,16,22.25,cotizando,25.0,3.6249999999999996,FG01,-0.00085581314576947,55.9280353701566,59.50206909961635
p90,draw_07268,17,22.333333333333332,cotizando,25.0,3.6249999999999996,FG01,0.006530211699278261,59.50206909961635,63.53930222479181
p90,draw_07268,18,22.416666666666668,cotizando,25.0,3.6249999999999996,FG01,-0.0008998446988712008,63.53930222479181,67.10386478348146
p90,draw_07268,19,22.5,cotizando,25.0,3.6249999999999996,FG01,0.008696200304844913,67.10386478348146,71.3439371589729
p90,draw_07268,20,22.583333333333332,cotizando,25.0,3.6249999999999996,FG01,-0.001196251216278717,71.3439371589729,74.87925547671335
p90,draw_07268,21,22.666666666666668,cotizando,25.0,3.6249999999999996,FG01,0.006444102782445013,74.87925547671335,79.01014496786462
p90,draw_07268,22,22.75,cotizando,25.0,3.6249999999999996,FG01,0.0004083441906681492,79.01014496786462,82.66888854925726
p90,draw_07268,23,22.833333333333332,cotizando,25.0,3.6249999999999996,FG01,0.002140458609183229,82.66888854925726,86.47859704592243
p90,draw_07268,24,22.916666666666668,cotizando,25.0,3.6249999999999996,FG01,0.0014095312536163576,86.47859704592243,90.23060088202192
p90,draw_07268,25,23.0,cotizando,25.0,3.6249999999999996,FG01,-0.006025355540580451,90.23060088202192,93.29008751723292
p90,draw_07268,26,23.083333333333332,cotizando,25.0,3.6249999999999996,FG01,0.004872797035889166,93.29008751723292,97.38733506841984
p90,draw_07268,27,23.166666666666668,cotizando,25.0,3.6249999999999996,FG01,0.000683978332689488,97.38733506841984,101.08142531694102
p90,draw_07268,28,23.25,cotizando,25.0,3.6249999999999996,FG01,0.006944064635533013,101.08142531694102,105.43351350209747
p90,draw_07268,29,23.333333333333332,cotizando,25.0,3.6249999999999996,FG01,-0.000629158939644555,105.43351350209747,108.98989836338328
p90,draw_07268,30,23.416666666666668,cotizando,25.0,3.6249999999999996,FG01,0.0012367957142823236,108.98989836338328,112.75417998704344
p90,draw_07268,31,23.5,cotizando,25.0,3.6249999999999996,FG01,0.004599913633408804,112.75417998704344,116.91451416371078
p90,draw_07268,32,23.583333333333332,cotizando,25.0,3.6249999999999996,FG01,-0.0007113730294907127,116.91451416371078,120.4537656043468
p90,draw_07268,33,23.666666666666668,cotizando,25.0,3.6249999999999996,FG01,0.008501380859189922,120.4537656043468,125.13360644728749
p90,draw_07268,34,23.75,cotizando,25.0,3.6249999999999996,FG01,0.0015800648846942174,125.13360644728749,128.96205339993702
p90,draw_07268,35,23.833333333333332,informal,25.0,0.0,FG01,0.0001324473189527621,128.96205339993702,128.97913407815648
p90,draw_07268,36,23.916666666666668,informal,25.0,0.0,FG01,-0.0009129238635756919,128.97913407815648,128.8613859487532
p90,draw_07268,37,24.0,cotizando,25.0,3.6249999999999996,FG01,-0.0001360997467077165,128.8613859487532,132.46835458518336
p90,draw_07268,38,24.083333333333332,cotizando,25.0,3.6249999999999996,FG01,-0.0023009901459535623,132.46835458518336,135.7802051173531
p90,draw_07268,39,24.166666666666668,cotizando,25.0,3.6249999999999996,FG01,0.002727521233066345,135.7802051173531,139.78543577431066
p90,draw_07268,40,24.25,cotizando,25.0,3.6249999999999996,FG01,0.003910715177695332,139.78543577431066,143.97127314213316
p90,draw_07268,41,24.333333333333332,cotizando,25.0,3.6249999999999996,FG01,0.010851097197851373,143.97127314213316,149.19785464803905
p90,draw_07268,42,24.416666666666668,cotizando,25.0,3.6249999999999996,FG01,-0.0022801555105354796,149.19785464803905,152.47439477387755
p90,draw_07268,43,24.5,cotizando,25.0,3.6249999999999996,FG01,0.0032222851047051244,152.47439477387755,156.60239152851088
p90,draw_07268,44,24.583333333333332,cotizando,25.0,3.6249999999999996,FG01,-0.0021252556342402714,156.60239152851088,159.8868673619053
p90,draw_07268,45,24.666666666666668,informal,25.0,0.0,FG01,-0.003380484059362977,159.8868673619053,159.3463723554869
p90,draw_07268,46,24.75,cotizando,25.0,3.6249999999999996,FG01,-0.009554470352541972,159.3463723554869,161.41426721000332
p90,draw_07268,47,24.833333333333332,cotizando,25.0,3.6249999999999996,FG01,0.005833522773516878,161.41426721000332,166.00202753379742
p90,draw_07268,48,24.916666666666668,cotizando,25.0,3.6249999999999996,FG01,0.004640363294525922,166.00202753379742,170.4141585661248
p90,draw_07268,49,25.0,cotizando,25.0,3.6249999999999996,FG01,0.0026983640524589603,170.4141585661248,174.50877957531983
p90,draw_07268,50,25.083333333333332,cotizando,25.0,3.6249999999999996,FG01,0.007827693758389796,174.50877957531983,179.52815624985996
p90,draw_07268,51,25.166666666666668,cotizando,25.0,3.6249999999999996,FG01,0.0013141679463332984,179.52815624985996,183.3938502570733
p90,draw_07268,52,25.25,cotizando,25.0,3.6249999999999996,FG01,0.003176163440293036,183.3938502570733,187.61285269190546
p90,draw_07268,53,25.333333333333332,cotizando,25.0,3.6249999999999996,FG01,-0.00749896530996384,187.61285269190546,189.80376666861687
p90,draw_07268,54,25.416666666666668,cotizando,25.0,3.6249999999999996,FG01,0.001569711517568702,189.80376666861687,193.73239403148574
p90,draw_07268,55,25.5,cotizando,25.0,3.6249999999999996,FG01,-0.0025099781648026077,193.73239403148574,196.86203128180438
p90,draw_07268,56,25.583333333333332,cotizando,25.0,3.6249999999999996,FG01,-0.006406858453830337,196.86203128180438,199.2025392505532
p90,draw_07268,57,25.666666666666668,cotizando,25.0,3.6249999999999996,FG01,0.0003610508146198524,199.2025392505532,202.90077029882696
p90,draw_07268,58,25.75,cotizando,25.0,3.6249999999999996,FG01,-0.0032529250975404083,202.90077029882696,205.85395743733304
p90,draw_07268,59,25.833333333333332,cotizando,25.0,3.6249999999999996,FG01,0.0024481865711033506,205.85395743733304,209.99180100785986
p90,draw_07268,60,25.916666666666668,cotizando,25.0,3.6249999999999996,FG01,-0.00036969716594674836,209.99180100785986,213.53782748192864
p90,draw_07268,61,26.0,cotizando,25.0,3.6249999999999996,FG01,-0.0024247579549415373,213.53782748192864,216.63626018847424
p90,draw_07268,62,26.083333333333332,cotizando,25.0,3.6249999999999996,FG01,-0.001688546925433475,216.63626018847424,219.88933871479088
p90,draw_07268,63,26.166666666666668,cotizando,25.0,3.6249999999999996,FG01,0.00776061840015843,219.88933871479088,225.24894820452013
p90,draw_07268,64,26.25,cotizando,25.0,3.6249999999999996,FG01,0.001499796077351243,225.24894820452013,229.21721245424519
p90,draw_07268,65,26.333333333333332,cotizando,25.0,3.6249999999999996,FG01,-0.0022958659574788833,229.21721245424519,232.30763794520743
p90,draw_07268,66,26.416666666666668,cotizando,25.0,3.6249999999999996,FG01,0.004009277783777907,232.30763794520743,236.87855742898927
p90,draw_07268,67,26.5,cotizando,25.0,3.6249999999999996,FG01,0.002231949462834722,236.87855742898927,241.04034921480272
p90,draw_07268,68,26.583333333333332,cotizando,25.0,3.6249999999999996,FG01,0.001738531065921747,241.04034921480272,245.09070752516723
p90,draw_07268,69,26.666666666666668,cotizando,25.0,3.6249999999999996,FG01,-0.005279036260782802,245.09070752516723,247.4027282865156
p90,draw_07268,70,26.75,cotizando,25.0,3.6249999999999996,FG01,0.004502691871721682,247.4027282865156,252.15802879824807
p90,draw_07268,71,26.833333333333332,cotizando,25.0,3.6249999999999996,FG01,0.005734971869137724,252.15802879824807,257.24993727300887
p90,draw_07268,72,26.916666666666668,cotizando,25.0,3.6249999999999996,FG01,-0.0021658308906498643,257.24993727300887,260.30992627526666
p90,draw_07268,73,27.0,cotizando,25.0,3.6249999999999996,FG01,0.006102574569223072,260.30992627526666,265.5456088442839
p90,draw_07268,74,27.083333333333332,cotizando,25.0,3.6249999999999996,FG01,-0.0019232573006165057,265.5456088442839,268.65292450571275
p90,draw_07268,75,27.166666666666668,cotizando,25.0,3.6249999999999996,FG01,0.007642852291724231,268.65292450571275,274.35890446500713
p90,draw_07268,76,27.25,cotizando,25.0,3.6249999999999996,FG01,-0.008792544141305737,274.35890446500713,275.53971871442604
p90,draw_07268,77,27.333333333333332,cotizando,25.0,3.6249999999999996,FG01,0.00262084409275021,275.53971871442604,279.896365918373
p90,draw_07268,78,27.416666666666668,cotizando,25.0,3.6249999999999996,FG01,-0.004662444818613561,279.896365918373,282.19946319488065
p90,draw_07268,79,27.5,cotizando,25.0,3.6249999999999996,FG01,0.0009657912238189145,282.19946319488065,286.10050995298707
p90,draw_07268,80,27.583333333333332,cotizando,25.0,3.6249999999999996,FG01,0.006418353668604345,286.10050995298707,291.5850707426821
p90,draw_07268,81,27.666666666666668,cotizando,25.0,3.6249999999999996,FG01,-0.004434035747227186,291.5850707426821,293.9010987360676
p90,draw_07268,82,27.75,cotizando,25.0,3.6249999999999996,FG01,0.0008045193363439087,293.9010987360676,297.7654642355677
p90,draw_07268,83,27.833333333333332,cotizando,25.0,3.6249999999999996,FG01,0.004635708543304278,297.7654642355677,302.78762258549494
p90,draw_07268,84,27.916666666666668,cotizando,25.0,3.6249999999999996,FG01,-0.0033184340282561937,302.78762258549494,305.39581251202003
p90,draw_07268,85,28.0,cotizando,25.0,3.6249999999999996,FG01,0.0021617543022059114,305.39581251202003,309.68883958293907
p90,draw_07268,86,28.083333333333332,cotizando,25.0,3.6249999999999996,FG01,0.008076556268532776,309.68883958293907,315.8443364380407
p90,draw_07268,87,28.166666666666668,cotizando,25.0,3.6249999999999996,FG01,-0.002110985469576353,315.8443364380407,318.7949413108448
p90,draw_07268,88,28.25,cotizando,25.0,3.6249999999999996,FG01,0.012671815789480947,318.7949413108448,326.5055874139911
p90,draw_07268,89,28.333333333333332,cotizando,25.0,3.6249999999999996,FG01,0.0011542603396530965,326.5055874139911,330.51164405794947
p90,draw_07268,90,28.416666666666668,cotizando,25.0,3.6249999999999996,FG01,-0.000656211143498171,330.51164405794947,333.9173798686676
p90,draw_07268,91,28.5,cotizando,25.0,3.6249999999999996,FG01,-0.0013203616743149263,333.9173798686676,337.09670184683193
p90,draw_07268,92,28.583333333333332,cotizando,25.0,3.6249999999999996,FG01,0.00601306853401663,337.09670184683193,342.7704847910637
p90,draw_07268,93,28.666666666666668,cotizando,25.0,3.6249999999999996,FG01,0.006667049240168604,342.7704847910637,348.70492054473783
p90,draw_07268,94,28.75,cotizando,25.0,3.6249999999999996,FG01,0.004403153348634809,348.70492054473783,353.8812832142086
p90,draw_07268,95,28.833333333333332,cotizando,25.0,3.6249999999999996,FG01,0.0010288220017763722,353.8812832142086,357.87409354415274
p90,draw_07268,96,28.916666666666668,cotizando,25.0,3.6249999999999996,FG01,0.004576366794566049,357.87409354415274,363.1534459921139
p90,draw_07268,97,29.0,cotizando,25.0,3.6249999999999996,FG01,-0.0013680907890175644,363.1534459921139,366.27665977854195
p90,draw_07268,98,29.083333333333336,cotizando,25.0,3.6249999999999996,FG01,0.0068223297144196695,366.27665977854195,372.4252508634622
p90,draw_07268,99,29.166666666666664,cotizando,25.0,3.6249999999999996,FG01,0.006567919068509044,372.4252508634622,378.520118476826
p90,draw_07268,100,29.25,cotizando,25.0,3.6249999999999996,FG01,0.0029785693477492555,378.520118476826,383.2833642131131
p90,draw_07268,101,29.333333333333336,cotizando,25.0,3.6249999999999996,FG01,0.0014422840165126544,383.2833642131131,387.4663959626727
p90,draw_07268,102,29.416666666666664,cotizando,25.0,3.6249999999999996,FG01,0.004807596376397718,387.4663959626727,392.9716055407432
p90,draw_07268,103,29.5,cotizando,25.0,3.6249999999999996,FG01,0.0026066716801365487,392.9716055407432,397.63040268084455
p90,draw_07268,104,29.583333333333336,cotizando,25.0,3.6249999999999996,FG01,0.0016860738030097663,397.63040268084455,401.9319489036209
p90,draw_07268,105,29.666666666666664,cotizando,25.0,3.6249999999999996,FG01,0.0027434081256455063,401.9319489036209,406.66955713265503
p90,draw_07268,106,29.75,cotizando,25.0,3.6249999999999996,FG01,0.0032039384402883513,406.66955713265503,411.60911563609346
p90,draw_07268,107,29.833333333333336,cotizando,25.0,3.6249999999999996,FG01,-0.0030604018644435206,411.60911563609346,413.9633323744202
p90,draw_07268,108,29.916666666666664,cotizando,25.0,3.6249999999999996,FG01,0.002458960001741179,413.9633323744202,418.61516538092275
p90,draw_07268,109,30.0,cotizando,25.0,3.6249999999999996,FG01,-0.0007705704597449636,418.61516538092275,421.9147995825624
p90,draw_07268,110,30.083333333333336,cotizando,25.0,3.6249999999999996,FG01,0.001877738665965753,421.9147995825624,426.33885211814595
p90,draw_07268,111,30.166666666666664,cotizando,25.0,3.6249999999999996,FG01,-0.0031879929324953285,426.33885211814595,428.59313039636487
p90,draw_07268,112,30.25,cotizando,25.0,3.6249999999999996,FG01,-0.0009527185360292405,428.59313039636487,431.80634817192833
p90,draw_07268,113,30.333333333333336,cotizando,25.0,3.6249999999999996,FG01,0.0016202045734876084,431.80634817192833,436.1368360336764
p90,draw_07268,114,30.416666666666664,cotizando,25.0,3.6249999999999996,FG01,0.003567858081713769,436.1368360336764,441.33084385439844
p90,draw_07268,115,30.5,cotizando,25.0,3.6249999999999996,FG01,-0.004103932371420604,441.33084385439844,443.1297751629516
p90,draw_07268,116,30.583333333333336,cotizando,25.0,3.6249999999999996,FG01,0.0023517365292272754,443.1297751629516,447.8054246873091
p90,draw_07268,117,30.666666666666664,cotizando,25.0,3.6249999999999996,FG01,0.0010162793178441665,447.8054246873091,451.8892040913644
p90,draw_07268,118,30.75,cotizando,25.0,3.6249999999999996,FG01,-0.002765991545640092,451.8892040913644,454.2542556539287
p90,draw_07268,119,30.833333333333336,cotizando,25.0,3.6249999999999996,FG01,0.006010418320239171,454.2542556539287,460.6313015205685
p90,draw_07268,120,30.916666666666664,cotizando,25.0,3.6249999999999996,FG01,0.00325347433043968,460.6313015205685,465.7667474803106
p90,draw_07268,121,31.0,cotizando,25.0,3.6249999999999996,FG01,0.008988889509288821,465.7667474803106,473.6110580349831
p90,draw_07268,122,31.083333333333336,cotizando,25.0,3.6249999999999996,FG01,-0.001159520470962831,473.6110580349831,476.6826930562099
p90,draw_07268,123,31.166666666666664,cotizando,25.0,3.6249999999999996,FG01,0.007529576409616512,476.6826930562099,483.9242065312033
p90,draw_07268,124,31.25,cotizando,25.0,3.6249999999999996,FG01,0.0036936388968846694,483.9242065312033,489.3500372445922
p90,draw_07268,125,31.333333333333336,cotizando,25.0,3.6249999999999996,FG01,0.00057124270405671,489.3500372445922,493.2566456379003
p90,draw_07268,126,31.416666666666664,cotizando,25.0,3.6249999999999996,FG01,0.0008270887795034167,493.2566456379003,497.2926108717486
p90,draw_07268,127,31.5,cotizando,25.0,3.6249999999999996,FG01,0.002472870213797652,497.2926108717486,502.1563151112401
p90,draw_07268,128,31.583333333333336,cotizando,25.0,3.6249999999999996,FG01,-0.007977980002974153,502.1563151112401,501.74620189340465
p90,draw_07268,129,31.666666666666664,cotizando,25.0,3.6249999999999996,FG01,0.0026933072431141424,501.74620189340465,506.73232181192543
p90,draw_07268,130,31.75,cotizando,25.0,3.6249999999999996,FG01,0.0023218830950773013,506.73232181192543,511.5423118498895
p90,draw_07268,131,31.833333333333336,cotizando,25.0,3.6249999999999996,FG01,0.0026217669283521336,511.5423118498895,516.5179604706656
p90,draw_07268,132,31.916666666666664,cotizando,25.0,3.6249999999999996,FG01,3.5236828897486733e-06,516.5179604706656,520.1447932895156
p90,draw_07268,133,32.0,cotizando,25.0,3.6249999999999996,FG01,0.004075599268557437,520.1447932895156,525.9044690759389
p90,draw_07268,134,32.083333333333336,cotizando,25.0,3.6249999999999996,FG01,0.004569237871947917,525.9044690759389,531.9490151803532
p90,draw_07268,135,32.166666666666664,cotizando,25.0,3.6249999999999996,FG01,-0.003998192464855565,531.9490151803532,533.4326871884866
p90,draw_07268,136,32.25,cotizando,25.0,3.6249999999999996,FG01,0.0029047302971364273,533.4326871884866,538.617694923773
p90,draw_07268,137,32.333333333333336,cotizando,25.0,3.6249999999999996,FG01,0.007676454420810384,538.617694923773,546.4051962563727
p90,draw_07268,138,32.416666666666664,cotizando,25.0,3.6249999999999996,FG01,-0.0011115937254125357,546.4051962563727,549.4187861414267
p90,draw_07268,139,32.5,cotizando,25.0,3.6249999999999996,FG01,0.005475255170957535,549.4187861414267,556.0718419912636
p90,draw_07268,140,32.583333333333336,cotizando,25.0,3.6249999999999996,FG01,-0.0039503041089302415,556.0718419912636,557.4858692565901
p90,draw_07268,141,32.666666666666664,cotizando,25.0,3.6249999999999996,FG01,0.0052650613322257145,557.4858692565901,564.0651523974046
p90,draw_07268,142,32.75,cotizando,25.0,3.6249999999999996,FG01,0.0010822062728570313,564.0651523974046,568.3045102413682
p90,draw_07268,143,32.833333333333336,cotizando,25.0,3.6249999999999996,FG01,0.0022075112560047587,568.3045102413682,573.1920510728673
p90,draw_07268,144,32.916666666666664,cotizando,25.0,3.6249999999999996,FG01,-0.0036713617603949967,573.1920510728673,574.6993470088146
p90,draw_07268,145,33.0,cotizando,25.0,3.6249999999999996,FG01,0.0036559159919510534,574.6993470088146,580.4386522375788
p90,draw_07268,146,33.083333333333336,cotizando,25.0,3.6249999999999996,FG01,-0.0007259071943865031,580.4386522375788,583.6396762304399
p90,draw_07268,147,33.166666666666664,cotizando,25.0,3.6249999999999996,FG01,0.008636189124427573,583.6396762304399,592.3364050404617
p90,draw_07268,148,33.25,cotizando,25.0,3.6249999999999996,FG01,-0.0017243178345051958,592.3364050404617,594.9337781610736
p90,draw_07268,149,33.333333333333336,cotizando,25.0,3.6249999999999996,FG01,-0.001746267822372649,594.9337781610736,597.5135342269723
p90,draw_07268,150,33.416666666666664,cotizando,25.0,3.6249999999999996,FG01,0.007905294760110142,597.5135342269723,605.8907115316971
p90,draw_07268,151,33.5,cotizando,25.0,3.6249999999999996,FG01,-0.007061211062737915,605.8907115316971,605.2117924465169
p90,draw_07268,152,33.583333333333336,cotizando,25.0,3.6249999999999996,FG01,0.0027564161329961387,605.2117924465169,610.515000003578
p90,draw_07268,153,33.666666666666664,cotizando,25.0,3.6249999999999996,FG01,0.0003810153110841095,610.515000003578,614.3739967467286
p90,draw_07268,154,33.75,cotizando,25.0,3.6249999999999996,FG01,0.0040749624663823985,614.3739967467286,620.5173194627336
p90,draw_07268,155,33.833333333333336,cotizando,25.0,3.6249999999999996,FG01,0.005376941115819105,620.5173194627336,627.4982959623754
p90,draw_07268,156,33.916666666666664,cotizando,25.0,3.6249999999999996,FG01,0.0016199861878805385,627.4982959623754,632.1457069846841
p90,draw_07268,157,34.0,cotizando,25.0,3.6249999999999996,FG01,0.00555268951487881,632.1457069846841,639.300944323225
p90,draw_07268,158,34.083333333333336,cotizando,25.0,3.6249999999999996,FG01,0.0042856407908112085,639.300944323225,645.6812939756875
p90,draw_07268,159,34.166666666666664,cotizando,25.0,3.6249999999999996,FG01,0.010785588638367124,645.6812939756875,656.309444562812
p90,draw_07268,160,34.25,cotizando,25.0,3.6249999999999996,FG01,0.0018463930462121307,656.309444562812,661.1529429322086
p90,draw_07268,161,34.333333333333336,cotizando,25.0,3.6249999999999996,FG01,-0.006352980217524611,661.1529429322086,660.5546218117136
p90,draw_07268,162,34.416666666666664,cotizando,25.0,3.6249999999999996,FG01,0.0012732874130362785,660.5546218117136,665.0253133641617
p90,draw_07268,163,34.5,cotizando,25.0,3.6249999999999996,FG01,0.0020187760089822606,665.0253133641617,670.0001685751797
p90,draw_07268,164,34.583333333333336,cotizando,25.0,3.6249999999999996,FG01,0.0003640419661386033,670.0001685751797,673.8703964059882
p90,draw_07268,165,34.666666666666664,cotizando,25.0,3.6249999999999996,FG01,0.0029147839413984802,673.8703964059882,679.4701491078039
p90,draw_07268,166,34.75,cotizando,25.0,3.6249999999999996,FG01,-0.0019291448935526171,679.4701491078039,681.7773595890919
p90,draw_07268,167,34.833333333333336,cotizando,25.0,3.6249999999999996,FG01,0.0006749760446370564,681.7773595890919,685.8649897627522
p90,draw_07268,168,34.916666666666664,cotizando,25.0,3.6249999999999996,FG01,-0.010208488690581706,685.8649897627522,682.4513389999898
p90,draw_07268,169,35.0,cotizando,25.0,3.6249999999999996,FG01,-0.0025289705612209844,682.4513389999898,684.3412721359085
p90,draw_07268,170,35.083333333333336,cotizando,25.0,3.6249999999999996,FG02,0.00038775553584315353,684.3412721359085,688.2330348664026
p90,draw_07268,171,35.166666666666664,cotizando,25.0,3.6249999999999996,FG02,0.007285250938809734,688.2330348664026,696.8983942644361
p90,draw_07268,172,35.25,cotizando,25.0,3.6249999999999996,FG02,0.00048145124523951216,696.8983942644361,700.8606621249241
p90,draw_07268,173,35.333333333333336,cotizando,25.0,3.6249999999999996,FG02,0.009423069074568252,700.8606621249241,711.1240791811703
p90,draw_07268,174,35.416666666666664,cotizando,25.0,3.6249999999999996,FG02,-0.0013689017792451873,711.1240791811703,713.7706578949653
p90,draw_07268,175,35.5,cotizando,25.0,3.6249999999999996,FG02,-0.0006820118336769617,713.7706578949653,716.9063855668525
p90,draw_07268,176,35.583333333333336,cotizando,25.0,3.6249999999999996,FG02,0.005143705809552632,716.9063855668525,724.2375870407577
p90,draw_07268,177,35.666666666666664,cotizando,25.0,3.6249999999999996,FG02,0.005288182292562154,724.2375870407577,731.711657084965
p90,draw_07268,178,35.75,cotizando,25.0,3.6249999999999996,FG02,-0.00448530798162429,731.711657084965,732.038445707761
p90,draw_07268,179,35.833333333333336,cotizando,25.0,3.6249999999999996,FG02,0.0037941156664433686,732.038445707761,738.4546379123504
p90,draw_07268,180,35.916666666666664,cotizando,25.0,3.6249999999999996,FG02,0.008539993213435598,738.4546379123504,748.4169929839506
p90,draw_07268,181,36.0,cotizando,25.0,3.6249999999999996,FG02,-0.0015688850548504574,748.4169929839506,750.8621255405382
p90,draw_07268,182,36.083333333333336,cotizando,25.0,3.6249999999999996,FG02,-0.0029505346456494904,750.8621255405382,752.2609851369343
p90,draw_07268,183,36.166666666666664,cotizando,25.0,3.6249999999999996,FG02,0.00216628427064265,752.2609851369343,757.5234490569358
p90,draw_07268,184,36.25,cotizando,25.0,3.6249999999999996,FG02,0.0004329997036583341,757.5234490569358,761.4780261098174
p90,draw_07268,185,36.333333333333336,cotizando,25.0,3.6249999999999996,FG02,-0.00037502680658453477,761.4780261098174,764.8160919652273
p90,draw_07268,186,36.416666666666664,cotizando,25.0,3.6249999999999996,FG02,0.0035750597642500567,764.8160919652273,771.1883147943086
p90,draw_07268,187,36.5,cotizando,25.0,3.6249999999999996,FG02,-0.0028589585553887853,771.1883147943086,772.5981556391482
p90,draw_07268,188,36.583333333333336,cotizando,25.0,3.6249999999999996,FG02,0.00489775468419389,772.5981556391482,780.0249062356596
p90,draw_07268,189,36.666666666666664,cotizando,25.0,3.6249999999999996,FG02,0.00320071444677415,780.0249062356596,786.1581458117612
p90,draw_07268,190,36.75,cotizando,25.0,3.6249999999999996,FG02,-2.0959927810043896e-05,786.1581458117612,789.7665920140394
p90,draw_07268,191,36.833333333333336,cotizando,25.0,3.6249999999999996,FG02,-0.000754698628488818,789.7665920140394,792.7928204676917
p90,draw_07268,192,36.916666666666664,cotizando,25.0,3.6249999999999996,FG02,-0.0005340182153978572,792.7928204676917,795.9925188444945
p90,draw_07268,193,37.0,cotizando,25.0,3.6249999999999996,FG02,0.010454580627833783,795.9925188444945,807.9771846666827
p90,draw_07268,194,37.08333333333333,cotizando,25.0,3.6249999999999996,FG02,0.0017732145916648325,807.9771846666827,813.0413295031607
p90,draw_07268,195,37.16666666666667,cotizando,25.0,3.6249999999999996,FG02,0.003223898904138051,813.0413295031607,819.2991791878923
p90,draw_07268,196,37.25,cotizando,25.0,3.6249999999999996,FG02,0.0028296938552457166,819.2991791878923,825.2528026810734
p90,draw_07268,197,37.33333333333333,cotizando,25.0,3.6249999999999996,FG02,0.004883552162224034,825.2528026810734,832.9256706665761
p90,draw_07268,198,37.41666666666667,cotizando,25.0,3.6249999999999996,FG02,-0.0012729101890454136,832.9256706665761,835.4858167942319
p90,draw_07268,199,37.5,cotizando,25.0,3.6249999999999996,FG02,0.008486574564660803,835.4858167942319,846.2319933089695
p90,draw_07268,200,37.58333333333333,cotizando,25.0,3.6249999999999996,FG02,-0.005749885414953243,846.2319933089695,844.9704129783463
p90,draw_07268,201,37.66666666666667,cotizando,25.0,3.6249999999999996,FG02,-0.00033862378975829877,844.9704129783463,848.308058383632
p90,draw_07268,202,37.75,cotizando,25.0,3.6249999999999996,FG02,-0.0038301918686357373,848.308058383632,848.669991310789
p90,draw_07268,203,37.83333333333333,cotizando,25.0,3.6249999999999996,FG02,0.0032540524876762448,848.669991310789,855.0684039474979
p90,draw_07268,204,37.91666666666667,cotizando,25.0,3.6249999999999996,FG02,-0.0038838564706847895,855.0684039474979,855.3583620142421
p90,draw_07268,205,38.0,cotizando,25.0,3.6249999999999996,FG02,-0.0011398053457273465,855.3583620142421,858.0042881863274
p90,draw_07268,206,38.08333333333333,cotizando,25.0,3.6249999999999996,FG02,0.0008537040769952496,858.0042881863274,862.3648646225105
p90,draw_07268,207,38.16666666666667,cotizando,25.0,3.6249999999999996,FG02,-0.0017204004679092502,862.3648646225105,864.5000152542093
p90,draw_07268,208,38.25,cotizando,25.0,3.6249999999999996,FG02,0.005390778647016151,864.5000152542093,872.8048850493823
p90,draw_07268,209,38.33333333333333,cotizando,25.0,3.6249999999999996,FG02,0.0026090238938173416,872.8048850493823,878.7165115607316
p90,draw_07268,210,38.41666666666667,cotizando,25.0,3.6249999999999996,FG02,-0.0007703476638348394,878.7165115607316,881.6618018385963
p90,draw_07268,211,38.5,cotizando,25.0,3.6249999999999996,FG02,0.003250066912618989,881.6618018385963,888.1640431814302
p90,draw_07268,212,38.58333333333333,cotizando,25.0,3.6249999999999996,FG02,-0.004329450356926364,888.1640431814302,887.9280867901253
p90,draw_07268,213,38.66666666666667,cotizando,25.0,3.6249999999999996,FG02,-0.0029487872698087943,887.9280867901253,888.92408639744
p90,draw_07268,214,38.75,cotizando,25.0,3.6249999999999996,FG02,-0.000958556954045013,888.92408639744,891.6935272638472
p90,draw_07268,215,38.83333333333333,cotizando,25.0,3.6249999999999996,FG02,-0.0008765936490175123,891.6935272638472,894.533696729
p90,draw_07268,216,38.91666666666667,cotizando,25.0,3.6249999999999996,FG02,-0.0081217343329723,894.533696729,890.8640904053185
p90,draw_07268,217,39.0,cotizando,25.0,3.6249999999999996,FG02,9.965398436162844e-05,890.8640904053185,894.5782298071454
p90,draw_07268,218,39.08333333333333,cotizando,25.0,3.6249999999999996,FG02,0.013645663176571496,894.5782298071454,910.4598085452023
p90,draw_07268,219,39.16666666666667,cotizando,25.0,3.6249999999999996,FG02,0.0036889076133470216,910.4598085452023,917.4567829546896
p90,draw_07268,220,39.25,cotizando,25.0,3.6249999999999996,FG02,-0.0033107332119892397,917.4567829546896,918.0323269049032
p90,draw_07268,221,39.33333333333333,cotizando,25.0,3.6249999999999996,FG02,0.001251903120069522,918.0323269049032,922.8111525880904
p90,draw_07268,222,39.41666666666667,cotizando,25.0,3.6249999999999996,FG02,0.007049741048314797,922.8111525880904,932.9672875616335
p90,draw_07268,223,39.5,cotizando,25.0,3.6249999999999996,FG02,-0.00024612751564662605,932.9672875616335,936.3617664287221
p90,draw_07268,224,39.58333333333333,cotizando,25.0,3.6249999999999996,FG02,-0.005301352909258344,936.3617664287221,935.0035648498508
p90,draw_07268,225,39.66666666666667,cotizando,25.0,3.6249999999999996,FG02,0.001182051298756024,935.0035648498508,939.738071963981
p90,draw_07268,226,39.75,cotizando,25.0,3.6249999999999996,FG02,0.005767107232740984,939.738071963981,948.8035479594053
p90,draw_07268,227,39.83333333333333,cotizando,25.0,3.6249999999999996,FG02,0.012987765469589092,948.8035479594053,964.7984665668433
p90,draw_07268,228,39.91666666666667,cotizando,25.0,3.6249999999999996,FG02,0.008678418247141403,964.7984665668433,976.8278504500569
p90,draw_07268,229,40.0,cotizando,25.0,3.6249999999999996,FG02,-0.0016070304626125667,976.8278504500569,978.8772328522283
p90,draw_07268,230,40.08333333333333,cotizando,25.0,3.6249999999999996,FG03,-0.0003278229744430353,978.8772328522283,982.1801460478578
p90,draw_07268,231,40.16666666666667,cotizando,25.0,3.6249999999999996,FG03,0.003965533244516563,982.1801460478578,989.714389127126
p90,draw_07268,232,40.25,cotizando,25.0,3.6249999999999996,FG03,-0.0010171241062831658,989.714389127126,992.3290396887242
p90,draw_07268,233,40.33333333333333,cotizando,25.0,3.6249999999999996,FG03,0.002190607305772715,992.3290396887242,998.13578388428
p90,draw_07268,234,40.41666666666667,cotizando,25.0,3.6249999999999996,FG03,0.0034944324796098974,998.13578388428,1005.2613693042846
p90,draw_07268,235,40.5,cotizando,25.0,3.6249999999999996,FG03,-0.0029989665003134144,1005.2613693042846,1005.8607528801182
p90,draw_07268,236,40.58333333333333,cotizando,25.0,3.6249999999999996,FG03,-0.0001523716151374744,1005.8607528801182,1009.3319359054935
p90,draw_07268,237,40.66666666666667,cotizando,25.0,3.6249999999999996,FG03,0.002282134944113784,1009.3319359054935,1015.2686403258059
p90,draw_07268,238,40.75,cotizando,25.0,3.6249999999999996,FG03,-0.0007061802367449715,1015.2686403258059,1018.1741177736627
p90,draw_07268,239,40.83333333333333,cotizando,25.0,3.6249999999999996,FG03,-0.002574990278758853,1018.1741177736627,1019.1679949785512
p90,draw_07268,240,40.91666666666667,cotizando,25.0,3.6249999999999996,FG03,0.0073100131934292845,1019.1679949785512,1030.2696252659916
p90,draw_07268,241,41.0,cotizando,25.0,3.6249999999999996,FG03,0.0016732641025033678,1030.2696252659916,1035.6246040282206
p90,draw_07268,242,41.08333333333333,cotizando,25.0,3.6249999999999996,FG03,0.0018479735755205266,1035.6246040282206,1041.1701098348349
p90,draw_07268,243,41.16666666666667,cotizando,25.0,3.6249999999999996,FG03,-0.00046029713255162205,1041.1701098348349,1044.314193641674
p90,draw_07268,244,41.25,cotizando,25.0,3.6249999999999996,FG03,6.946273275640162e-05,1044.314193641674,1048.0119863618268
p90,draw_07268,245,41.33333333333333,cotizando,25.0,3.6249999999999996,FG03,-0.0065225587816826166,1048.0119863618268,1044.7776223012902
p90,draw_07268,246,41.41666666666667,cotizando,25.0,3.6249999999999996,FG03,-0.000775470573613377,1044.7776223012902,1047.5896169183964
p90,draw_07268,247,41.5,cotizando,25.0,3.6249999999999996,FG03,0.007358583460805826,1047.5896169183964,1058.9500674122094
p90,draw_07268,248,41.58333333333333,cotizando,25.0,3.6249999999999996,FG03,0.0034803963214210857,1058.9500674122094,1066.2732497680647
p90,draw_07268,249,41.66666666666667,cotizando,25.0,3.6249999999999996,FG03,0.004041390595359753,1066.2732497680647,1074.2221264926693
p90,draw_07268,250,41.75,cotizando,25.0,3.6249999999999996,FG03,0.003281531484523419,1074.2221264926693,1081.3841157737581
p90,draw_07268,251,41.83333333333333,cotizando,25.0,3.6249999999999996,FG03,0.0011833093746507317,1081.3841157737581,1086.2930172320348
p90,draw_07268,252,41.91666666666667,cotizando,25.0,3.6249999999999996,FG03,0.00465296044345109,1086.2930172320348,1094.98936265282
p90,draw_07268,253,42.0,cotizando,25.0,3.6249999999999996,FG03,0.005885391710050238,1094.98936265282,1105.0801385153193
p90,draw_07268,254,42.08333333333333,cotizando,25.0,3.6249999999999996,FG03,0.00237421354855149,1105.0801385153193,1111.3374412765309
p90,draw_07268,255,42.16666666666667,cotizando,25.0,3.6249999999999996,FG03,0.0036559102088491247,1111.3374412765309,1119.038643848077
p90,draw_07268,256,42.25,cotizando,25.0,3.6249999999999996,FG03,0.004073027461513621,1119.038643848077,1127.2362836995133
p90,draw_07268,257,42.33333333333333,cotizando,25.0,3.6249999999999996,FG03,0.004381586549179281,1127.2362836995133,1135.8162502891585
p90,draw_07268,258,42.41666666666667,cotizando,25.0,3.6249999999999996,FG03,-0.005296210039514809,1135.8162502891585,1133.4065300999396
p90,draw_07268,259,42.5,cotizando,25.0,3.6249999999999996,FG03,-0.0021538753644860424,1133.4065300999396,1134.5825058986134
p90,draw_07268,260,42.58333333333333,cotizando,25.0,3.6249999999999996,FG03,0.00012639056632805063,1134.5825058986134,1138.3513645898827
p90,draw_07268,261,42.66666666666667,cotizando,25.0,3.6249999999999996,FG03,0.0014900839576441778,1138.3513645898827,1143.6780052507668
p90,draw_07268,262,42.75,cotizando,25.0,3.6249999999999996,FG03,0.0024176397954783794,1143.6780052507668,1150.076770653733
p90,draw_07268,263,42.83333333333333,cotizando,25.0,3.6249999999999996,FG03,-0.004129941495569923,1150.076770653733,1148.937049837598
p90,draw_07268,264,42.91666666666667,cotizando,25.0,3.6249999999999996,FG03,0.005372944173376269,1148.937049837598,1158.7547013877274
p90,draw_07268,265,43.0,cotizando,25.0,3.6249999999999996,FG03,-0.0020381781986888335,1158.7547013877274,1160.0105644217606
p90,draw_07268,266,43.08333333333333,cotizando,25.0,3.6249999999999996,FG03,0.0011621768186421803,1160.0105644217606,1164.9879147000793
p90,draw_07268,267,43.16666666666667,cotizando,25.0,3.6249999999999996,FG03,0.0016243464068570288,1164.9879147000793,1170.511146889079
p90,draw_07268,268,43.25,cotizando,25.0,3.6249999999999996,FG03,-0.002073884529731215,1170.511146889079,1171.7011240982476
p90,draw_07268,269,43.33333333333333,cotizando,25.0,3.6249999999999996,FG03,0.0002577835949205769,1171.7011240982476,1175.6291038917218
p90,draw_07268,270,43.41666666666667,cotizando,25.0,3.6249999999999996,FG03,0.00406008531828836,1175.6291038917218,1184.041976165464
p90,draw_07268,271,43.5,cotizando,25.0,3.6249999999999996,FG03,0.011466184358888867,1184.041976165464,1201.284984671141
p90,draw_07268,272,43.58333333333333,desempleado,25.0,0.0,FG03,-0.0017176129447212085,1201.284984671141,1199.2216420311706
p90,draw_07268,273,43.66666666666667,cotizando,25.0,3.6249999999999996,FG03,0.002122214001450822,1199.2216420311706,1205.3993400164873
p90,draw_07268,274,43.75,cotizando,25.0,3.6249999999999996,FG03,0.010306793778983402,1205.3993400164873,1221.4855045628087
p90,draw_07268,275,43.83333333333333,cotizando,25.0,3.6249999999999996,FG03,-8.430582594219204e-05,1221.4855045628087,1225.0072206098512
p90,draw_07268,276,43.91666666666667,cotizando,25.0,3.6249999999999996,FG03,0.0023466589443739486,1225.0072206098512,1231.5154013996912
p90,draw_07268,277,44.0,cotizando,25.0,3.6249999999999996,FG03,-0.00018025215286244882,1231.5154013996912,1234.9177646832516
p90,draw_07268,278,44.08333333333333,cotizando,25.0,3.6249999999999996,FG03,-0.006384940476174868,1234.9177646832516,1230.6347428535519
p90,draw_07268,279,44.16666666666667,cotizando,25.0,3.6249999999999996,FG03,0.0021585926120124997,1230.6347428535519,1236.9240068157799
p90,draw_07268,280,44.25,cotizando,25.0,3.6249999999999996,FG03,-0.002703632040354495,1236.9240068157799,1237.1950187733228
p90,draw_07268,281,44.33333333333333,cotizando,25.0,3.6249999999999996,FG03,0.0025062447727633884,1237.1950187733228,1243.9298174593134
p90,draw_07268,282,44.41666666666667,cotizando,25.0,3.6249999999999996,FG03,0.0018049212312781688,1243.9298174593134,1249.806555636529
p90,draw_07268,283,44.5,cotizando,25.0,3.6249999999999996,FG03,0.0021396651402307053,1249.806555636529,1256.1134794417899
p90,draw_07268,284,44.58333333333333,cotizando,25.0,3.6249999999999996,FG03,0.006822872837049521,1256.1134794417899,1268.333514894959
p90,draw_07268,285,44.66666666666667,cotizando,25.0,3.6249999999999996,FG03,0.0037887084767489502,1268.333514894959,1276.7775949024146
p90,draw_07268,286,44.75,cotizando,25.0,3.6249999999999996,FG03,-0.0004831932897806703,1276.7775949024146,1279.78391296034
p90,draw_07268,287,44.83333333333333,cotizando,25.0,3.6249999999999996,FG03,-0.0018170092621603616,1279.78391296034,1281.076947078352
p90,draw_07268,288,44.91666666666667,cotizando,25.0,3.6249999999999996,FG03,0.0011318961794650705,1281.076947078352,1286.1560963040015
p90,draw_07268,289,45.0,cotizando,25.0,3.6249999999999996,FG03,0.00023069366848058227,1286.1560963040015,1290.0786406366449
p90,draw_07268,290,45.08333333333333,cotizando,25.0,3.6249999999999996,FG04,-0.0016936276332600892,1290.0786406366449,1291.5125884016136
p90,draw_07268,291,45.16666666666667,cotizando,25.0,3.6249999999999996,FG04,-0.0030605300166264555,1291.5125884016136,1291.1737809366493
p90,draw_07268,292,45.25,cotizando,25.0,3.6249999999999996,FG04,0.0033507879641355622,1291.1737809366493,1299.1373771077892
p90,draw_07268,293,45.33333333333333,cotizando,25.0,3.6249999999999996,FG04,0.005016587962358915,1299.1373771077892,1309.2977991666023
p90,draw_07268,294,45.41666666666667,cotizando,25.0,3.6249999999999996,FG04,0.0019302558024806413,1309.2977991666023,1315.4570760179029
p90,draw_07268,295,45.5,cotizando,25.0,3.6249999999999996,FG04,-0.0020195386678007483,1315.4570760179029,1316.4181387593817
p90,draw_07268,296,45.58333333333333,cotizando,25.0,3.6249999999999996,FG04,-0.0077520963986493175,1316.4181387593817,1309.8100370973434
p90,draw_07268,297,45.66666666666667,cotizando,25.0,3.6249999999999996,FG04,-0.0034660602389153684,1309.8100370973434,1308.882592138862
p90,draw_07268,298,45.75,cotizando,25.0,3.6249999999999996,FG04,0.00017157887200201406,1308.882592138862,1312.7327907110152
p90,draw_07268,299,45.83333333333333,cotizando,25.0,3.6249999999999996,FG04,-0.0027752021327443525,1312.7327907110152,1312.7046317627794
p90,draw_07268,300,45.91666666666667,cotizando,25.0,3.6249999999999996,FG04,0.0028360051030337898,1312.7046317627794,1320.0627493157333
p90,draw_07268,301,46.0,cotizando,25.0,3.6249999999999996,FG04,0.002594543345377659,1320.0627493157333,1327.1221145570782
p90,draw_07268,302,46.08333333333333,cotizando,25.0,3.6249999999999996,FG04,0.0027275184377978058,1327.1221145570782,1334.3767518480788
p90,draw_07268,303,46.16666666666667,cotizando,25.0,3.6249999999999996,FG04,0.0036873825605915865,1334.3767518480788,1342.9354761738846
p90,draw_07268,304,46.25,cotizando,25.0,3.6249999999999996,FG04,-0.0007985794040094858,1342.9354761738846,1345.4851407113588
p90,draw_07268,305,46.33333333333333,cotizando,25.0,3.6249999999999996,FG04,0.008486019074382947,1345.4851407113588,1360.5587150988788
p90,draw_07268,306,46.41666666666667,cotizando,25.0,3.6249999999999996,FG04,-0.002664745263616764,1360.5587150988788,1360.5485130053657
p90,draw_07268,307,46.5,cotizando,25.0,3.6249999999999996,FG04,-0.005293274539146544,1360.5485130053657,1356.9525680819963
p90,draw_07268,308,46.58333333333333,cotizando,25.0,3.6249999999999996,FG04,0.0009167545275672414,1356.9525680819963,1361.824883727642
p90,draw_07268,309,46.66666666666667,cotizando,25.0,3.6249999999999996,FG04,-0.005089236842289703,1361.824883727642,1358.500785873075
p90,draw_07268,310,46.75,cotizando,25.0,3.6249999999999996,FG04,0.0010271325040229007,1358.500785873075,1363.5248695423131
p90,draw_07268,311,46.83333333333333,cotizando,25.0,3.6249999999999996,FG04,0.004227152764725999,1363.5248695423131,1372.9290208931436
p90,draw_07268,312,46.91666666666667,informal,25.0,0.0,FG04,-0.00012396829786842417,1372.9290208931436,1372.7588212193293
p90,draw_07268,313,47.0,informal,25.0,0.0,FG04,0.0032471043769996214,1372.7588212193293,1377.2163123962755
p90,draw_07268,314,47.08333333333333,cotizando,25.0,3.6249999999999996,FG04,-0.001351411238953376,1377.2163123962755,1378.9752279274921
p90,draw_07268,315,47.16666666666667,cotizando,25.0,3.6249999999999996,FG04,-0.0017119279763114501,1378.9752279274921,1380.2333159172485
p90,draw_07268,316,47.25,cotizando,25.0,3.6249999999999996,FG04,-0.0007338980290286431,1380.2333159172485,1382.842705026742
p90,draw_07268,317,47.33333333333333,cotizando,25.0,3.6249999999999996,FG04,-0.0012331639742120845,1382.842705026742,1384.7579630014943
p90,draw_07268,318,47.41666666666667,cotizando,25.0,3.6249999999999996,FG04,0.003376452482225925,1384.7579630014943,1393.0707721032009
p90,draw_07268,319,47.5,cotizando,25.0,3.6249999999999996,FG04,0.009047210014287904,1393.0707721032009,1409.3319720794866
p90,draw_07268,320,47.58333333333333,cotizando,25.0,3.6249999999999996,FG04,0.0006358115738766321,1409.3319720794866,1413.8553464757244
p90,draw_07268,321,47.66666666666667,cotizando,25.0,3.6249999999999996,FG04,0.004225254075717073,1413.8553464757244,1423.4695610869198
p90,draw_07268,322,47.75,cotizando,25.0,3.6249999999999996,FG04,0.007522449611206795,1423.4695610869198,1437.8298080131233
p90,draw_07268,323,47.83333333333333,cotizando,25.0,3.6249999999999996,FG04,-0.008814980064028987,1437.8298080131233,1428.7484126172887
p90,draw_07268,324,47.91666666666667,cotizando,25.0,3.6249999999999996,FG04,0.006649683240405285,1428.7484126172887,1441.898242093172
p90,draw_07268,325,48.0,cotizando,25.0,3.6249999999999996,FG04,-0.0005351402241751619,1441.898242093172,1444.749684461348
p90,draw_07268,326,48.08333333333333,cotizando,25.0,3.6249999999999996,FG04,0.0014218522941089348,1444.749684461348,1450.4340593291786
p90,draw_07268,327,48.16666666666667,cotizando,25.0,3.6249999999999996,FG04,-0.0033129783116987504,1450.4340593291786,1449.241793201692
p90,draw_07268,328,48.25,cotizando,25.0,3.6249999999999996,FG04,0.007843264316765167,1449.241793201692,1464.2620114778238
p90,draw_07268,329,48.33333333333333,cotizando,25.0,3.6249999999999996,FG04,-0.0046081683343301375,1464.2620114778238,1461.1227410331571
p90,draw_07268,330,48.41666666666667,cotizando,25.0,3.6249999999999996,FG04,0.0007602854087714951,1461.1227410331571,1465.8613673681957
p90,draw_07268,331,48.5,informal,25.0,0.0,FG04,-0.00562877858688709,1465.8613673681957,1457.6103582922087
p90,draw_07268,332,48.58333333333333,desempleado,25.0,0.0,FG04,-0.004166164224649778,1457.6103582922087,1451.5377141640129
p90,draw_07268,333,48.66666666666667,cotizando,25.0,3.6249999999999996,FG04,-0.004789598624854561,1451.5377141640129,1448.1930688293135
p90,draw_07268,334,48.75,cotizando,25.0,3.6249999999999996,FG04,-0.0014918609450815653,1448.1930688293135,1449.6521581530633
p90,draw_07268,335,48.83333333333333,cotizando,25.0,3.6249999999999996,FG04,0.003493003372044351,1449.6521581530633,1458.353460167007
p90,draw_07268,336,48.91666666666667,cotizando,25.0,3.6249999999999996,FG04,0.002873081670684399,1458.353460167007,1466.178843683848
p90,draw_07268,337,49.0,cotizando,25.0,3.6249999999999996,FG04,0.0026732452604389186,1466.178843683848,1473.7329898427508
p90,draw_07268,338,49.08333333333333,cotizando,25.0,3.6249999999999996,FG04,-0.0018844442749639545,1473.7329898427508,1474.5739910367195
p90,draw_07268,339,49.16666666666667,cotizando,25.0,3.6249999999999996,FG04,0.002709060849608675,1474.5739910367195,1482.2035220512682
p90,draw_07268,340,49.25,cotizando,25.0,3.6249999999999996,FG04,-0.004848073986726068,1482.2035220512682,1478.625115444776
p90,draw_07268,341,49.33333333333333,cotizando,25.0,3.6249999999999996,FG04,0.0025249039647661014,1478.625115444776,1485.9926546380375
p90,draw_07268,342,49.41666666666667,cotizando,25.0,3.6249999999999996,FG04,0.002027464677813503,1485.9926546380375,1492.6378018162636
p90,draw_07268,343,49.5,cotizando,25.0,3.6249999999999996,FG04,-0.0018079686731742408,1492.6378018162636,1493.5576055437439
p90,draw_07268,344,49.58333333333333,cotizando,25.0,3.6249999999999996,FG04,0.001686218083923793,1493.5576055437439,1499.707181928148
p90,draw_07268,345,49.66666666666667,cotizando,25.0,3.6249999999999996,FG04,0.0005091301413267343,1499.707181928148,1504.097573654394
p90,draw_07268,346,49.75,cotizando,25.0,3.6249999999999996,FG04,-0.004220648241069382,1504.097573654394,1501.359007025879
p90,draw_07268,347,49.83333333333333,cotizando,25.0,3.6249999999999996,FG04,0.0008915038201131156,1501.359007025879,1506.3257060173519
p90,draw_07268,348,49.91666666666667,cotizando,25.0,3.6249999999999996,FG04,0.0040224275650202115,1506.3257060173519,1516.0243733590578
p90,draw_07268,349,50.0,cotizando,25.0,3.6249999999999996,FG04,0.0027739182581018205,1516.0243733590578,1523.8647565017316
p90,draw_07268,350,50.08333333333333,cotizando,25.0,3.6249999999999996,FG05,0.00373403114652962,1523.8647565017316,1533.1934508285142
p90,draw_07268,351,50.16666666666667,cotizando,25.0,3.6249999999999996,FG05,-0.0003619476265487022,1533.1934508285142,1536.2622030378004
p90,draw_07268,352,50.25,cotizando,25.0,3.6249999999999996,FG05,0.00290779276608479,1536.2622030378004,1544.3648759073803
p90,draw_07268,353,50.33333333333333,cotizando,25.0,3.6249999999999996,FG05,0.00469849899085104,1544.3648759073803,1555.2631047771786
p90,draw_07268,354,50.41666666666667,cotizando,25.0,3.6249999999999996,FG05,0.0038983260805269837,1555.2631047771786,1564.9651589326547
p90,draw_07268,355,50.5,cotizando,25.0,3.6249999999999996,FG05,0.0009117938312309972,1564.9651589326547,1570.0203897632994
p90,draw_07268,356,50.58333333333333,cotizando,25.0,3.6249999999999996,FG05,-0.0037397928308986745,1570.0203897632994,1567.7602820162858
p90,draw_07268,357,50.66666666666667,cotizando,25.0,3.6249999999999996,FG05,-0.0009409185383220703,1567.7602820162858,1569.9067364735902
p90,draw_07268,358,50.75,cotizando,25.0,3.6249999999999996,FG05,0.0004204623599329768,1569.9067364735902,1574.1933473409372
p90,draw_07268,359,50.83333333333333,cotizando,25.0,3.6249999999999996,FG05,0.0027504365247675044,1574.1933473409372,1582.1580365529119
p90,draw_07268,360,50.91666666666667,cotizando,25.0,3.6249999999999996,FG05,0.0030581407457044895,1582.1580365529119,1590.6325842708413
p90,draw_07268,361,51.0,cotizando,25.0,3.6249999999999996,FG05,0.0025010629283171667,1590.6325842708413,1598.2449228130495
p90,draw_07268,362,51.08333333333333,cotizando,25.0,3.6249999999999996,FG05,0.006167273077481107,1598.2449228130495,1611.749092061641
p90,draw_07268,363,51.16666666666667,cotizando,25.0,3.6249999999999996,FG05,-0.006228747101532411,1611.749092061641,1605.3123353678216
p90,draw_07268,364,51.25,cotizando,25.0,3.6249999999999996,FG05,-0.0008612305983182354,1605.3123353678216,1607.5516693038262
p90,draw_07268,365,51.33333333333333,cotizando,25.0,3.6249999999999996,FG05,-0.0024148591632687766,1607.5516693038262,1607.285904560313
p90,draw_07268,366,51.41666666666667,cotizando,25.0,3.6249999999999996,FG05,0.0016630030709394038,1607.285904560313,1613.5898543416067
p90,draw_07268,367,51.5,cotizando,25.0,3.6249999999999996,FG05,-0.0016958117650754557,1613.5898543416067,1614.4723623649593
p90,draw_07268,368,51.58333333333333,cotizando,25.0,3.6249999999999996,FG05,-0.005620892951753651,1614.4723623649593,1609.002210305591
p90,draw_07268,369,51.66666666666667,cotizando,25.0,3.6249999999999996,FG05,0.002213304574755722,1609.002210305591,1616.1964454875358
p90,draw_07268,370,51.75,cotizando,25.0,3.6249999999999996,FG05,-4.63915531737494e-05,1616.1964454875358,1619.7462994548155
p90,draw_07268,371,51.83333333333333,cotizando,25.0,3.6249999999999996,FG05,-0.0018534881431639936,1619.7462994548155,1620.3623999993233
p90,draw_07268,372,51.91666666666667,cotizando,25.0,3.6249999999999996,FG05,0.004343040838797628,1620.3623999993233,1631.0404435992132
p90,draw_07268,373,52.0,cotizando,25.0,3.6249999999999996,FG05,-0.004573028969507386,1631.0404435992132,1627.1900711701812
p90,draw_07268,374,52.08333333333333,cotizando,25.0,3.6249999999999996,FG05,0.0029275335959717715,1627.1900711701812,1635.589337079849
p90,draw_07268,375,52.16666666666667,cotizando,25.0,3.6249999999999996,FG05,0.0034722494826609908,1635.589337079849,1644.9060982137448
p90,draw_07268,376,52.25,cotizando,25.0,3.6249999999999996,FG05,-0.0026741450578219787,1644.9060982137448,1644.1226869247907
p90,draw_07268,377,52.33333333333333,cotizando,25.0,3.6249999999999996,FG05,0.0032027742467159747,1644.1226869247907,1653.0250507815592
p90,draw_07268,378,52.41666666666667,cotizando,25.0,3.6249999999999996,FG05,-0.002735142578570859,1653.0250507815592,1652.118876689875
p90,draw_07268,379,52.5,cotizando,25.0,3.6249999999999996,FG05,-0.0015479438173703296,1652.118876689875,1653.1808781928041
p90,draw_07268,380,52.58333333333333,cotizando,25.0,3.6249999999999996,FG05,-0.0032812947153252206,1653.1808781928041,1651.3694098203703
p90,draw_07268,381,52.66666666666667,cotizando,25.0,3.6249999999999996,FG05,0.00021747670263621164,1651.3694098203703,1655.3543325474993
p90,draw_07268,382,52.75,cotizando,25.0,3.6249999999999996,FG05,-0.00022579078325100837,1655.3543325474993,1658.6047503046061
p90,draw_07268,383,52.83333333333333,cotizando,25.0,3.6249999999999996,FG05,0.005658271822552246,1658.6047503046061,1671.6350980633626
p90,draw_07268,384,52.91666666666667,cotizando,25.0,3.6249999999999996,FG05,-0.006610538876400191,1671.6350980633626,1664.1857260570328
p90,draw_07268,385,53.0,cotizando,25.0,3.6249999999999996,FG05,0.006013523212922385,1664.1857260570328,1677.8401445729376
p90,draw_07268,386,53.083333333333336,cotizando,25.0,3.6249999999999996,FG05,-0.0039251829426663965,1677.8401445729376,1674.8650862687718
p90,draw_07268,387,53.166666666666664,cotizando,25.0,3.6249999999999996,FG05,0.0009613472662236081,1674.8650862687718,1680.1036981245898
p90,draw_07268,388,53.25,cotizando,25.0,3.6249999999999996,FG05,0.0020773419058845682,1680.1036981245898,1687.2263783073445
p90,draw_07268,389,53.333333333333336,cotizando,25.0,3.6249999999999996,FG05,0.010855314118018808,1687.2263783073445,1709.2061011457556
p90,draw_07268,390,53.416666666666664,cotizando,25.0,3.6249999999999996,FG05,-0.004090466244982775,1709.2061011457556,1705.8248233431623
p90,draw_07268,391,53.5,cotizando,25.0,3.6249999999999996,FG05,-0.004445770010741151,1705.8248233431623,1701.8500025836763
p90,draw_07268,392,53.583333333333336,cotizando,25.0,3.6249999999999996,FG05,0.0031906279034526874,1701.8500025836763,1710.9165387155606
p90,draw_07268,393,53.666666666666664,cotizando,25.0,3.6249999999999996,FG05,-0.0011633224707636282,1710.9165387155606,1712.5469740165152
p90,draw_07268,394,53.75,cotizando,25.0,3.6249999999999996,FG05,0.0013352920584104907,1712.5469740165152,1718.4635648242859
p90,draw_07268,395,53.833333333333336,cotizando,25.0,3.6249999999999996,FG05,0.000845408707544479,1718.4635648242859,1723.544433492151
p90,draw_07268,396,53.916666666666664,cotizando,25.0,3.6249999999999996,FG05,-0.001171294349264715,1723.544433492151,1725.146409694479
p90,draw_07268,397,54.0,cotizando,25.0,3.6249999999999996,FG05,-0.002795598334823371,1725.146409694479,1723.9384592202468
p90,draw_07268,398,54.083333333333336,cotizando,25.0,3.6249999999999996,FG05,0.004908633946738806,1723.9384592202468,1736.0434358613209
p90,draw_07268,399,54.166666666666664,cotizando,25.0,3.6249999999999996,FG05,-0.0027775634736500795,1736.0434358613209,1734.8363963576105
p90,draw_07268,400,54.25,cotizando,25.0,3.6249999999999996,FG05,0.000725078029385286,1734.8363963576105,1739.7219165210438
p90,draw_07268,401,54.333333333333336,cotizando,25.0,3.6249999999999996,FG05,0.003973946853657924,1739.7219165210438,1750.274884514787
p90,draw_07268,402,54.416666666666664,cotizando,25.0,3.6249999999999996,FG05,-0.00020469493139862267,1750.274884514787,1753.5408700982462
p90,draw_07268,403,54.5,cotizando,25.0,3.6249999999999996,FG05,0.0023298204893227098,1753.5408700982462,1761.2597511455397
p90,draw_07268,404,54.583333333333336,cotizando,25.0,3.6249999999999996,FG05,0.0005807790506878252,1761.2597511455397,1765.9097592358833
p90,draw_07268,405,54.666666666666664,cotizando,25.0,3.6249999999999996,FG05,0.0013922062974819833,1765.9097592358833,1771.9983166713048
p90,draw_07268,406,54.75,cotizando,25.0,3.6249999999999996,FG05,0.005076165159366035,1771.9983166713048,1784.6366738875497
p90,draw_07268,407,54.833333333333336,cotizando,25.0,3.6249999999999996,FG05,0.003951224619309068,1784.6366738875497,1795.327497439181
p90,draw_07268,408,54.916666666666664,cotizando,25.0,3.6249999999999996,FG05,0.0013323144615584673,1795.327497439181,1801.3492678671757
p90,draw_07268,409,55.0,cotizando,25.0,3.6249999999999996,FG05,-0.00020250086902796178,1801.3492678671757,1804.6087590093596
p90,draw_07268,410,55.083333333333336,cotizando,25.0,3.6249999999999996,FG06,-0.0015482708447999644,1804.6087590093596,1805.4341233997025
p90,draw_07268,411,55.166666666666664,cotizando,25.0,3.6249999999999996,FG06,-0.0002021241476313267,1805.4341233997025,1808.6934688663707
p90,draw_07268,412,55.25,cotizando,25.0,3.6249999999999996,FG06,0.0006789408714861725,1808.6934688663707,1813.5489259470335
p90,draw_07268,413,55.333333333333336,cotizando,25.0,3.6249999999999996,FG06,0.0011227265828773804,1813.5489259470335,1819.214115419406
p90,draw_07268,414,55.416666666666664,cotizando,25.0,3.6249999999999996,FG06,0.0038916164972046326,1819.214115419406,1829.9329061927222
p90,draw_07268,415,55.5,cotizando,25.0,3.6249999999999996,FG06,-0.0004870260551128668,1829.9329061927222,1832.664915718848
p90,draw_07268,416,55.583333333333336,cotizando,25.0,3.6249999999999996,FG06,0.003971273506002131,1832.664915718848,1843.5823252104815
p90,draw_07268,417,55.666666666666664,cotizando,25.0,3.6249999999999996,FG06,-0.0012911464965702833,1843.5823252104815,1844.822309944097
p90,draw_07268,418,55.75,cotizando,25.0,3.6249999999999996,FG06,0.0026192842955186043,1844.822309944097,1853.2889189541272
p90,draw_07268,419,55.833333333333336,cotizando,25.0,3.6249999999999996,FG06,-0.00021397133437974517,1853.2889189541272,1856.5165926050604
p90,draw_07268,420,55.916666666666664,cotizando,25.0,3.6249999999999996,FG06,0.003763619716609057,1856.5165926050604,1867.1424581786735
p90,draw_07268,421,56.0,cotizando,25.0,3.6249999999999996,FG06,0.00030817770328608543,1867.1424581786735,1871.3439869973172
p90,draw_07268,422,56.083333333333336,cotizando,25.0,3.6249999999999996,FG06,0.0031377902622990385,1871.3439869973172,1880.85224642683
p90,draw_07268,423,56.166666666666664,informal,25.0,0.0,FG06,0.0018084304993264654,1880.85224642683,1884.253636993995
p90,draw_07268,424,56.25,informal,25.0,0.0,FG06,-0.002722418095486642,1884.253636993995,1879.123910796156
p90,draw_07268,425,56.333333333333336,informal,25.0,0.0,FG06,-0.0018077517589103573,1879.123910796156,1875.7269212412039
p90,draw_07268,426,56.416666666666664,cotizando,25.0,3.6249999999999996,FG06,0.001127444364130722,1875.7269212412039,1881.4707859730254
p90,draw_07268,427,56.5,cotizando,25.0,3.6249999999999996,FG06,0.001792433170642846,1881.4707859730254,1888.4746941896426
p90,draw_07268,428,56.583333333333336,cotizando,25.0,3.6249999999999996,FG06,0.0009223884528667272,1888.4746941896426,1893.8449450992357
p90,draw_07268,429,56.666666666666664,cotizando,25.0,3.6249999999999996,FG06,-0.0012241316974582468,1893.8449450992357,1895.1471919944654
p90,draw_07268,430,56.75,cotizando,25.0,3.6249999999999996,FG06,-0.0027477450288555527,1895.1471919944654,1893.5548501429835
p90,draw_07268,431,56.833333333333336,cotizando,25.0,3.6249999999999996,FG06,0.007591359039980861,1893.5548501429835,1911.5820235488357
p90,draw_07268,432,56.916666666666664,cotizando,25.0,3.6249999999999996,FG06,-0.0020537884397748033,1911.5820235488357,1911.2735935040955
p90,draw_07268,433,57.0,cotizando,25.0,3.6249999999999996,FG06,-0.001979957504145218,1911.2735935040955,1911.10717566421
p90,draw_07268,434,57.083333333333336,cotizando,25.0,3.6249999999999996,FG06,0.004467521915070801,1911.10717566421,1923.2862836204808
p90,draw_07268,435,57.166666666666664,cotizando,25.0,3.6249999999999996,FG06,-0.0004275518348411961,1923.2862836204808,1926.0874291655928
p90,draw_07268,436,57.25,cotizando,25.0,3.6249999999999996,FG06,-0.0019103604495139088,1926.0874291655928,1926.0259828619794
p90,draw_07268,437,57.333333333333336,cotizando,25.0,3.6249999999999996,FG06,0.0006407311793074027,1926.0259828619794,1930.88737041188
p90,draw_07268,438,57.416666666666664,cotizando,25.0,3.6249999999999996,FG06,-0.004525403453342842,1930.88737041188,1925.7579214502837
p90,draw_07268,439,57.5,cotizando,25.0,3.6249999999999996,FG06,8.935058604743885e-05,1925.7579214502837,1929.5553129450254
p90,draw_07268,440,57.583333333333336,cotizando,25.0,3.6249999999999996,FG06,0.004505810368038083,1929.5553129450254,1941.8908568423801
p90,draw_07268,441,57.666666666666664,cotizando,25.0,3.6249999999999996,FG06,0.002399388805356029,1941.8908568423801,1950.1839058099301
p90,draw_07268,442,57.75,cotizando,25.0,3.6249999999999996,FG06,0.002469414076108299,1950.1839058099301,1958.633669023963
p90,draw_07268,443,57.833333333333336,cotizando,25.0,3.6249999999999996,FG06,0.0005261782892783391,1958.633669023963,1963.2911669335515
p90,draw_07268,444,57.916666666666664,informal,25.0,0.0,FG06,0.002425247428661817,1963.2911669335515,1968.0526337878716
p90,draw_07268,445,58.0,cotizando,25.0,3.6249999999999996,FG06,-0.004403416334622592,1968.0526337878716,1962.9955162886401
p90,draw_07268,446,58.083333333333336,cotizando,25.0,3.6249999999999996,FG06,-0.004239494109966119,1962.9955162886401,1958.2830401932958
p90,draw_07268,447,58.166666666666664,cotizando,25.0,3.6249999999999996,FG06,-0.0024047538885121336,1958.2830401932958,1957.190134204738
p90,draw_07268,448,58.25,desempleado,25.0,0.0,FG06,-0.0017925454967266097,1957.190134204738,1953.6817818434315
p90,draw_07268,449,58.333333333333336,desempleado,25.0,0.0,FG06,-0.0029587130402255277,1953.6817818434315,1947.9013980790403
p90,draw_07268,450,58.416666666666664,cotizando,25.0,3.6249999999999996,FG06,4.053265965682393e-05,1947.9013980790403,1951.605498634345
p90,draw_07268,451,58.5,cotizando,25.0,3.6249999999999996,FG06,0.00040959585276367067,1951.605498634345,1956.0313529377827
p90,draw_07268,452,58.583333333333336,cotizando,25.0,3.6249999999999996,FG06,0.006476403419187678,1956.0313529377827,1972.347878042382
p90,draw_07268,453,58.666666666666664,cotizando,25.0,3.6249999999999996,FG06,0.003985739478032934,1972.347878042382,1983.8485911499179
p90,draw_07268,454,58.75,cotizando,25.0,3.6249999999999996,FG06,0.004061643079785261,1983.8485911499179,1995.545999507668
p90,draw_07268,455,58.833333333333336,cotizando,25.0,3.6249999999999996,FG06,0.005416605587283493,1995.545999507668,2009.9997203135365
p90,draw_07268,456,58.916666666666664,cotizando,25.0,3.6249999999999996,FG06,0.004671386119268368,2009.9997203135365,2023.031138881425
p90,draw_07268,457,59.0,cotizando,25.0,3.6249999999999996,FG06,-0.002505927577311897,2023.031138881425,2021.5774853732735
p90,draw_07268,458,59.083333333333336,cotizando,25.0,3.6249999999999996,FG06,0.00029521009016304187,2021.5774853732735,2025.8003455815788
p90,draw_07268,459,59.166666666666664,cotizando,25.0,3.6249999999999996,FG06,-0.0014874529623710492,2025.8003455815788,2026.4066708393825
p90,draw_07268,460,59.25,cotizando,25.0,3.6249999999999996,FG06,0.0036229528734783695,2026.4066708393825,2037.3863799145022
p90,draw_07268,461,59.333333333333336,cotizando,25.0,3.6249999999999996,FG06,-0.003679194194853965,2037.3863799145022,2033.5021026938898
p90,draw_07268,462,59.416666666666664,cotizando,25.0,3.6249999999999996,FG06,0.003816792260585523,2033.5021026938898,2044.902393653281
p90,draw_07268,463,59.5,cotizando,25.0,3.6249999999999996,FG06,0.0035342962360717083,2044.902393653281,2055.767496310159
p90,draw_07268,464,59.583333333333336,cotizando,25.0,3.6249999999999996,FG06,0.0005769531675300889,2055.767496310159,2060.580669334093
p90,draw_07268,465,59.666666666666664,cotizando,25.0,3.6249999999999996,FG06,0.006428977375798109,2060.580669334093,2077.476400881236
p90,draw_07268,466,59.75,cotizando,25.0,3.6249999999999996,FG06,0.0031818571864149314,2077.476400881236,2087.7231683292875
p90,draw_07268,467,59.833333333333336,cotizando,25.0,3.6249999999999996,FG06,0.002975552895104578,2087.7231683292875,2097.5710854262315
p90,draw_07268,468,59.916666666666664,cotizando,25.0,3.6249999999999996,FG06,-0.0008383116338227107,2097.5710854262315,2099.434628302876
p90,draw_07268,469,60.0,cotizando,25.0,3.6249999999999996,FG06,-0.00024194839174865218,2099.434628302876,2102.5507964080566
p90,draw_07268,470,60.083333333333336,cotizando,25.0,3.6249999999999996,FG07,0.001436300284012784,2102.5507964080566,2109.200897302618
p90,draw_07268,471,60.166666666666664,cotizando,25.0,3.6249999999999996,FG07,0.0009088405004031387,2109.200897302618,2114.7461190483873
p90,draw_07268,472,60.25,cotizando,25.0,3.6249999999999996,FG07,-0.003206212217542089,2114.7461190483873,2111.579171685206
p90,draw_07268,473,60.333333333333336,cotizando,25.0,3.6249999999999996,FG07,-0.001767809213935027,2111.579171685206,2111.464894261147
p90,draw_07268,474,60.416666666666664,cotizando,25.0,3.6249999999999996,FG07,-0.0018293268366057563,2111.464894261147,2111.2207035557417
p90,draw_07268,475,60.5,cotizando,25.0,3.6249999999999996,FG07,0.0010631118254118108,2111.2207035557417,2117.0940210321132
p90,draw_07268,476,60.583333333333336,cotizando,25.0,3.6249999999999996,FG07,0.005089955754440168,2117.0940210321132,2131.5133870167665
p90,draw_07268,477,60.666666666666664,cotizando,25.0,3.6249999999999996,FG07,0.0022891629387456584,2131.5133870167665,2140.0260666814183
p90,draw_07268,478,60.75,cotizando,25.0,3.6249999999999996,FG07,0.0013834832345403895,2140.0260666814183,2146.6167719928767
p90,draw_07268,479,60.833333333333336,cotizando,25.0,3.6249999999999996,FG07,0.0014299649353156129,2146.6167719928767,2153.316542329277
p90,draw_07268,480,60.916666666666664,cotizando,25.0,3.6249999999999996,FG07,0.00651048276075755,2153.316542329277,2170.984273056574
p90,draw_07268,481,61.0,cotizando,25.0,3.6249999999999996,FG07,-0.001710031838561861,2170.984273056574,2170.890621963215
p90,draw_07268,482,61.083333333333336,cotizando,25.0,3.6249999999999996,FG07,0.005173222750814225,2170.890621963215,2185.764875650756
p90,draw_07268,483,61.166666666666664,cotizando,25.0,3.6249999999999996,FG07,0.0006708041409239467,2185.764875650756,2190.85852744544
p90,draw_07268,484,61.25,cotizando,25.0,3.6249999999999996,FG07,0.0027436784573429203,2190.85852744544,2200.504484624686
p90,draw_07268,485,61.333333333333336,cotizando,25.0,3.6249999999999996,FG07,-0.0027479058034850525,2200.504484624686,2198.0727444222534
p90,draw_07268,486,61.416666666666664,cotizando,25.0,3.6249999999999996,FG07,-0.005536412403046633,2198.0727444222534,2189.5082377222743
p90,draw_07268,487,61.5,cotizando,25.0,3.6249999999999996,FG07,-0.002729557732610473,2189.5082377222743,2187.1469539346044
p90,draw_07268,488,61.583333333333336,cotizando,25.0,3.6249999999999996,FG07,-0.00028760086307998275,2187.1469539346044,2190.1418860298413
p90,draw_07268,489,61.666666666666664,cotizando,25.0,3.6249999999999996,FG07,-0.0005979067028701839,2190.1418860298413,2192.4552181041495
p90,draw_07268,490,61.75,cotizando,25.0,3.6249999999999996,FG07,-0.003558473746917917,2192.4552181041495,2188.2655243019003
p90,draw_07268,491,61.833333333333336,cotizando,25.0,3.6249999999999996,FG07,0.002337132811249722,2188.2655243019003,2197.013263564914
p90,draw_07268,492,61.916666666666664,cotizando,25.0,3.6249999999999996,FG07,-0.00492760717409161,2197.013263564914,2189.794382669791
p90,draw_07268,493,62.0,cotizando,25.0,3.6249999999999996,FG07,0.004857488577174957,2189.794382669791,2204.073892266064
p90,draw_07268,494,62.083333333333336,cotizando,25.0,3.6249999999999996,FG07,-0.0005200961348727784,2204.073892266064,2206.5506766052335
p90,draw_07268,495,62.166666666666664,cotizando,25.0,3.6249999999999996,FG07,0.002852863327363509,2206.5506766052335,2216.4810057400514
p90,draw_07268,496,62.25,desempleado,25.0,0.0,FG07,0.0007229599850745836,2216.4810057400514,2218.0834328148794
p90,draw_07268,497,62.333333333333336,cotizando,25.0,3.6249999999999996,FG07,0.0067094633373430855,2218.0834328148794,2236.614904091117
p90,draw_07268,498,62.416666666666664,cotizando,25.0,3.6249999999999996,FG07,0.002129377566254278,2236.614904091117,2245.010220685916
p90,draw_07268,499,62.5,cotizando,25.0,3.6249999999999996,FG07,-0.0018459791617031615,2245.010220685916,2244.484286926258
p90,draw_07268,500,62.583333333333336,cotizando,25.0,3.6249999999999996,FG07,-0.002165530436493167,2244.484286926258,2243.240937840856
p90,draw_07268,501,62.666666666666664,cotizando,25.0,3.6249999999999996,FG07,0.0046207209385325815,2243.240937840856,2257.248078325913
p90,draw_07268,502,62.75,cotizando,25.0,3.6249999999999996,FG07,0.0026992035263246846,2257.248078325913,2266.9756349115028
p90,draw_07268,503,62.833333333333336,cotizando,25.0,3.6249999999999996,FG07,-0.00012379570466734184,2266.9756349115028,2270.3195443058858
p90,draw_07268,504,62.916666666666664,cotizando,25.0,3.6249999999999996,FG07,-0.0008848459239101352,2270.3195443058858,2271.932453744659
p90,draw_07268,505,63.0,cotizando,25.0,3.6249999999999996,FG07,-0.0011998550497255968,2271.932453744659,2272.827114642843
p90,draw_07268,506,63.083333333333336,cotizando,25.0,3.6249999999999996,FG07,-0.0005684345844309494,2272.827114642843,2275.158100531079
p90,draw_07268,507,63.166666666666664,cotizando,25.0,3.6249999999999996,FG07,0.00016640593999338573,2275.158100531079,2279.162303574964
p90,draw_07268,508,63.25,cotizando,25.0,3.6249999999999996,FG07,0.003091426487645889,2279.162303574964,2289.844372710897
p90,draw_07268,509,63.333333333333336,cotizando,25.0,3.6249999999999996,FG07,-0.0009493420338743837,2289.844372710897,2291.292085831979
p90,draw_07268,510,63.416666666666664,desempleado,25.0,0.0,FG07,-0.0020020947605334767,2291.292085831979,2286.704701952083
p90,draw_07268,511,63.5,informal,25.0,0.0,FG07,-0.0005275595517298625,2286.704701952083,2285.4983290445825
p90,draw_07268,512,63.583333333333336,informal,25.0,0.0,FG07,0.0010871071005428804,2285.4983290445825,2287.982910506366
p90,draw_07268,513,63.666666666666664,informal,25.0,0.0,FG07,0.0001121613202767417,2287.982910506366,2288.239533690379
p90,draw_07268,514,63.75,desempleado,25.0,0.0,FG07,0.003606742234122716,2288.239533690379,2296.4926238583294
p90,draw_07268,515,63.833333333333336,cotizando,25.0,3.6249999999999996,FG07,-0.0008068381207359194,2296.4926238583294,2298.261801277224
p90,draw_07268,516,63.916666666666664,cotizando,25.0,3.6249999999999996,FG07,0.0016297574457219376,2298.261801277224,2305.6383184308147
p90,draw_07268,517,64.0,cotizando,25.0,3.6249999999999996,FG07,0.0018377825376752303,2305.6383184308147,2313.5072422323206
p90,draw_07268,518,64.08333333333334,cotizando,25.0,3.6249999999999996,FG07,0.00488962600749944,2313.5072422323206,2328.4621523067553
p90,draw_07268,519,64.16666666666666,cotizando,25.0,3.6249999999999996,FG07,-0.008528873069846628,2328.4621523067553,2312.197076996911
p90,draw_07268,520,64.25,cotizando,25.0,3.6249999999999996,FG07,-0.0022561200375331054,2312.197076996911,2310.597304405637
p90,draw_07268,521,64.33333333333334,cotizando,25.0,3.6249999999999996,FG07,-0.008075889282606878,2310.597304405637,2295.5329012999177
p90,draw_07268,522,64.41666666666666,cotizando,25.0,3.6249999999999996,FG07,0.0004130469469704897,2295.5329012999177,2300.107561451653
p90,draw_07268,523,64.5,cotizando,25.0,3.6249999999999996,FG07,-0.0011527144359482577,2300.107561451653,2301.077015671504
p90,draw_07268,524,64.58333333333334,cotizando,25.0,3.6249999999999996,FG07,0.0044765246429461555,2301.077015671504,2315.019071039305
p90,draw_07268,525,64.66666666666666,cotizando,25.0,3.6249999999999996,FG07,0.004087067981486463,2315.019071039305,2328.1205269825127
p90,draw_07268,526,64.75,cotizando,25.0,3.6249999999999996,FG07,0.001513327540963047,2328.1205269825127,2335.274221707013
p90,draw_07268,527,64.83333333333334,cotizando,25.0,3.6249999999999996,FG07,0.0024296817923713347,2335.274221707013,2344.582002560186
p90,draw_07268,528,64.91666666666666,cotizando,25.0,3.6249999999999996,FG07,0.003491364624953594,2344.582002560186,2356.405449420993
