draw_id,final_balance_uf,total_contributions_uf,contribution_density,months_cotizando,months_desempleado,months_informal
draw_00001,2117.850680115837,1783.4999999999998,0.9318181818181818,492,8,28
draw_00002,2151.3947425413844,1758.1249999999998,0.9185606060606061,485,10,33
draw_00003,2025.6990965695977,1573.2499999999998,0.821969696969697,434,30,64
draw_00004,2254.1063146990296,1656.6249999999998,0.865530303030303,457,17,54
draw_00005,2434.5463368954343,1808.8749999999998,0.9450757575757576,499,13,16
draw_00006,1919.8740562939115,1645.7499999999998,0.8598484848484849,454,15,59
draw_00007,2108.4465246719333,1707.3749999999998,0.8920454545454546,471,8,49
draw_00008,2271.4684465694163,1696.4999999999998,0.8863636363636364,468,21,39
draw_00009,2108.3951023375885,1710.9999999999998,0.8939393939393939,472,16,40
draw_00010,2295.606916732053,1754.4999999999998,0.9166666666666666,484,17,27
draw_00011,2377.4814818194973,1743.6249999999998,0.9109848484848485,481,12,35
draw_00012,2307.170544494442,1787.1249999999998,0.9337121212121212,493,11,24
draw_00013,2316.3794812891565,1725.4999999999998,0.9015151515151515,476,14,38
draw_00014,2130.2849392145376,1729.1249999999998,0.9034090909090909,477,12,39
draw_00015,2138.5571006521145,1696.4999999999998,0.8863636363636364,468,18,42
draw_00016,2333.6461509649357,1739.9999999999998,0.9090909090909091,480,20,28
draw_00017,2183.663699873709,1652.9999999999998,0.8636363636363636,456,16,56
draw_00018,2210.4349093070687,1725.4999999999998,0.9015151515151515,476,13,39
draw_00019,2056.1866460913775,1714.6249999999998,0.8958333333333334,473,11,44
draw_00020,2332.506439966627,1732.7499999999998,0.9053030303030303,478,9,41
draw_00021,2265.433823124373,1772.6249999999998,0.9261363636363636,489,9,30
draw_00022,2026.3200694164966,1692.8749999999998,0.884469696969697,467,15,46
draw_00023,2197.2103617716807,1681.9999999999998,0.8787878787878788,464,11,53
draw_00024,1912.6691384835904,1678.3749999999998,0.8768939393939394,463,25,40
draw_00025,2215.0364183413762,1765.3749999999998,0.9223484848484849,487,7,34
draw_00026,2225.8069054613643,1729.1249999999998,0.9034090909090909,477,18,33
draw_00027,2058.381933096647,1660.2499999999998,0.8674242424242424,458,19,51
draw_00028,2244.855650706598,1758.1249999999998,0.9185606060606061,485,9,34
draw_00029,2134.7883878447806,1816.1249999999998,0.9488636363636364,501,10,17
draw_00030,2300.41584808015,1790.7499999999998,0.9356060606060606,494,10,24
draw_00031,2218.8748144150322,1660.2499999999998,0.8674242424242424,458,23,47
draw_00032,2162.141203941799,1797.9999999999998,0.9393939393939394,496,11,21
draw_00033,2073.2080246244545,1674.7499999999998,0.875,462,21,45
draw_00034,2116.0299176453022,1718.2499999999998,0.8977272727272727,474,12,42
draw_00035,2194.3109550124727,1754.4999999999998,0.9166666666666666,484,12,32
draw_00036,2301.577825079165,1671.1249999999998,0.8731060606060606,461,24,43
draw_00037,2314.2205591552456,1761.7499999999998,0.9204545454545454,486,17,25
draw_00038,1942.4205556024076,1587.7499999999998,0.8295454545454546,438,30,60
draw_00039,2479.28933473903,1750.8749999999998,0.9147727272727273,483,11,34
draw_00040,2264.9973697919877,1783.4999999999998,0.9318181818181818,492,7,29
draw_00041,2301.2606375843175,1743.6249999999998,0.9109848484848485,481,12,35
draw_00042,2152.04956085053,1772.6249999999998,0.9261363636363636,489,10,29
draw_00043,2300.53688063695,1743.6249999999998,0.9109848484848485,481,14,33
draw_00044,2415.6611953492766,1671.1249999999998,0.8731060606060606,461,19,48
draw_00045,2102.0976558700754,1703.7499999999998,0.8901515151515151,470,22,36
draw_00046,2265.482666957885,1758.1249999999998,0.9185606060606061,485,14,29
draw_00047,2391.122949980332,1732.7499999999998,0.9053030303030303,478,5,45
draw_00048,2057.104723136892,1642.1249999999998,0.8579545454545454,453,16,59
draw_00049,2164.8415730182855,1714.6249999999998,0.8958333333333334,473,13,42
draw_00050,2020.333007010648,1645.7499999999998,0.8598484848484849,454,24,50
draw_00051,2513.268537075888,1801.6249999999998,0.9412878787878788,497,12,19
draw_00052,2117.2742267126728,1743.6249999999998,0.9109848484848485,481,9,38
draw_00053,2214.1530565111734,1743.6249999999998,0.9109848484848485,481,16,31
draw_00054,2517.9572224307976,1743.6249999999998,0.9109848484848485,481,18,29
draw_00055,1970.034536695889,1667.4999999999998,0.8712121212121212,460,21,47
draw_00056,2079.2806851573396,1656.6249999999998,0.865530303030303,457,20,51
draw_00057,2107.732511973761,1660.2499999999998,0.8674242424242424,458,15,55
draw_00058,2067.8354714581797,1678.3749999999998,0.8768939393939394,463,17,48
draw_00059,2152.349859399024,1652.9999999999998,0.8636363636363636,456,16,56
draw_00060,2010.7385238700754,1620.3749999999998,0.8465909090909091,447,26,55
draw_00061,2463.957736570136,1743.6249999999998,0.9109848484848485,481,10,37
draw_00062,2360.3635435789324,1736.3749999999998,0.9071969696969697,479,12,37
draw_00063,2345.489427866067,1739.9999999999998,0.9090909090909091,480,21,27
draw_00064,2248.5024390796284,1714.6249999999998,0.8958333333333334,473,6,49
draw_00065,2168.5007383872776,1739.9999999999998,0.9090909090909091,480,23,25
draw_00066,2313.9013510073883,1703.7499999999998,0.8901515151515151,470,23,35
draw_00067,2370.307605743269,1689.2499999999998,0.8825757575757576,466,20,42
draw_00068,2176.752652278124,1718.2499999999998,0.8977272727272727,474,13,41
draw_00069,2374.503688406272,1743.6249999999998,0.9109848484848485,481,15,32
draw_00070,2075.649709911522,1689.2499999999998,0.8825757575757576,466,9,53
draw_00071,2255.7380473438343,1725.4999999999998,0.9015151515151515,476,14,38
draw_00072,2272.2118127116537,1747.2499999999998,0.9128787878787878,482,14,32
draw_00073,2069.992799754269,1707.3749999999998,0.8920454545454546,471,12,45
draw_00074,2060.2158538943017,1700.1249999999998,0.8882575757575758,469,22,37
draw_00075,2352.243392819688,1739.9999999999998,0.9090909090909091,480,14,34
draw_00076,2004.3568023398805,1707.3749999999998,0.8920454545454546,471,13,44
draw_00077,2304.6845990982547,1696.4999999999998,0.8863636363636364,468,17,43
draw_00078,2172.4604071688414,1689.2499999999998,0.8825757575757576,466,13,49
draw_00079,2119.6655501168266,1729.1249999999998,0.9034090909090909,477,18,33
draw_00080,2219.3661804565954,1721.8749999999998,0.8996212121212122,475,18,35
draw_00081,2322.3650210684623,1812.4999999999998,0.946969696969697,500,11,17
draw_00082,2402.192856626979,1783.4999999999998,0.9318181818181818,492,12,24
draw_00083,2291.900881223463,1710.9999999999998,0.8939393939393939,472,16,40
draw_00084,2190.070511384034,1696.4999999999998,0.8863636363636364,468,20,40
draw_00085,1869.516116273892,1598.6249999999998,0.8352272727272727,441,20,67
draw_00086,2066.230213222171,1663.8749999999998,0.8693181818181818,459,20,49
draw_00087,2153.994119581467,1700.1249999999998,0.8882575757575758,469,13,46
draw_00088,2184.8057491871446,1703.7499999999998,0.8901515151515151,470,27,31
draw_00089,2235.3567314965803,1787.1249999999998,0.9337121212121212,493,8,27
draw_00090,2217.1203436889436,1743.6249999999998,0.9109848484848485,481,18,29
draw_00091,2388.8820718701295,1747.2499999999998,0.9128787878787878,482,16,30
draw_00092,2179.527551903767,1765.3749999999998,0.9223484848484849,487,12,29
draw_00093,2311.421739927591,1826.9999999999998,0.9545454545454546,504,9,15
draw_00094,2199.2111322789033,1783.4999999999998,0.9318181818181818,492,9,27
draw_00095,2098.359002529549,1656.6249999999998,0.865530303030303,457,24,47
draw_00096,2345.660621604041,1761.7499999999998,0.9204545454545454,486,6,36
draw_00097,2237.268104228791,1681.9999999999998,0.8787878787878788,464,12,52
draw_00098,1967.6516141068798,1692.8749999999998,0.884469696969697,467,15,46
draw_00099,2041.6784539576395,1696.4999999999998,0.8863636363636364,468,14,46
draw_00100,2065.944804990892,1649.3749999999998,0.8617424242424242,455,11,62
draw_00101,2270.2408830234085,1797.9999999999998,0.9393939393939394,496,12,20
draw_00102,2347.4436565640553,1750.8749999999998,0.9147727272727273,483,6,39
draw_00103,2020.775308903252,1681.9999999999998,0.8787878787878788,464,23,41
draw_00104,2353.8355656187296,1819.7499999999998,0.9507575757575758,502,9,17
draw_00105,2231.5183660194502,1732.7499999999998,0.9053030303030303,478,17,33
draw_00106,2206.3550365813903,1808.8749999999998,0.9450757575757576,499,8,21
draw_00107,2352.7614253776765,1754.4999999999998,0.9166666666666666,484,10,34
draw_00108,2336.48192518899,1772.6249999999998,0.9261363636363636,489,13,26
draw_00109,2095.8465056802384,1703.7499999999998,0.8901515151515151,470,22,36
draw_00110,2294.090342862863,1750.8749999999998,0.9147727272727273,483,18,27
draw_00111,2138.035978185228,1656.6249999999998,0.865530303030303,457,21,50
draw_00112,2201.7890088576783,1732.7499999999998,0.9053030303030303,478,12,38
draw_00113,2324.493433696185,1736.3749999999998,0.9071969696969697,479,14,35
draw_00114,2386.7962191027195,1729.1249999999998,0.9034090909090909,477,13,38
draw_00115,2200.8315882064708,1685.6249999999998,0.8806818181818182,465,18,45
draw_00116,2290.328186902967,1700.1249999999998,0.8882575757575758,469,12,47
draw_00117,2221.574851718552,1736.3749999999998,0.9071969696969697,479,18,31
draw_00118,2432.67976371341,1696.4999999999998,0.8863636363636364,468,26,34
draw_00119,2092.2740046231847,1638.4999999999998,0.8560606060606061,452,10,66
draw_00120,2225.1637891929213,1754.4999999999998,0.9166666666666666,484,13,31
draw_00121,2283.4048292681596,1725.4999999999998,0.9015151515151515,476,19,33
draw_00122,2364.227803274448,1710.9999999999998,0.8939393939393939,472,13,43
draw_00123,2263.8999536028973,1685.6249999999998,0.8806818181818182,465,21,42
draw_00124,2353.0420486563175,1747.2499999999998,0.9128787878787878,482,19,27
draw_00125,2362.261933550522,1707.3749999999998,0.8920454545454546,471,14,43
draw_00126,2378.90330961663,1772.6249999999998,0.9261363636363636,489,12,27
draw_00127,2194.236470396741,1678.3749999999998,0.8768939393939394,463,13,52
draw_00128,2223.9601895065816,1721.8749999999998,0.8996212121212122,475,11,42
draw_00129,2258.434664345593,1718.2499999999998,0.8977272727272727,474,6,48
draw_00130,2411.142335193359,1765.3749999999998,0.9223484848484849,487,11,30
draw_00131,2170.5342485419196,1761.7499999999998,0.9204545454545454,486,20,22
draw_00132,2217.978025734188,1743.6249999999998,0.9109848484848485,481,10,37
draw_00133,2311.9518787205534,1750.8749999999998,0.9147727272727273,483,11,34
draw_00134,2226.0301741917447,1750.8749999999998,0.9147727272727273,483,12,33
draw_00135,2155.283938229792,1710.9999999999998,0.8939393939393939,472,18,38
draw_00136,2385.3637282787945,1660.2499999999998,0.8674242424242424,458,26,44
draw_00137,2263.405464846885,1656.6249999999998,0.865530303030303,457,17,54
draw_00138,2202.2694262104583,1685.6249999999998,0.8806818181818182,465,20,43
draw_00139,2096.5866501575947,1761.7499999999998,0.9204545454545454,486,12,30
draw_00140,2073.848286287373,1634.8749999999998,0.8541666666666666,451,27,50
draw_00141,2287.643092079156,1729.1249999999998,0.9034090909090909,477,12,39
draw_00142,2290.4588945093947,1721.8749999999998,0.8996212121212122,475,14,39
draw_00143,2357.1635260945654,1710.9999999999998,0.8939393939393939,472,17,39
draw_00144,2168.200677256791,1663.8749999999998,0.8693181818181818,459,21,48
draw_00145,2244.135479599652,1732.7499999999998,0.9053030303030303,478,21,29
draw_00146,2172.032316039007,1754.4999999999998,0.9166666666666666,484,17,27
draw_00147,2036.6978822407143,1787.1249999999998,0.9337121212121212,493,9,26
draw_00148,2099.416197458044,1674.7499999999998,0.875,462,19,47
draw_00149,2135.8160051158866,1638.4999999999998,0.8560606060606061,452,24,52
draw_00150,2157.4022432836127,1750.8749999999998,0.9147727272727273,483,17,28
draw_00151,2325.1581154853097,1739.9999999999998,0.9090909090909091,480,12,36
draw_00152,2335.7784341406195,1692.8749999999998,0.884469696969697,467,23,38
draw_00153,2379.580548200139,1776.2499999999998,0.928030303030303,490,10,28
draw_00154,2198.8081580366156,1729.1249999999998,0.9034090909090909,477,9,42
draw_00155,2205.4755541269546,1739.9999999999998,0.9090909090909091,480,19,29
draw_00156,2095.287608531537,1700.1249999999998,0.8882575757575758,469,13,46
draw_00157,2271.9378748838108,1714.6249999999998,0.8958333333333334,473,23,32
draw_00158,2153.044349965173,1750.8749999999998,0.9147727272727273,483,11,34
draw_00159,2251.9988972001483,1732.7499999999998,0.9053030303030303,478,18,32
draw_00160,2275.3003567024803,1736.3749999999998,0.9071969696969697,479,18,31
draw_00161,2299.727737539056,1736.3749999999998,0.9071969696969697,479,20,29
draw_00162,2177.519738694331,1772.6249999999998,0.9261363636363636,489,16,23
draw_00163,2217.8268517214046,1801.6249999999998,0.9412878787878788,497,10,21
draw_00164,2258.867236455758,1823.3749999999998,0.9526515151515151,503,8,17
draw_00165,2194.1436360393386,1750.8749999999998,0.9147727272727273,483,17,28
draw_00166,2133.313342481268,1656.6249999999998,0.865530303030303,457,19,52
draw_00167,2087.363047657494,1678.3749999999998,0.8768939393939394,463,18,47
draw_00168,2275.540823518077,1743.6249999999998,0.9109848484848485,481,16,31
draw_00169,2003.9513248804717,1696.4999999999998,0.8863636363636364,468,21,39
draw_00170,2354.1164865992123,1772.6249999999998,0.9261363636363636,489,6,33
draw_00171,2143.834828209808,1736.3749999999998,0.9071969696969697,479,15,34
draw_00172,2191.4387678793964,1747.2499999999998,0.9128787878787878,482,9,37
draw_00173,2182.7516422670133,1718.2499999999998,0.8977272727272727,474,11,43
draw_00174,2257.9703478354836,1660.2499999999998,0.8674242424242424,458,20,50
draw_00175,2282.688858706521,1743.6249999999998,0.9109848484848485,481,16,31
draw_00176,2417.2324427508656,1718.2499999999998,0.8977272727272727,474,12,42
draw_00177,1985.9403491259554,1594.9999999999998,0.8333333333333334,440,13,75
draw_00178,2381.373398534815,1692.8749999999998,0.884469696969697,467,16,45
draw_00179,2093.251345933744,1714.6249999999998,0.8958333333333334,473,10,45
draw_00180,2149.4476262750422,1718.2499999999998,0.8977272727272727,474,10,44
draw_00181,2106.1845189942273,1674.7499999999998,0.875,462,17,49
draw_00182,2073.946040006441,1642.1249999999998,0.8579545454545454,453,12,63
draw_00183,2299.9494090731346,1718.2499999999998,0.8977272727272727,474,10,44
draw_00184,2167.8938655427614,1725.4999999999998,0.9015151515151515,476,8,44
draw_00185,2165.166188793281,1714.6249999999998,0.8958333333333334,473,24,31
draw_00186,2144.4543980166486,1721.8749999999998,0.8996212121212122,475,13,40
draw_00187,2174.8671139748044,1718.2499999999998,0.8977272727272727,474,11,43
draw_00188,2090.128249517437,1700.1249999999998,0.8882575757575758,469,17,42
draw_00189,2208.4113097410204,1714.6249999999998,0.8958333333333334,473,14,41
draw_00190,2291.8711979249165,1721.8749999999998,0.8996212121212122,475,10,43
draw_00191,2054.2069834625836,1696.4999999999998,0.8863636363636364,468,12,48
draw_00192,1842.9578779740561,1700.1249999999998,0.8882575757575758,469,15,44
draw_00193,2014.2268974465405,1667.4999999999998,0.8712121212121212,460,22,46
draw_00194,2076.4699059743175,1634.8749999999998,0.8541666666666666,451,25,52
draw_00195,2246.3393191832965,1700.1249999999998,0.8882575757575758,469,14,45
draw_00196,2085.9922185816285,1710.9999999999998,0.8939393939393939,472,20,36
draw_00197,2054.3423755215067,1652.9999999999998,0.8636363636363636,456,18,54
draw_00198,2348.955806994414,1696.4999999999998,0.8863636363636364,468,17,43
draw_00199,2351.112386899871,1790.7499999999998,0.9356060606060606,494,13,21
draw_00200,2066.6304924162037,1634.8749999999998,0.8541666666666666,451,17,60
draw_00201,2086.3884445449635,1732.7499999999998,0.9053030303030303,478,18,32
draw_00202,2215.693839573087,1721.8749999999998,0.8996212121212122,475,17,36
draw_00203,2206.087902675614,1758.1249999999998,0.9185606060606061,485,10,33
draw_00204,2371.4007154505703,1787.1249999999998,0.9337121212121212,493,9,26
draw_00205,2316.867752125193,1750.8749999999998,0.9147727272727273,483,15,30
draw_00206,2038.707565177336,1707.3749999999998,0.8920454545454546,471,25,32
draw_00207,2126.425221090187,1689.2499999999998,0.8825757575757576,466,21,41
draw_00208,2090.027488679303,1700.1249999999998,0.8882575757575758,469,14,45
draw_00209,1993.2342958383183,1736.3749999999998,0.9071969696969697,479,16,33
draw_00210,2091.5910840608894,1613.1249999999998,0.8428030303030303,445,28,55
draw_00211,2344.7076940726424,1783.4999999999998,0.9318181818181818,492,9,27
draw_00212,1939.6890670029836,1707.3749999999998,0.8920454545454546,471,10,47
draw_00213,2137.109581964886,1696.4999999999998,0.8863636363636364,468,18,42
draw_00214,2247.607875562967,1681.9999999999998,0.8787878787878788,464,17,47
draw_00215,2044.3602481606797,1754.4999999999998,0.9166666666666666,484,10,34
draw_00216,2338.9998890148213,1837.8749999999998,0.9602272727272727,507,7,14
draw_00217,2091.319085913369,1692.8749999999998,0.884469696969697,467,18,43
draw_00218,2001.6465038752574,1718.2499999999998,0.8977272727272727,474,21,33
draw_00219,2013.225338020656,1681.9999999999998,0.8787878787878788,464,10,54
draw_00220,2325.0587282867145,1645.7499999999998,0.8598484848484849,454,18,56
draw_00221,2257.4747783958696,1776.2499999999998,0.928030303030303,490,10,28
draw_00222,2176.2181033908214,1700.1249999999998,0.8882575757575758,469,15,44
draw_00223,2335.76185665397,1779.8749999999998,0.9299242424242424,491,12,25
draw_00224,2251.0828876176574,1743.6249999999998,0.9109848484848485,481,13,34
draw_00225,2007.2442847613409,1729.1249999999998,0.9034090909090909,477,10,41
draw_00226,2408.5260695294883,1692.8749999999998,0.884469696969697,467,28,33
draw_00227,2063.828264250548,1700.1249999999998,0.8882575757575758,469,16,43
draw_00228,2358.3646274558832,1703.7499999999998,0.8901515151515151,470,15,43
draw_00229,2342.8200338945167,1739.9999999999998,0.9090909090909091,480,14,34
draw_00230,2417.1318638977787,1790.7499999999998,0.9356060606060606,494,9,25
draw_00231,2236.969601843658,1754.4999999999998,0.9166666666666666,484,13,31
draw_00232,2183.1211045366667,1729.1249999999998,0.9034090909090909,477,14,37
draw_00233,2197.2805653612445,1718.2499999999998,0.8977272727272727,474,9,45
draw_00234,2123.7270635161817,1772.6249999999998,0.9261363636363636,489,17,22
draw_00235,2201.2688416945152,1692.8749999999998,0.884469696969697,467,17,44
draw_00236,2217.5165472562107,1710.9999999999998,0.8939393939393939,472,9,47
draw_00237,2285.6933280463586,1797.9999999999998,0.9393939393939394,496,14,18
draw_00238,2130.017578280409,1729.1249999999998,0.9034090909090909,477,7,44
draw_00239,2333.1172436900283,1768.9999999999998,0.9242424242424242,488,12,28
draw_00240,2344.103423558339,1765.3749999999998,0.9223484848484849,487,6,35
draw_00241,2153.81604238538,1729.1249999999998,0.9034090909090909,477,17,34
draw_00242,1955.1423999465126,1681.9999999999998,0.8787878787878788,464,16,48
draw_00243,2130.4719107624614,1703.7499999999998,0.8901515151515151,470,8,50
draw_00244,2139.278360994307,1667.4999999999998,0.8712121212121212,460,27,41
draw_00245,2165.2532501280994,1678.3749999999998,0.8768939393939394,463,16,49
draw_00246,2133.5256224609698,1816.1249999999998,0.9488636363636364,501,8,19
draw_00247,2234.324463707274,1703.7499999999998,0.8901515151515151,470,13,45
draw_00248,2213.6594138387286,1685.6249999999998,0.8806818181818182,465,12,51
draw_00249,2327.7476318419262,1783.4999999999998,0.9318181818181818,492,10,26
draw_00250,2473.4649237862373,1739.9999999999998,0.9090909090909091,480,28,20
draw_00251,2196.837084060589,1739.9999999999998,0.9090909090909091,480,16,32
draw_00252,2180.5407757015696,1783.4999999999998,0.9318181818181818,492,9,27
draw_00253,2216.9547319827066,1703.7499999999998,0.8901515151515151,470,12,46
draw_00254,2234.933260967271,1765.3749999999998,0.9223484848484849,487,8,33
draw_00255,2098.1916669112543,1729.1249999999998,0.9034090909090909,477,14,37
draw_00256,2005.7388617191807,1710.9999999999998,0.8939393939393939,472,13,43
draw_00257,2033.686000336267,1631.2499999999998,0.8522727272727273,450,17,61
draw_00258,2211.6467414075005,1754.4999999999998,0.9166666666666666,484,15,29
draw_00259,2086.9701553429973,1732.7499999999998,0.9053030303030303,478,19,31
draw_00260,2253.1137968890034,1703.7499999999998,0.8901515151515151,470,12,46
draw_00261,2137.163951175834,1736.3749999999998,0.9071969696969697,479,6,43
draw_00262,2388.802237362143,1787.1249999999998,0.9337121212121212,493,12,23
draw_00263,2045.2070095414783,1707.3749999999998,0.8920454545454546,471,18,39
draw_00264,2006.6753031782612,1692.8749999999998,0.884469696969697,467,17,44
draw_00265,2017.326002307369,1671.1249999999998,0.8731060606060606,461,17,50
draw_00266,2179.5386471315687,1627.6249999999998,0.8503787878787878,449,21,58
draw_00267,2202.959855185726,1754.4999999999998,0.9166666666666666,484,12,32
draw_00268,2166.935663348149,1739.9999999999998,0.9090909090909091,480,16,32
draw_00269,2308.622502095848,1743.6249999999998,0.9109848484848485,481,13,34
draw_00270,2331.7981310579557,1765.3749999999998,0.9223484848484849,487,16,25
draw_00271,2124.6660596933602,1725.4999999999998,0.9015151515151515,476,16,36
draw_00272,2267.852614025829,1797.9999999999998,0.9393939393939394,496,6,26
draw_00273,2434.2510258615207,1776.2499999999998,0.928030303030303,490,19,19
draw_00274,2285.7599232662574,1772.6249999999998,0.9261363636363636,489,6,33
draw_00275,2369.4286709144944,1754.4999999999998,0.9166666666666666,484,11,33
draw_00276,2258.8826386507667,1692.8749999999998,0.884469696969697,467,26,35
draw_00277,2142.8038686681007,1718.2499999999998,0.8977272727272727,474,20,34
draw_00278,2379.5964529621197,1732.7499999999998,0.9053030303030303,478,17,33
draw_00279,2290.3080371113833,1725.4999999999998,0.9015151515151515,476,15,37
draw_00280,2354.529519124195,1790.7499999999998,0.9356060606060606,494,15,19
draw_00281,2383.7802223626118,1696.4999999999998,0.8863636363636364,468,18,42
draw_00282,2425.215908241961,1732.7499999999998,0.9053030303030303,478,22,28
draw_00283,2055.45849065687,1631.2499999999998,0.8522727272727273,450,20,58
draw_00284,2214.2560732147444,1797.9999999999998,0.9393939393939394,496,8,24
draw_00285,2273.1131249613513,1613.1249999999998,0.8428030303030303,445,9,74
draw_00286,2244.3529873877123,1663.8749999999998,0.8693181818181818,459,24,45
draw_00287,2244.978357140745,1750.8749999999998,0.9147727272727273,483,12,33
draw_00288,2319.3504993726738,1721.8749999999998,0.8996212121212122,475,15,38
draw_00289,2258.9042243575377,1841.4999999999998,0.9621212121212122,508,10,10
draw_00290,2232.9629358637494,1692.8749999999998,0.884469696969697,467,22,39
draw_00291,2097.5067892465822,1652.9999999999998,0.8636363636363636,456,17,55
draw_00292,2263.7385847528035,1732.7499999999998,0.9053030303030303,478,14,36
draw_00293,2406.7052464895073,1750.8749999999998,0.9147727272727273,483,9,36
draw_00294,2195.578248139702,1678.3749999999998,0.8768939393939394,463,13,52
draw_00295,2160.253529796072,1707.3749999999998,0.8920454545454546,471,14,43
draw_00296,2353.8188171562106,1732.7499999999998,0.9053030303030303,478,17,33
draw_00297,2168.260815536719,1710.9999999999998,0.8939393939393939,472,22,34
draw_00298,2129.0080092124567,1758.1249999999998,0.9185606060606061,485,9,34
draw_00299,2271.797972453391,1801.6249999999998,0.9412878787878788,497,8,23
draw_00300,2413.576046212968,1779.8749999999998,0.9299242424242424,491,8,29
draw_00301,2188.7008448255506,1667.4999999999998,0.8712121212121212,460,23,45
draw_00302,2176.1795712770386,1736.3749999999998,0.9071969696969697,479,18,31
draw_00303,1956.8380331915716,1696.4999999999998,0.8863636363636364,468,18,42
draw_00304,2222.1577230121284,1729.1249999999998,0.9034090909090909,477,20,31
draw_00305,2206.3742719917927,1721.8749999999998,0.8996212121212122,475,17,36
draw_00306,2076.911791655277,1754.4999999999998,0.9166666666666666,484,9,35
draw_00307,2324.6998031200797,1732.7499999999998,0.9053030303030303,478,14,36
draw_00308,2113.759493924512,1794.3749999999998,0.9375,495,6,27
draw_00309,2089.2344247175342,1645.7499999999998,0.8598484848484849,454,20,54
draw_00310,2156.281519144102,1743.6249999999998,0.9109848484848485,481,18,29
draw_00311,2076.361399365599,1758.1249999999998,0.9185606060606061,485,7,36
draw_00312,2140.0624422635856,1710.9999999999998,0.8939393939393939,472,20,36
draw_00313,2127.484161806651,1718.2499999999998,0.8977272727272727,474,20,34
draw_00314,2080.245597689643,1605.8749999999998,0.8390151515151515,443,16,69
draw_00315,2227.1861906187632,1743.6249999999998,0.9109848484848485,481,12,35
draw_00316,2245.9898424561297,1721.8749999999998,0.8996212121212122,475,16,37
draw_00317,2334.3967395256727,1750.8749999999998,0.9147727272727273,483,21,24
draw_00318,2082.9338109181854,1703.7499999999998,0.8901515151515151,470,15,43
draw_00319,2138.85915264593,1743.6249999999998,0.9109848484848485,481,9,38
draw_00320,2388.3472803063805,1826.9999999999998,0.9545454545454546,504,10,14
draw_00321,2177.093890739386,1758.1249999999998,0.9185606060606061,485,17,26
draw_00322,2293.2468767044156,1729.1249999999998,0.9034090909090909,477,6,45
draw_00323,2380.0128522207024,1747.2499999999998,0.9128787878787878,482,11,35
draw_00324,2554.040449573251,1776.2499999999998,0.928030303030303,490,6,32
draw_00325,2224.9083047150666,1667.4999999999998,0.8712121212121212,460,30,38
draw_00326,2354.7552816977272,1790.7499999999998,0.9356060606060606,494,13,21
draw_00327,2178.4424937388644,1700.1249999999998,0.8882575757575758,469,21,38
draw_00328,2248.8567062187585,1783.4999999999998,0.9318181818181818,492,8,28
draw_00329,2030.8766525933734,1678.3749999999998,0.8768939393939394,463,15,50
draw_00330,2205.0157051499814,1718.2499999999998,0.8977272727272727,474,16,38
draw_00331,2156.3554132928025,1645.7499999999998,0.8598484848484849,454,13,61
draw_00332,2047.0615390914065,1685.6249999999998,0.8806818181818182,465,15,48
draw_00333,2202.696275818888,1678.3749999999998,0.8768939393939394,463,25,40
draw_00334,2031.4814598256744,1656.6249999999998,0.865530303030303,457,31,40
draw_00335,2315.390781852979,1721.8749999999998,0.8996212121212122,475,19,34
draw_00336,1918.9207270216898,1580.4999999999998,0.8257575757575758,436,29,63
draw_00337,2138.6003732292183,1772.6249999999998,0.9261363636363636,489,14,25
draw_00338,2038.3246280546332,1631.2499999999998,0.8522727272727273,450,22,56
draw_00339,2253.3016211878994,1656.6249999999998,0.865530303030303,457,21,50
draw_00340,2280.8858742054267,1703.7499999999998,0.8901515151515151,470,9,49
draw_00341,2268.674469337782,1787.1249999999998,0.9337121212121212,493,5,30
draw_00342,2323.4083847068273,1794.3749999999998,0.9375,495,11,22
draw_00343,2486.8542474332367,1707.3749999999998,0.8920454545454546,471,11,46
draw_00344,2243.436276964762,1710.9999999999998,0.8939393939393939,472,16,40
draw_00345,2000.3771585516745,1620.3749999999998,0.8465909090909091,447,19,62
draw_00346,2099.651256058632,1747.2499999999998,0.9128787878787878,482,10,36
draw_00347,2021.3524907582644,1721.8749999999998,0.8996212121212122,475,17,36
draw_00348,2187.3370626008636,1678.3749999999998,0.8768939393939394,463,8,57
draw_00349,2073.0579219989722,1736.3749999999998,0.9071969696969697,479,11,38
draw_00350,2168.888831580327,1681.9999999999998,0.8787878787878788,464,22,42
draw_00351,2129.6370880797504,1685.6249999999998,0.8806818181818182,465,17,46
draw_00352,2117.275910812293,1685.6249999999998,0.8806818181818182,465,26,37
draw_00353,2035.6756018612427,1707.3749999999998,0.8920454545454546,471,27,30
draw_00354,2213.484402377014,1707.3749999999998,0.8920454545454546,471,12,45
draw_00355,2112.1291287917284,1667.4999999999998,0.8712121212121212,460,16,52
draw_00356,2603.8070533181835,1823.3749999999998,0.9526515151515151,503,5,20
draw_00357,2232.7220995614466,1660.2499999999998,0.8674242424242424,458,17,53
draw_00358,2035.9522221566497,1685.6249999999998,0.8806818181818182,465,15,48
draw_00359,2196.288660779456,1736.3749999999998,0.9071969696969697,479,17,32
draw_00360,1992.1482319444392,1681.9999999999998,0.8787878787878788,464,17,47
draw_00361,2347.9827960685247,1797.9999999999998,0.9393939393939394,496,5,27
draw_00362,2300.352430613611,1739.9999999999998,0.9090909090909091,480,10,38
draw_00363,2067.13376414296,1660.2499999999998,0.8674242424242424,458,25,45
draw_00364,2324.6132821808487,1790.7499999999998,0.9356060606060606,494,13,21
draw_00365,2223.75294612428,1794.3749999999998,0.9375,495,7,26
draw_00366,2378.490590226971,1747.2499999999998,0.9128787878787878,482,11,35
draw_00367,2135.0410894843167,1736.3749999999998,0.9071969696969697,479,15,34
draw_00368,2357.803923233971,1671.1249999999998,0.8731060606060606,461,15,52
draw_00369,2284.7444619678668,1739.9999999999998,0.9090909090909091,480,16,32
draw_00370,2128.410250055324,1721.8749999999998,0.8996212121212122,475,13,40
draw_00371,2143.890500990073,1652.9999999999998,0.8636363636363636,456,24,48
draw_00372,2219.24480660278,1743.6249999999998,0.9109848484848485,481,18,29
draw_00373,2244.881059957325,1689.2499999999998,0.8825757575757576,466,12,50
draw_00374,2211.4318492359153,1692.8749999999998,0.884469696969697,467,25,36
draw_00375,2088.5507807600416,1710.9999999999998,0.8939393939393939,472,19,37
draw_00376,2045.7632368851562,1761.7499999999998,0.9204545454545454,486,10,32
draw_00377,2101.7247271279625,1714.6249999999998,0.8958333333333334,473,15,40
draw_00378,2193.3287581027707,1794.3749999999998,0.9375,495,6,27
draw_00379,2031.3237552870623,1805.2499999999998,0.9431818181818182,498,13,17
draw_00380,2365.0235215139396,1750.8749999999998,0.9147727272727273,483,6,39
draw_00381,2299.1110176501234,1725.4999999999998,0.9015151515151515,476,17,35
draw_00382,2194.6802221030616,1660.2499999999998,0.8674242424242424,458,20,50
draw_00383,2333.2901874944896,1761.7499999999998,0.9204545454545454,486,10,32
draw_00384,2074.075278325582,1652.9999999999998,0.8636363636363636,456,26,46
draw_00385,2238.2134808143946,1772.6249999999998,0.9261363636363636,489,10,29
draw_00386,2218.106634057609,1729.1249999999998,0.9034090909090909,477,17,34
draw_00387,2322.9174633537223,1725.4999999999998,0.9015151515151515,476,12,40
draw_00388,2123.4165915433978,1678.3749999999998,0.8768939393939394,463,19,46
draw_00389,2142.614861521468,1714.6249999999998,0.8958333333333334,473,14,41
draw_00390,2161.0358290398385,1700.1249999999998,0.8882575757575758,469,18,41
draw_00391,2174.8918992237905,1739.9999999999998,0.9090909090909091,480,17,31
draw_00392,2201.42950809736,1747.2499999999998,0.9128787878787878,482,16,30
draw_00393,2355.226195777131,1743.6249999999998,0.9109848484848485,481,20,27
draw_00394,2337.702239072142,1779.8749999999998,0.9299242424242424,491,11,26
draw_00395,1999.0745788445015,1667.4999999999998,0.8712121212121212,460,18,50
draw_00396,2103.390966300957,1649.3749999999998,0.8617424242424242,455,22,51
draw_00397,2151.024037744485,1754.4999999999998,0.9166666666666666,484,14,30
draw_00398,2022.1425244249695,1747.2499999999998,0.9128787878787878,482,16,30
draw_00399,2241.859955256414,1747.2499999999998,0.9128787878787878,482,11,35
draw_00400,2036.2192068339125,1602.2499999999998,0.8371212121212122,442,22,64
draw_00401,2016.586621760297,1660.2499999999998,0.8674242424242424,458,15,55
draw_00402,2019.6534702100369,1758.1249999999998,0.9185606060606061,485,10,33
draw_00403,2051.893395353295,1656.6249999999998,0.865530303030303,457,23,48
draw_00404,2344.59783506085,1700.1249999999998,0.8882575757575758,469,19,40
draw_00405,1963.9865617779105,1602.2499999999998,0.8371212121212122,442,27,59
draw_00406,2386.8254073138446,1816.1249999999998,0.9488636363636364,501,12,15
draw_00407,2076.688742798254,1685.6249999999998,0.8806818181818182,465,16,47
draw_00408,2424.3477213322176,1761.7499999999998,0.9204545454545454,486,7,35
draw_00409,2449.371722889543,1718.2499999999998,0.8977272727272727,474,11,43
draw_00410,2164.781324406647,1729.1249999999998,0.9034090909090909,477,11,40
draw_00411,2447.316922891601,1725.4999999999998,0.9015151515151515,476,20,32
draw_00412,2243.114582353115,1685.6249999999998,0.8806818181818182,465,15,48
draw_00413,2214.2518309211196,1743.6249999999998,0.9109848484848485,481,14,33
draw_00414,2258.9273823920084,1721.8749999999998,0.8996212121212122,475,17,36
draw_00415,2217.495756094071,1758.1249999999998,0.9185606060606061,485,11,32
draw_00416,2244.3976664878996,1747.2499999999998,0.9128787878787878,482,18,28
draw_00417,2098.630551628223,1700.1249999999998,0.8882575757575758,469,21,38
draw_00418,2364.824809826763,1674.7499999999998,0.875,462,20,46
draw_00419,2152.6728150364556,1689.2499999999998,0.8825757575757576,466,18,44
draw_00420,2075.6137989229624,1649.3749999999998,0.8617424242424242,455,15,58
draw_00421,2200.8055006045456,1729.1249999999998,0.9034090909090909,477,14,37
draw_00422,2345.485758459858,1768.9999999999998,0.9242424242424242,488,12,28
draw_00423,2350.531908498895,1765.3749999999998,0.9223484848484849,487,17,24
draw_00424,2299.347140285056,1754.4999999999998,0.9166666666666666,484,21,23
draw_00425,1988.7989483888036,1667.4999999999998,0.8712121212121212,460,18,50
draw_00426,2215.0257121805716,1707.3749999999998,0.8920454545454546,471,23,34
draw_00427,2224.978829130458,1700.1249999999998,0.8882575757575758,469,22,37
draw_00428,2445.4199536755114,1718.2499999999998,0.8977272727272727,474,18,36
draw_00429,2144.1971916957787,1689.2499999999998,0.8825757575757576,466,16,46
draw_00430,2144.561585111712,1776.2499999999998,0.928030303030303,490,16,22
draw_00431,1993.7828875803486,1656.6249999999998,0.865530303030303,457,26,45
draw_00432,2337.6150833746387,1776.2499999999998,0.928030303030303,490,8,30
draw_00433,2423.443967102688,1816.1249999999998,0.9488636363636364,501,8,19
draw_00434,1947.716147441092,1631.2499999999998,0.8522727272727273,450,15,63
draw_00435,2220.1767771169216,1736.3749999999998,0.9071969696969697,479,9,40
draw_00436,2134.0776595897764,1707.3749999999998,0.8920454545454546,471,17,40
draw_00437,2182.6773681897726,1736.3749999999998,0.9071969696969697,479,12,37
draw_00438,2349.134345597543,1758.1249999999998,0.9185606060606061,485,17,26
draw_00439,2128.588629870827,1718.2499999999998,0.8977272727272727,474,21,33
draw_00440,2245.1132059967235,1696.4999999999998,0.8863636363636364,468,10,50
draw_00441,1919.709013585725,1616.7499999999998,0.8446969696969697,446,24,58
draw_00442,2223.519244353347,1772.6249999999998,0.9261363636363636,489,15,24
draw_00443,2084.238982100401,1718.2499999999998,0.8977272727272727,474,13,41
draw_00444,2117.804065109071,1678.3749999999998,0.8768939393939394,463,16,49
draw_00445,2046.0124700731635,1718.2499999999998,0.8977272727272727,474,19,35
draw_00446,2326.4333404137997,1794.3749999999998,0.9375,495,11,22
draw_00447,2176.9610667646466,1750.8749999999998,0.9147727272727273,483,13,32
draw_00448,2049.6434619597944,1725.4999999999998,0.9015151515151515,476,16,36
draw_00449,2149.5994064890037,1652.9999999999998,0.8636363636363636,456,10,62
draw_00450,2198.048863164653,1750.8749999999998,0.9147727272727273,483,18,27
draw_00451,2125.0348674407633,1696.4999999999998,0.8863636363636364,468,15,45
draw_00452,2255.4947394008664,1758.1249999999998,0.9185606060606061,485,16,27
draw_00453,2266.662173010516,1732.7499999999998,0.9053030303030303,478,13,37
draw_00454,2051.0316680687433,1602.2499999999998,0.8371212121212122,442,17,69
draw_00455,2231.818237116725,1710.9999999999998,0.8939393939393939,472,14,42
draw_00456,2177.0186002624505,1631.2499999999998,0.8522727272727273,450,18,60
draw_00457,2151.0403713656574,1714.6249999999998,0.8958333333333334,473,18,37
draw_00458,2107.4509626578565,1692.8749999999998,0.884469696969697,467,14,47
draw_00459,2246.485597980276,1765.3749999999998,0.9223484848484849,487,13,28
draw_00460,2328.838320587211,1758.1249999999998,0.9185606060606061,485,16,27
draw_00461,2091.3679538529027,1685.6249999999998,0.8806818181818182,465,22,41
draw_00462,2296.340476539477,1678.3749999999998,0.8768939393939394,463,18,47
draw_00463,2092.4700985717373,1674.7499999999998,0.875,462,8,58
draw_00464,2293.9823303100634,1667.4999999999998,0.8712121212121212,460,22,46
draw_00465,2223.6709177490525,1732.7499999999998,0.9053030303030303,478,22,28
draw_00466,2032.657957362015,1616.7499999999998,0.8446969696969697,446,19,63
draw_00467,2185.3420092340866,1710.9999999999998,0.8939393939393939,472,8,48
draw_00468,2130.885181662506,1732.7499999999998,0.9053030303030303,478,12,38
draw_00469,2114.2063864531588,1739.9999999999998,0.9090909090909091,480,13,35
draw_00470,2265.4471404523915,1754.4999999999998,0.9166666666666666,484,14,30
draw_00471,2267.209832651764,1667.4999999999998,0.8712121212121212,460,10,58
draw_00472,2240.874670693707,1790.7499999999998,0.9356060606060606,494,12,22
draw_00473,2135.562816911255,1736.3749999999998,0.9071969696969697,479,10,39
draw_00474,2025.950702866224,1758.1249999999998,0.9185606060606061,485,14,29
draw_00475,2060.1803969709745,1754.4999999999998,0.9166666666666666,484,11,33
draw_00476,2073.639483588568,1685.6249999999998,0.8806818181818182,465,12,51
draw_00477,2208.2496406111222,1678.3749999999998,0.8768939393939394,463,14,51
draw_00478,2114.7417269031816,1710.9999999999998,0.8939393939393939,472,10,46
draw_00479,2540.5428242280623,1768.9999999999998,0.9242424242424242,488,17,23
draw_00480,2297.457759733332,1707.3749999999998,0.8920454545454546,471,15,42
draw_00481,2013.2838819002789,1703.7499999999998,0.8901515151515151,470,14,44
draw_00482,2229.5593545876704,1729.1249999999998,0.9034090909090909,477,20,31
draw_00483,2186.872376982425,1721.8749999999998,0.8996212121212122,475,13,40
draw_00484,2314.410827711079,1681.9999999999998,0.8787878787878788,464,34,30
draw_00485,2299.8111206347244,1758.1249999999998,0.9185606060606061,485,18,25
draw_00486,2125.3830244146134,1776.2499999999998,0.928030303030303,490,10,28
draw_00487,2494.0724982392903,1710.9999999999998,0.8939393939393939,472,12,44
draw_00488,2281.6294912224785,1725.4999999999998,0.9015151515151515,476,17,35
draw_00489,2226.839637465027,1696.4999999999998,0.8863636363636364,468,12,48
draw_00490,2062.935604731349,1678.3749999999998,0.8768939393939394,463,22,43
draw_00491,2259.6649020339983,1779.8749999999998,0.9299242424242424,491,9,28
draw_00492,2369.429707564882,1754.4999999999998,0.9166666666666666,484,13,31
draw_00493,2118.189533926542,1663.8749999999998,0.8693181818181818,459,24,45
draw_00494,2414.9200323309506,1758.1249999999998,0.9185606060606061,485,11,32
draw_00495,2172.5315063092544,1718.2499999999998,0.8977272727272727,474,21,33
draw_00496,2418.843299503545,1732.7499999999998,0.9053030303030303,478,14,36
draw_00497,2221.415488150488,1732.7499999999998,0.9053030303030303,478,18,32
draw_00498,2193.193962163633,1652.9999999999998,0.8636363636363636,456,18,54
draw_00499,2358.7534997104644,1823.3749999999998,0.9526515151515151,503,5,20
draw_00500,2223.928599219348,1826.9999999999998,0.9545454545454546,504,12,12
draw_00501,2148.1209328024015,1671.1249999999998,0.8731060606060606,461,16,51
draw_00502,2269.2170489308537,1700.1249999999998,0.8882575757575758,469,22,37
draw_00503,2035.7501297409221,1725.4999999999998,0.9015151515151515,476,9,43
draw_00504,2157.373962959396,1776.2499999999998,0.928030303030303,490,13,25
draw_00505,2115.1792417583692,1703.7499999999998,0.8901515151515151,470,22,36
draw_00506,2095.350657769654,1721.8749999999998,0.8996212121212122,475,12,41
draw_00507,2340.248055260408,1790.7499999999998,0.9356060606060606,494,13,21
draw_00508,2163.822168441725,1729.1249999999998,0.9034090909090909,477,15,36
draw_00509,2218.0520632488897,1714.6249999999998,0.8958333333333334,473,15,40
draw_00510,2041.2348359141981,1631.2499999999998,0.8522727272727273,450,27,51
draw_00511,2253.903156445127,1685.6249999999998,0.8806818181818182,465,12,51
draw_00512,2179.3226539989696,1703.7499999999998,0.8901515151515151,470,21,37
draw_00513,2210.3145181311247,1725.4999999999998,0.9015151515151515,476,15,37
draw_00514,2083.686844727262,1678.3749999999998,0.8768939393939394,463,14,51
draw_00515,2098.6056863214562,1707.3749999999998,0.8920454545454546,471,22,35
draw_00516,2183.367591526449,1779.8749999999998,0.9299242424242424,491,9,28
draw_00517,2064.5078884321615,1768.9999999999998,0.9242424242424242,488,11,29
draw_00518,2175.6864932678654,1758.1249999999998,0.9185606060606061,485,14,29
draw_00519,2271.6741995325383,1736.3749999999998,0.9071969696969697,479,15,34
draw_00520,2243.0264346780305,1823.3749999999998,0.9526515151515151,503,5,20
draw_00521,2100.6847962956786,1681.9999999999998,0.8787878787878788,464,18,46
draw_00522,2054.577333609054,1689.2499999999998,0.8825757575757576,466,14,48
draw_00523,2515.42663877128,1707.3749999999998,0.8920454545454546,471,14,43
draw_00524,2081.6930727002164,1656.6249999999998,0.865530303030303,457,18,53
draw_00525,2149.7796251047,1729.1249999999998,0.9034090909090909,477,18,33
draw_00526,2287.5011129198933,1758.1249999999998,0.9185606060606061,485,10,33
draw_00527,2422.88436109441,1819.7499999999998,0.9507575757575758,502,4,22
draw_00528,2187.7634171812647,1605.8749999999998,0.8390151515151515,443,26,59
draw_00529,2249.7332034240853,1718.2499999999998,0.8977272727272727,474,23,31
draw_00530,2084.5060027505633,1674.7499999999998,0.875,462,9,57
draw_00531,2451.2769478257474,1696.4999999999998,0.8863636363636364,468,16,44
draw_00532,2367.5148834259667,1750.8749999999998,0.9147727272727273,483,12,33
draw_00533,2194.572124172382,1750.8749999999998,0.9147727272727273,483,13,32
draw_00534,2190.982961392111,1638.4999999999998,0.8560606060606061,452,14,62
draw_00535,2188.2501122285094,1750.8749999999998,0.9147727272727273,483,14,31
draw_00536,2142.8983856662217,1703.7499999999998,0.8901515151515151,470,17,41
draw_00537,2176.2784594330515,1638.4999999999998,0.8560606060606061,452,20,56
draw_00538,2346.5230656928916,1725.4999999999998,0.9015151515151515,476,13,39
draw_00539,2027.3437725365393,1642.1249999999998,0.8579545454545454,453,24,51
draw_00540,2355.9185042674694,1747.2499999999998,0.9128787878787878,482,14,32
draw_00541,2295.1415783643793,1703.7499999999998,0.8901515151515151,470,18,40
draw_00542,2069.753020986055,1689.2499999999998,0.8825757575757576,466,24,38
draw_00543,2203.8114328430943,1710.9999999999998,0.8939393939393939,472,17,39
draw_00544,2221.244644700463,1768.9999999999998,0.9242424242424242,488,5,35
draw_00545,2336.081812198305,1776.2499999999998,0.928030303030303,490,11,27
draw_00546,2066.3747831626056,1649.3749999999998,0.8617424242424242,455,24,49
draw_00547,2025.3675734925387,1747.2499999999998,0.9128787878787878,482,18,28
draw_00548,2041.58773008611,1750.8749999999998,0.9147727272727273,483,14,31
draw_00549,2057.561636296058,1739.9999999999998,0.9090909090909091,480,15,33
draw_00550,2118.478978838943,1689.2499999999998,0.8825757575757576,466,22,40
draw_00551,2249.6410573318003,1826.9999999999998,0.9545454545454546,504,10,14
draw_00552,2101.391688008919,1656.6249999999998,0.865530303030303,457,16,55
draw_00553,2110.393799232332,1747.2499999999998,0.9128787878787878,482,11,35
draw_00554,2099.5422843409,1642.1249999999998,0.8579545454545454,453,16,59
draw_00555,2224.1983644000684,1805.2499999999998,0.9431818181818182,498,16,14
draw_00556,2103.3899601255835,1667.4999999999998,0.8712121212121212,460,11,57
draw_00557,2226.778010825181,1739.9999999999998,0.9090909090909091,480,21,27
draw_00558,2001.7685632763878,1623.9999999999998,0.8484848484848485,448,28,52
draw_00559,2305.585166427799,1732.7499999999998,0.9053030303030303,478,12,38
draw_00560,2133.1330803448404,1703.7499999999998,0.8901515151515151,470,17,41
draw_00561,2228.4234220557587,1718.2499999999998,0.8977272727272727,474,24,30
draw_00562,2047.8921834749694,1685.6249999999998,0.8806818181818182,465,23,40
draw_00563,2214.0377209358376,1739.9999999999998,0.9090909090909091,480,8,40
draw_00564,2166.839504359332,1598.6249999999998,0.8352272727272727,441,23,64
draw_00565,2213.952574864266,1718.2499999999998,0.8977272727272727,474,16,38
draw_00566,2314.7126830088664,1725.4999999999998,0.9015151515151515,476,7,45
draw_00567,2321.981910162609,1750.8749999999998,0.9147727272727273,483,16,29
draw_00568,2196.0978809976123,1732.7499999999998,0.9053030303030303,478,13,37
draw_00569,2104.895227735487,1710.9999999999998,0.8939393939393939,472,12,44
draw_00570,2454.942021061188,1779.8749999999998,0.9299242424242424,491,19,18
draw_00571,2232.885118560084,1739.9999999999998,0.9090909090909091,480,16,32
draw_00572,2157.852599691473,1729.1249999999998,0.9034090909090909,477,18,33
draw_00573,2105.4483584341788,1736.3749999999998,0.9071969696969697,479,14,35
draw_00574,2133.5937791232814,1797.9999999999998,0.9393939393939394,496,9,23
draw_00575,2154.4563945576097,1710.9999999999998,0.8939393939393939,472,20,36
draw_00576,2120.467835583285,1725.4999999999998,0.9015151515151515,476,12,40
draw_00577,2128.1147365145707,1700.1249999999998,0.8882575757575758,469,19,40
draw_00578,2145.029681718805,1678.3749999999998,0.8768939393939394,463,16,49
draw_00579,2311.543541978876,1729.1249999999998,0.9034090909090909,477,10,41
draw_00580,2241.5554293543732,1772.6249999999998,0.9261363636363636,489,10,29
draw_00581,2173.734174992878,1761.7499999999998,0.9204545454545454,486,9,33
draw_00582,2301.0919073079613,1768.9999999999998,0.9242424242424242,488,10,30
draw_00583,2281.647551714312,1805.2499999999998,0.9431818181818182,498,9,21
draw_00584,2247.6311256177914,1732.7499999999998,0.9053030303030303,478,10,40
draw_00585,2111.8967550743514,1674.7499999999998,0.875,462,24,42
draw_00586,2170.840177686574,1678.3749999999998,0.8768939393939394,463,23,42
draw_00587,2291.7958337734517,1750.8749999999998,0.9147727272727273,483,22,23
draw_00588,2240.9858553000804,1783.4999999999998,0.9318181818181818,492,14,22
draw_00589,2017.350843649375,1700.1249999999998,0.8882575757575758,469,18,41
draw_00590,2107.371674733119,1645.7499999999998,0.8598484848484849,454,21,53
draw_00591,2274.2739061922084,1790.7499999999998,0.9356060606060606,494,19,15
draw_00592,2341.964338079,1747.2499999999998,0.9128787878787878,482,8,38
draw_00593,2372.309167143724,1714.6249999999998,0.8958333333333334,473,20,35
draw_00594,2043.855482180883,1725.4999999999998,0.9015151515151515,476,17,35
draw_00595,2072.2074732068218,1750.8749999999998,0.9147727272727273,483,15,30
draw_00596,2084.666053944045,1765.3749999999998,0.9223484848484849,487,13,28
draw_00597,2227.847091820025,1692.8749999999998,0.884469696969697,467,22,39
draw_00598,2087.286003672094,1663.8749999999998,0.8693181818181818,459,30,39
draw_00599,2083.5810821475975,1667.4999999999998,0.8712121212121212,460,19,49
draw_00600,2200.0555152379407,1721.8749999999998,0.8996212121212122,475,16,37
draw_00601,2344.1753745076066,1765.3749999999998,0.9223484848484849,487,14,27
draw_00602,2314.4146570747957,1797.9999999999998,0.9393939393939394,496,12,20
draw_00603,2099.543759148576,1703.7499999999998,0.8901515151515151,470,22,36
draw_00604,2459.3392234503763,1797.9999999999998,0.9393939393939394,496,9,23
draw_00605,2039.318060711412,1714.6249999999998,0.8958333333333334,473,23,32
draw_00606,2090.0898290552273,1743.6249999999998,0.9109848484848485,481,10,37
draw_00607,2017.8583405413103,1663.8749999999998,0.8693181818181818,459,19,50
draw_00608,2274.4231299196763,1823.3749999999998,0.9526515151515151,503,7,18
draw_00609,2081.2576625073575,1707.3749999999998,0.8920454545454546,471,9,48
draw_00610,2186.570117596371,1689.2499999999998,0.8825757575757576,466,13,49
draw_00611,2273.500723217929,1710.9999999999998,0.8939393939393939,472,15,41
draw_00612,2070.016733608669,1663.8749999999998,0.8693181818181818,459,16,53
draw_00613,2252.026188684477,1710.9999999999998,0.8939393939393939,472,10,46
draw_00614,2422.550043815493,1710.9999999999998,0.8939393939393939,472,19,37
draw_00615,2233.044468371955,1725.4999999999998,0.9015151515151515,476,11,41
draw_00616,2045.5276533008557,1667.4999999999998,0.8712121212121212,460,18,50
draw_00617,2270.7538248276765,1703.7499999999998,0.8901515151515151,470,17,41
draw_00618,2250.468437398772,1776.2499999999998,0.928030303030303,490,8,30
draw_00619,2045.9364988965333,1667.4999999999998,0.8712121212121212,460,11,57
draw_00620,2212.104181702873,1700.1249999999998,0.8882575757575758,469,13,46
draw_00621,2049.908527079365,1703.7499999999998,0.8901515151515151,470,23,35
draw_00622,1998.2769027418908,1576.8749999999998,0.8238636363636364,435,27,66
draw_00623,2359.391422079584,1768.9999999999998,0.9242424242424242,488,11,29
draw_00624,2254.037183781688,1787.1249999999998,0.9337121212121212,493,9,26
draw_00625,2261.3039978570223,1729.1249999999998,0.9034090909090909,477,22,29
draw_00626,2301.7224003964166,1779.8749999999998,0.9299242424242424,491,9,28
draw_00627,2212.1664288406027,1765.3749999999998,0.9223484848484849,487,14,27
draw_00628,2165.7046905128323,1671.1249999999998,0.8731060606060606,461,13,54
draw_00629,2141.48966824751,1714.6249999999998,0.8958333333333334,473,23,32
draw_00630,2020.0060650813714,1660.2499999999998,0.8674242424242424,458,28,42
draw_00631,2076.9307231581706,1678.3749999999998,0.8768939393939394,463,21,44
draw_00632,2267.4314716930035,1674.7499999999998,0.875,462,13,53
draw_00633,2353.2347136497388,1750.8749999999998,0.9147727272727273,483,10,35
draw_00634,2150.233769174351,1685.6249999999998,0.8806818181818182,465,21,42
draw_00635,2422.9793213397534,1707.3749999999998,0.8920454545454546,471,15,42
draw_00636,2157.9052222121686,1656.6249999999998,0.865530303030303,457,22,49
draw_00637,2218.0002614548316,1758.1249999999998,0.9185606060606061,485,15,28
draw_00638,2069.2963540062296,1696.4999999999998,0.8863636363636364,468,26,34
draw_00639,2307.35340625977,1787.1249999999998,0.9337121212121212,493,5,30
draw_00640,2417.398601205496,1758.1249999999998,0.9185606060606061,485,15,28
draw_00641,2059.922381468077,1681.9999999999998,0.8787878787878788,464,21,43
draw_00642,2012.1403254054032,1671.1249999999998,0.8731060606060606,461,20,47
draw_00643,2388.48362625859,1754.4999999999998,0.9166666666666666,484,14,30
draw_00644,2178.7084901892244,1743.6249999999998,0.9109848484848485,481,14,33
draw_00645,2296.095751022903,1801.6249999999998,0.9412878787878788,497,6,25
draw_00646,2087.603930706987,1707.3749999999998,0.8920454545454546,471,11,46
draw_00647,2097.8692910610403,1758.1249999999998,0.9185606060606061,485,15,28
draw_00648,2015.2463950988335,1631.2499999999998,0.8522727272727273,450,24,54
draw_00649,2228.1007245027486,1685.6249999999998,0.8806818181818182,465,12,51
draw_00650,2256.6756086448404,1645.7499999999998,0.8598484848484849,454,22,52
draw_00651,2191.4843145805826,1783.4999999999998,0.9318181818181818,492,11,25
draw_00652,2324.1301763527113,1768.9999999999998,0.9242424242424242,488,15,25
draw_00653,2415.2444026590892,1718.2499999999998,0.8977272727272727,474,10,44
draw_00654,2064.6552729513555,1685.6249999999998,0.8806818181818182,465,22,41
draw_00655,2232.519910194225,1718.2499999999998,0.8977272727272727,474,13,41
draw_00656,2343.0498631585397,1837.8749999999998,0.9602272727272727,507,10,11
draw_00657,2237.5038068877993,1761.7499999999998,0.9204545454545454,486,14,28
draw_00658,2348.998013969149,1721.8749999999998,0.8996212121212122,475,13,40
draw_00659,2346.804536535869,1714.6249999999998,0.8958333333333334,473,18,37
draw_00660,2124.4700891769703,1776.2499999999998,0.928030303030303,490,11,27
draw_00661,2237.3668482708576,1667.4999999999998,0.8712121212121212,460,19,49
draw_00662,2128.432930868165,1768.9999999999998,0.9242424242424242,488,10,30
draw_00663,2368.694932948401,1747.2499999999998,0.9128787878787878,482,14,32
draw_00664,2423.5749581753216,1772.6249999999998,0.9261363636363636,489,14,25
draw_00665,2284.240038527526,1776.2499999999998,0.928030303030303,490,5,33
draw_00666,2089.0002268948615,1689.2499999999998,0.8825757575757576,466,12,50
draw_00667,2214.2439594695347,1663.8749999999998,0.8693181818181818,459,18,51
draw_00668,2098.5704588269596,1739.9999999999998,0.9090909090909091,480,10,38
draw_00669,2019.6250323935797,1678.3749999999998,0.8768939393939394,463,16,49
draw_00670,2047.327943238643,1685.6249999999998,0.8806818181818182,465,18,45
draw_00671,2239.580013450617,1674.7499999999998,0.875,462,20,46
draw_00672,2267.146956111206,1710.9999999999998,0.8939393939393939,472,24,32
draw_00673,2216.8545680935454,1689.2499999999998,0.8825757575757576,466,14,48
draw_00674,2018.0828908299798,1707.3749999999998,0.8920454545454546,471,9,48
draw_00675,2270.587517210989,1729.1249999999998,0.9034090909090909,477,22,29
draw_00676,2081.6358528592395,1689.2499999999998,0.8825757575757576,466,14,48
draw_00677,2223.0154145623515,1660.2499999999998,0.8674242424242424,458,23,47
draw_00678,2191.2982623513167,1700.1249999999998,0.8882575757575758,469,11,48
draw_00679,2524.5608486989317,1797.9999999999998,0.9393939393939394,496,13,19
draw_00680,2304.194550169171,1776.2499999999998,0.928030303030303,490,17,21
draw_00681,2291.3582380594457,1765.3749999999998,0.9223484848484849,487,12,29
draw_00682,2198.422894404135,1732.7499999999998,0.9053030303030303,478,12,38
draw_00683,2349.1756243868945,1750.8749999999998,0.9147727272727273,483,21,24
draw_00684,2299.9875351955307,1739.9999999999998,0.9090909090909091,480,12,36
draw_00685,2387.54875477263,1721.8749999999998,0.8996212121212122,475,18,35
draw_00686,2293.559086178098,1638.4999999999998,0.8560606060606061,452,15,61
draw_00687,2210.9795279231994,1768.9999999999998,0.9242424242424242,488,15,25
draw_00688,2065.8636955360216,1739.9999999999998,0.9090909090909091,480,17,31
draw_00689,2133.8545501061712,1729.1249999999998,0.9034090909090909,477,10,41
draw_00690,2181.0511999382825,1692.8749999999998,0.884469696969697,467,9,52
draw_00691,2187.047471396663,1710.9999999999998,0.8939393939393939,472,23,33
draw_00692,2116.9899587878913,1721.8749999999998,0.8996212121212122,475,23,30
draw_00693,2540.776801349147,1816.1249999999998,0.9488636363636364,501,10,17
draw_00694,2194.99229685107,1772.6249999999998,0.9261363636363636,489,12,27
draw_00695,2179.506781856036,1736.3749999999998,0.9071969696969697,479,15,34
draw_00696,2181.7274755684825,1707.3749999999998,0.8920454545454546,471,10,47
draw_00697,2283.2026077822334,1707.3749999999998,0.8920454545454546,471,8,49
draw_00698,2190.3827080974793,1754.4999999999998,0.9166666666666666,484,12,32
draw_00699,1954.597219791411,1591.3749999999998,0.8314393939393939,439,31,58
draw_00700,2386.622882695698,1747.2499999999998,0.9128787878787878,482,16,30
draw_00701,2012.011084436084,1692.8749999999998,0.884469696969697,467,19,42
draw_00702,2187.8969869029956,1718.2499999999998,0.8977272727272727,474,9,45
draw_00703,2125.129764301938,1685.6249999999998,0.8806818181818182,465,12,51
draw_00704,2456.6395737521193,1721.8749999999998,0.8996212121212122,475,15,38
draw_00705,2032.4523782407928,1671.1249999999998,0.8731060606060606,461,16,51
draw_00706,2105.5186859707283,1754.4999999999998,0.9166666666666666,484,16,28
draw_00707,2069.4176031867355,1634.8749999999998,0.8541666666666666,451,30,47
draw_00708,2176.489974075319,1703.7499999999998,0.8901515151515151,470,21,37
draw_00709,2086.106882045766,1710.9999999999998,0.8939393939393939,472,20,36
draw_00710,2177.809375121,1707.3749999999998,0.8920454545454546,471,18,39
draw_00711,2227.69608971724,1689.2499999999998,0.8825757575757576,466,30,32
draw_00712,2219.3176597717847,1739.9999999999998,0.9090909090909091,480,9,39
draw_00713,2419.456944649171,1801.6249999999998,0.9412878787878788,497,9,22
draw_00714,2311.296298437351,1808.8749999999998,0.9450757575757576,499,5,24
draw_00715,2298.3819118058786,1736.3749999999998,0.9071969696969697,479,19,30
draw_00716,2170.8464364819474,1721.8749999999998,0.8996212121212122,475,17,36
draw_00717,1975.1805133531147,1685.6249999999998,0.8806818181818182,465,13,50
draw_00718,2351.473593734682,1750.8749999999998,0.9147727272727273,483,12,33
draw_00719,2214.0155777589107,1768.9999999999998,0.9242424242424242,488,8,32
draw_00720,2341.62524910397,1758.1249999999998,0.9185606060606061,485,12,31
draw_00721,2165.088226033818,1700.1249999999998,0.8882575757575758,469,11,48
draw_00722,2182.872339215438,1721.8749999999998,0.8996212121212122,475,21,32
draw_00723,1980.0642182541335,1649.3749999999998,0.8617424242424242,455,27,46
draw_00724,2241.657417873483,1776.2499999999998,0.928030303030303,490,11,27
draw_00725,2156.357437879432,1667.4999999999998,0.8712121212121212,460,15,53
draw_00726,2302.39395353351,1692.8749999999998,0.884469696969697,467,13,48
draw_00727,2376.0942023089146,1732.7499999999998,0.9053030303030303,478,16,34
draw_00728,2175.024948361239,1758.1249999999998,0.9185606060606061,485,19,24
draw_00729,2050.5275959245428,1681.9999999999998,0.8787878787878788,464,16,48
draw_00730,2198.739068935712,1736.3749999999998,0.9071969696969697,479,8,41
draw_00731,2104.464297387766,1754.4999999999998,0.9166666666666666,484,8,36
draw_00732,2397.966114230148,1732.7499999999998,0.9053030303030303,478,19,31
draw_00733,2174.305410791204,1761.7499999999998,0.9204545454545454,486,18,24
draw_00734,2109.0990928123915,1714.6249999999998,0.8958333333333334,473,6,49
draw_00735,2170.1983770965544,1685.6249999999998,0.8806818181818182,465,25,38
draw_00736,2118.022362016103,1725.4999999999998,0.9015151515151515,476,14,38
draw_00737,2249.859413584151,1725.4999999999998,0.9015151515151515,476,16,36
draw_00738,2415.7009496901524,1761.7499999999998,0.9204545454545454,486,14,28
draw_00739,2263.4305127354833,1714.6249999999998,0.8958333333333334,473,16,39
draw_00740,2237.1864467274254,1765.3749999999998,0.9223484848484849,487,10,31
draw_00741,2265.0154845076777,1768.9999999999998,0.9242424242424242,488,10,30
draw_00742,2415.1100401124,1765.3749999999998,0.9223484848484849,487,10,31
draw_00743,2237.7777603489512,1725.4999999999998,0.9015151515151515,476,13,39
draw_00744,2243.0349754943663,1718.2499999999998,0.8977272727272727,474,15,39
draw_00745,2085.3143027446536,1714.6249999999998,0.8958333333333334,473,13,42
draw_00746,2059.3785233757153,1663.8749999999998,0.8693181818181818,459,15,54
draw_00747,2238.4884400698575,1736.3749999999998,0.9071969696969697,479,17,32
draw_00748,2096.1504317336594,1678.3749999999998,0.8768939393939394,463,26,39
draw_00749,2018.2823679881378,1685.6249999999998,0.8806818181818182,465,24,39
draw_00750,1992.5067849548366,1605.8749999999998,0.8390151515151515,443,19,66
draw_00751,2129.3076306247976,1732.7499999999998,0.9053030303030303,478,17,33
draw_00752,2300.640544638055,1692.8749999999998,0.884469696969697,467,22,39
draw_00753,2208.4801751467335,1808.8749999999998,0.9450757575757576,499,9,20
draw_00754,2003.901077837736,1721.8749999999998,0.8996212121212122,475,9,44
draw_00755,2070.8955700390793,1761.7499999999998,0.9204545454545454,486,16,26
draw_00756,2197.0139791117626,1729.1249999999998,0.9034090909090909,477,14,37
draw_00757,2208.4092820454453,1739.9999999999998,0.9090909090909091,480,7,41
draw_00758,2233.7170262750333,1710.9999999999998,0.8939393939393939,472,15,41
draw_00759,2292.144138943928,1674.7499999999998,0.875,462,22,44
draw_00760,2184.8496611571145,1710.9999999999998,0.8939393939393939,472,13,43
draw_00761,2225.023189328556,1779.8749999999998,0.9299242424242424,491,18,19
draw_00762,2158.5633653475684,1718.2499999999998,0.8977272727272727,474,16,38
draw_00763,2271.165007461639,1656.6249999999998,0.865530303030303,457,15,56
draw_00764,2372.9388731666922,1700.1249999999998,0.8882575757575758,469,14,45
draw_00765,2117.746708944808,1743.6249999999998,0.9109848484848485,481,16,31
draw_00766,2077.796286659482,1660.2499999999998,0.8674242424242424,458,13,57
draw_00767,2040.5444541543802,1794.3749999999998,0.9375,495,9,24
draw_00768,2213.062688163842,1794.3749999999998,0.9375,495,10,23
draw_00769,2032.5000111610032,1750.8749999999998,0.9147727272727273,483,10,35
draw_00770,2061.7283007929786,1703.7499999999998,0.8901515151515151,470,11,47
draw_00771,2235.7213231169794,1681.9999999999998,0.8787878787878788,464,19,45
draw_00772,2037.5066582260479,1674.7499999999998,0.875,462,16,50
draw_00773,2136.742752876478,1732.7499999999998,0.9053030303030303,478,12,38
draw_00774,2204.4606876797784,1732.7499999999998,0.9053030303030303,478,13,37
draw_00775,2135.323904671853,1718.2499999999998,0.8977272727272727,474,16,38
draw_00776,2102.244003344918,1750.8749999999998,0.9147727272727273,483,8,37
draw_00777,2249.4426067524755,1758.1249999999998,0.9185606060606061,485,14,29
draw_00778,2241.412245417368,1750.8749999999998,0.9147727272727273,483,9,36
draw_00779,2060.5619503995067,1739.9999999999998,0.9090909090909091,480,10,38
draw_00780,2269.27893434992,1772.6249999999998,0.9261363636363636,489,16,23
draw_00781,2115.711805815734,1656.6249999999998,0.865530303030303,457,21,50
draw_00782,2252.0164417271067,1747.2499999999998,0.9128787878787878,482,12,34
draw_00783,2019.9101508898702,1725.4999999999998,0.9015151515151515,476,11,41
draw_00784,2198.265334342976,1714.6249999999998,0.8958333333333334,473,15,40
draw_00785,2308.0409426981055,1768.9999999999998,0.9242424242424242,488,11,29
draw_00786,2365.085867727999,1776.2499999999998,0.928030303030303,490,16,22
draw_00787,2432.7828530301913,1754.4999999999998,0.9166666666666666,484,16,28
draw_00788,2200.150884427766,1732.7499999999998,0.9053030303030303,478,12,38
draw_00789,2196.8715474069186,1765.3749999999998,0.9223484848484849,487,14,27
draw_00790,2133.747436498862,1685.6249999999998,0.8806818181818182,465,11,52
draw_00791,2176.1737336961432,1656.6249999999998,0.865530303030303,457,23,48
draw_00792,2369.778072348529,1787.1249999999998,0.9337121212121212,493,11,24
draw_00793,2329.078134448291,1743.6249999999998,0.9109848484848485,481,15,32
draw_00794,2273.5501611401446,1696.4999999999998,0.8863636363636364,468,14,46
draw_00795,2297.280040464965,1721.8749999999998,0.8996212121212122,475,9,44
draw_00796,2095.334433401324,1681.9999999999998,0.8787878787878788,464,15,49
draw_00797,2258.6546708346837,1703.7499999999998,0.8901515151515151,470,13,45
draw_00798,2088.387212349991,1681.9999999999998,0.8787878787878788,464,18,46
draw_00799,2124.5701073414707,1714.6249999999998,0.8958333333333334,473,15,40
draw_00800,2227.500597604441,1761.7499999999998,0.9204545454545454,486,8,34
draw_00801,2290.4685850411543,1692.8749999999998,0.884469696969697,467,18,43
draw_00802,2319.9389750442633,1718.2499999999998,0.8977272727272727,474,24,30
draw_00803,2139.5091135180346,1758.1249999999998,0.9185606060606061,485,11,32
draw_00804,2097.1560287224725,1714.6249999999998,0.8958333333333334,473,11,44
draw_00805,2259.6865677811484,1656.6249999999998,0.865530303030303,457,16,55
draw_00806,2236.557193921751,1707.3749999999998,0.8920454545454546,471,22,35
draw_00807,2012.6347665746323,1674.7499999999998,0.875,462,17,49
draw_00808,2282.6108333967854,1739.9999999999998,0.9090909090909091,480,22,26
draw_00809,2195.4857761066523,1729.1249999999998,0.9034090909090909,477,12,39
draw_00810,1993.5594558752962,1710.9999999999998,0.8939393939393939,472,15,41
draw_00811,1939.7825827728805,1685.6249999999998,0.8806818181818182,465,25,38
draw_00812,2393.836497240206,1765.3749999999998,0.9223484848484849,487,13,28
draw_00813,2362.0584315939154,1729.1249999999998,0.9034090909090909,477,11,40
draw_00814,2164.055799612462,1707.3749999999998,0.8920454545454546,471,18,39
draw_00815,2209.8029750226683,1790.7499999999998,0.9356060606060606,494,7,27
draw_00816,2156.7511128458978,1729.1249999999998,0.9034090909090909,477,15,36
draw_00817,2227.6438711673786,1671.1249999999998,0.8731060606060606,461,15,52
draw_00818,2314.35140569012,1758.1249999999998,0.9185606060606061,485,13,30
draw_00819,2225.432178164375,1765.3749999999998,0.9223484848484849,487,10,31
draw_00820,1945.3838405120307,1761.7499999999998,0.9204545454545454,486,10,32
draw_00821,2375.5363498002675,1750.8749999999998,0.9147727272727273,483,14,31
draw_00822,2100.872121177278,1732.7499999999998,0.9053030303030303,478,11,39
draw_00823,2324.1657611657597,1768.9999999999998,0.9242424242424242,488,13,27
draw_00824,2152.0945644557187,1710.9999999999998,0.8939393939393939,472,9,47
draw_00825,2062.5219140100453,1656.6249999999998,0.865530303030303,457,25,46
draw_00826,2443.2502386877723,1761.7499999999998,0.9204545454545454,486,7,35
draw_00827,2220.3749687535337,1732.7499999999998,0.9053030303030303,478,17,33
draw_00828,2330.323032779158,1707.3749999999998,0.8920454545454546,471,12,45
draw_00829,2145.2203460018686,1710.9999999999998,0.8939393939393939,472,9,47
draw_00830,2295.0968136194188,1801.6249999999998,0.9412878787878788,497,9,22
draw_00831,2063.0347451509674,1743.6249999999998,0.9109848484848485,481,10,37
draw_00832,2075.0313195442127,1721.8749999999998,0.8996212121212122,475,15,38
draw_00833,2177.0568555978393,1736.3749999999998,0.9071969696969697,479,17,32
draw_00834,2003.4021188908312,1696.4999999999998,0.8863636363636364,468,15,45
draw_00835,2443.0842040634743,1765.3749999999998,0.9223484848484849,487,18,23
draw_00836,2406.2746353190055,1747.2499999999998,0.9128787878787878,482,14,32
draw_00837,1943.965833323098,1692.8749999999998,0.884469696969697,467,19,42
draw_00838,2126.5139837196984,1671.1249999999998,0.8731060606060606,461,25,42
draw_00839,2469.8010807385385,1747.2499999999998,0.9128787878787878,482,10,36
draw_00840,2361.62136051248,1790.7499999999998,0.9356060606060606,494,14,20
draw_00841,2267.2863494539843,1710.9999999999998,0.8939393939393939,472,15,41
draw_00842,2210.6193748014593,1671.1249999999998,0.8731060606060606,461,26,41
draw_00843,2217.6189491218443,1747.2499999999998,0.9128787878787878,482,17,29
draw_00844,2017.762188029396,1725.4999999999998,0.9015151515151515,476,16,36
draw_00845,2175.603462101396,1671.1249999999998,0.8731060606060606,461,15,52
draw_00846,2371.28200618838,1732.7499999999998,0.9053030303030303,478,14,36
draw_00847,2433.627953845223,1859.6249999999998,0.9715909090909091,513,6,9
draw_00848,2088.37407188888,1681.9999999999998,0.8787878787878788,464,15,49
draw_00849,2072.427889695065,1739.9999999999998,0.9090909090909091,480,15,33
draw_00850,2155.863327271107,1736.3749999999998,0.9071969696969697,479,13,36
draw_00851,2165.7949772778993,1718.2499999999998,0.8977272727272727,474,10,44
draw_00852,2230.410948774458,1703.7499999999998,0.8901515151515151,470,20,38
draw_00853,2020.9441908607198,1674.7499999999998,0.875,462,19,47
draw_00854,2113.0552878375106,1739.9999999999998,0.9090909090909091,480,12,36
draw_00855,2260.450732706293,1732.7499999999998,0.9053030303030303,478,19,31
draw_00856,2202.612320299127,1714.6249999999998,0.8958333333333334,473,18,37
draw_00857,2120.223673904691,1674.7499999999998,0.875,462,19,47
draw_00858,2184.2693393772133,1681.9999999999998,0.8787878787878788,464,23,41
draw_00859,2066.1272310854774,1750.8749999999998,0.9147727272727273,483,19,26
draw_00860,2286.82679583725,1696.4999999999998,0.8863636363636364,468,10,50
draw_00861,1967.9598872312765,1681.9999999999998,0.8787878787878788,464,15,49
draw_00862,2467.8987912544317,1790.7499999999998,0.9356060606060606,494,12,22
draw_00863,2242.072502111311,1761.7499999999998,0.9204545454545454,486,15,27
draw_00864,2186.365790635216,1794.3749999999998,0.9375,495,12,21
draw_00865,2099.959403471983,1736.3749999999998,0.9071969696969697,479,12,37
draw_00866,2172.468677794967,1696.4999999999998,0.8863636363636364,468,16,44
draw_00867,2124.384614903129,1696.4999999999998,0.8863636363636364,468,18,42
draw_00868,2306.242361083651,1797.9999999999998,0.9393939393939394,496,8,24
draw_00869,1940.747205552795,1710.9999999999998,0.8939393939393939,472,10,46
draw_00870,2196.8715567215577,1714.6249999999998,0.8958333333333334,473,2,53
draw_00871,1976.547314971436,1674.7499999999998,0.875,462,19,47
draw_00872,2174.260508296339,1685.6249999999998,0.8806818181818182,465,24,39
draw_00873,2099.9605225168775,1721.8749999999998,0.8996212121212122,475,7,46
draw_00874,2035.9485355853499,1681.9999999999998,0.8787878787878788,464,15,49
draw_00875,2230.6195552096865,1703.7499999999998,0.8901515151515151,470,15,43
draw_00876,2124.4987328734273,1652.9999999999998,0.8636363636363636,456,23,49
draw_00877,2455.470993581973,1707.3749999999998,0.8920454545454546,471,9,48
draw_00878,2105.769792993216,1692.8749999999998,0.884469696969697,467,13,48
draw_00879,2288.849511820995,1656.6249999999998,0.865530303030303,457,25,46
draw_00880,2346.976857663984,1707.3749999999998,0.8920454545454546,471,16,41
draw_00881,2049.495417856348,1638.4999999999998,0.8560606060606061,452,21,55
draw_00882,2024.30001368656,1710.9999999999998,0.8939393939393939,472,14,42
draw_00883,2133.465281989644,1776.2499999999998,0.928030303030303,490,11,27
draw_00884,2092.887220237322,1613.1249999999998,0.8428030303030303,445,18,65
draw_00885,2135.5404861094635,1725.4999999999998,0.9015151515151515,476,15,37
draw_00886,2618.3334320346617,1859.6249999999998,0.9715909090909091,513,8,7
draw_00887,2196.670618260553,1743.6249999999998,0.9109848484848485,481,17,30
draw_00888,2255.967858556766,1732.7499999999998,0.9053030303030303,478,21,29
draw_00889,2313.0594615780997,1747.2499999999998,0.9128787878787878,482,15,31
draw_00890,2164.8219148891753,1758.1249999999998,0.9185606060606061,485,17,26
draw_00891,2157.651466366268,1710.9999999999998,0.8939393939393939,472,26,30
draw_00892,2107.737058966813,1652.9999999999998,0.8636363636363636,456,19,53
draw_00893,2206.4420323414065,1776.2499999999998,0.928030303030303,490,21,17
draw_00894,2248.0503588997176,1729.1249999999998,0.9034090909090909,477,13,38
draw_00895,2183.41507413227,1718.2499999999998,0.8977272727272727,474,10,44
draw_00896,2171.043364549387,1703.7499999999998,0.8901515151515151,470,17,41
draw_00897,2148.846163896719,1714.6249999999998,0.8958333333333334,473,14,41
draw_00898,2053.680012885211,1703.7499999999998,0.8901515151515151,470,15,43
draw_00899,2173.1418032590686,1689.2499999999998,0.8825757575757576,466,15,47
draw_00900,2040.382244117244,1667.4999999999998,0.8712121212121212,460,20,48
draw_00901,2113.896076694179,1736.3749999999998,0.9071969696969697,479,12,37
draw_00902,2021.6443413736738,1634.8749999999998,0.8541666666666666,451,27,50
draw_00903,2053.5311395108643,1718.2499999999998,0.8977272727272727,474,15,39
draw_00904,2084.059120993762,1616.7499999999998,0.8446969696969697,446,28,54
draw_00905,2174.2855420017554,1758.1249999999998,0.9185606060606061,485,9,34
draw_00906,2075.4750909842815,1707.3749999999998,0.8920454545454546,471,12,45
draw_00907,2105.8787899618055,1743.6249999999998,0.9109848484848485,481,13,34
draw_00908,2443.0758776139523,1729.1249999999998,0.9034090909090909,477,16,35
draw_00909,2076.613686359657,1663.8749999999998,0.8693181818181818,459,24,45
draw_00910,2086.850331369991,1714.6249999999998,0.8958333333333334,473,21,34
draw_00911,2308.8798243890838,1710.9999999999998,0.8939393939393939,472,22,34
draw_00912,1945.2269663572906,1652.9999999999998,0.8636363636363636,456,17,55
draw_00913,2279.4203496466357,1797.9999999999998,0.9393939393939394,496,11,21
draw_00914,2215.2463617095214,1703.7499999999998,0.8901515151515151,470,16,42
draw_00915,2131.373433646135,1732.7499999999998,0.9053030303030303,478,9,41
draw_00916,2320.108711483038,1725.4999999999998,0.9015151515151515,476,13,39
draw_00917,2066.0009716008835,1671.1249999999998,0.8731060606060606,461,16,51
draw_00918,2146.946006812125,1703.7499999999998,0.8901515151515151,470,18,40
draw_00919,2013.5673115112675,1656.6249999999998,0.865530303030303,457,3,68
draw_00920,2272.7867230083502,1620.3749999999998,0.8465909090909091,447,18,63
draw_00921,2207.3052519293183,1703.7499999999998,0.8901515151515151,470,24,34
draw_00922,2104.1371218583945,1671.1249999999998,0.8731060606060606,461,20,47
draw_00923,2146.8654905805283,1725.4999999999998,0.9015151515151515,476,17,35
draw_00924,2188.4030624307907,1729.1249999999998,0.9034090909090909,477,20,31
draw_00925,2257.328721204206,1689.2499999999998,0.8825757575757576,466,21,41
draw_00926,2246.9975252194477,1747.2499999999998,0.9128787878787878,482,12,34
draw_00927,2115.0565510801084,1671.1249999999998,0.8731060606060606,461,11,56
draw_00928,2464.553779625659,1743.6249999999998,0.9109848484848485,481,13,34
draw_00929,2229.581732161802,1700.1249999999998,0.8882575757575758,469,12,47
draw_00930,2229.624636089901,1758.1249999999998,0.9185606060606061,485,17,26
draw_00931,2300.072930613682,1707.3749999999998,0.8920454545454546,471,19,38
draw_00932,2209.9801264775824,1710.9999999999998,0.8939393939393939,472,18,38
draw_00933,2056.94701066084,1616.7499999999998,0.8446969696969697,446,20,62
draw_00934,2142.3251393814785,1638.4999999999998,0.8560606060606061,452,29,47
draw_00935,2058.016510620053,1674.7499999999998,0.875,462,17,49
draw_00936,2305.2892360958213,1634.8749999999998,0.8541666666666666,451,27,50
draw_00937,2054.246526177851,1685.6249999999998,0.8806818181818182,465,22,41
draw_00938,2338.7799535878803,1707.3749999999998,0.8920454545454546,471,16,41
draw_00939,2033.7596617721754,1627.6249999999998,0.8503787878787878,449,26,53
draw_00940,2145.5099078649523,1743.6249999999998,0.9109848484848485,481,13,34
draw_00941,1958.494576011731,1660.2499999999998,0.8674242424242424,458,19,51
draw_00942,2305.6486719149784,1732.7499999999998,0.9053030303030303,478,23,27
draw_00943,2160.821339568348,1754.4999999999998,0.9166666666666666,484,6,38
draw_00944,2150.984048988817,1718.2499999999998,0.8977272727272727,474,20,34
draw_00945,2231.018294297968,1649.3749999999998,0.8617424242424242,455,25,48
draw_00946,2185.79162109853,1587.7499999999998,0.8295454545454546,438,19,71
draw_00947,2059.55108887815,1591.3749999999998,0.8314393939393939,439,19,70
draw_00948,2255.3614949979346,1790.7499999999998,0.9356060606060606,494,14,20
draw_00949,2081.9279920915533,1710.9999999999998,0.8939393939393939,472,17,39
draw_00950,2160.711313795136,1732.7499999999998,0.9053030303030303,478,10,40
draw_00951,2132.7134074800933,1721.8749999999998,0.8996212121212122,475,13,40
draw_00952,2292.6155189266483,1732.7499999999998,0.9053030303030303,478,10,40
draw_00953,2165.8265850285834,1663.8749999999998,0.8693181818181818,459,21,48
draw_00954,2207.9042567295714,1707.3749999999998,0.8920454545454546,471,15,42
draw_00955,1947.3412666470172,1663.8749999999998,0.8693181818181818,459,12,57
draw_00956,2219.79069583732,1696.4999999999998,0.8863636363636364,468,16,44
draw_00957,2379.045463567062,1721.8749999999998,0.8996212121212122,475,9,44
draw_00958,2396.6329413279573,1736.3749999999998,0.9071969696969697,479,14,35
draw_00959,2261.6206139416595,1732.7499999999998,0.9053030303030303,478,8,42
draw_00960,2304.2682731866175,1721.8749999999998,0.8996212121212122,475,16,37
draw_00961,2437.878956044364,1696.4999999999998,0.8863636363636364,468,22,38
draw_00962,2026.4505959319208,1569.6249999999998,0.8200757575757576,433,27,68
draw_00963,2266.254376862791,1725.4999999999998,0.9015151515151515,476,12,40
draw_00964,2058.6407201904267,1638.4999999999998,0.8560606060606061,452,18,58
draw_00965,2323.1686463529336,1718.2499999999998,0.8977272727272727,474,6,48
draw_00966,2209.371559871654,1761.7499999999998,0.9204545454545454,486,10,32
draw_00967,2232.171428419781,1805.2499999999998,0.9431818181818182,498,12,18
draw_00968,2227.9207468325553,1761.7499999999998,0.9204545454545454,486,9,33
draw_00969,2068.7564409506176,1692.8749999999998,0.884469696969697,467,20,41
draw_00970,2131.922165054691,1692.8749999999998,0.884469696969697,467,20,41
draw_00971,2325.663742351373,1703.7499999999998,0.8901515151515151,470,14,44
draw_00972,2065.8194082664318,1703.7499999999998,0.8901515151515151,470,12,46
draw_00973,2108.5230362581406,1678.3749999999998,0.8768939393939394,463,20,45
draw_00974,2308.2855635741876,1656.6249999999998,0.865530303030303,457,17,54
draw_00975,2078.870331251005,1667.4999999999998,0.8712121212121212,460,12,56
draw_00976,2180.7463431796846,1700.1249999999998,0.8882575757575758,469,14,45
draw_00977,2141.689368254996,1750.8749999999998,0.9147727272727273,483,11,34
draw_00978,2192.3199539154057,1758.1249999999998,0.9185606060606061,485,10,33
draw_00979,2194.9706627600194,1703.7499999999998,0.8901515151515151,470,5,53
draw_00980,2109.37992661449,1667.4999999999998,0.8712121212121212,460,29,39
draw_00981,2285.871239504483,1692.8749999999998,0.884469696969697,467,19,42
draw_00982,2193.2654047746178,1685.6249999999998,0.8806818181818182,465,18,45
draw_00983,1981.4056349498635,1649.3749999999998,0.8617424242424242,455,17,56
draw_00984,2473.1550201671703,1779.8749999999998,0.9299242424242424,491,24,13
draw_00985,2209.4193651838195,1707.3749999999998,0.8920454545454546,471,14,43
draw_00986,2186.599258563976,1696.4999999999998,0.8863636363636364,468,18,42
draw_00987,2322.6197650163995,1743.6249999999998,0.9109848484848485,481,19,28
draw_00988,2295.639349805319,1674.7499999999998,0.875,462,19,47
draw_00989,2125.7741892986855,1692.8749999999998,0.884469696969697,467,9,52
draw_00990,2166.7021116157466,1721.8749999999998,0.8996212121212122,475,13,40
draw_00991,2311.1913113290398,1747.2499999999998,0.9128787878787878,482,4,42
draw_00992,2168.9843618742025,1710.9999999999998,0.8939393939393939,472,22,34
draw_00993,2293.3875023257297,1736.3749999999998,0.9071969696969697,479,17,32
draw_00994,2217.764883482904,1689.2499999999998,0.8825757575757576,466,6,56
draw_00995,2119.317883382569,1685.6249999999998,0.8806818181818182,465,18,45
draw_00996,2235.467994413328,1627.6249999999998,0.8503787878787878,449,38,41
draw_00997,2096.871125028414,1667.4999999999998,0.8712121212121212,460,21,47
draw_00998,2369.5808130463183,1721.8749999999998,0.8996212121212122,475,14,39
draw_00999,2218.566370415732,1714.6249999999998,0.8958333333333334,473,15,40
draw_01000,2166.142799938814,1787.1249999999998,0.9337121212121212,493,10,25
draw_01001,2066.7462161537305,1649.3749999999998,0.8617424242424242,455,15,58
draw_01002,2237.7351476394474,1685.6249999999998,0.8806818181818182,465,25,38
draw_01003,2053.041047439804,1645.7499999999998,0.8598484848484849,454,15,59
draw_01004,2145.9346510951023,1573.2499999999998,0.821969696969697,434,28,66
draw_01005,2148.4142360301316,1761.7499999999998,0.9204545454545454,486,16,26
draw_01006,2321.813357409116,1783.4999999999998,0.9318181818181818,492,11,25
draw_01007,2210.4309614178233,1758.1249999999998,0.9185606060606061,485,22,21
draw_01008,2103.111840676628,1750.8749999999998,0.9147727272727273,483,17,28
draw_01009,2141.8253152036004,1692.8749999999998,0.884469696969697,467,18,43
draw_01010,2198.432404913227,1739.9999999999998,0.9090909090909091,480,16,32
draw_01011,2468.854776914719,1783.4999999999998,0.9318181818181818,492,11,25
draw_01012,2188.026697637604,1721.8749999999998,0.8996212121212122,475,11,42
draw_01013,2069.5316010793836,1565.9999999999998,0.8181818181818182,432,18,78
draw_01014,2232.5825140744164,1747.2499999999998,0.9128787878787878,482,14,32
draw_01015,2013.099835562113,1696.4999999999998,0.8863636363636364,468,16,44
draw_01016,2412.992533582505,1743.6249999999998,0.9109848484848485,481,8,39
draw_01017,2392.46218224838,1758.1249999999998,0.9185606060606061,485,8,35
draw_01018,2175.7044326885107,1707.3749999999998,0.8920454545454546,471,9,48
draw_01019,2734.865996813611,1794.3749999999998,0.9375,495,14,19
draw_01020,2189.4057648186285,1696.4999999999998,0.8863636363636364,468,19,41
draw_01021,2256.7913845930134,1736.3749999999998,0.9071969696969697,479,9,40
draw_01022,2159.7058238053905,1692.8749999999998,0.884469696969697,467,13,48
draw_01023,2142.5868158940725,1721.8749999999998,0.8996212121212122,475,12,41
draw_01024,2181.693109643339,1729.1249999999998,0.9034090909090909,477,15,36
draw_01025,1965.720844202796,1671.1249999999998,0.8731060606060606,461,22,45
draw_01026,2105.442197426729,1754.4999999999998,0.9166666666666666,484,15,29
draw_01027,2094.2498201283515,1605.8749999999998,0.8390151515151515,443,24,61
draw_01028,2214.0275568134866,1721.8749999999998,0.8996212121212122,475,17,36
draw_01029,2089.0325708459277,1689.2499999999998,0.8825757575757576,466,18,44
draw_01030,2178.2244649927093,1736.3749999999998,0.9071969696969697,479,15,34
draw_01031,1958.5200913465255,1671.1249999999998,0.8731060606060606,461,22,45
draw_01032,2277.27749864785,1834.2499999999998,0.9583333333333334,506,13,9
draw_01033,2177.351438225116,1671.1249999999998,0.8731060606060606,461,7,60
draw_01034,2172.0405020549997,1725.4999999999998,0.9015151515151515,476,17,35
draw_01035,2142.0815619857563,1663.8749999999998,0.8693181818181818,459,20,49
draw_01036,2051.5226333143755,1678.3749999999998,0.8768939393939394,463,25,40
draw_01037,2226.5415547868333,1758.1249999999998,0.9185606060606061,485,17,26
draw_01038,2113.1883242757226,1656.6249999999998,0.865530303030303,457,13,58
draw_01039,2466.6277176629974,1808.8749999999998,0.9450757575757576,499,6,23
draw_01040,2147.1238206907874,1700.1249999999998,0.8882575757575758,469,7,52
draw_01041,2114.420679895167,1729.1249999999998,0.9034090909090909,477,13,38
draw_01042,2386.929024529588,1681.9999999999998,0.8787878787878788,464,22,42
draw_01043,2100.241368918903,1620.3749999999998,0.8465909090909091,447,26,55
draw_01044,2335.325668708563,1750.8749999999998,0.9147727272727273,483,10,35
draw_01045,2037.0982127603022,1616.7499999999998,0.8446969696969697,446,20,62
draw_01046,2388.5535767174865,1761.7499999999998,0.9204545454545454,486,13,29
draw_01047,2114.0867830475913,1656.6249999999998,0.865530303030303,457,20,51
draw_01048,2374.6886107359837,1747.2499999999998,0.9128787878787878,482,15,31
draw_01049,2495.865675961301,1779.8749999999998,0.9299242424242424,491,11,26
draw_01050,2091.603528758743,1689.2499999999998,0.8825757575757576,466,17,45
draw_01051,2311.6911037401105,1754.4999999999998,0.9166666666666666,484,8,36
draw_01052,2406.3135199585145,1747.2499999999998,0.9128787878787878,482,12,34
draw_01053,2457.8782084906425,1739.9999999999998,0.9090909090909091,480,18,30
draw_01054,2271.4292431658596,1772.6249999999998,0.9261363636363636,489,7,32
draw_01055,2339.783032029998,1758.1249999999998,0.9185606060606061,485,11,32
draw_01056,2027.2329653283546,1721.8749999999998,0.8996212121212122,475,16,37
draw_01057,2167.64157128254,1736.3749999999998,0.9071969696969697,479,15,34
draw_01058,2335.0372448493163,1689.2499999999998,0.8825757575757576,466,20,42
draw_01059,2136.9420085128772,1710.9999999999998,0.8939393939393939,472,16,40
draw_01060,2156.1774445486417,1725.4999999999998,0.9015151515151515,476,10,42
draw_01061,2004.9238731980104,1627.6249999999998,0.8503787878787878,449,26,53
draw_01062,2109.9957215723384,1768.9999999999998,0.9242424242424242,488,12,28
draw_01063,2173.114531673508,1765.3749999999998,0.9223484848484849,487,14,27
draw_01064,2234.7232917843235,1700.1249999999998,0.8882575757575758,469,9,50
draw_01065,2313.2409398286745,1797.9999999999998,0.9393939393939394,496,8,24
draw_01066,2273.829065610668,1714.6249999999998,0.8958333333333334,473,10,45
draw_01067,1954.5050247118522,1663.8749999999998,0.8693181818181818,459,19,50
draw_01068,2049.6299540146265,1681.9999999999998,0.8787878787878788,464,19,45
draw_01069,2400.0627693322535,1674.7499999999998,0.875,462,23,43
draw_01070,2168.5612630212727,1707.3749999999998,0.8920454545454546,471,26,31
draw_01071,2216.0520602640177,1714.6249999999998,0.8958333333333334,473,9,46
draw_01072,2398.8561792255123,1801.6249999999998,0.9412878787878788,497,4,27
draw_01073,2122.490310071206,1678.3749999999998,0.8768939393939394,463,20,45
draw_01074,2101.510825963954,1660.2499999999998,0.8674242424242424,458,16,54
draw_01075,2065.374879991263,1685.6249999999998,0.8806818181818182,465,13,50
draw_01076,2057.7763839359995,1692.8749999999998,0.884469696969697,467,18,43
draw_01077,1902.231303689336,1642.1249999999998,0.8579545454545454,453,16,59
draw_01078,2160.3758831824725,1645.7499999999998,0.8598484848484849,454,15,59
draw_01079,2336.3268976133727,1768.9999999999998,0.9242424242424242,488,14,26
draw_01080,2167.677547264611,1768.9999999999998,0.9242424242424242,488,10,30
draw_01081,2190.4495322059233,1678.3749999999998,0.8768939393939394,463,11,54
draw_01082,2164.1828478439397,1663.8749999999998,0.8693181818181818,459,17,52
draw_01083,2287.506426306842,1714.6249999999998,0.8958333333333334,473,18,37
draw_01084,2074.586112055607,1765.3749999999998,0.9223484848484849,487,11,30
draw_01085,2233.8301224056086,1678.3749999999998,0.8768939393939394,463,19,46
draw_01086,2428.7600766989094,1739.9999999999998,0.9090909090909091,480,10,38
draw_01087,2048.0932662677224,1692.8749999999998,0.884469696969697,467,20,41
draw_01088,2197.7534209289233,1663.8749999999998,0.8693181818181818,459,15,54
draw_01089,2140.146852762664,1743.6249999999998,0.9109848484848485,481,15,32
draw_01090,1848.8064025821352,1565.9999999999998,0.8181818181818182,432,32,64
draw_01091,2510.9456927995734,1700.1249999999998,0.8882575757575758,469,17,42
draw_01092,2241.616330812221,1783.4999999999998,0.9318181818181818,492,10,26
draw_01093,2214.7474329861075,1754.4999999999998,0.9166666666666666,484,5,39
draw_01094,2212.7030955513937,1710.9999999999998,0.8939393939393939,472,13,43
draw_01095,2082.6546194395455,1768.9999999999998,0.9242424242424242,488,13,27
draw_01096,2032.3693915948065,1736.3749999999998,0.9071969696969697,479,19,30
draw_01097,2200.9325443788966,1790.7499999999998,0.9356060606060606,494,15,19
draw_01098,2137.92122379126,1663.8749999999998,0.8693181818181818,459,17,52
draw_01099,2122.2416284332426,1718.2499999999998,0.8977272727272727,474,11,43
draw_01100,2229.7476649898263,1703.7499999999998,0.8901515151515151,470,11,47
draw_01101,2173.246978575932,1671.1249999999998,0.8731060606060606,461,20,47
draw_01102,2092.7577921127204,1667.4999999999998,0.8712121212121212,460,23,45
draw_01103,2379.3359555773304,1768.9999999999998,0.9242424242424242,488,16,24
draw_01104,2259.783298783707,1703.7499999999998,0.8901515151515151,470,15,43
draw_01105,2066.111677059759,1714.6249999999998,0.8958333333333334,473,17,38
draw_01106,2103.8611455405735,1660.2499999999998,0.8674242424242424,458,23,47
draw_01107,2246.5501112152924,1754.4999999999998,0.9166666666666666,484,24,20
draw_01108,2305.5103192137913,1743.6249999999998,0.9109848484848485,481,19,28
draw_01109,2376.3411725611545,1758.1249999999998,0.9185606060606061,485,6,37
draw_01110,2336.019167447025,1736.3749999999998,0.9071969696969697,479,23,26
draw_01111,2247.1134444632976,1750.8749999999998,0.9147727272727273,483,14,31
draw_01112,2434.716757966317,1823.3749999999998,0.9526515151515151,503,5,20
draw_01113,2295.9337227883775,1743.6249999999998,0.9109848484848485,481,13,34
draw_01114,2123.6005674629723,1678.3749999999998,0.8768939393939394,463,16,49
draw_01115,2070.7363324817907,1736.3749999999998,0.9071969696969697,479,18,31
draw_01116,2357.9929279551156,1707.3749999999998,0.8920454545454546,471,15,42
draw_01117,2200.1569759938307,1739.9999999999998,0.9090909090909091,480,13,35
draw_01118,2415.974812729584,1808.8749999999998,0.9450757575757576,499,9,20
draw_01119,2145.3807402463804,1663.8749999999998,0.8693181818181818,459,22,47
draw_01120,2197.1387667258455,1696.4999999999998,0.8863636363636364,468,21,39
draw_01121,2048.6542145757076,1678.3749999999998,0.8768939393939394,463,8,57
draw_01122,2301.968748516511,1779.8749999999998,0.9299242424242424,491,9,28
draw_01123,2005.2840445977833,1627.6249999999998,0.8503787878787878,449,20,59
draw_01124,2226.7567224206646,1700.1249999999998,0.8882575757575758,469,17,42
draw_01125,2183.502122576088,1700.1249999999998,0.8882575757575758,469,19,40
draw_01126,2338.2635801961055,1692.8749999999998,0.884469696969697,467,17,44
draw_01127,2041.0107977683228,1663.8749999999998,0.8693181818181818,459,19,50
draw_01128,2201.3204474804384,1729.1249999999998,0.9034090909090909,477,10,41
draw_01129,2266.3690273318794,1783.4999999999998,0.9318181818181818,492,14,22
draw_01130,2268.9694670368635,1725.4999999999998,0.9015151515151515,476,5,47
draw_01131,2171.7581566815265,1801.6249999999998,0.9412878787878788,497,14,17
draw_01132,2326.1521798061926,1743.6249999999998,0.9109848484848485,481,11,36
draw_01133,2226.7956793559356,1758.1249999999998,0.9185606060606061,485,8,35
draw_01134,1904.4294115359394,1638.4999999999998,0.8560606060606061,452,21,55
draw_01135,2214.9396318190275,1721.8749999999998,0.8996212121212122,475,9,44
draw_01136,2064.3787089390835,1758.1249999999998,0.9185606060606061,485,19,24
draw_01137,2113.650072739611,1674.7499999999998,0.875,462,18,48
draw_01138,2075.8856680093118,1613.1249999999998,0.8428030303030303,445,24,59
draw_01139,2260.3737669303937,1801.6249999999998,0.9412878787878788,497,19,12
draw_01140,2366.500813244228,1689.2499999999998,0.8825757575757576,466,17,45
draw_01141,1923.6418920305532,1660.2499999999998,0.8674242424242424,458,13,57
draw_01142,2223.299892300725,1681.9999999999998,0.8787878787878788,464,10,54
draw_01143,2099.88181411193,1707.3749999999998,0.8920454545454546,471,15,42
draw_01144,2363.014752610896,1758.1249999999998,0.9185606060606061,485,15,28
draw_01145,2244.1363689038385,1816.1249999999998,0.9488636363636364,501,11,16
draw_01146,2369.470128478701,1725.4999999999998,0.9015151515151515,476,14,38
draw_01147,2149.872334900589,1714.6249999999998,0.8958333333333334,473,19,36
draw_01148,2180.9252224453785,1750.8749999999998,0.9147727272727273,483,10,35
draw_01149,2019.2126439414596,1663.8749999999998,0.8693181818181818,459,23,46
draw_01150,2326.3529435753853,1772.6249999999998,0.9261363636363636,489,16,23
draw_01151,2115.4083624169525,1613.1249999999998,0.8428030303030303,445,33,50
draw_01152,2388.8416316522066,1721.8749999999998,0.8996212121212122,475,13,40
draw_01153,2146.3077271658703,1685.6249999999998,0.8806818181818182,465,16,47
draw_01154,2282.989068699218,1700.1249999999998,0.8882575757575758,469,18,41
draw_01155,2159.6359951181457,1605.8749999999998,0.8390151515151515,443,24,61
draw_01156,2052.6157985905625,1747.2499999999998,0.9128787878787878,482,18,28
draw_01157,2073.0373405525925,1660.2499999999998,0.8674242424242424,458,20,50
draw_01158,2398.3543979047454,1729.1249999999998,0.9034090909090909,477,13,38
draw_01159,2013.0431038940753,1681.9999999999998,0.8787878787878788,464,11,53
draw_01160,2202.5969255812442,1674.7499999999998,0.875,462,14,52
draw_01161,2155.194028237629,1765.3749999999998,0.9223484848484849,487,16,25
draw_01162,2076.695409756339,1638.4999999999998,0.8560606060606061,452,16,60
draw_01163,2291.2500261793043,1747.2499999999998,0.9128787878787878,482,9,37
draw_01164,2135.2032286257518,1692.8749999999998,0.884469696969697,467,16,45
draw_01165,2260.5636330005223,1736.3749999999998,0.9071969696969697,479,11,38
draw_01166,2114.4762734722885,1696.4999999999998,0.8863636363636364,468,23,37
draw_01167,2516.625927692188,1837.8749999999998,0.9602272727272727,507,9,12
draw_01168,2116.670967609912,1743.6249999999998,0.9109848484848485,481,7,40
draw_01169,2326.8567762198577,1761.7499999999998,0.9204545454545454,486,11,31
draw_01170,2402.6721699009845,1776.2499999999998,0.928030303030303,490,15,23
draw_01171,2268.656639330988,1703.7499999999998,0.8901515151515151,470,18,40
draw_01172,2243.141712006289,1638.4999999999998,0.8560606060606061,452,20,56
draw_01173,2418.8699308394985,1765.3749999999998,0.9223484848484849,487,9,32
draw_01174,2160.553818410209,1689.2499999999998,0.8825757575757576,466,21,41
draw_01175,2230.8619996956927,1707.3749999999998,0.8920454545454546,471,14,43
draw_01176,2204.603219870584,1652.9999999999998,0.8636363636363636,456,24,48
draw_01177,2366.0791708035135,1754.4999999999998,0.9166666666666666,484,21,23
draw_01178,2075.7616440784873,1696.4999999999998,0.8863636363636364,468,13,47
draw_01179,2151.3223574566423,1714.6249999999998,0.8958333333333334,473,13,42
draw_01180,2104.623939100972,1714.6249999999998,0.8958333333333334,473,7,48
draw_01181,2251.5924085362653,1707.3749999999998,0.8920454545454546,471,7,50
draw_01182,2296.066719776675,1739.9999999999998,0.9090909090909091,480,9,39
draw_01183,2143.3810604629093,1729.1249999999998,0.9034090909090909,477,17,34
draw_01184,1903.8070768529835,1681.9999999999998,0.8787878787878788,464,20,44
draw_01185,2490.7357364281606,1758.1249999999998,0.9185606060606061,485,11,32
draw_01186,2326.845483426733,1681.9999999999998,0.8787878787878788,464,21,43
draw_01187,2392.3446687551013,1772.6249999999998,0.9261363636363636,489,19,20
draw_01188,2141.2887713921123,1696.4999999999998,0.8863636363636364,468,13,47
draw_01189,2211.8683704254872,1685.6249999999998,0.8806818181818182,465,16,47
draw_01190,2430.305853886854,1743.6249999999998,0.9109848484848485,481,13,34
draw_01191,2340.860703068903,1758.1249999999998,0.9185606060606061,485,7,36
draw_01192,2267.777782947978,1783.4999999999998,0.9318181818181818,492,7,29
draw_01193,1976.3027614659484,1710.9999999999998,0.8939393939393939,472,18,38
draw_01194,2285.0508106200964,1783.4999999999998,0.9318181818181818,492,4,32
draw_01195,2130.286790601481,1613.1249999999998,0.8428030303030303,445,14,69
draw_01196,2287.8474145809637,1790.7499999999998,0.9356060606060606,494,10,24
draw_01197,1942.80380406208,1634.8749999999998,0.8541666666666666,451,12,65
draw_01198,2164.105517159075,1787.1249999999998,0.9337121212121212,493,5,30
draw_01199,2088.931401833459,1729.1249999999998,0.9034090909090909,477,14,37
draw_01200,2089.777624475242,1696.4999999999998,0.8863636363636364,468,16,44
draw_01201,2374.484386171959,1808.8749999999998,0.9450757575757576,499,8,21
draw_01202,2349.7035081910594,1732.7499999999998,0.9053030303030303,478,20,30
draw_01203,2198.22957106384,1765.3749999999998,0.9223484848484849,487,10,31
draw_01204,2142.6116955278017,1703.7499999999998,0.8901515151515151,470,15,43
draw_01205,2100.705957872528,1674.7499999999998,0.875,462,8,58
draw_01206,1949.9303853880754,1642.1249999999998,0.8579545454545454,453,15,60
draw_01207,2152.8995288114293,1714.6249999999998,0.8958333333333334,473,7,48
draw_01208,2314.167934000047,1696.4999999999998,0.8863636363636364,468,14,46
draw_01209,2270.25784725607,1729.1249999999998,0.9034090909090909,477,11,40
draw_01210,2303.8666212410562,1714.6249999999998,0.8958333333333334,473,17,38
draw_01211,2159.432351722593,1685.6249999999998,0.8806818181818182,465,17,46
draw_01212,2242.847525752843,1725.4999999999998,0.9015151515151515,476,16,36
draw_01213,2183.894843123517,1689.2499999999998,0.8825757575757576,466,24,38
draw_01214,2226.6794710034555,1714.6249999999998,0.8958333333333334,473,13,42
draw_01215,2296.6920158376183,1747.2499999999998,0.9128787878787878,482,10,36
draw_01216,2104.169544639847,1642.1249999999998,0.8579545454545454,453,29,46
draw_01217,2194.2840197086766,1710.9999999999998,0.8939393939393939,472,12,44
draw_01218,2099.918537417237,1696.4999999999998,0.8863636363636364,468,18,42
draw_01219,2301.608483120985,1736.3749999999998,0.9071969696969697,479,13,36
draw_01220,2008.0533518170273,1689.2499999999998,0.8825757575757576,466,9,53
draw_01221,2145.671818600183,1747.2499999999998,0.9128787878787878,482,6,40
draw_01222,1953.931997126448,1634.8749999999998,0.8541666666666666,451,20,57
draw_01223,1944.7091259740578,1652.9999999999998,0.8636363636363636,456,13,59
draw_01224,2153.3403787412503,1671.1249999999998,0.8731060606060606,461,17,50
draw_01225,2235.404864014361,1787.1249999999998,0.9337121212121212,493,10,25
draw_01226,2086.836458046323,1703.7499999999998,0.8901515151515151,470,14,44
draw_01227,2171.95304698458,1768.9999999999998,0.9242424242424242,488,13,27
draw_01228,2289.330681318305,1761.7499999999998,0.9204545454545454,486,15,27
draw_01229,2208.4626087185125,1681.9999999999998,0.8787878787878788,464,23,41
draw_01230,2053.775835023185,1772.6249999999998,0.9261363636363636,489,8,31
draw_01231,2050.9088900462843,1696.4999999999998,0.8863636363636364,468,18,42
draw_01232,2252.8169730685877,1714.6249999999998,0.8958333333333334,473,14,41
draw_01233,2380.339235862688,1721.8749999999998,0.8996212121212122,475,14,39
draw_01234,2283.7137948808763,1721.8749999999998,0.8996212121212122,475,15,38
draw_01235,2247.6473255131505,1776.2499999999998,0.928030303030303,490,5,33
draw_01236,2117.445750983509,1631.2499999999998,0.8522727272727273,450,16,62
draw_01237,2157.5852718250408,1689.2499999999998,0.8825757575757576,466,14,48
draw_01238,2298.361580927395,1638.4999999999998,0.8560606060606061,452,27,49
draw_01239,2265.7174312329375,1667.4999999999998,0.8712121212121212,460,31,37
draw_01240,2297.1874323298475,1700.1249999999998,0.8882575757575758,469,16,43
draw_01241,2266.937675096921,1681.9999999999998,0.8787878787878788,464,13,51
draw_01242,2181.545341772703,1743.6249999999998,0.9109848484848485,481,8,39
draw_01243,2077.90396469495,1714.6249999999998,0.8958333333333334,473,15,40
draw_01244,2204.593734120955,1710.9999999999998,0.8939393939393939,472,17,39
draw_01245,2241.3036439796842,1776.2499999999998,0.928030303030303,490,15,23
draw_01246,2034.615878821177,1707.3749999999998,0.8920454545454546,471,11,46
draw_01247,2106.1687999686624,1678.3749999999998,0.8768939393939394,463,14,51
draw_01248,2324.9163426678756,1718.2499999999998,0.8977272727272727,474,18,36
draw_01249,2430.1138219000286,1652.9999999999998,0.8636363636363636,456,11,61
draw_01250,1978.071862433695,1667.4999999999998,0.8712121212121212,460,19,49
draw_01251,2254.390634365921,1761.7499999999998,0.9204545454545454,486,12,30
draw_01252,2410.0950689606825,1808.8749999999998,0.9450757575757576,499,8,21
draw_01253,1965.1154011563954,1652.9999999999998,0.8636363636363636,456,20,52
draw_01254,2054.5853019030005,1732.7499999999998,0.9053030303030303,478,24,26
draw_01255,2048.302276596151,1729.1249999999998,0.9034090909090909,477,14,37
draw_01256,2234.275040814503,1692.8749999999998,0.884469696969697,467,10,51
draw_01257,2232.411731659339,1700.1249999999998,0.8882575757575758,469,16,43
draw_01258,2495.0117141381606,1808.8749999999998,0.9450757575757576,499,5,24
draw_01259,2307.5958172177147,1779.8749999999998,0.9299242424242424,491,6,31
draw_01260,2267.9614015056195,1779.8749999999998,0.9299242424242424,491,13,24
draw_01261,2235.878466425409,1732.7499999999998,0.9053030303030303,478,23,27
draw_01262,2339.1083333866,1718.2499999999998,0.8977272727272727,474,19,35
draw_01263,2216.0684763741974,1681.9999999999998,0.8787878787878788,464,22,42
draw_01264,2099.2443614367967,1681.9999999999998,0.8787878787878788,464,17,47
draw_01265,2224.183115389871,1739.9999999999998,0.9090909090909091,480,13,35
draw_01266,2349.234173418496,1681.9999999999998,0.8787878787878788,464,24,40
draw_01267,2030.2296104771071,1667.4999999999998,0.8712121212121212,460,24,44
draw_01268,2102.6858608158227,1663.8749999999998,0.8693181818181818,459,14,55
draw_01269,2097.6338046567325,1638.4999999999998,0.8560606060606061,452,20,56
draw_01270,2052.3683105109976,1678.3749999999998,0.8768939393939394,463,13,52
draw_01271,2257.534108179357,1645.7499999999998,0.8598484848484849,454,29,45
draw_01272,2223.580412860425,1732.7499999999998,0.9053030303030303,478,14,36
draw_01273,1889.062586668019,1540.6249999999998,0.8049242424242424,425,25,78
draw_01274,2301.883493946685,1700.1249999999998,0.8882575757575758,469,22,37
draw_01275,2374.4339110358646,1743.6249999999998,0.9109848484848485,481,21,26
draw_01276,2201.5712725295307,1721.8749999999998,0.8996212121212122,475,23,30
draw_01277,2191.1830108910895,1678.3749999999998,0.8768939393939394,463,28,37
draw_01278,2344.4578892825766,1776.2499999999998,0.928030303030303,490,14,24
draw_01279,2303.338997848838,1663.8749999999998,0.8693181818181818,459,17,52
draw_01280,2088.980789953599,1598.6249999999998,0.8352272727272727,441,17,70
draw_01281,2108.389425175196,1725.4999999999998,0.9015151515151515,476,26,26
draw_01282,2218.7596992212707,1700.1249999999998,0.8882575757575758,469,16,43
draw_01283,2317.852274686344,1750.8749999999998,0.9147727272727273,483,9,36
draw_01284,2170.360131719785,1681.9999999999998,0.8787878787878788,464,9,55
draw_01285,2159.463950187594,1739.9999999999998,0.9090909090909091,480,3,45
draw_01286,2208.653151904006,1696.4999999999998,0.8863636363636364,468,11,49
draw_01287,2044.0214865333865,1729.1249999999998,0.9034090909090909,477,5,46
draw_01288,2259.2814163439007,1707.3749999999998,0.8920454545454546,471,23,34
draw_01289,2311.072221859682,1819.7499999999998,0.9507575757575758,502,4,22
draw_01290,2074.3019819638753,1681.9999999999998,0.8787878787878788,464,12,52
draw_01291,2140.9106776411304,1736.3749999999998,0.9071969696969697,479,17,32
draw_01292,1976.4879881125844,1667.4999999999998,0.8712121212121212,460,21,47
draw_01293,1861.5411490753118,1623.9999999999998,0.8484848484848485,448,13,67
draw_01294,2066.784549246043,1750.8749999999998,0.9147727272727273,483,13,32
draw_01295,2130.598858742978,1678.3749999999998,0.8768939393939394,463,14,51
draw_01296,2191.015553336748,1642.1249999999998,0.8579545454545454,453,17,58
draw_01297,2270.2319698830465,1660.2499999999998,0.8674242424242424,458,10,60
draw_01298,2197.8601897861636,1732.7499999999998,0.9053030303030303,478,15,35
draw_01299,2443.0777249577263,1801.6249999999998,0.9412878787878788,497,16,15
draw_01300,2082.5535036441206,1721.8749999999998,0.8996212121212122,475,8,45
draw_01301,2267.6769687156775,1754.4999999999998,0.9166666666666666,484,14,30
draw_01302,2389.630738234476,1768.9999999999998,0.9242424242424242,488,18,22
draw_01303,2215.5047256278804,1725.4999999999998,0.9015151515151515,476,17,35
draw_01304,2336.6307223134254,1776.2499999999998,0.928030303030303,490,13,25
draw_01305,2073.141915761858,1692.8749999999998,0.884469696969697,467,18,43
draw_01306,2067.098651724061,1652.9999999999998,0.8636363636363636,456,27,45
draw_01307,2199.6209448120726,1732.7499999999998,0.9053030303030303,478,14,36
draw_01308,2087.7021611434507,1754.4999999999998,0.9166666666666666,484,11,33
draw_01309,2192.8360619880996,1776.2499999999998,0.928030303030303,490,9,29
draw_01310,2129.483724358825,1761.7499999999998,0.9204545454545454,486,16,26
draw_01311,2285.7190259967706,1754.4999999999998,0.9166666666666666,484,9,35
draw_01312,2117.3486753927314,1700.1249999999998,0.8882575757575758,469,18,41
draw_01313,2171.4975308948524,1718.2499999999998,0.8977272727272727,474,14,40
draw_01314,2264.2941601224475,1696.4999999999998,0.8863636363636364,468,15,45
draw_01315,2395.2833011644925,1797.9999999999998,0.9393939393939394,496,7,25
draw_01316,2473.0234111876,1801.6249999999998,0.9412878787878788,497,8,23
draw_01317,2199.8155348735836,1768.9999999999998,0.9242424242424242,488,17,23
draw_01318,2389.1634648139393,1725.4999999999998,0.9015151515151515,476,22,30
draw_01319,2265.46744824973,1739.9999999999998,0.9090909090909091,480,7,41
draw_01320,2157.823798287532,1794.3749999999998,0.9375,495,12,21
draw_01321,2166.9999512322493,1732.7499999999998,0.9053030303030303,478,12,38
draw_01322,2106.504357409912,1642.1249999999998,0.8579545454545454,453,23,52
draw_01323,2245.5151531056285,1779.8749999999998,0.9299242424242424,491,12,25
draw_01324,2199.9876382298958,1710.9999999999998,0.8939393939393939,472,21,35
draw_01325,2119.6655953437394,1558.7499999999998,0.8143939393939394,430,20,78
draw_01326,2116.409359095706,1671.1249999999998,0.8731060606060606,461,11,56
draw_01327,2131.501947231661,1739.9999999999998,0.9090909090909091,480,9,39
draw_01328,2191.1762870354955,1703.7499999999998,0.8901515151515151,470,12,46
draw_01329,2104.760998087608,1609.4999999999998,0.8409090909090909,444,25,59
draw_01330,2202.2564846631876,1772.6249999999998,0.9261363636363636,489,17,22
draw_01331,2098.0453828225664,1768.9999999999998,0.9242424242424242,488,11,29
draw_01332,2102.2334998208876,1678.3749999999998,0.8768939393939394,463,17,48
draw_01333,2234.8581723060406,1696.4999999999998,0.8863636363636364,468,21,39
draw_01334,2213.060738451062,1667.4999999999998,0.8712121212121212,460,32,36
draw_01335,2275.6645468175307,1707.3749999999998,0.8920454545454546,471,15,42
draw_01336,2359.289324770309,1776.2499999999998,0.928030303030303,490,14,24
draw_01337,2243.726835260903,1743.6249999999998,0.9109848484848485,481,13,34
draw_01338,2031.4608834000733,1667.4999999999998,0.8712121212121212,460,13,55
draw_01339,2268.0884731999913,1732.7499999999998,0.9053030303030303,478,10,40
draw_01340,2178.1444807479847,1721.8749999999998,0.8996212121212122,475,7,46
draw_01341,2005.756675688046,1671.1249999999998,0.8731060606060606,461,17,50
draw_01342,2295.65677983444,1718.2499999999998,0.8977272727272727,474,22,32
draw_01343,2180.7955619747254,1732.7499999999998,0.9053030303030303,478,28,22
draw_01344,2321.104473478729,1761.7499999999998,0.9204545454545454,486,13,29
draw_01345,2277.8595256127405,1729.1249999999998,0.9034090909090909,477,12,39
draw_01346,2064.637821236523,1652.9999999999998,0.8636363636363636,456,27,45
draw_01347,2158.000240883394,1739.9999999999998,0.9090909090909091,480,20,28
draw_01348,2096.9328815961303,1703.7499999999998,0.8901515151515151,470,17,41
draw_01349,1972.0023705484557,1674.7499999999998,0.875,462,19,47
draw_01350,2338.2308045293003,1703.7499999999998,0.8901515151515151,470,21,37
draw_01351,2085.03135676158,1707.3749999999998,0.8920454545454546,471,17,40
draw_01352,2100.1832671636535,1710.9999999999998,0.8939393939393939,472,12,44
draw_01353,2242.1056750273365,1671.1249999999998,0.8731060606060606,461,20,47
draw_01354,2070.719117853156,1656.6249999999998,0.865530303030303,457,20,51
draw_01355,2277.0841817041946,1718.2499999999998,0.8977272727272727,474,15,39
draw_01356,2449.8136630094377,1743.6249999999998,0.9109848484848485,481,24,23
draw_01357,2318.6077088023703,1707.3749999999998,0.8920454545454546,471,18,39
draw_01358,2476.717355794759,1736.3749999999998,0.9071969696969697,479,21,28
draw_01359,2056.10814757192,1729.1249999999998,0.9034090909090909,477,17,34
draw_01360,2100.661909261702,1721.8749999999998,0.8996212121212122,475,13,40
draw_01361,2254.1430106265857,1703.7499999999998,0.8901515151515151,470,25,33
draw_01362,2265.5044407672335,1725.4999999999998,0.9015151515151515,476,9,43
draw_01363,2372.383962969923,1718.2499999999998,0.8977272727272727,474,20,34
draw_01364,2272.2484847627084,1729.1249999999998,0.9034090909090909,477,11,40
draw_01365,2252.612742368163,1667.4999999999998,0.8712121212121212,460,10,58
draw_01366,2094.466893202507,1652.9999999999998,0.8636363636363636,456,9,63
draw_01367,2149.6891569452305,1721.8749999999998,0.8996212121212122,475,11,42
draw_01368,2185.9661882511546,1776.2499999999998,0.928030303030303,490,11,27
draw_01369,2047.769417968839,1808.8749999999998,0.9450757575757576,499,5,24
draw_01370,2163.722259391773,1627.6249999999998,0.8503787878787878,449,29,50
draw_01371,2097.833894620738,1721.8749999999998,0.8996212121212122,475,17,36
draw_01372,2399.7629293404752,1747.2499999999998,0.9128787878787878,482,10,36
draw_01373,2405.149256439616,1797.9999999999998,0.9393939393939394,496,8,24
draw_01374,2066.653526694314,1696.4999999999998,0.8863636363636364,468,20,40
draw_01375,2306.007646154768,1768.9999999999998,0.9242424242424242,488,18,22
draw_01376,2256.6007389113565,1718.2499999999998,0.8977272727272727,474,29,25
draw_01377,2220.3352011876295,1794.3749999999998,0.9375,495,11,22
draw_01378,2160.353804819906,1768.9999999999998,0.9242424242424242,488,12,28
draw_01379,2297.4586998521077,1736.3749999999998,0.9071969696969697,479,15,34
draw_01380,2181.471836292289,1696.4999999999998,0.8863636363636364,468,13,47
draw_01381,2356.2543084037034,1681.9999999999998,0.8787878787878788,464,29,35
draw_01382,2357.8322308819097,1765.3749999999998,0.9223484848484849,487,12,29
draw_01383,2141.3047508999807,1700.1249999999998,0.8882575757575758,469,9,50
draw_01384,2208.1998186034316,1660.2499999999998,0.8674242424242424,458,20,50
draw_01385,2315.8496406271206,1768.9999999999998,0.9242424242424242,488,17,23
draw_01386,2030.6338731419407,1685.6249999999998,0.8806818181818182,465,26,37
draw_01387,2294.5888342151475,1732.7499999999998,0.9053030303030303,478,12,38
draw_01388,2210.8953096021264,1685.6249999999998,0.8806818181818182,465,23,40
draw_01389,2219.9704006773527,1667.4999999999998,0.8712121212121212,460,29,39
draw_01390,2162.037392026168,1692.8749999999998,0.884469696969697,467,22,39
draw_01391,2178.6380726118846,1747.2499999999998,0.9128787878787878,482,10,36
draw_01392,2099.3005440946126,1692.8749999999998,0.884469696969697,467,15,46
draw_01393,2039.7236555311667,1721.8749999999998,0.8996212121212122,475,17,36
draw_01394,1915.4387695923365,1613.1249999999998,0.8428030303030303,445,18,65
draw_01395,2283.1510630908724,1808.8749999999998,0.9450757575757576,499,4,25
draw_01396,1879.4854145542981,1743.6249999999998,0.9109848484848485,481,14,33
draw_01397,2112.5986069785918,1714.6249999999998,0.8958333333333334,473,17,38
draw_01398,2221.014749990979,1696.4999999999998,0.8863636363636364,468,22,38
draw_01399,1995.2883793746898,1718.2499999999998,0.8977272727272727,474,16,38
draw_01400,2312.903404777705,1707.3749999999998,0.8920454545454546,471,11,46
draw_01401,2161.3473992005734,1750.8749999999998,0.9147727272727273,483,9,36
draw_01402,2232.405171048299,1721.8749999999998,0.8996212121212122,475,15,38
draw_01403,2136.8797272038714,1674.7499999999998,0.875,462,16,50
draw_01404,2308.2208847500424,1729.1249999999998,0.9034090909090909,477,20,31
draw_01405,2337.83684777043,1754.4999999999998,0.9166666666666666,484,20,24
draw_01406,2277.0998883781413,1765.3749999999998,0.9223484848484849,487,15,26
draw_01407,2137.718267690914,1656.6249999999998,0.865530303030303,457,15,56
draw_01408,2124.4213812387115,1681.9999999999998,0.8787878787878788,464,20,44
draw_01409,2258.1419465750473,1718.2499999999998,0.8977272727272727,474,11,43
draw_01410,2220.324078454335,1783.4999999999998,0.9318181818181818,492,15,21
draw_01411,2403.348961344268,1754.4999999999998,0.9166666666666666,484,8,36
draw_01412,2041.6573209291448,1667.4999999999998,0.8712121212121212,460,27,41
draw_01413,2210.622113673831,1732.7499999999998,0.9053030303030303,478,14,36
draw_01414,2251.6717878648046,1718.2499999999998,0.8977272727272727,474,12,42
draw_01415,2109.707759459464,1729.1249999999998,0.9034090909090909,477,20,31
draw_01416,2279.662185808862,1732.7499999999998,0.9053030303030303,478,10,40
draw_01417,2091.2594350267846,1710.9999999999998,0.8939393939393939,472,13,43
draw_01418,2385.540505148518,1801.6249999999998,0.9412878787878788,497,20,11
draw_01419,2038.5874970428426,1681.9999999999998,0.8787878787878788,464,30,34
draw_01420,1982.657576760154,1645.7499999999998,0.8598484848484849,454,27,47
draw_01421,2214.0317889033145,1725.4999999999998,0.9015151515151515,476,12,40
draw_01422,1899.9733297199148,1656.6249999999998,0.865530303030303,457,17,54
draw_01423,2072.3681830778273,1710.9999999999998,0.8939393939393939,472,28,28
draw_01424,2032.0002290070659,1710.9999999999998,0.8939393939393939,472,17,39
draw_01425,2401.444067910698,1732.7499999999998,0.9053030303030303,478,10,40
draw_01426,2350.588819081446,1714.6249999999998,0.8958333333333334,473,15,40
draw_01427,2200.9302426408103,1696.4999999999998,0.8863636363636364,468,19,41
draw_01428,2211.305991585358,1765.3749999999998,0.9223484848484849,487,14,27
draw_01429,2306.56677332357,1761.7499999999998,0.9204545454545454,486,5,37
draw_01430,2213.278386481244,1652.9999999999998,0.8636363636363636,456,17,55
draw_01431,2094.3744694775946,1609.4999999999998,0.8409090909090909,444,28,56
draw_01432,2347.6278258298803,1772.6249999999998,0.9261363636363636,489,10,29
draw_01433,2307.180623383982,1732.7499999999998,0.9053030303030303,478,6,44
draw_01434,2185.7120405398223,1663.8749999999998,0.8693181818181818,459,18,51
draw_01435,2219.6725293511604,1754.4999999999998,0.9166666666666666,484,10,34
draw_01436,2292.957554382045,1805.2499999999998,0.9431818181818182,498,8,22
draw_01437,2059.9229603857484,1761.7499999999998,0.9204545454545454,486,4,38
draw_01438,2084.0093902867106,1692.8749999999998,0.884469696969697,467,12,49
draw_01439,2240.2392841809137,1678.3749999999998,0.8768939393939394,463,14,51
draw_01440,2406.1102719262185,1790.7499999999998,0.9356060606060606,494,10,24
draw_01441,2032.703549211205,1685.6249999999998,0.8806818181818182,465,26,37
draw_01442,2555.5512264266113,1772.6249999999998,0.9261363636363636,489,15,24
draw_01443,2116.341861053854,1700.1249999999998,0.8882575757575758,469,15,44
draw_01444,2204.145021129765,1787.1249999999998,0.9337121212121212,493,11,24
draw_01445,2030.6866987957492,1681.9999999999998,0.8787878787878788,464,22,42
draw_01446,2302.9714044523257,1739.9999999999998,0.9090909090909091,480,13,35
draw_01447,2290.1361844752428,1707.3749999999998,0.8920454545454546,471,18,39
draw_01448,2249.895524961932,1700.1249999999998,0.8882575757575758,469,16,43
draw_01449,2030.5141972348454,1642.1249999999998,0.8579545454545454,453,13,62
draw_01450,2334.1554304160127,1696.4999999999998,0.8863636363636364,468,23,37
draw_01451,2238.972033085015,1710.9999999999998,0.8939393939393939,472,15,41
draw_01452,2130.7529351346416,1754.4999999999998,0.9166666666666666,484,8,36
draw_01453,2332.454281686051,1718.2499999999998,0.8977272727272727,474,14,40
draw_01454,2188.4275896784243,1768.9999999999998,0.9242424242424242,488,8,32
draw_01455,2409.0602301275803,1794.3749999999998,0.9375,495,20,13
draw_01456,2190.7379483520754,1747.2499999999998,0.9128787878787878,482,16,30
draw_01457,2152.7244144701526,1678.3749999999998,0.8768939393939394,463,21,44
draw_01458,2163.0040950418356,1707.3749999999998,0.8920454545454546,471,21,36
draw_01459,2138.267157560501,1707.3749999999998,0.8920454545454546,471,22,35
draw_01460,2024.1701733703408,1667.4999999999998,0.8712121212121212,460,17,51
draw_01461,2197.8857254935956,1667.4999999999998,0.8712121212121212,460,14,54
draw_01462,2372.861546171697,1739.9999999999998,0.9090909090909091,480,8,40
draw_01463,2216.6389281077195,1736.3749999999998,0.9071969696969697,479,12,37
draw_01464,2346.0084475814556,1714.6249999999998,0.8958333333333334,473,14,41
draw_01465,2122.0356154400165,1674.7499999999998,0.875,462,23,43
draw_01466,2379.133208565927,1772.6249999999998,0.9261363636363636,489,7,32
draw_01467,2295.820233242727,1754.4999999999998,0.9166666666666666,484,10,34
draw_01468,2121.300187453707,1685.6249999999998,0.8806818181818182,465,21,42
draw_01469,2100.0390252213165,1663.8749999999998,0.8693181818181818,459,16,53
draw_01470,2077.9511507427133,1634.8749999999998,0.8541666666666666,451,27,50
draw_01471,2263.5582084093608,1703.7499999999998,0.8901515151515151,470,28,30
draw_01472,2467.552814029136,1768.9999999999998,0.9242424242424242,488,12,28
draw_01473,2093.882701673425,1707.3749999999998,0.8920454545454546,471,19,38
draw_01474,2231.3083294345993,1732.7499999999998,0.9053030303030303,478,11,39
draw_01475,2228.7570176968425,1732.7499999999998,0.9053030303030303,478,20,30
draw_01476,2321.964241123864,1783.4999999999998,0.9318181818181818,492,5,31
draw_01477,1999.3087057310574,1642.1249999999998,0.8579545454545454,453,22,53
draw_01478,2273.2095382685975,1776.2499999999998,0.928030303030303,490,17,21
draw_01479,2082.577092783689,1700.1249999999998,0.8882575757575758,469,20,39
draw_01480,2204.7731569469615,1739.9999999999998,0.9090909090909091,480,10,38
draw_01481,2204.5030227253237,1721.8749999999998,0.8996212121212122,475,13,40
draw_01482,2307.50582289164,1830.6249999999998,0.9564393939393939,505,8,15
draw_01483,1955.0451484579203,1703.7499999999998,0.8901515151515151,470,17,41
draw_01484,2207.702871666105,1721.8749999999998,0.8996212121212122,475,16,37
draw_01485,2172.0129637829396,1660.2499999999998,0.8674242424242424,458,18,52
draw_01486,2446.071259285739,1743.6249999999998,0.9109848484848485,481,11,36
draw_01487,2211.228567829781,1725.4999999999998,0.9015151515151515,476,14,38
draw_01488,2417.382919674345,1732.7499999999998,0.9053030303030303,478,16,34
draw_01489,2114.738078286441,1725.4999999999998,0.9015151515151515,476,20,32
draw_01490,2276.7767917847013,1674.7499999999998,0.875,462,15,51
draw_01491,2274.2325757574063,1754.4999999999998,0.9166666666666666,484,11,33
draw_01492,2279.0342320629325,1703.7499999999998,0.8901515151515151,470,13,45
draw_01493,2063.092251074387,1754.4999999999998,0.9166666666666666,484,8,36
draw_01494,2355.9818459133094,1797.9999999999998,0.9393939393939394,496,15,17
draw_01495,2061.5817156518715,1750.8749999999998,0.9147727272727273,483,13,32
draw_01496,2345.065124521881,1754.4999999999998,0.9166666666666666,484,11,33
draw_01497,2211.0550246872917,1656.6249999999998,0.865530303030303,457,14,57
draw_01498,2211.3705943604546,1681.9999999999998,0.8787878787878788,464,14,50
draw_01499,2169.573207773767,1747.2499999999998,0.9128787878787878,482,13,33
draw_01500,2107.3380477493015,1645.7499999999998,0.8598484848484849,454,27,47
draw_01501,2235.976141083603,1689.2499999999998,0.8825757575757576,466,25,37
draw_01502,2069.590970463108,1692.8749999999998,0.884469696969697,467,20,41
draw_01503,2517.2496339820145,1685.6249999999998,0.8806818181818182,465,14,49
draw_01504,2026.6923283303333,1819.7499999999998,0.9507575757575758,502,3,23
draw_01505,2218.6946503171202,1758.1249999999998,0.9185606060606061,485,19,24
draw_01506,2130.7889082310066,1750.8749999999998,0.9147727272727273,483,11,34
draw_01507,2440.333333270485,1823.3749999999998,0.9526515151515151,503,11,14
draw_01508,2390.873172964184,1783.4999999999998,0.9318181818181818,492,8,28
draw_01509,2161.453630446289,1591.3749999999998,0.8314393939393939,439,19,70
draw_01510,2301.229395413577,1776.2499999999998,0.928030303030303,490,14,24
draw_01511,2335.260459602003,1758.1249999999998,0.9185606060606061,485,13,30
draw_01512,2211.070284960368,1656.6249999999998,0.865530303030303,457,13,58
draw_01513,2319.7489019850627,1830.6249999999998,0.9564393939393939,505,9,14
draw_01514,1957.014625327244,1721.8749999999998,0.8996212121212122,475,14,39
draw_01515,2328.3627592856906,1689.2499999999998,0.8825757575757576,466,11,51
draw_01516,2287.9938169502034,1779.8749999999998,0.9299242424242424,491,15,22
draw_01517,2410.33771601416,1754.4999999999998,0.9166666666666666,484,9,35
draw_01518,2146.749846858,1721.8749999999998,0.8996212121212122,475,14,39
draw_01519,2337.8646043738354,1685.6249999999998,0.8806818181818182,465,22,41
draw_01520,2191.9280242103423,1754.4999999999998,0.9166666666666666,484,17,27
draw_01521,2082.0662858736455,1700.1249999999998,0.8882575757575758,469,24,35
draw_01522,2120.985910814936,1721.8749999999998,0.8996212121212122,475,14,39
draw_01523,2522.075161886305,1783.4999999999998,0.9318181818181818,492,7,29
draw_01524,2117.682742604493,1674.7499999999998,0.875,462,16,50
draw_01525,2349.9761982896084,1794.3749999999998,0.9375,495,8,25
draw_01526,2178.9599337324876,1685.6249999999998,0.8806818181818182,465,20,43
draw_01527,2197.482788989193,1743.6249999999998,0.9109848484848485,481,17,30
draw_01528,2162.922027771315,1743.6249999999998,0.9109848484848485,481,13,34
draw_01529,2178.354734577665,1700.1249999999998,0.8882575757575758,469,18,41
draw_01530,2229.410751962463,1721.8749999999998,0.8996212121212122,475,14,39
draw_01531,2186.7012896083734,1714.6249999999998,0.8958333333333334,473,13,42
draw_01532,2204.6595424828247,1714.6249999999998,0.8958333333333334,473,19,36
draw_01533,2117.4235294268847,1620.3749999999998,0.8465909090909091,447,21,60
draw_01534,2207.9637536058467,1678.3749999999998,0.8768939393939394,463,8,57
draw_01535,2039.2612968833591,1725.4999999999998,0.9015151515151515,476,14,38
draw_01536,2235.5023920572744,1674.7499999999998,0.875,462,13,53
draw_01537,2200.1007516429445,1765.3749999999998,0.9223484848484849,487,22,19
draw_01538,2211.559032607231,1765.3749999999998,0.9223484848484849,487,17,24
draw_01539,2016.434794453707,1660.2499999999998,0.8674242424242424,458,27,43
draw_01540,2452.162422313748,1765.3749999999998,0.9223484848484849,487,12,29
draw_01541,2160.3237067283258,1692.8749999999998,0.884469696969697,467,18,43
draw_01542,2071.882230653635,1681.9999999999998,0.8787878787878788,464,22,42
draw_01543,2316.5515942802426,1710.9999999999998,0.8939393939393939,472,15,41
draw_01544,2323.3124310960243,1765.3749999999998,0.9223484848484849,487,15,26
draw_01545,2341.907770287252,1736.3749999999998,0.9071969696969697,479,19,30
draw_01546,2247.1745139278264,1736.3749999999998,0.9071969696969697,479,15,34
draw_01547,2333.7038713563193,1801.6249999999998,0.9412878787878788,497,5,26
draw_01548,2057.1412342936032,1667.4999999999998,0.8712121212121212,460,16,52
draw_01549,2215.863664004314,1772.6249999999998,0.9261363636363636,489,13,26
draw_01550,2139.111423222439,1678.3749999999998,0.8768939393939394,463,26,39
draw_01551,2110.1369850725264,1718.2499999999998,0.8977272727272727,474,18,36
draw_01552,1891.3630047702577,1667.4999999999998,0.8712121212121212,460,18,50
draw_01553,2134.272480188356,1620.3749999999998,0.8465909090909091,447,15,66
draw_01554,2145.5131974928,1732.7499999999998,0.9053030303030303,478,17,33
draw_01555,2168.246073629074,1678.3749999999998,0.8768939393939394,463,21,44
draw_01556,2440.0793882332755,1761.7499999999998,0.9204545454545454,486,8,34
draw_01557,2374.7132148308506,1772.6249999999998,0.9261363636363636,489,13,26
draw_01558,2134.882294037026,1768.9999999999998,0.9242424242424242,488,9,31
draw_01559,2295.3738451329605,1816.1249999999998,0.9488636363636364,501,10,17
draw_01560,2033.1628238726553,1721.8749999999998,0.8996212121212122,475,17,36
draw_01561,2380.2407571703993,1707.3749999999998,0.8920454545454546,471,19,38
draw_01562,2215.5044681027066,1732.7499999999998,0.9053030303030303,478,17,33
draw_01563,2239.3013783395804,1739.9999999999998,0.9090909090909091,480,11,37
draw_01564,2273.0620541777857,1725.4999999999998,0.9015151515151515,476,7,45
draw_01565,2056.6949116461396,1674.7499999999998,0.875,462,19,47
draw_01566,2075.2715449001576,1656.6249999999998,0.865530303030303,457,23,48
draw_01567,2424.3602892627696,1772.6249999999998,0.9261363636363636,489,11,28
draw_01568,2196.176583485518,1758.1249999999998,0.9185606060606061,485,8,35
draw_01569,2325.1611191521015,1736.3749999999998,0.9071969696969697,479,12,37
draw_01570,2045.3553387252903,1689.2499999999998,0.8825757575757576,466,14,48
draw_01571,2175.2847987158348,1710.9999999999998,0.8939393939393939,472,19,37
draw_01572,2231.6392178757005,1794.3749999999998,0.9375,495,11,22
draw_01573,2145.4379261068116,1703.7499999999998,0.8901515151515151,470,16,42
draw_01574,2199.2590420986417,1692.8749999999998,0.884469696969697,467,16,45
draw_01575,2173.4683866946853,1739.9999999999998,0.9090909090909091,480,17,31
draw_01576,2092.8772471168245,1663.8749999999998,0.8693181818181818,459,25,44
draw_01577,2177.1268974694467,1642.1249999999998,0.8579545454545454,453,18,57
draw_01578,2239.1652470265926,1729.1249999999998,0.9034090909090909,477,19,32
draw_01579,2271.279741065696,1801.6249999999998,0.9412878787878788,497,11,20
draw_01580,2149.3366674887156,1652.9999999999998,0.8636363636363636,456,23,49
draw_01581,1987.4864489778674,1613.1249999999998,0.8428030303030303,445,25,58
draw_01582,2139.1927620569954,1700.1249999999998,0.8882575757575758,469,13,46
draw_01583,2094.9460907117364,1710.9999999999998,0.8939393939393939,472,8,48
draw_01584,2133.0464880288782,1696.4999999999998,0.8863636363636364,468,19,41
draw_01585,2150.76788899929,1855.9999999999998,0.9696969696969697,512,4,12
draw_01586,2143.295938068288,1663.8749999999998,0.8693181818181818,459,16,53
draw_01587,2074.92646028898,1667.4999999999998,0.8712121212121212,460,20,48
draw_01588,2034.353413784044,1678.3749999999998,0.8768939393939394,463,22,43
draw_01589,2216.9314784839926,1721.8749999999998,0.8996212121212122,475,12,41
draw_01590,2107.9607765101023,1674.7499999999998,0.875,462,20,46
draw_01591,2188.921533632864,1674.7499999999998,0.875,462,10,56
draw_01592,2268.4161212095682,1761.7499999999998,0.9204545454545454,486,18,24
draw_01593,2133.0864315298977,1729.1249999999998,0.9034090909090909,477,20,31
draw_01594,2092.9448145832184,1681.9999999999998,0.8787878787878788,464,13,51
draw_01595,2292.397906589743,1685.6249999999998,0.8806818181818182,465,17,46
draw_01596,2180.8226193009623,1772.6249999999998,0.9261363636363636,489,15,24
draw_01597,2266.16454830456,1790.7499999999998,0.9356060606060606,494,7,27
draw_01598,2045.4895654204888,1696.4999999999998,0.8863636363636364,468,14,46
draw_01599,2011.0157110288915,1627.6249999999998,0.8503787878787878,449,23,56
draw_01600,2087.911584005251,1667.4999999999998,0.8712121212121212,460,14,54
draw_01601,2322.79960769201,1747.2499999999998,0.9128787878787878,482,14,32
draw_01602,2123.724074634271,1736.3749999999998,0.9071969696969697,479,16,33
draw_01603,2276.1037808650667,1765.3749999999998,0.9223484848484849,487,9,32
draw_01604,2110.024299715175,1725.4999999999998,0.9015151515151515,476,17,35
draw_01605,2100.4316414366094,1725.4999999999998,0.9015151515151515,476,24,28
draw_01606,2080.3246401861943,1674.7499999999998,0.875,462,18,48
draw_01607,2075.692011758088,1725.4999999999998,0.9015151515151515,476,10,42
draw_01608,2313.6730091801605,1808.8749999999998,0.9450757575757576,499,11,18
draw_01609,1986.1929071559157,1707.3749999999998,0.8920454545454546,471,15,42
draw_01610,2311.2504597101365,1700.1249999999998,0.8882575757575758,469,14,45
draw_01611,2100.0600168527817,1768.9999999999998,0.9242424242424242,488,8,32
draw_01612,2100.4989954582006,1613.1249999999998,0.8428030303030303,445,22,61
draw_01613,2134.4523837101497,1743.6249999999998,0.9109848484848485,481,20,27
draw_01614,2125.561354229415,1736.3749999999998,0.9071969696969697,479,13,36
draw_01615,2216.312391665642,1725.4999999999998,0.9015151515151515,476,13,39
draw_01616,2286.925641959752,1645.7499999999998,0.8598484848484849,454,23,51
draw_01617,2355.5853006084185,1768.9999999999998,0.9242424242424242,488,14,26
draw_01618,2125.4947791984005,1678.3749999999998,0.8768939393939394,463,13,52
draw_01619,2040.4672699004243,1685.6249999999998,0.8806818181818182,465,17,46
draw_01620,2249.7484971710787,1692.8749999999998,0.884469696969697,467,14,47
draw_01621,2197.5559430894723,1649.3749999999998,0.8617424242424242,455,20,53
draw_01622,2107.7734188527797,1692.8749999999998,0.884469696969697,467,5,56
draw_01623,2156.006330936098,1692.8749999999998,0.884469696969697,467,12,49
draw_01624,2269.6024778858973,1768.9999999999998,0.9242424242424242,488,17,23
draw_01625,2238.9915567519693,1783.4999999999998,0.9318181818181818,492,5,31
draw_01626,2373.494029791196,1714.6249999999998,0.8958333333333334,473,18,37
draw_01627,2291.0200686046583,1660.2499999999998,0.8674242424242424,458,27,43
draw_01628,2176.6833882168503,1732.7499999999998,0.9053030303030303,478,7,43
draw_01629,2192.17685139951,1707.3749999999998,0.8920454545454546,471,17,40
draw_01630,2154.0306079127586,1681.9999999999998,0.8787878787878788,464,15,49
draw_01631,2204.267492045361,1663.8749999999998,0.8693181818181818,459,18,51
draw_01632,2102.2971979820472,1703.7499999999998,0.8901515151515151,470,15,43
draw_01633,2250.450629783764,1779.8749999999998,0.9299242424242424,491,9,28
draw_01634,2282.861707709572,1787.1249999999998,0.9337121212121212,493,17,18
draw_01635,2273.973204180176,1729.1249999999998,0.9034090909090909,477,17,34
draw_01636,2378.208076374563,1707.3749999999998,0.8920454545454546,471,19,38
draw_01637,2175.8175505348227,1645.7499999999998,0.8598484848484849,454,23,51
draw_01638,2183.4717227271167,1732.7499999999998,0.9053030303030303,478,14,36
draw_01639,2150.47456354998,1696.4999999999998,0.8863636363636364,468,10,50
draw_01640,2008.589686945879,1692.8749999999998,0.884469696969697,467,16,45
draw_01641,1974.1658471404414,1674.7499999999998,0.875,462,24,42
draw_01642,2284.5652673282752,1747.2499999999998,0.9128787878787878,482,15,31
draw_01643,1918.4852835715003,1700.1249999999998,0.8882575757575758,469,18,41
draw_01644,2260.7968265088084,1656.6249999999998,0.865530303030303,457,23,48
draw_01645,2077.288863395599,1602.2499999999998,0.8371212121212122,442,27,59
draw_01646,2187.644023467975,1736.3749999999998,0.9071969696969697,479,18,31
draw_01647,2368.2527585065345,1743.6249999999998,0.9109848484848485,481,14,33
draw_01648,1909.7127293529586,1667.4999999999998,0.8712121212121212,460,19,49
draw_01649,2189.378139251007,1696.4999999999998,0.8863636363636364,468,26,34
draw_01650,2184.5876999760794,1714.6249999999998,0.8958333333333334,473,18,37
draw_01651,2221.2535128737723,1663.8749999999998,0.8693181818181818,459,20,49
draw_01652,2069.3873584715375,1623.9999999999998,0.8484848484848485,448,21,59
draw_01653,2217.167558164364,1703.7499999999998,0.8901515151515151,470,11,47
draw_01654,2007.0358062378948,1689.2499999999998,0.8825757575757576,466,15,47
draw_01655,2393.4619994506315,1729.1249999999998,0.9034090909090909,477,13,38
draw_01656,2228.4176820171965,1703.7499999999998,0.8901515151515151,470,25,33
draw_01657,2210.2707099717254,1718.2499999999998,0.8977272727272727,474,16,38
draw_01658,2192.3140106604887,1729.1249999999998,0.9034090909090909,477,13,38
draw_01659,2309.887196085385,1750.8749999999998,0.9147727272727273,483,20,25
draw_01660,2024.4696496141626,1660.2499999999998,0.8674242424242424,458,9,61
draw_01661,2102.301684977024,1587.7499999999998,0.8295454545454546,438,20,70
draw_01662,2260.2416246344897,1667.4999999999998,0.8712121212121212,460,21,47
draw_01663,2217.57170123404,1776.2499999999998,0.928030303030303,490,13,25
draw_01664,2331.9161682205345,1787.1249999999998,0.9337121212121212,493,16,19
draw_01665,2228.1152918955313,1663.8749999999998,0.8693181818181818,459,19,50
draw_01666,2189.0393796693866,1671.1249999999998,0.8731060606060606,461,11,56
draw_01667,2214.0645326996314,1747.2499999999998,0.9128787878787878,482,8,38
draw_01668,2142.558405902556,1678.3749999999998,0.8768939393939394,463,24,41
draw_01669,2290.9425463237812,1613.1249999999998,0.8428030303030303,445,25,58
draw_01670,2151.7119049514813,1663.8749999999998,0.8693181818181818,459,27,42
draw_01671,2183.5477535907194,1671.1249999999998,0.8731060606060606,461,14,53
draw_01672,2164.203124624405,1707.3749999999998,0.8920454545454546,471,15,42
draw_01673,2071.669248425059,1743.6249999999998,0.9109848484848485,481,8,39
draw_01674,2184.1952053636383,1779.8749999999998,0.9299242424242424,491,10,27
draw_01675,2375.7139643115447,1768.9999999999998,0.9242424242424242,488,9,31
draw_01676,2289.8124945310933,1714.6249999999998,0.8958333333333334,473,18,37
draw_01677,2205.654850066036,1707.3749999999998,0.8920454545454546,471,34,23
draw_01678,2304.625576052131,1739.9999999999998,0.9090909090909091,480,18,30
draw_01679,2184.185173981211,1671.1249999999998,0.8731060606060606,461,10,57
draw_01680,2095.6248431900913,1721.8749999999998,0.8996212121212122,475,18,35
draw_01681,2140.436244362629,1692.8749999999998,0.884469696969697,467,14,47
draw_01682,2155.387566024328,1681.9999999999998,0.8787878787878788,464,16,48
draw_01683,2085.9500421431385,1616.7499999999998,0.8446969696969697,446,23,59
draw_01684,2362.345658870831,1765.3749999999998,0.9223484848484849,487,14,27
draw_01685,2143.61682039726,1660.2499999999998,0.8674242424242424,458,19,51
draw_01686,2012.501481394619,1707.3749999999998,0.8920454545454546,471,13,44
draw_01687,2422.80675244967,1761.7499999999998,0.9204545454545454,486,13,29
draw_01688,2288.04365598269,1743.6249999999998,0.9109848484848485,481,12,35
draw_01689,2336.990635773024,1739.9999999999998,0.9090909090909091,480,12,36
draw_01690,2389.138744369866,1768.9999999999998,0.9242424242424242,488,10,30
draw_01691,2263.6372530525105,1667.4999999999998,0.8712121212121212,460,21,47
draw_01692,2272.426095026013,1750.8749999999998,0.9147727272727273,483,16,29
draw_01693,2197.604297193596,1660.2499999999998,0.8674242424242424,458,12,58
draw_01694,2106.931761040274,1707.3749999999998,0.8920454545454546,471,18,39
draw_01695,2189.6186140609275,1758.1249999999998,0.9185606060606061,485,12,31
draw_01696,2254.30880537738,1652.9999999999998,0.8636363636363636,456,21,51
draw_01697,2201.7632271547004,1761.7499999999998,0.9204545454545454,486,11,31
draw_01698,1959.0194372197345,1700.1249999999998,0.8882575757575758,469,19,40
draw_01699,2012.8121609399414,1692.8749999999998,0.884469696969697,467,16,45
draw_01700,1976.9306546392545,1671.1249999999998,0.8731060606060606,461,25,42
draw_01701,2112.7804344192155,1616.7499999999998,0.8446969696969697,446,30,52
draw_01702,2090.579350708307,1547.8749999999998,0.8087121212121212,427,16,85
draw_01703,2075.543459633148,1714.6249999999998,0.8958333333333334,473,16,39
draw_01704,2012.0200880241898,1678.3749999999998,0.8768939393939394,463,14,51
draw_01705,2061.368532689668,1703.7499999999998,0.8901515151515151,470,12,46
draw_01706,2320.027910228781,1761.7499999999998,0.9204545454545454,486,11,31
draw_01707,2165.3768663893925,1768.9999999999998,0.9242424242424242,488,11,29
draw_01708,2138.1093402096644,1594.9999999999998,0.8333333333333334,440,29,59
draw_01709,2221.878805425773,1689.2499999999998,0.8825757575757576,466,15,47
draw_01710,2286.381204342947,1768.9999999999998,0.9242424242424242,488,10,30
draw_01711,2098.7962110917865,1605.8749999999998,0.8390151515151515,443,20,65
draw_01712,2318.6182698631724,1776.2499999999998,0.928030303030303,490,17,21
draw_01713,2000.302839468623,1721.8749999999998,0.8996212121212122,475,23,30
draw_01714,2246.0070940490436,1765.3749999999998,0.9223484848484849,487,17,24
draw_01715,2037.9386543505047,1660.2499999999998,0.8674242424242424,458,19,51
draw_01716,2281.0001218637076,1700.1249999999998,0.8882575757575758,469,19,40
draw_01717,2439.960877462693,1768.9999999999998,0.9242424242424242,488,13,27
draw_01718,2054.9643110161014,1703.7499999999998,0.8901515151515151,470,14,44
draw_01719,2015.1559047653557,1736.3749999999998,0.9071969696969697,479,10,39
draw_01720,2115.1425068901303,1631.2499999999998,0.8522727272727273,450,18,60
draw_01721,1996.8245813373314,1642.1249999999998,0.8579545454545454,453,14,61
draw_01722,2344.8426554399384,1758.1249999999998,0.9185606060606061,485,9,34
draw_01723,2197.5767170802555,1703.7499999999998,0.8901515151515151,470,19,39
draw_01724,2256.79381884101,1765.3749999999998,0.9223484848484849,487,12,29
draw_01725,2163.338791647027,1681.9999999999998,0.8787878787878788,464,20,44
draw_01726,2552.3207846943083,1779.8749999999998,0.9299242424242424,491,10,27
draw_01727,2161.087141015898,1721.8749999999998,0.8996212121212122,475,20,33
draw_01728,2234.472940879838,1761.7499999999998,0.9204545454545454,486,11,31
draw_01729,2212.1358286434315,1692.8749999999998,0.884469696969697,467,27,34
draw_01730,2176.1843546378386,1689.2499999999998,0.8825757575757576,466,25,37
draw_01731,2180.845924359056,1649.3749999999998,0.8617424242424242,455,20,53
draw_01732,2081.9366092449795,1732.7499999999998,0.9053030303030303,478,9,41
draw_01733,2397.2189328903537,1700.1249999999998,0.8882575757575758,469,17,42
draw_01734,2429.226533369489,1718.2499999999998,0.8977272727272727,474,22,32
draw_01735,2187.8559830405275,1729.1249999999998,0.9034090909090909,477,13,38
draw_01736,2207.182063863007,1794.3749999999998,0.9375,495,4,29
draw_01737,2290.1976071570034,1685.6249999999998,0.8806818181818182,465,19,44
draw_01738,2107.5769141737237,1710.9999999999998,0.8939393939393939,472,15,41
draw_01739,2310.7321927791895,1761.7499999999998,0.9204545454545454,486,15,27
draw_01740,2073.416508016602,1591.3749999999998,0.8314393939393939,439,17,72
draw_01741,2318.0118865617355,1768.9999999999998,0.9242424242424242,488,17,23
draw_01742,2175.8530487321414,1703.7499999999998,0.8901515151515151,470,20,38
draw_01743,2064.513806460894,1634.8749999999998,0.8541666666666666,451,25,52
draw_01744,2080.4334332699054,1692.8749999999998,0.884469696969697,467,17,44
draw_01745,2302.7851670564755,1721.8749999999998,0.8996212121212122,475,14,39
draw_01746,2302.155928757131,1718.2499999999998,0.8977272727272727,474,14,40
draw_01747,2121.9763929096075,1732.7499999999998,0.9053030303030303,478,25,25
draw_01748,2059.6665043625017,1674.7499999999998,0.875,462,15,51
draw_01749,2034.2506604674531,1656.6249999999998,0.865530303030303,457,34,37
draw_01750,2103.36729043213,1707.3749999999998,0.8920454545454546,471,15,42
draw_01751,2173.711869820383,1703.7499999999998,0.8901515151515151,470,8,50
draw_01752,2043.6040860609903,1678.3749999999998,0.8768939393939394,463,25,40
draw_01753,2319.830174815122,1721.8749999999998,0.8996212121212122,475,10,43
draw_01754,2052.427499187376,1703.7499999999998,0.8901515151515151,470,15,43
draw_01755,2106.218390628522,1787.1249999999998,0.9337121212121212,493,12,23
draw_01756,2386.034552693304,1721.8749999999998,0.8996212121212122,475,15,38
draw_01757,2027.3477932227386,1631.2499999999998,0.8522727272727273,450,20,58
draw_01758,2173.6290862920314,1739.9999999999998,0.9090909090909091,480,8,40
draw_01759,2378.6227852927004,1794.3749999999998,0.9375,495,8,25
draw_01760,2385.8668297522463,1790.7499999999998,0.9356060606060606,494,6,28
draw_01761,2250.729408461779,1750.8749999999998,0.9147727272727273,483,9,36
draw_01762,2285.106257477642,1721.8749999999998,0.8996212121212122,475,13,40
draw_01763,2118.2649435482394,1707.3749999999998,0.8920454545454546,471,18,39
draw_01764,2152.872127107335,1714.6249999999998,0.8958333333333334,473,14,41
draw_01765,2360.2726722912766,1754.4999999999998,0.9166666666666666,484,9,35
draw_01766,2137.8004958894044,1703.7499999999998,0.8901515151515151,470,21,37
draw_01767,2168.031663026026,1739.9999999999998,0.9090909090909091,480,16,32
draw_01768,2167.4220433980686,1790.7499999999998,0.9356060606060606,494,9,25
draw_01769,1937.4996921420789,1584.1249999999998,0.8276515151515151,437,20,71
draw_01770,2152.9131637821556,1794.3749999999998,0.9375,495,9,24
draw_01771,2168.116054885853,1692.8749999999998,0.884469696969697,467,20,41
draw_01772,1955.863395338216,1605.8749999999998,0.8390151515151515,443,14,71
draw_01773,2476.125004495519,1750.8749999999998,0.9147727272727273,483,18,27
draw_01774,1919.496305423663,1660.2499999999998,0.8674242424242424,458,10,60
draw_01775,2221.76726554575,1743.6249999999998,0.9109848484848485,481,12,35
draw_01776,2012.815662235214,1562.3749999999998,0.8162878787878788,431,28,69
draw_01777,2108.843986717931,1714.6249999999998,0.8958333333333334,473,14,41
draw_01778,2231.7079112706733,1696.4999999999998,0.8863636363636364,468,19,41
draw_01779,1871.6912166335137,1681.9999999999998,0.8787878787878788,464,27,37
draw_01780,2091.5742584199525,1642.1249999999998,0.8579545454545454,453,26,49
draw_01781,2258.1674791761366,1707.3749999999998,0.8920454545454546,471,17,40
draw_01782,2181.2029585235277,1692.8749999999998,0.884469696969697,467,22,39
draw_01783,2163.8836523270656,1718.2499999999998,0.8977272727272727,474,16,38
draw_01784,1976.8389843159289,1674.7499999999998,0.875,462,24,42
draw_01785,2435.9902944589617,1754.4999999999998,0.9166666666666666,484,8,36
draw_01786,2278.2965791329393,1718.2499999999998,0.8977272727272727,474,14,40
draw_01787,2145.368196559418,1707.3749999999998,0.8920454545454546,471,23,34
draw_01788,2178.7853476706887,1758.1249999999998,0.9185606060606061,485,14,29
draw_01789,2377.1298348787177,1805.2499999999998,0.9431818181818182,498,15,15
draw_01790,2079.9590409315088,1750.8749999999998,0.9147727272727273,483,16,29
draw_01791,2119.76058796519,1721.8749999999998,0.8996212121212122,475,15,38
draw_01792,2354.068180808346,1714.6249999999998,0.8958333333333334,473,31,24
draw_01793,1999.6944069251063,1656.6249999999998,0.865530303030303,457,22,49
draw_01794,2217.9049965721997,1765.3749999999998,0.9223484848484849,487,7,34
draw_01795,2217.538916651399,1685.6249999999998,0.8806818181818182,465,18,45
draw_01796,2124.1976947038756,1649.3749999999998,0.8617424242424242,455,22,51
draw_01797,2131.3321765428045,1703.7499999999998,0.8901515151515151,470,16,42
draw_01798,2153.898185589665,1739.9999999999998,0.9090909090909091,480,10,38
draw_01799,2203.1831244537057,1761.7499999999998,0.9204545454545454,486,8,34
draw_01800,2184.16935597266,1743.6249999999998,0.9109848484848485,481,13,34
draw_01801,2405.6628078883837,1696.4999999999998,0.8863636363636364,468,20,40
draw_01802,2147.8977972329694,1710.9999999999998,0.8939393939393939,472,23,33
draw_01803,2353.9811461354084,1845.1249999999998,0.9640151515151515,509,8,11
draw_01804,1878.2221842492734,1718.2499999999998,0.8977272727272727,474,15,39
draw_01805,2157.748930340438,1761.7499999999998,0.9204545454545454,486,15,27
draw_01806,2405.9188856830174,1758.1249999999998,0.9185606060606061,485,13,30
draw_01807,2148.422623034291,1743.6249999999998,0.9109848484848485,481,16,31
draw_01808,2174.34223644782,1768.9999999999998,0.9242424242424242,488,15,25
draw_01809,2286.912812089605,1692.8749999999998,0.884469696969697,467,15,46
draw_01810,2176.066881424628,1714.6249999999998,0.8958333333333334,473,13,42
draw_01811,2201.8518450665483,1736.3749999999998,0.9071969696969697,479,14,35
draw_01812,2096.6591819718365,1729.1249999999998,0.9034090909090909,477,10,41
draw_01813,2341.402420981349,1739.9999999999998,0.9090909090909091,480,10,38
draw_01814,1983.5073555874696,1667.4999999999998,0.8712121212121212,460,12,56
draw_01815,2102.5372511818537,1703.7499999999998,0.8901515151515151,470,21,37
draw_01816,1976.8702349684868,1616.7499999999998,0.8446969696969697,446,17,65
draw_01817,2190.1205140728466,1747.2499999999998,0.9128787878787878,482,21,25
draw_01818,2058.7824097182406,1696.4999999999998,0.8863636363636364,468,9,51
draw_01819,2083.491814808411,1689.2499999999998,0.8825757575757576,466,17,45
draw_01820,2127.949580683709,1710.9999999999998,0.8939393939393939,472,17,39
draw_01821,2259.0931309105345,1754.4999999999998,0.9166666666666666,484,13,31
draw_01822,2298.1608352793137,1776.2499999999998,0.928030303030303,490,5,33
draw_01823,2176.1222556975436,1714.6249999999998,0.8958333333333334,473,16,39
draw_01824,2375.626552235782,1768.9999999999998,0.9242424242424242,488,6,34
draw_01825,2434.917904738316,1772.6249999999998,0.9261363636363636,489,15,24
draw_01826,2423.389708870257,1700.1249999999998,0.8882575757575758,469,20,39
draw_01827,2009.2391702777634,1743.6249999999998,0.9109848484848485,481,15,32
draw_01828,2253.9189886555955,1729.1249999999998,0.9034090909090909,477,13,38
draw_01829,2130.3952385849702,1710.9999999999998,0.8939393939393939,472,16,40
draw_01830,2185.2721799541473,1645.7499999999998,0.8598484848484849,454,23,51
draw_01831,2398.27820539476,1816.1249999999998,0.9488636363636364,501,12,15
draw_01832,2397.7057559782766,1790.7499999999998,0.9356060606060606,494,8,26
draw_01833,2049.2723223572048,1645.7499999999998,0.8598484848484849,454,15,59
draw_01834,2034.3814832868245,1584.1249999999998,0.8276515151515151,437,29,62
draw_01835,2021.688883135167,1652.9999999999998,0.8636363636363636,456,20,52
draw_01836,2332.226081386246,1739.9999999999998,0.9090909090909091,480,12,36
draw_01837,2219.376484246067,1761.7499999999998,0.9204545454545454,486,13,29
draw_01838,2113.487752978137,1663.8749999999998,0.8693181818181818,459,21,48
draw_01839,2489.842513124829,1801.6249999999998,0.9412878787878788,497,15,16
draw_01840,2165.027456243489,1765.3749999999998,0.9223484848484849,487,13,28
draw_01841,2278.556480378679,1747.2499999999998,0.9128787878787878,482,13,33
draw_01842,2218.452374836871,1663.8749999999998,0.8693181818181818,459,16,53
draw_01843,2127.6948877555997,1671.1249999999998,0.8731060606060606,461,19,48
draw_01844,2264.736709043318,1714.6249999999998,0.8958333333333334,473,14,41
draw_01845,1996.982256095837,1634.8749999999998,0.8541666666666666,451,20,57
draw_01846,2141.3969234890133,1758.1249999999998,0.9185606060606061,485,15,28
draw_01847,2300.8514415639465,1718.2499999999998,0.8977272727272727,474,14,40
draw_01848,2112.3200023712025,1674.7499999999998,0.875,462,21,45
draw_01849,2292.909428399545,1663.8749999999998,0.8693181818181818,459,11,58
draw_01850,2181.612090495912,1689.2499999999998,0.8825757575757576,466,19,43
draw_01851,2247.022410885479,1750.8749999999998,0.9147727272727273,483,20,25
draw_01852,2148.563944857727,1765.3749999999998,0.9223484848484849,487,17,24
draw_01853,2288.940203637472,1776.2499999999998,0.928030303030303,490,10,28
draw_01854,2220.493820437893,1725.4999999999998,0.9015151515151515,476,11,41
draw_01855,2201.6227177125893,1710.9999999999998,0.8939393939393939,472,11,45
draw_01856,2072.7427666247168,1663.8749999999998,0.8693181818181818,459,15,54
draw_01857,2137.052256005331,1787.1249999999998,0.9337121212121212,493,8,27
draw_01858,2258.8251364592957,1761.7499999999998,0.9204545454545454,486,14,28
draw_01859,2341.1949492009876,1790.7499999999998,0.9356060606060606,494,13,21
draw_01860,2338.4725995759145,1772.6249999999998,0.9261363636363636,489,12,27
draw_01861,2004.78307170991,1732.7499999999998,0.9053030303030303,478,10,40
draw_01862,2105.2160615926837,1692.8749999999998,0.884469696969697,467,22,39
draw_01863,2167.18586903001,1725.4999999999998,0.9015151515151515,476,16,36
draw_01864,2319.2188987416157,1689.2499999999998,0.8825757575757576,466,14,48
draw_01865,1961.937443342646,1681.9999999999998,0.8787878787878788,464,21,43
draw_01866,2220.297209704649,1714.6249999999998,0.8958333333333334,473,17,38
draw_01867,2399.8385145667917,1758.1249999999998,0.9185606060606061,485,4,39
draw_01868,2376.6668004920657,1718.2499999999998,0.8977272727272727,474,8,46
draw_01869,2183.5550557415822,1743.6249999999998,0.9109848484848485,481,15,32
draw_01870,2065.6319739996134,1758.1249999999998,0.9185606060606061,485,12,31
draw_01871,2091.886176550014,1613.1249999999998,0.8428030303030303,445,27,56
draw_01872,2330.0661050807803,1797.9999999999998,0.9393939393939394,496,8,24
draw_01873,1985.9269602720806,1725.4999999999998,0.9015151515151515,476,18,34
draw_01874,2181.4075804375093,1721.8749999999998,0.8996212121212122,475,10,43
draw_01875,2123.002307171808,1772.6249999999998,0.9261363636363636,489,11,28
draw_01876,2149.8625524861563,1591.3749999999998,0.8314393939393939,439,24,65
draw_01877,2160.089806278161,1692.8749999999998,0.884469696969697,467,19,42
draw_01878,2033.2089658633336,1696.4999999999998,0.8863636363636364,468,24,36
draw_01879,2126.165878098129,1645.7499999999998,0.8598484848484849,454,25,49
draw_01880,2168.474444678502,1761.7499999999998,0.9204545454545454,486,12,30
draw_01881,2005.728936019389,1594.9999999999998,0.8333333333333334,440,20,68
draw_01882,2179.085754153574,1729.1249999999998,0.9034090909090909,477,10,41
draw_01883,2180.2690760178834,1710.9999999999998,0.8939393939393939,472,15,41
draw_01884,2057.6311473528467,1565.9999999999998,0.8181818181818182,432,24,72
draw_01885,2151.45088033832,1732.7499999999998,0.9053030303030303,478,18,32
draw_01886,2068.371884439062,1696.4999999999998,0.8863636363636364,468,29,31
draw_01887,2098.5521437109005,1649.3749999999998,0.8617424242424242,455,17,56
draw_01888,2235.520104325109,1718.2499999999998,0.8977272727272727,474,17,37
draw_01889,2307.626878712428,1750.8749999999998,0.9147727272727273,483,15,30
draw_01890,2328.323927837315,1725.4999999999998,0.9015151515151515,476,11,41
draw_01891,2306.9349409295814,1787.1249999999998,0.9337121212121212,493,6,29
draw_01892,2199.753504959788,1678.3749999999998,0.8768939393939394,463,12,53
draw_01893,2306.446389027303,1725.4999999999998,0.9015151515151515,476,17,35
draw_01894,2376.446530330654,1700.1249999999998,0.8882575757575758,469,26,33
draw_01895,2275.81522542123,1776.2499999999998,0.928030303030303,490,12,26
draw_01896,2320.515456008484,1739.9999999999998,0.9090909090909091,480,14,34
draw_01897,2094.524301137013,1696.4999999999998,0.8863636363636364,468,15,45
draw_01898,2227.641065211445,1739.9999999999998,0.9090909090909091,480,17,31
draw_01899,2165.6560468452867,1674.7499999999998,0.875,462,16,50
draw_01900,2315.3056445826064,1638.4999999999998,0.8560606060606061,452,23,53
draw_01901,2140.680731528191,1779.8749999999998,0.9299242424242424,491,14,23
draw_01902,2242.8755830652594,1761.7499999999998,0.9204545454545454,486,10,32
draw_01903,2132.928371174584,1692.8749999999998,0.884469696969697,467,11,50
draw_01904,2278.183519545259,1710.9999999999998,0.8939393939393939,472,12,44
draw_01905,2013.9292664478185,1685.6249999999998,0.8806818181818182,465,15,48
draw_01906,2143.4227056946847,1790.7499999999998,0.9356060606060606,494,4,30
draw_01907,2315.4018726383483,1692.8749999999998,0.884469696969697,467,9,52
draw_01908,2061.264240242369,1758.1249999999998,0.9185606060606061,485,15,28
draw_01909,2361.9469832410673,1787.1249999999998,0.9337121212121212,493,10,25
draw_01910,2151.832328905371,1678.3749999999998,0.8768939393939394,463,11,54
draw_01911,2146.1609188435455,1678.3749999999998,0.8768939393939394,463,17,48
draw_01912,2129.981385326949,1703.7499999999998,0.8901515151515151,470,9,49
draw_01913,2052.128256477488,1663.8749999999998,0.8693181818181818,459,16,53
draw_01914,2248.6000175444533,1663.8749999999998,0.8693181818181818,459,16,53
draw_01915,2196.9723259861867,1671.1249999999998,0.8731060606060606,461,17,50
draw_01916,2146.58137891173,1689.2499999999998,0.8825757575757576,466,26,36
draw_01917,2003.9115764863357,1656.6249999999998,0.865530303030303,457,27,44
draw_01918,2233.470038549706,1671.1249999999998,0.8731060606060606,461,22,45
draw_01919,2448.2010739665498,1652.9999999999998,0.8636363636363636,456,22,50
draw_01920,2173.433952673308,1725.4999999999998,0.9015151515151515,476,13,39
draw_01921,1961.2024406042299,1707.3749999999998,0.8920454545454546,471,16,41
draw_01922,1956.8072373511884,1660.2499999999998,0.8674242424242424,458,20,50
draw_01923,2325.700796201551,1696.4999999999998,0.8863636363636364,468,18,42
draw_01924,2074.19631073267,1747.2499999999998,0.9128787878787878,482,14,32
draw_01925,1988.8641452992936,1613.1249999999998,0.8428030303030303,445,23,60
draw_01926,2102.8574579161505,1758.1249999999998,0.9185606060606061,485,19,24
draw_01927,2139.1865236297667,1584.1249999999998,0.8276515151515151,437,24,67
draw_01928,2211.87026972278,1710.9999999999998,0.8939393939393939,472,9,47
draw_01929,2356.6452384298764,1718.2499999999998,0.8977272727272727,474,17,37
draw_01930,2069.790307044984,1678.3749999999998,0.8768939393939394,463,19,46
draw_01931,2051.140580875147,1667.4999999999998,0.8712121212121212,460,17,51
draw_01932,2320.167796313416,1736.3749999999998,0.9071969696969697,479,14,35
draw_01933,2294.0075867711266,1739.9999999999998,0.9090909090909091,480,7,41
draw_01934,2372.768093274861,1772.6249999999998,0.9261363636363636,489,11,28
draw_01935,2233.9480427361495,1627.6249999999998,0.8503787878787878,449,18,61
draw_01936,2250.8835362905547,1758.1249999999998,0.9185606060606061,485,14,29
draw_01937,2207.116737511418,1671.1249999999998,0.8731060606060606,461,12,55
draw_01938,2258.5306401435805,1721.8749999999998,0.8996212121212122,475,8,45
draw_01939,2057.8380988963822,1649.3749999999998,0.8617424242424242,455,14,59
draw_01940,2197.2669870507107,1685.6249999999998,0.8806818181818182,465,17,46
draw_01941,2256.585842101085,1725.4999999999998,0.9015151515151515,476,23,29
draw_01942,2109.1477624816534,1634.8749999999998,0.8541666666666666,451,15,62
draw_01943,2095.0786859248706,1689.2499999999998,0.8825757575757576,466,23,39
draw_01944,2049.1855387729665,1707.3749999999998,0.8920454545454546,471,14,43
draw_01945,2061.5895705377443,1736.3749999999998,0.9071969696969697,479,15,34
draw_01946,2472.516767158079,1750.8749999999998,0.9147727272727273,483,10,35
draw_01947,1873.6526590178385,1613.1249999999998,0.8428030303030303,445,22,61
draw_01948,2403.8929940371104,1787.1249999999998,0.9337121212121212,493,9,26
draw_01949,2098.0219701339315,1696.4999999999998,0.8863636363636364,468,15,45
draw_01950,2143.4087790799626,1700.1249999999998,0.8882575757575758,469,16,43
draw_01951,2185.5369814897595,1761.7499999999998,0.9204545454545454,486,17,25
draw_01952,2306.964877512538,1772.6249999999998,0.9261363636363636,489,16,23
draw_01953,2214.5801745902445,1718.2499999999998,0.8977272727272727,474,11,43
draw_01954,2245.338820922718,1754.4999999999998,0.9166666666666666,484,16,28
draw_01955,2194.8363080813924,1696.4999999999998,0.8863636363636364,468,12,48
draw_01956,2144.4174059496063,1707.3749999999998,0.8920454545454546,471,20,37
draw_01957,2207.459314916545,1642.1249999999998,0.8579545454545454,453,18,57
draw_01958,2004.809682705149,1565.9999999999998,0.8181818181818182,432,25,71
draw_01959,2278.5909138543866,1743.6249999999998,0.9109848484848485,481,16,31
draw_01960,2215.629860003882,1703.7499999999998,0.8901515151515151,470,17,41
draw_01961,2135.9481193324987,1754.4999999999998,0.9166666666666666,484,18,26
draw_01962,2171.072489040634,1718.2499999999998,0.8977272727272727,474,18,36
draw_01963,2255.871048737688,1685.6249999999998,0.8806818181818182,465,20,43
draw_01964,2253.466716243101,1685.6249999999998,0.8806818181818182,465,18,45
draw_01965,2127.2609563432125,1671.1249999999998,0.8731060606060606,461,18,49
draw_01966,2114.617585062441,1696.4999999999998,0.8863636363636364,468,22,38
draw_01967,2171.6931517791895,1605.8749999999998,0.8390151515151515,443,27,58
draw_01968,2121.968605091434,1776.2499999999998,0.928030303030303,490,13,25
draw_01969,2136.9683691790456,1696.4999999999998,0.8863636363636364,468,16,44
draw_01970,2149.18437545411,1681.9999999999998,0.8787878787878788,464,18,46
draw_01971,2189.7906959852858,1696.4999999999998,0.8863636363636364,468,20,40
draw_01972,2216.6972679480923,1692.8749999999998,0.884469696969697,467,17,44
draw_01973,2154.698386590102,1689.2499999999998,0.8825757575757576,466,11,51
draw_01974,2137.182577024113,1678.3749999999998,0.8768939393939394,463,19,46
draw_01975,2068.1822206397387,1725.4999999999998,0.9015151515151515,476,18,34
draw_01976,2318.8728829171514,1732.7499999999998,0.9053030303030303,478,13,37
draw_01977,2062.5528348873167,1718.2499999999998,0.8977272727272727,474,13,41
draw_01978,2360.6474033346485,1729.1249999999998,0.9034090909090909,477,20,31
draw_01979,2356.4571233818247,1772.6249999999998,0.9261363636363636,489,11,28
draw_01980,2307.829108122682,1776.2499999999998,0.928030303030303,490,14,24
draw_01981,2146.450569140194,1758.1249999999998,0.9185606060606061,485,24,19
draw_01982,2268.1341270190264,1739.9999999999998,0.9090909090909091,480,10,38
draw_01983,2131.506234604055,1754.4999999999998,0.9166666666666666,484,19,25
draw_01984,2104.9752073562217,1710.9999999999998,0.8939393939393939,472,13,43
draw_01985,2234.8002999639148,1714.6249999999998,0.8958333333333334,473,19,36
draw_01986,2176.0658780526473,1732.7499999999998,0.9053030303030303,478,12,38
draw_01987,2380.082918328211,1747.2499999999998,0.9128787878787878,482,14,32
draw_01988,2204.953600203974,1674.7499999999998,0.875,462,9,57
draw_01989,2487.2953817228554,1783.4999999999998,0.9318181818181818,492,10,26
draw_01990,2540.7230337764913,1732.7499999999998,0.9053030303030303,478,20,30
draw_01991,2075.724852266655,1584.1249999999998,0.8276515151515151,437,25,66
draw_01992,2351.8011066675654,1841.4999999999998,0.9621212121212122,508,7,13
draw_01993,2120.9576828150525,1718.2499999999998,0.8977272727272727,474,25,29
draw_01994,2320.967201339903,1772.6249999999998,0.9261363636363636,489,15,24
draw_01995,2255.892244379889,1725.4999999999998,0.9015151515151515,476,19,33
draw_01996,2019.4604158894185,1674.7499999999998,0.875,462,12,54
draw_01997,2048.9949339024793,1710.9999999999998,0.8939393939393939,472,21,35
draw_01998,2168.5408500445737,1714.6249999999998,0.8958333333333334,473,20,35
draw_01999,2007.9860397740233,1627.6249999999998,0.8503787878787878,449,23,56
draw_02000,2265.2072455610605,1721.8749999999998,0.8996212121212122,475,14,39
draw_02001,2328.2522033919954,1671.1249999999998,0.8731060606060606,461,20,47
draw_02002,2186.915938892963,1667.4999999999998,0.8712121212121212,460,24,44
draw_02003,2282.250861725596,1768.9999999999998,0.9242424242424242,488,16,24
draw_02004,2209.72376588267,1772.6249999999998,0.9261363636363636,489,14,25
draw_02005,2185.539498180306,1674.7499999999998,0.875,462,20,46
draw_02006,2128.3402352339717,1613.1249999999998,0.8428030303030303,445,14,69
draw_02007,2094.213890240626,1685.6249999999998,0.8806818181818182,465,12,51
draw_02008,2278.4514191837375,1743.6249999999998,0.9109848484848485,481,17,30
draw_02009,2071.9389644254957,1725.4999999999998,0.9015151515151515,476,24,28
draw_02010,2195.5057324315612,1660.2499999999998,0.8674242424242424,458,15,55
draw_02011,2412.3435098924174,1718.2499999999998,0.8977272727272727,474,6,48
draw_02012,2186.2069209676174,1674.7499999999998,0.875,462,14,52
draw_02013,2207.927441647057,1729.1249999999998,0.9034090909090909,477,14,37
draw_02014,2153.554274705022,1703.7499999999998,0.8901515151515151,470,17,41
draw_02015,2222.501983664273,1685.6249999999998,0.8806818181818182,465,18,45
draw_02016,2280.9634452698397,1743.6249999999998,0.9109848484848485,481,9,38
draw_02017,2187.475102357618,1674.7499999999998,0.875,462,23,43
draw_02018,2315.3483824644154,1729.1249999999998,0.9034090909090909,477,18,33
draw_02019,2296.631952942399,1761.7499999999998,0.9204545454545454,486,8,34
draw_02020,2184.7281873328398,1758.1249999999998,0.9185606060606061,485,14,29
draw_02021,2154.7315173740812,1721.8749999999998,0.8996212121212122,475,15,38
draw_02022,2006.353014271443,1692.8749999999998,0.884469696969697,467,15,46
draw_02023,2195.061954427701,1700.1249999999998,0.8882575757575758,469,24,35
draw_02024,2260.3564680655836,1707.3749999999998,0.8920454545454546,471,21,36
draw_02025,2325.6992285161073,1696.4999999999998,0.8863636363636364,468,20,40
draw_02026,2267.264150335477,1718.2499999999998,0.8977272727272727,474,24,30
draw_02027,2140.8906690922136,1714.6249999999998,0.8958333333333334,473,16,39
draw_02028,2129.0366948907404,1776.2499999999998,0.928030303030303,490,10,28
draw_02029,2189.0104752319667,1761.7499999999998,0.9204545454545454,486,11,31
draw_02030,2270.271061382344,1754.4999999999998,0.9166666666666666,484,9,35
draw_02031,2384.0994835237534,1794.3749999999998,0.9375,495,14,19
draw_02032,2007.953744411826,1710.9999999999998,0.8939393939393939,472,14,42
draw_02033,2447.7847820557663,1743.6249999999998,0.9109848484848485,481,13,34
draw_02034,2134.5107004615516,1674.7499999999998,0.875,462,20,46
draw_02035,2162.987956012523,1685.6249999999998,0.8806818181818182,465,24,39
draw_02036,1952.0079902674972,1631.2499999999998,0.8522727272727273,450,18,60
draw_02037,2244.5735732075004,1714.6249999999998,0.8958333333333334,473,18,37
draw_02038,2358.9136371340455,1721.8749999999998,0.8996212121212122,475,9,44
draw_02039,2101.5343502352143,1667.4999999999998,0.8712121212121212,460,26,42
draw_02040,2097.5750488428707,1689.2499999999998,0.8825757575757576,466,17,45
draw_02041,2331.4377367069933,1721.8749999999998,0.8996212121212122,475,27,26
draw_02042,2229.0789783793575,1729.1249999999998,0.9034090909090909,477,15,36
draw_02043,2411.4367746309126,1725.4999999999998,0.9015151515151515,476,16,36
draw_02044,2106.346013141592,1692.8749999999998,0.884469696969697,467,16,45
draw_02045,2320.0554548147197,1747.2499999999998,0.9128787878787878,482,16,30
draw_02046,2166.9550392158685,1692.8749999999998,0.884469696969697,467,26,35
draw_02047,2103.689077293793,1787.1249999999998,0.9337121212121212,493,10,25
draw_02048,2157.894469394234,1696.4999999999998,0.8863636363636364,468,6,54
draw_02049,2220.196535715734,1754.4999999999998,0.9166666666666666,484,21,23
draw_02050,2318.047531725748,1692.8749999999998,0.884469696969697,467,12,49
draw_02051,2058.3496834388525,1736.3749999999998,0.9071969696969697,479,10,39
draw_02052,2198.785968794559,1718.2499999999998,0.8977272727272727,474,14,40
draw_02053,2123.4942080899705,1663.8749999999998,0.8693181818181818,459,26,43
draw_02054,2118.709817273988,1660.2499999999998,0.8674242424242424,458,23,47
draw_02055,2366.110926660879,1718.2499999999998,0.8977272727272727,474,20,34
draw_02056,2237.766930823722,1710.9999999999998,0.8939393939393939,472,28,28
draw_02057,2054.588937448168,1652.9999999999998,0.8636363636363636,456,15,57
draw_02058,1955.49019141335,1584.1249999999998,0.8276515151515151,437,23,68
draw_02059,2241.006652790587,1750.8749999999998,0.9147727272727273,483,10,35
draw_02060,2389.8289148353324,1649.3749999999998,0.8617424242424242,455,8,65
draw_02061,2233.555715594075,1761.7499999999998,0.9204545454545454,486,10,32
draw_02062,2324.819264205619,1696.4999999999998,0.8863636363636364,468,14,46
draw_02063,2177.394061461025,1674.7499999999998,0.875,462,30,36
draw_02064,2196.1074805021685,1739.9999999999998,0.9090909090909091,480,9,39
draw_02065,2107.226278451217,1681.9999999999998,0.8787878787878788,464,25,39
draw_02066,2222.588141589289,1768.9999999999998,0.9242424242424242,488,10,30
draw_02067,2252.474584108124,1750.8749999999998,0.9147727272727273,483,17,28
draw_02068,2376.3021606815673,1779.8749999999998,0.9299242424242424,491,8,29
draw_02069,2177.6200078600327,1674.7499999999998,0.875,462,20,46
draw_02070,2098.1143339281957,1660.2499999999998,0.8674242424242424,458,19,51
draw_02071,2064.3751943410584,1685.6249999999998,0.8806818181818182,465,20,43
draw_02072,2095.692401600196,1739.9999999999998,0.9090909090909091,480,21,27
draw_02073,2141.8531178176036,1725.4999999999998,0.9015151515151515,476,15,37
draw_02074,2238.2905579083435,1790.7499999999998,0.9356060606060606,494,14,20
draw_02075,2642.5133017252797,1845.1249999999998,0.9640151515151515,509,7,12
draw_02076,2225.3219985455034,1660.2499999999998,0.8674242424242424,458,13,57
draw_02077,2097.6119161496404,1758.1249999999998,0.9185606060606061,485,14,29
draw_02078,2304.679525434438,1718.2499999999998,0.8977272727272727,474,19,35
draw_02079,2075.779249060302,1779.8749999999998,0.9299242424242424,491,12,25
draw_02080,2157.2932242510874,1758.1249999999998,0.9185606060606061,485,13,30
draw_02081,2239.246957484822,1776.2499999999998,0.928030303030303,490,5,33
draw_02082,2193.407429260512,1725.4999999999998,0.9015151515151515,476,14,38
draw_02083,2268.4344771570222,1638.4999999999998,0.8560606060606061,452,18,58
draw_02084,2380.9326514318295,1696.4999999999998,0.8863636363636364,468,17,43
draw_02085,2225.127095883659,1671.1249999999998,0.8731060606060606,461,19,48
draw_02086,2061.3197141896767,1696.4999999999998,0.8863636363636364,468,22,38
draw_02087,2049.2388012738734,1671.1249999999998,0.8731060606060606,461,14,53
draw_02088,2128.316460140543,1620.3749999999998,0.8465909090909091,447,19,62
draw_02089,2157.8208285561855,1667.4999999999998,0.8712121212121212,460,12,56
draw_02090,2191.706651566008,1729.1249999999998,0.9034090909090909,477,19,32
draw_02091,2032.7979187524802,1667.4999999999998,0.8712121212121212,460,11,57
draw_02092,2110.637439839359,1707.3749999999998,0.8920454545454546,471,18,39
draw_02093,2092.7196514981943,1703.7499999999998,0.8901515151515151,470,21,37
draw_02094,2256.914982637625,1768.9999999999998,0.9242424242424242,488,8,32
draw_02095,2013.4503169026934,1721.8749999999998,0.8996212121212122,475,4,49
draw_02096,2371.0143112021406,1721.8749999999998,0.8996212121212122,475,14,39
draw_02097,1935.3535224168415,1660.2499999999998,0.8674242424242424,458,26,44
draw_02098,2088.6426471300374,1692.8749999999998,0.884469696969697,467,10,51
draw_02099,2083.2145307569945,1667.4999999999998,0.8712121212121212,460,14,54
draw_02100,2130.108356226366,1602.2499999999998,0.8371212121212122,442,38,48
draw_02101,2287.4502165583785,1754.4999999999998,0.9166666666666666,484,9,35
draw_02102,2127.2888598691143,1685.6249999999998,0.8806818181818182,465,13,50
draw_02103,2281.831356131888,1776.2499999999998,0.928030303030303,490,20,18
draw_02104,2345.0889400349633,1830.6249999999998,0.9564393939393939,505,10,13
draw_02105,1992.5036074918078,1656.6249999999998,0.865530303030303,457,18,53
draw_02106,2441.832560142156,1783.4999999999998,0.9318181818181818,492,10,26
draw_02107,2244.762094961732,1747.2499999999998,0.9128787878787878,482,13,33
draw_02108,2024.0467900202486,1710.9999999999998,0.8939393939393939,472,19,37
draw_02109,2217.905827501292,1689.2499999999998,0.8825757575757576,466,16,46
draw_02110,2208.6289334245153,1671.1249999999998,0.8731060606060606,461,21,46
draw_02111,2147.7793925226765,1692.8749999999998,0.884469696969697,467,15,46
draw_02112,2099.8979090276266,1721.8749999999998,0.8996212121212122,475,14,39
draw_02113,2140.893427806401,1732.7499999999998,0.9053030303030303,478,14,36
draw_02114,2128.4521384428745,1700.1249999999998,0.8882575757575758,469,22,37
draw_02115,2347.78839511657,1776.2499999999998,0.928030303030303,490,16,22
draw_02116,2300.783731942258,1783.4999999999998,0.9318181818181818,492,13,23
draw_02117,2434.2486812698303,1797.9999999999998,0.9393939393939394,496,3,29
draw_02118,2332.554613967523,1729.1249999999998,0.9034090909090909,477,6,45
draw_02119,2235.496585021559,1678.3749999999998,0.8768939393939394,463,21,44
draw_02120,2292.8773369229884,1729.1249999999998,0.9034090909090909,477,18,33
draw_02121,2327.5708885051763,1794.3749999999998,0.9375,495,7,26
draw_02122,2151.907021200648,1768.9999999999998,0.9242424242424242,488,18,22
draw_02123,2591.263700297279,1768.9999999999998,0.9242424242424242,488,11,29
draw_02124,2179.2895717738606,1656.6249999999998,0.865530303030303,457,35,36
draw_02125,2291.2412430686027,1743.6249999999998,0.9109848484848485,481,15,32
draw_02126,2256.4171489514056,1787.1249999999998,0.9337121212121212,493,14,21
draw_02127,1953.9559966883558,1605.8749999999998,0.8390151515151515,443,18,67
draw_02128,2163.789448531723,1645.7499999999998,0.8598484848484849,454,20,54
draw_02129,2009.9572032902986,1739.9999999999998,0.9090909090909091,480,13,35
draw_02130,2247.3161282376295,1642.1249999999998,0.8579545454545454,453,26,49
draw_02131,2272.6850957998413,1805.2499999999998,0.9431818181818182,498,10,20
draw_02132,2173.3114256122963,1667.4999999999998,0.8712121212121212,460,13,55
draw_02133,2294.199275558193,1776.2499999999998,0.928030303030303,490,9,29
draw_02134,2280.29530872645,1718.2499999999998,0.8977272727272727,474,13,41
draw_02135,2593.894539779326,1790.7499999999998,0.9356060606060606,494,10,24
draw_02136,2236.1973554598026,1747.2499999999998,0.9128787878787878,482,8,38
draw_02137,2288.5637235191693,1787.1249999999998,0.9337121212121212,493,12,23
draw_02138,2364.342865040694,1718.2499999999998,0.8977272727272727,474,18,36
draw_02139,2383.2451141509277,1721.8749999999998,0.8996212121212122,475,22,31
draw_02140,2286.4565422961864,1718.2499999999998,0.8977272727272727,474,16,38
draw_02141,2262.759341873638,1732.7499999999998,0.9053030303030303,478,18,32
draw_02142,2240.8010388356993,1718.2499999999998,0.8977272727272727,474,15,39
draw_02143,2197.898568524535,1779.8749999999998,0.9299242424242424,491,10,27
draw_02144,2341.209691431641,1765.3749999999998,0.9223484848484849,487,9,32
draw_02145,2119.4775846307393,1725.4999999999998,0.9015151515151515,476,20,32
draw_02146,2159.043820923725,1634.8749999999998,0.8541666666666666,451,30,47
draw_02147,2243.9284483172414,1729.1249999999998,0.9034090909090909,477,14,37
draw_02148,2005.2551519655594,1674.7499999999998,0.875,462,26,40
draw_02149,2310.0411494369755,1736.3749999999998,0.9071969696969697,479,17,32
draw_02150,2222.5041490671088,1689.2499999999998,0.8825757575757576,466,19,43
draw_02151,2348.6734594005784,1801.6249999999998,0.9412878787878788,497,6,25
draw_02152,2088.3597389939873,1605.8749999999998,0.8390151515151515,443,29,56
draw_02153,2405.288885704401,1797.9999999999998,0.9393939393939394,496,8,24
draw_02154,2358.818215157992,1758.1249999999998,0.9185606060606061,485,7,36
draw_02155,2314.022985239126,1776.2499999999998,0.928030303030303,490,9,29
draw_02156,2112.283887442058,1696.4999999999998,0.8863636363636364,468,15,45
draw_02157,2239.299408935756,1743.6249999999998,0.9109848484848485,481,10,37
draw_02158,2369.170435146705,1783.4999999999998,0.9318181818181818,492,20,16
draw_02159,2073.272816734274,1627.6249999999998,0.8503787878787878,449,13,66
draw_02160,2032.2648178201996,1681.9999999999998,0.8787878787878788,464,12,52
draw_02161,2131.792882513469,1714.6249999999998,0.8958333333333334,473,11,44
draw_02162,2172.065198159865,1761.7499999999998,0.9204545454545454,486,7,35
draw_02163,2146.1808548531494,1732.7499999999998,0.9053030303030303,478,14,36
draw_02164,2104.6338007615886,1645.7499999999998,0.8598484848484849,454,29,45
draw_02165,2148.697056809045,1700.1249999999998,0.8882575757575758,469,12,47
draw_02166,2280.6453190102006,1725.4999999999998,0.9015151515151515,476,11,41
draw_02167,2320.565342526683,1725.4999999999998,0.9015151515151515,476,14,38
draw_02168,2224.9687334284285,1736.3749999999998,0.9071969696969697,479,15,34
draw_02169,2031.412109729399,1656.6249999999998,0.865530303030303,457,21,50
draw_02170,2132.528532888988,1729.1249999999998,0.9034090909090909,477,26,25
draw_02171,2044.8887800340963,1736.3749999999998,0.9071969696969697,479,14,35
draw_02172,2331.4879507561764,1681.9999999999998,0.8787878787878788,464,10,54
draw_02173,2178.946694691099,1707.3749999999998,0.8920454545454546,471,18,39
draw_02174,2151.5670394399835,1718.2499999999998,0.8977272727272727,474,19,35
draw_02175,2238.6246988490293,1721.8749999999998,0.8996212121212122,475,17,36
draw_02176,2110.9659323202322,1631.2499999999998,0.8522727272727273,450,16,62
draw_02177,2405.1514486108854,1732.7499999999998,0.9053030303030303,478,19,31
draw_02178,2257.4106103251283,1678.3749999999998,0.8768939393939394,463,15,50
draw_02179,2138.0059908076073,1736.3749999999998,0.9071969696969697,479,8,41
draw_02180,2225.5350876068796,1696.4999999999998,0.8863636363636364,468,13,47
draw_02181,2034.8486318889586,1689.2499999999998,0.8825757575757576,466,8,54
draw_02182,2224.215386763506,1692.8749999999998,0.884469696969697,467,9,52
draw_02183,2201.857576894995,1696.4999999999998,0.8863636363636364,468,12,48
draw_02184,2246.853767265111,1772.6249999999998,0.9261363636363636,489,9,30
draw_02185,2185.4452649867994,1685.6249999999998,0.8806818181818182,465,19,44
draw_02186,2230.59218681929,1714.6249999999998,0.8958333333333334,473,20,35
draw_02187,2107.608374051306,1671.1249999999998,0.8731060606060606,461,12,55
draw_02188,2191.0535599297145,1772.6249999999998,0.9261363636363636,489,21,18
draw_02189,2305.6402855764914,1736.3749999999998,0.9071969696969697,479,15,34
draw_02190,2066.1146727192627,1660.2499999999998,0.8674242424242424,458,31,39
draw_02191,2118.61183778066,1678.3749999999998,0.8768939393939394,463,24,41
draw_02192,2055.2554210472495,1736.3749999999998,0.9071969696969697,479,21,28
draw_02193,2020.3537910865118,1627.6249999999998,0.8503787878787878,449,23,56
draw_02194,2234.255513666592,1758.1249999999998,0.9185606060606061,485,5,38
draw_02195,2248.7247629858616,1765.3749999999998,0.9223484848484849,487,14,27
draw_02196,2125.395285587776,1736.3749999999998,0.9071969696969697,479,14,35
draw_02197,2303.356947784739,1758.1249999999998,0.9185606060606061,485,18,25
draw_02198,2077.264648791516,1703.7499999999998,0.8901515151515151,470,12,46
draw_02199,2146.8002493787676,1743.6249999999998,0.9109848484848485,481,12,35
draw_02200,2187.61985819673,1758.1249999999998,0.9185606060606061,485,9,34
draw_02201,1881.995680599347,1674.7499999999998,0.875,462,17,49
draw_02202,2115.7996614559006,1692.8749999999998,0.884469696969697,467,18,43
draw_02203,2122.7504840776564,1652.9999999999998,0.8636363636363636,456,26,46
draw_02204,2157.0811111283947,1678.3749999999998,0.8768939393939394,463,24,41
draw_02205,2251.5856112175497,1750.8749999999998,0.9147727272727273,483,14,31
draw_02206,2025.0146919185834,1660.2499999999998,0.8674242424242424,458,22,48
draw_02207,2003.4688817861218,1710.9999999999998,0.8939393939393939,472,15,41
draw_02208,2308.1780701289676,1613.1249999999998,0.8428030303030303,445,30,53
draw_02209,2274.7326862109203,1790.7499999999998,0.9356060606060606,494,10,24
draw_02210,2354.5424747012626,1689.2499999999998,0.8825757575757576,466,16,46
draw_02211,2246.8090249368765,1761.7499999999998,0.9204545454545454,486,7,35
draw_02212,2122.860970623368,1750.8749999999998,0.9147727272727273,483,11,34
draw_02213,2292.8790376616334,1718.2499999999998,0.8977272727272727,474,18,36
draw_02214,2219.890735155142,1725.4999999999998,0.9015151515151515,476,15,37
draw_02215,2212.5976460113543,1729.1249999999998,0.9034090909090909,477,10,41
draw_02216,2077.8510279716484,1642.1249999999998,0.8579545454545454,453,30,45
draw_02217,2250.832390076669,1656.6249999999998,0.865530303030303,457,14,57
draw_02218,2430.2744265290453,1783.4999999999998,0.9318181818181818,492,10,26
draw_02219,2025.0372761084916,1692.8749999999998,0.884469696969697,467,13,48
draw_02220,2224.541015668232,1678.3749999999998,0.8768939393939394,463,17,48
draw_02221,2204.075315961912,1652.9999999999998,0.8636363636363636,456,13,59
draw_02222,1999.8209457958437,1605.8749999999998,0.8390151515151515,443,21,64
draw_02223,2173.4856214175247,1652.9999999999998,0.8636363636363636,456,23,49
draw_02224,2324.8754759237245,1783.4999999999998,0.9318181818181818,492,17,19
draw_02225,2264.9339287571197,1783.4999999999998,0.9318181818181818,492,21,15
draw_02226,2128.9542389458948,1663.8749999999998,0.8693181818181818,459,27,42
draw_02227,2181.0915088473303,1732.7499999999998,0.9053030303030303,478,24,26
draw_02228,2188.153377944525,1696.4999999999998,0.8863636363636364,468,20,40
draw_02229,2514.149726217561,1819.7499999999998,0.9507575757575758,502,10,16
draw_02230,2175.9402522005307,1703.7499999999998,0.8901515151515151,470,12,46
draw_02231,2305.019503919764,1765.3749999999998,0.9223484848484849,487,8,33
draw_02232,2286.583592077016,1707.3749999999998,0.8920454545454546,471,8,49
draw_02233,2130.4411241881367,1703.7499999999998,0.8901515151515151,470,21,37
draw_02234,2246.521713216851,1696.4999999999998,0.8863636363636364,468,20,40
draw_02235,2290.6719386745563,1794.3749999999998,0.9375,495,8,25
draw_02236,2229.8513426191685,1718.2499999999998,0.8977272727272727,474,19,35
draw_02237,2321.083459760877,1754.4999999999998,0.9166666666666666,484,21,23
draw_02238,2240.0265552825335,1783.4999999999998,0.9318181818181818,492,9,27
draw_02239,2110.337189855715,1703.7499999999998,0.8901515151515151,470,18,40
draw_02240,2106.1890518144737,1576.8749999999998,0.8238636363636364,435,16,77
draw_02241,1990.6689217347985,1689.2499999999998,0.8825757575757576,466,16,46
draw_02242,2313.5553564778747,1707.3749999999998,0.8920454545454546,471,9,48
draw_02243,2199.38164191442,1776.2499999999998,0.928030303030303,490,7,31
draw_02244,2117.2755838840694,1739.9999999999998,0.9090909090909091,480,15,33
draw_02245,2148.8359132620785,1765.3749999999998,0.9223484848484849,487,9,32
draw_02246,2256.3829605204305,1797.9999999999998,0.9393939393939394,496,12,20
draw_02247,2053.2985313500376,1707.3749999999998,0.8920454545454546,471,15,42
draw_02248,2253.8104923179167,1674.7499999999998,0.875,462,10,56
draw_02249,2402.2610308583717,1776.2499999999998,0.928030303030303,490,13,25
draw_02250,2143.4143273901786,1758.1249999999998,0.9185606060606061,485,12,31
draw_02251,2120.913722007223,1671.1249999999998,0.8731060606060606,461,16,51
draw_02252,2179.801009892084,1714.6249999999998,0.8958333333333334,473,19,36
draw_02253,2255.7509221889345,1743.6249999999998,0.9109848484848485,481,19,28
draw_02254,2107.60466122368,1696.4999999999998,0.8863636363636364,468,25,35
draw_02255,2135.4143227642694,1634.8749999999998,0.8541666666666666,451,23,54
draw_02256,2284.7738218564523,1758.1249999999998,0.9185606060606061,485,18,25
draw_02257,2372.3644420460855,1776.2499999999998,0.928030303030303,490,20,18
draw_02258,2349.8310375895367,1721.8749999999998,0.8996212121212122,475,14,39
draw_02259,2011.825242550984,1681.9999999999998,0.8787878787878788,464,17,47
draw_02260,2274.676770694235,1758.1249999999998,0.9185606060606061,485,11,32
draw_02261,2025.4146327453916,1634.8749999999998,0.8541666666666666,451,24,53
draw_02262,2300.457114355042,1787.1249999999998,0.9337121212121212,493,6,29
draw_02263,2183.2308917023497,1692.8749999999998,0.884469696969697,467,22,39
draw_02264,2172.78538644991,1718.2499999999998,0.8977272727272727,474,13,41
draw_02265,2240.3854190769675,1663.8749999999998,0.8693181818181818,459,18,51
draw_02266,2323.651239807303,1758.1249999999998,0.9185606060606061,485,15,28
draw_02267,2271.1453914395233,1736.3749999999998,0.9071969696969697,479,14,35
draw_02268,2231.6314202578665,1801.6249999999998,0.9412878787878788,497,7,24
draw_02269,2194.055287658588,1768.9999999999998,0.9242424242424242,488,11,29
draw_02270,2175.3792466528917,1663.8749999999998,0.8693181818181818,459,25,44
draw_02271,1890.5794342319184,1667.4999999999998,0.8712121212121212,460,15,53
draw_02272,2241.100473390508,1739.9999999999998,0.9090909090909091,480,15,33
draw_02273,2256.057610776662,1602.2499999999998,0.8371212121212122,442,22,64
draw_02274,2021.3004754198623,1685.6249999999998,0.8806818181818182,465,16,47
draw_02275,2517.5129508338227,1750.8749999999998,0.9147727272727273,483,21,24
draw_02276,2270.5345463317676,1729.1249999999998,0.9034090909090909,477,16,35
draw_02277,2107.9252033807466,1700.1249999999998,0.8882575757575758,469,15,44
draw_02278,2240.541807915178,1761.7499999999998,0.9204545454545454,486,16,26
draw_02279,2203.5657683415534,1667.4999999999998,0.8712121212121212,460,14,54
draw_02280,2089.2152173929035,1671.1249999999998,0.8731060606060606,461,19,48
draw_02281,2115.2590955109995,1656.6249999999998,0.865530303030303,457,20,51
draw_02282,2128.6142774309806,1714.6249999999998,0.8958333333333334,473,19,36
draw_02283,2321.566354520244,1797.9999999999998,0.9393939393939394,496,9,23
draw_02284,2163.3298380192596,1667.4999999999998,0.8712121212121212,460,12,56
draw_02285,2204.8995919840186,1613.1249999999998,0.8428030303030303,445,16,67
draw_02286,2381.787799206024,1787.1249999999998,0.9337121212121212,493,10,25
draw_02287,2338.291643170234,1768.9999999999998,0.9242424242424242,488,9,31
draw_02288,2237.8966393671444,1663.8749999999998,0.8693181818181818,459,22,47
draw_02289,2160.175175892632,1743.6249999999998,0.9109848484848485,481,12,35
draw_02290,2239.4855975818596,1801.6249999999998,0.9412878787878788,497,4,27
draw_02291,2213.9077418649063,1714.6249999999998,0.8958333333333334,473,29,26
draw_02292,2319.5970068458028,1725.4999999999998,0.9015151515151515,476,11,41
draw_02293,2237.0970758070885,1732.7499999999998,0.9053030303030303,478,15,35
draw_02294,2314.690383304126,1776.2499999999998,0.928030303030303,490,7,31
draw_02295,2243.0151749487272,1732.7499999999998,0.9053030303030303,478,10,40
draw_02296,2164.028108576153,1739.9999999999998,0.9090909090909091,480,12,36
draw_02297,2293.147952866429,1714.6249999999998,0.8958333333333334,473,20,35
draw_02298,2079.9405764194707,1700.1249999999998,0.8882575757575758,469,17,42
draw_02299,1998.055224074644,1663.8749999999998,0.8693181818181818,459,12,57
draw_02300,2018.3373785464596,1642.1249999999998,0.8579545454545454,453,21,54
draw_02301,2363.597879252497,1736.3749999999998,0.9071969696969697,479,16,33
draw_02302,2290.392178976732,1787.1249999999998,0.9337121212121212,493,11,24
draw_02303,2251.6752866841844,1750.8749999999998,0.9147727272727273,483,9,36
draw_02304,2343.0605080772198,1736.3749999999998,0.9071969696969697,479,23,26
draw_02305,2226.03913372168,1758.1249999999998,0.9185606060606061,485,6,37
draw_02306,2161.1598731661393,1747.2499999999998,0.9128787878787878,482,14,32
draw_02307,2101.435982741361,1642.1249999999998,0.8579545454545454,453,29,46
draw_02308,2179.143330662798,1667.4999999999998,0.8712121212121212,460,25,43
draw_02309,2255.0573701238386,1743.6249999999998,0.9109848484848485,481,12,35
draw_02310,2400.2934682403406,1779.8749999999998,0.9299242424242424,491,9,28
draw_02311,2146.5191092914847,1692.8749999999998,0.884469696969697,467,19,42
draw_02312,1989.79777521783,1700.1249999999998,0.8882575757575758,469,24,35
draw_02313,2068.8870615068327,1736.3749999999998,0.9071969696969697,479,15,34
draw_02314,2415.793877416632,1787.1249999999998,0.9337121212121212,493,22,13
draw_02315,2172.781035157513,1750.8749999999998,0.9147727272727273,483,17,28
draw_02316,2233.2787725517724,1812.4999999999998,0.946969696969697,500,9,19
draw_02317,2075.973353470925,1736.3749999999998,0.9071969696969697,479,11,38
draw_02318,2102.362006123511,1685.6249999999998,0.8806818181818182,465,15,48
draw_02319,2251.91653069393,1681.9999999999998,0.8787878787878788,464,20,44
draw_02320,2128.93192550326,1750.8749999999998,0.9147727272727273,483,17,28
draw_02321,2233.316719132752,1808.8749999999998,0.9450757575757576,499,7,22
draw_02322,2117.2903074709707,1732.7499999999998,0.9053030303030303,478,11,39
draw_02323,2287.7245335562266,1758.1249999999998,0.9185606060606061,485,12,31
draw_02324,2537.056813605753,1790.7499999999998,0.9356060606060606,494,12,22
draw_02325,2307.184864151355,1692.8749999999998,0.884469696969697,467,14,47
draw_02326,2076.215320168441,1649.3749999999998,0.8617424242424242,455,10,63
draw_02327,2134.4382921531937,1671.1249999999998,0.8731060606060606,461,22,45
draw_02328,2202.433234385806,1758.1249999999998,0.9185606060606061,485,4,39
draw_02329,2130.0479823358983,1732.7499999999998,0.9053030303030303,478,10,40
draw_02330,2177.2103425791406,1692.8749999999998,0.884469696969697,467,16,45
draw_02331,2252.1533640633993,1779.8749999999998,0.9299242424242424,491,14,23
draw_02332,2188.896708726514,1758.1249999999998,0.9185606060606061,485,10,33
draw_02333,2104.9414185806686,1721.8749999999998,0.8996212121212122,475,15,38
draw_02334,2015.5942287334683,1761.7499999999998,0.9204545454545454,486,9,33
draw_02335,2143.6901956973084,1787.1249999999998,0.9337121212121212,493,8,27
draw_02336,2183.6659687843962,1710.9999999999998,0.8939393939393939,472,16,40
draw_02337,2239.040461097451,1736.3749999999998,0.9071969696969697,479,16,33
draw_02338,2481.829664560416,1747.2499999999998,0.9128787878787878,482,20,26
draw_02339,2098.8012623305463,1703.7499999999998,0.8901515151515151,470,13,45
draw_02340,2256.767095177805,1754.4999999999998,0.9166666666666666,484,10,34
draw_02341,2149.186233695341,1692.8749999999998,0.884469696969697,467,13,48
draw_02342,2039.6301484490778,1609.4999999999998,0.8409090909090909,444,23,61
draw_02343,2182.677104161195,1783.4999999999998,0.9318181818181818,492,14,22
draw_02344,2273.2595827603004,1732.7499999999998,0.9053030303030303,478,25,25
draw_02345,2599.443546817581,1747.2499999999998,0.9128787878787878,482,10,36
draw_02346,2357.340142749562,1794.3749999999998,0.9375,495,10,23
draw_02347,2131.9033548567886,1671.1249999999998,0.8731060606060606,461,19,48
draw_02348,1890.007574559409,1660.2499999999998,0.8674242424242424,458,23,47
draw_02349,2184.6921881199687,1739.9999999999998,0.9090909090909091,480,10,38
draw_02350,2312.7341253219056,1739.9999999999998,0.9090909090909091,480,17,31
draw_02351,2246.032485075192,1816.1249999999998,0.9488636363636364,501,9,18
draw_02352,2386.240126318527,1772.6249999999998,0.9261363636363636,489,17,22
draw_02353,2175.677663857875,1779.8749999999998,0.9299242424242424,491,10,27
draw_02354,2144.404308833503,1700.1249999999998,0.8882575757575758,469,19,40
draw_02355,2329.1582581289344,1714.6249999999998,0.8958333333333334,473,16,39
draw_02356,2256.9836483806384,1718.2499999999998,0.8977272727272727,474,13,41
draw_02357,2272.6309916564182,1794.3749999999998,0.9375,495,11,22
draw_02358,1937.9981693881339,1652.9999999999998,0.8636363636363636,456,14,58
draw_02359,2103.23084954526,1692.8749999999998,0.884469696969697,467,11,50
draw_02360,2321.338498715164,1747.2499999999998,0.9128787878787878,482,8,38
draw_02361,2278.6387767542806,1772.6249999999998,0.9261363636363636,489,12,27
draw_02362,2226.7724243930143,1754.4999999999998,0.9166666666666666,484,12,32
draw_02363,2063.164907977398,1714.6249999999998,0.8958333333333334,473,12,43
draw_02364,2245.416473735455,1739.9999999999998,0.9090909090909091,480,13,35
draw_02365,2305.12721353589,1714.6249999999998,0.8958333333333334,473,14,41
draw_02366,2176.316704521756,1689.2499999999998,0.8825757575757576,466,12,50
draw_02367,2042.6828362464028,1700.1249999999998,0.8882575757575758,469,12,47
draw_02368,2295.8440371740753,1584.1249999999998,0.8276515151515151,437,25,66
draw_02369,2006.2909056252795,1678.3749999999998,0.8768939393939394,463,22,43
draw_02370,2120.8814134469503,1743.6249999999998,0.9109848484848485,481,10,37
draw_02371,2075.78315059365,1638.4999999999998,0.8560606060606061,452,24,52
draw_02372,2086.6942307066993,1692.8749999999998,0.884469696969697,467,12,49
draw_02373,2105.421634993247,1714.6249999999998,0.8958333333333334,473,18,37
draw_02374,2144.0297693916946,1714.6249999999998,0.8958333333333334,473,13,42
draw_02375,2299.0146173080498,1681.9999999999998,0.8787878787878788,464,15,49
draw_02376,2234.8617813382475,1768.9999999999998,0.9242424242424242,488,4,36
draw_02377,2339.3586486144486,1743.6249999999998,0.9109848484848485,481,12,35
draw_02378,2024.7442216848976,1649.3749999999998,0.8617424242424242,455,14,59
draw_02379,2441.1674716550633,1721.8749999999998,0.8996212121212122,475,18,35
draw_02380,2255.8352827338745,1689.2499999999998,0.8825757575757576,466,15,47
draw_02381,2272.3930192262924,1729.1249999999998,0.9034090909090909,477,19,32
draw_02382,2167.964860988549,1725.4999999999998,0.9015151515151515,476,19,33
draw_02383,2019.7749759528954,1714.6249999999998,0.8958333333333334,473,17,38
draw_02384,2169.4208806339075,1613.1249999999998,0.8428030303030303,445,22,61
draw_02385,2121.8073414469122,1703.7499999999998,0.8901515151515151,470,6,52
draw_02386,2240.146467792879,1768.9999999999998,0.9242424242424242,488,15,25
draw_02387,2248.0439359276656,1776.2499999999998,0.928030303030303,490,15,23
draw_02388,2268.261446476903,1783.4999999999998,0.9318181818181818,492,6,30
draw_02389,2165.2922840840706,1747.2499999999998,0.9128787878787878,482,16,30
draw_02390,2250.3730762504256,1703.7499999999998,0.8901515151515151,470,11,47
draw_02391,2255.4891197917977,1710.9999999999998,0.8939393939393939,472,18,38
draw_02392,2321.4085735627277,1794.3749999999998,0.9375,495,8,25
draw_02393,2405.541013642983,1739.9999999999998,0.9090909090909091,480,14,34
draw_02394,2239.5287920232336,1776.2499999999998,0.928030303030303,490,9,29
draw_02395,2019.7141659584097,1652.9999999999998,0.8636363636363636,456,14,58
draw_02396,2182.40507009557,1710.9999999999998,0.8939393939393939,472,20,36
draw_02397,2123.13217903505,1768.9999999999998,0.9242424242424242,488,12,28
draw_02398,2249.310102503456,1700.1249999999998,0.8882575757575758,469,13,46
draw_02399,2092.8767756390885,1739.9999999999998,0.9090909090909091,480,4,44
draw_02400,2355.8557472270204,1783.4999999999998,0.9318181818181818,492,10,26
draw_02401,1977.233202316248,1623.9999999999998,0.8484848484848485,448,23,57
draw_02402,2040.8764575419189,1671.1249999999998,0.8731060606060606,461,19,48
draw_02403,2108.5981999595656,1685.6249999999998,0.8806818181818182,465,21,42
draw_02404,2233.270884325008,1754.4999999999998,0.9166666666666666,484,12,32
draw_02405,1904.3159584071477,1598.6249999999998,0.8352272727272727,441,19,68
draw_02406,2149.791315729887,1696.4999999999998,0.8863636363636364,468,24,36
draw_02407,2272.224519546663,1718.2499999999998,0.8977272727272727,474,9,45
draw_02408,2251.597551877791,1732.7499999999998,0.9053030303030303,478,15,35
draw_02409,2186.520448198452,1714.6249999999998,0.8958333333333334,473,25,30
draw_02410,2057.307188123002,1674.7499999999998,0.875,462,11,55
draw_02411,2462.835195798179,1790.7499999999998,0.9356060606060606,494,14,20
draw_02412,2216.3505574402616,1743.6249999999998,0.9109848484848485,481,10,37
draw_02413,2111.7605054188907,1580.4999999999998,0.8257575757575758,436,17,75
draw_02414,1987.814394965586,1739.9999999999998,0.9090909090909091,480,7,41
draw_02415,2252.6507535595288,1736.3749999999998,0.9071969696969697,479,15,34
draw_02416,2158.7533093076013,1685.6249999999998,0.8806818181818182,465,11,52
draw_02417,2259.5952098193493,1696.4999999999998,0.8863636363636364,468,20,40
draw_02418,2395.8548058459664,1779.8749999999998,0.9299242424242424,491,9,28
draw_02419,2180.0407529323006,1627.6249999999998,0.8503787878787878,449,18,61
draw_02420,2282.0718048209687,1692.8749999999998,0.884469696969697,467,18,43
draw_02421,2189.539002255217,1758.1249999999998,0.9185606060606061,485,7,36
draw_02422,2154.068109742263,1750.8749999999998,0.9147727272727273,483,14,31
draw_02423,2005.752107380913,1594.9999999999998,0.8333333333333334,440,25,63
draw_02424,2000.9889484941973,1732.7499999999998,0.9053030303030303,478,10,40
draw_02425,2137.8140771856915,1660.2499999999998,0.8674242424242424,458,29,41
draw_02426,2220.3384845854107,1714.6249999999998,0.8958333333333334,473,17,38
draw_02427,2142.833315292424,1743.6249999999998,0.9109848484848485,481,9,38
draw_02428,2085.701923470635,1689.2499999999998,0.8825757575757576,466,17,45
draw_02429,2030.078424327686,1729.1249999999998,0.9034090909090909,477,15,36
draw_02430,2318.1996659508914,1787.1249999999998,0.9337121212121212,493,13,22
draw_02431,2056.9339088434795,1678.3749999999998,0.8768939393939394,463,10,55
draw_02432,2099.026746282076,1743.6249999999998,0.9109848484848485,481,22,25
draw_02433,2071.632937025981,1598.6249999999998,0.8352272727272727,441,20,67
draw_02434,2238.2462878690253,1707.3749999999998,0.8920454545454546,471,17,40
draw_02435,2303.697081069853,1685.6249999999998,0.8806818181818182,465,17,46
draw_02436,2185.3783350843673,1743.6249999999998,0.9109848484848485,481,8,39
draw_02437,2104.3119358351983,1674.7499999999998,0.875,462,16,50
draw_02438,2133.1612339258345,1754.4999999999998,0.9166666666666666,484,8,36
draw_02439,2156.088766093323,1736.3749999999998,0.9071969696969697,479,16,33
draw_02440,2061.8577628718426,1732.7499999999998,0.9053030303030303,478,16,34
draw_02441,2215.78036543474,1725.4999999999998,0.9015151515151515,476,11,41
draw_02442,2275.7986122242987,1772.6249999999998,0.9261363636363636,489,13,26
draw_02443,2170.065689485671,1732.7499999999998,0.9053030303030303,478,19,31
draw_02444,2209.6317082753785,1797.9999999999998,0.9393939393939394,496,7,25
draw_02445,2053.9308859596126,1725.4999999999998,0.9015151515151515,476,12,40
draw_02446,2177.2229315958734,1721.8749999999998,0.8996212121212122,475,11,42
draw_02447,2081.714800118469,1591.3749999999998,0.8314393939393939,439,31,58
draw_02448,2306.4278835657633,1758.1249999999998,0.9185606060606061,485,13,30
draw_02449,2111.6430682385326,1808.8749999999998,0.9450757575757576,499,5,24
draw_02450,2263.0831218094813,1692.8749999999998,0.884469696969697,467,16,45
draw_02451,2229.599029630936,1696.4999999999998,0.8863636363636364,468,13,47
draw_02452,2037.2900199172454,1758.1249999999998,0.9185606060606061,485,10,33
draw_02453,2186.248465296488,1700.1249999999998,0.8882575757575758,469,22,37
draw_02454,2161.802904618545,1768.9999999999998,0.9242424242424242,488,13,27
draw_02455,2192.4693207794703,1739.9999999999998,0.9090909090909091,480,9,39
draw_02456,2254.023993428337,1750.8749999999998,0.9147727272727273,483,8,37
draw_02457,2187.9741633371527,1678.3749999999998,0.8768939393939394,463,14,51
draw_02458,2141.9022339794324,1732.7499999999998,0.9053030303030303,478,12,38
draw_02459,2101.7485178430848,1656.6249999999998,0.865530303030303,457,22,49
draw_02460,2370.1889847058287,1747.2499999999998,0.9128787878787878,482,18,28
draw_02461,2257.6446439838223,1703.7499999999998,0.8901515151515151,470,9,49
draw_02462,2277.928417643611,1710.9999999999998,0.8939393939393939,472,9,47
draw_02463,1998.895116462635,1729.1249999999998,0.9034090909090909,477,13,38
draw_02464,2127.90448409621,1732.7499999999998,0.9053030303030303,478,13,37
draw_02465,2191.334787995159,1667.4999999999998,0.8712121212121212,460,17,51
draw_02466,2358.2128512735662,1736.3749999999998,0.9071969696969697,479,13,36
draw_02467,2176.2043027622444,1739.9999999999998,0.9090909090909091,480,11,37
draw_02468,2339.345417087917,1743.6249999999998,0.9109848484848485,481,13,34
draw_02469,2513.8057680476045,1765.3749999999998,0.9223484848484849,487,17,24
draw_02470,2102.6483741373777,1660.2499999999998,0.8674242424242424,458,9,61
draw_02471,2121.774272105171,1739.9999999999998,0.9090909090909091,480,14,34
draw_02472,2291.4847710401527,1710.9999999999998,0.8939393939393939,472,11,45
draw_02473,2079.2352140177136,1725.4999999999998,0.9015151515151515,476,11,41
draw_02474,2216.5315832839956,1776.2499999999998,0.928030303030303,490,5,33
draw_02475,2427.7009852041438,1736.3749999999998,0.9071969696969697,479,13,36
draw_02476,2218.5707694539224,1736.3749999999998,0.9071969696969697,479,17,32
draw_02477,2338.56804433948,1707.3749999999998,0.8920454545454546,471,9,48
draw_02478,2131.7474971715906,1681.9999999999998,0.8787878787878788,464,19,45
draw_02479,2044.4281927760603,1645.7499999999998,0.8598484848484849,454,14,60
draw_02480,2139.738425701452,1656.6249999999998,0.865530303030303,457,17,54
draw_02481,2195.6546805600974,1696.4999999999998,0.8863636363636364,468,15,45
draw_02482,2113.39709734208,1750.8749999999998,0.9147727272727273,483,13,32
draw_02483,2153.8360308927363,1660.2499999999998,0.8674242424242424,458,17,53
draw_02484,2234.352962860524,1681.9999999999998,0.8787878787878788,464,17,47
draw_02485,2137.4199841880554,1718.2499999999998,0.8977272727272727,474,16,38
draw_02486,2139.6029151417183,1772.6249999999998,0.9261363636363636,489,9,30
draw_02487,2351.7576422168604,1797.9999999999998,0.9393939393939394,496,4,28
draw_02488,2218.0686022131013,1660.2499999999998,0.8674242424242424,458,26,44
draw_02489,2074.764692408746,1707.3749999999998,0.8920454545454546,471,14,43
draw_02490,2384.7573389520358,1787.1249999999998,0.9337121212121212,493,10,25
draw_02491,2141.196092660679,1732.7499999999998,0.9053030303030303,478,13,37
draw_02492,2261.6945916518316,1787.1249999999998,0.9337121212121212,493,11,24
draw_02493,2127.844696558545,1642.1249999999998,0.8579545454545454,453,12,63
draw_02494,2160.99123827274,1750.8749999999998,0.9147727272727273,483,15,30
draw_02495,1976.1480197438416,1671.1249999999998,0.8731060606060606,461,17,50
draw_02496,2245.237870096743,1707.3749999999998,0.8920454545454546,471,15,42
draw_02497,2301.113394409263,1721.8749999999998,0.8996212121212122,475,12,41
draw_02498,2288.476119983856,1787.1249999999998,0.9337121212121212,493,11,24
draw_02499,2051.6693960624075,1660.2499999999998,0.8674242424242424,458,13,57
draw_02500,2128.8886141163443,1678.3749999999998,0.8768939393939394,463,19,46
draw_02501,2061.493955643636,1714.6249999999998,0.8958333333333334,473,13,42
draw_02502,2128.3704778972947,1707.3749999999998,0.8920454545454546,471,24,33
draw_02503,2054.6304258211394,1707.3749999999998,0.8920454545454546,471,14,43
draw_02504,2252.8622493151056,1721.8749999999998,0.8996212121212122,475,13,40
draw_02505,1942.9920551326302,1729.1249999999998,0.9034090909090909,477,13,38
draw_02506,2210.575840454177,1768.9999999999998,0.9242424242424242,488,13,27
draw_02507,2067.5270094347366,1739.9999999999998,0.9090909090909091,480,8,40
draw_02508,2293.8537779247195,1667.4999999999998,0.8712121212121212,460,25,43
draw_02509,2170.4404617802015,1700.1249999999998,0.8882575757575758,469,15,44
draw_02510,2131.7098303932307,1736.3749999999998,0.9071969696969697,479,7,42
draw_02511,1981.2203504663607,1569.6249999999998,0.8200757575757576,433,27,68
draw_02512,2325.58017740803,1797.9999999999998,0.9393939393939394,496,10,22
draw_02513,2354.0452531042674,1772.6249999999998,0.9261363636363636,489,16,23
draw_02514,2360.8279178220632,1808.8749999999998,0.9450757575757576,499,12,17
draw_02515,2207.7149376490133,1681.9999999999998,0.8787878787878788,464,13,51
draw_02516,2493.8227940265597,1772.6249999999998,0.9261363636363636,489,18,21
draw_02517,2281.6044698583123,1736.3749999999998,0.9071969696969697,479,16,33
draw_02518,2126.1027234858943,1725.4999999999998,0.9015151515151515,476,13,39
draw_02519,2067.858500741494,1710.9999999999998,0.8939393939393939,472,20,36
draw_02520,2398.3190373431094,1732.7499999999998,0.9053030303030303,478,18,32
draw_02521,2188.032482517041,1660.2499999999998,0.8674242424242424,458,15,55
draw_02522,2247.727014454255,1816.1249999999998,0.9488636363636364,501,11,16
draw_02523,2240.2587828346072,1667.4999999999998,0.8712121212121212,460,18,50
draw_02524,2185.2967395675655,1779.8749999999998,0.9299242424242424,491,11,26
draw_02525,2009.4885972903526,1689.2499999999998,0.8825757575757576,466,10,52
draw_02526,2169.211608385642,1710.9999999999998,0.8939393939393939,472,22,34
draw_02527,2127.9912396937366,1649.3749999999998,0.8617424242424242,455,23,50
draw_02528,2036.917539501447,1685.6249999999998,0.8806818181818182,465,14,49
draw_02529,1980.5153667241273,1620.3749999999998,0.8465909090909091,447,22,59
draw_02530,2604.204213815891,1747.2499999999998,0.9128787878787878,482,10,36
draw_02531,2331.6439694220967,1678.3749999999998,0.8768939393939394,463,22,43
draw_02532,2075.575096300523,1779.8749999999998,0.9299242424242424,491,9,28
draw_02533,2088.0255558116955,1776.2499999999998,0.928030303030303,490,12,26
draw_02534,2387.0252004826125,1823.3749999999998,0.9526515151515151,503,9,16
draw_02535,2232.6987117641565,1754.4999999999998,0.9166666666666666,484,20,24
draw_02536,2035.029609232135,1667.4999999999998,0.8712121212121212,460,15,53
draw_02537,2278.0535452709605,1721.8749999999998,0.8996212121212122,475,10,43
draw_02538,2320.848054729753,1801.6249999999998,0.9412878787878788,497,5,26
draw_02539,2274.8413530342496,1725.4999999999998,0.9015151515151515,476,15,37
draw_02540,2337.2384465416917,1660.2499999999998,0.8674242424242424,458,24,46
draw_02541,2171.5294822208148,1750.8749999999998,0.9147727272727273,483,8,37
draw_02542,2221.624354177863,1703.7499999999998,0.8901515151515151,470,17,41
draw_02543,2177.079210482905,1787.1249999999998,0.9337121212121212,493,12,23
draw_02544,2276.8647766379663,1801.6249999999998,0.9412878787878788,497,17,14
draw_02545,2180.8199843312304,1732.7499999999998,0.9053030303030303,478,16,34
draw_02546,2185.8094720656627,1692.8749999999998,0.884469696969697,467,20,41
draw_02547,2358.636448649289,1652.9999999999998,0.8636363636363636,456,17,55
draw_02548,2197.020650940298,1681.9999999999998,0.8787878787878788,464,22,42
draw_02549,1992.8142815986305,1729.1249999999998,0.9034090909090909,477,15,36
draw_02550,2144.9232124882355,1743.6249999999998,0.9109848484848485,481,16,31
draw_02551,2262.2588545384415,1725.4999999999998,0.9015151515151515,476,8,44
draw_02552,2328.644061019017,1707.3749999999998,0.8920454545454546,471,27,30
draw_02553,2237.7909148107133,1765.3749999999998,0.9223484848484849,487,14,27
draw_02554,2352.945252944525,1729.1249999999998,0.9034090909090909,477,18,33
draw_02555,2185.558085500091,1739.9999999999998,0.9090909090909091,480,19,29
draw_02556,2150.9104610390896,1696.4999999999998,0.8863636363636364,468,10,50
draw_02557,2229.4964133424946,1750.8749999999998,0.9147727272727273,483,13,32
draw_02558,2041.9792467020134,1689.2499999999998,0.8825757575757576,466,13,49
draw_02559,2239.503975203444,1631.2499999999998,0.8522727272727273,450,27,51
draw_02560,2165.6397742735016,1805.2499999999998,0.9431818181818182,498,3,27
draw_02561,2147.275613495443,1750.8749999999998,0.9147727272727273,483,20,25
draw_02562,2237.5318171723657,1761.7499999999998,0.9204545454545454,486,16,26
draw_02563,2033.4056001987221,1649.3749999999998,0.8617424242424242,455,15,58
draw_02564,2151.4334662791302,1685.6249999999998,0.8806818181818182,465,15,48
draw_02565,2224.485311632985,1743.6249999999998,0.9109848484848485,481,19,28
draw_02566,2270.260742649138,1768.9999999999998,0.9242424242424242,488,13,27
draw_02567,2466.5603378466913,1707.3749999999998,0.8920454545454546,471,18,39
draw_02568,2271.327489910188,1696.4999999999998,0.8863636363636364,468,24,36
draw_02569,2314.844132971044,1761.7499999999998,0.9204545454545454,486,19,23
draw_02570,2095.62867652066,1631.2499999999998,0.8522727272727273,450,24,54
draw_02571,1975.2414415454816,1663.8749999999998,0.8693181818181818,459,16,53
draw_02572,1956.1805753850479,1580.4999999999998,0.8257575757575758,436,25,67
draw_02573,2358.7477307278946,1765.3749999999998,0.9223484848484849,487,13,28
draw_02574,2250.912540403862,1776.2499999999998,0.928030303030303,490,15,23
draw_02575,2321.021965275179,1681.9999999999998,0.8787878787878788,464,9,55
draw_02576,2275.820473570332,1729.1249999999998,0.9034090909090909,477,13,38
draw_02577,2169.4033549591627,1689.2499999999998,0.8825757575757576,466,11,51
draw_02578,2453.5408430848665,1790.7499999999998,0.9356060606060606,494,14,20
draw_02579,2049.6806828082917,1652.9999999999998,0.8636363636363636,456,27,45
draw_02580,2422.2440243464357,1721.8749999999998,0.8996212121212122,475,10,43
draw_02581,2077.9129948922246,1685.6249999999998,0.8806818181818182,465,28,35
draw_02582,2109.8639634984133,1642.1249999999998,0.8579545454545454,453,20,55
draw_02583,2229.1667752260155,1703.7499999999998,0.8901515151515151,470,16,42
draw_02584,2539.785664121953,1765.3749999999998,0.9223484848484849,487,9,32
draw_02585,2126.6187942241327,1594.9999999999998,0.8333333333333334,440,23,65
draw_02586,2180.5908298725412,1732.7499999999998,0.9053030303030303,478,12,38
draw_02587,2039.0181673606553,1623.9999999999998,0.8484848484848485,448,23,57
draw_02588,2213.769619722307,1700.1249999999998,0.8882575757575758,469,10,49
draw_02589,2174.1771381030226,1638.4999999999998,0.8560606060606061,452,21,55
draw_02590,2411.1250853877623,1703.7499999999998,0.8901515151515151,470,15,43
draw_02591,2434.6022402644353,1703.7499999999998,0.8901515151515151,470,26,32
draw_02592,2129.128528874569,1602.2499999999998,0.8371212121212122,442,19,67
draw_02593,2179.872051006256,1710.9999999999998,0.8939393939393939,472,13,43
draw_02594,2038.8006062579027,1714.6249999999998,0.8958333333333334,473,11,44
draw_02595,2181.9879250653935,1754.4999999999998,0.9166666666666666,484,10,34
draw_02596,2233.9486710699834,1779.8749999999998,0.9299242424242424,491,13,24
draw_02597,2042.1895728075924,1732.7499999999998,0.9053030303030303,478,10,40
draw_02598,2437.3948725666173,1743.6249999999998,0.9109848484848485,481,13,34
draw_02599,2135.83790863317,1681.9999999999998,0.8787878787878788,464,9,55
draw_02600,2136.6998000273024,1678.3749999999998,0.8768939393939394,463,18,47
draw_02601,2093.8140825404143,1714.6249999999998,0.8958333333333334,473,10,45
draw_02602,2374.0563820998887,1761.7499999999998,0.9204545454545454,486,14,28
draw_02603,2205.5454383084384,1645.7499999999998,0.8598484848484849,454,15,59
draw_02604,2080.1306659052398,1616.7499999999998,0.8446969696969697,446,19,63
draw_02605,2091.7294961327466,1663.8749999999998,0.8693181818181818,459,21,48
draw_02606,2134.423871164904,1620.3749999999998,0.8465909090909091,447,12,69
draw_02607,2152.8187421181956,1631.2499999999998,0.8522727272727273,450,17,61
draw_02608,2116.753341919182,1689.2499999999998,0.8825757575757576,466,22,40
draw_02609,2117.164405611916,1729.1249999999998,0.9034090909090909,477,16,35
draw_02610,2209.484520699258,1718.2499999999998,0.8977272727272727,474,16,38
draw_02611,2055.4743020306296,1721.8749999999998,0.8996212121212122,475,23,30
draw_02612,2025.73045737048,1638.4999999999998,0.8560606060606061,452,22,54
draw_02613,2298.268222242404,1725.4999999999998,0.9015151515151515,476,14,38
draw_02614,2327.7514633256233,1750.8749999999998,0.9147727272727273,483,8,37
draw_02615,2131.150200938943,1743.6249999999998,0.9109848484848485,481,18,29
draw_02616,2210.9507935297647,1721.8749999999998,0.8996212121212122,475,17,36
draw_02617,2291.410482180034,1819.7499999999998,0.9507575757575758,502,10,16
draw_02618,2164.7276987001633,1787.1249999999998,0.9337121212121212,493,6,29
draw_02619,2371.40309537862,1783.4999999999998,0.9318181818181818,492,11,25
draw_02620,1951.9994394199061,1649.3749999999998,0.8617424242424242,455,16,57
draw_02621,2091.197863512766,1656.6249999999998,0.865530303030303,457,17,54
draw_02622,2323.9807578693453,1758.1249999999998,0.9185606060606061,485,10,33
draw_02623,2191.079621859816,1743.6249999999998,0.9109848484848485,481,13,34
draw_02624,2255.9717392889056,1765.3749999999998,0.9223484848484849,487,13,28
draw_02625,2196.3176957737464,1707.3749999999998,0.8920454545454546,471,18,39
draw_02626,1962.6219090769453,1714.6249999999998,0.8958333333333334,473,17,38
draw_02627,2298.811171304431,1758.1249999999998,0.9185606060606061,485,9,34
draw_02628,2107.4947578010697,1649.3749999999998,0.8617424242424242,455,14,59
draw_02629,2275.0282128465587,1747.2499999999998,0.9128787878787878,482,14,32
draw_02630,2042.991510419091,1703.7499999999998,0.8901515151515151,470,16,42
draw_02631,2215.160391363053,1761.7499999999998,0.9204545454545454,486,13,29
draw_02632,2205.38869833493,1823.3749999999998,0.9526515151515151,503,10,15
draw_02633,2147.1332458726683,1710.9999999999998,0.8939393939393939,472,11,45
draw_02634,2059.217328400102,1678.3749999999998,0.8768939393939394,463,17,48
draw_02635,2242.09236312737,1678.3749999999998,0.8768939393939394,463,14,51
draw_02636,2395.6482081568224,1765.3749999999998,0.9223484848484849,487,10,31
draw_02637,2070.197440386981,1663.8749999999998,0.8693181818181818,459,13,56
draw_02638,2098.237524494859,1718.2499999999998,0.8977272727272727,474,22,32
draw_02639,2070.4999228088063,1689.2499999999998,0.8825757575757576,466,18,44
draw_02640,2081.7990832465975,1584.1249999999998,0.8276515151515151,437,24,67
draw_02641,2218.091657709639,1768.9999999999998,0.9242424242424242,488,11,29
draw_02642,1961.9725699156518,1591.3749999999998,0.8314393939393939,439,26,63
draw_02643,2211.2929460507426,1794.3749999999998,0.9375,495,6,27
draw_02644,2368.8635674670772,1631.2499999999998,0.8522727272727273,450,27,51
draw_02645,2291.010332996698,1779.8749999999998,0.9299242424242424,491,12,25
draw_02646,2173.5548231185744,1649.3749999999998,0.8617424242424242,455,18,55
draw_02647,2145.7474441991553,1707.3749999999998,0.8920454545454546,471,14,43
draw_02648,1990.8470313532484,1685.6249999999998,0.8806818181818182,465,16,47
draw_02649,2450.173667507656,1732.7499999999998,0.9053030303030303,478,12,38
draw_02650,2232.4402044977965,1721.8749999999998,0.8996212121212122,475,15,38
draw_02651,2137.598872688904,1674.7499999999998,0.875,462,23,43
draw_02652,2255.3560997299196,1714.6249999999998,0.8958333333333334,473,22,33
draw_02653,1899.501419406165,1700.1249999999998,0.8882575757575758,469,19,40
draw_02654,2210.181340634668,1656.6249999999998,0.865530303030303,457,23,48
draw_02655,2385.913030104476,1779.8749999999998,0.9299242424242424,491,9,28
draw_02656,2193.7970515510124,1692.8749999999998,0.884469696969697,467,21,40
draw_02657,2223.971932716952,1743.6249999999998,0.9109848484848485,481,12,35
draw_02658,2067.126120677467,1754.4999999999998,0.9166666666666666,484,15,29
draw_02659,2247.0205550696546,1700.1249999999998,0.8882575757575758,469,15,44
draw_02660,2241.2866324536635,1707.3749999999998,0.8920454545454546,471,18,39
draw_02661,2253.4971983498385,1743.6249999999998,0.9109848484848485,481,16,31
draw_02662,2428.182108168077,1761.7499999999998,0.9204545454545454,486,12,30
draw_02663,2059.5686606425024,1663.8749999999998,0.8693181818181818,459,18,51
draw_02664,2230.151075726074,1743.6249999999998,0.9109848484848485,481,19,28
draw_02665,2266.8642800328835,1609.4999999999998,0.8409090909090909,444,31,53
draw_02666,2389.6318165368452,1747.2499999999998,0.9128787878787878,482,14,32
draw_02667,2321.866349597507,1779.8749999999998,0.9299242424242424,491,9,28
draw_02668,2307.593324675926,1696.4999999999998,0.8863636363636364,468,18,42
draw_02669,2259.515085417089,1732.7499999999998,0.9053030303030303,478,15,35
draw_02670,2296.9202715564425,1812.4999999999998,0.946969696969697,500,11,17
draw_02671,2111.0723001977653,1707.3749999999998,0.8920454545454546,471,12,45
draw_02672,2159.5761572734764,1660.2499999999998,0.8674242424242424,458,19,51
draw_02673,2228.408685263505,1685.6249999999998,0.8806818181818182,465,17,46
draw_02674,2053.2510163786346,1696.4999999999998,0.8863636363636364,468,21,39
draw_02675,2190.4814874690255,1663.8749999999998,0.8693181818181818,459,20,49
draw_02676,2198.785629636035,1667.4999999999998,0.8712121212121212,460,16,52
draw_02677,2281.9344538918845,1692.8749999999998,0.884469696969697,467,16,45
draw_02678,2154.000470444883,1674.7499999999998,0.875,462,17,49
draw_02679,2186.1268858240956,1783.4999999999998,0.9318181818181818,492,10,26
draw_02680,2255.0211065664953,1729.1249999999998,0.9034090909090909,477,19,32
draw_02681,2040.2953141059834,1613.1249999999998,0.8428030303030303,445,17,66
draw_02682,2074.9489347099347,1754.4999999999998,0.9166666666666666,484,12,32
draw_02683,2185.9019092795634,1707.3749999999998,0.8920454545454546,471,16,41
draw_02684,2128.508062828277,1765.3749999999998,0.9223484848484849,487,10,31
draw_02685,2117.5052086281125,1729.1249999999998,0.9034090909090909,477,12,39
draw_02686,1990.1931595004764,1652.9999999999998,0.8636363636363636,456,23,49
draw_02687,2171.5748436986123,1747.2499999999998,0.9128787878787878,482,12,34
draw_02688,2212.216454887019,1681.9999999999998,0.8787878787878788,464,15,49
draw_02689,2169.4796613356352,1776.2499999999998,0.928030303030303,490,14,24
draw_02690,2154.257196278065,1790.7499999999998,0.9356060606060606,494,10,24
draw_02691,2238.8662706071786,1736.3749999999998,0.9071969696969697,479,11,38
draw_02692,2233.9689309572027,1776.2499999999998,0.928030303030303,490,11,27
draw_02693,2032.50784570377,1736.3749999999998,0.9071969696969697,479,10,39
draw_02694,2393.331256375221,1750.8749999999998,0.9147727272727273,483,12,33
draw_02695,2439.3643494373796,1823.3749999999998,0.9526515151515151,503,8,17
draw_02696,2273.746538842301,1703.7499999999998,0.8901515151515151,470,12,46
draw_02697,2189.4048997379114,1732.7499999999998,0.9053030303030303,478,14,36
draw_02698,2152.224928736298,1700.1249999999998,0.8882575757575758,469,23,36
draw_02699,2141.731974396993,1718.2499999999998,0.8977272727272727,474,21,33
draw_02700,2186.6400004279653,1808.8749999999998,0.9450757575757576,499,11,18
draw_02701,2224.2654553347247,1729.1249999999998,0.9034090909090909,477,18,33
draw_02702,2185.7501239290973,1812.4999999999998,0.946969696969697,500,5,23
draw_02703,2084.570793506086,1736.3749999999998,0.9071969696969697,479,23,26
draw_02704,2444.5506375375626,1790.7499999999998,0.9356060606060606,494,14,20
draw_02705,2335.8577099250388,1747.2499999999998,0.9128787878787878,482,9,37
draw_02706,1930.0445714282073,1667.4999999999998,0.8712121212121212,460,16,52
draw_02707,2174.2551855920296,1729.1249999999998,0.9034090909090909,477,11,40
draw_02708,2358.639027948965,1801.6249999999998,0.9412878787878788,497,11,20
draw_02709,2124.3045190725766,1772.6249999999998,0.9261363636363636,489,9,30
draw_02710,2090.715353502577,1729.1249999999998,0.9034090909090909,477,11,40
draw_02711,2035.2966839556805,1649.3749999999998,0.8617424242424242,455,15,58
draw_02712,2122.3410670589656,1623.9999999999998,0.8484848484848485,448,28,52
draw_02713,2112.0061966258286,1710.9999999999998,0.8939393939393939,472,18,38
draw_02714,2376.9795317106154,1768.9999999999998,0.9242424242424242,488,11,29
draw_02715,2084.2066293336006,1710.9999999999998,0.8939393939393939,472,19,37
draw_02716,2249.0743050811666,1765.3749999999998,0.9223484848484849,487,14,27
draw_02717,2260.8389657108983,1692.8749999999998,0.884469696969697,467,14,47
draw_02718,2143.6180437464195,1754.4999999999998,0.9166666666666666,484,19,25
draw_02719,2084.4046248039854,1703.7499999999998,0.8901515151515151,470,16,42
draw_02720,2219.6328477627717,1689.2499999999998,0.8825757575757576,466,13,49
draw_02721,2290.6403797944517,1649.3749999999998,0.8617424242424242,455,17,56
draw_02722,2042.4019889038343,1710.9999999999998,0.8939393939393939,472,30,26
draw_02723,2228.669708140593,1808.8749999999998,0.9450757575757576,499,6,23
draw_02724,2203.1685425206415,1776.2499999999998,0.928030303030303,490,16,22
draw_02725,2129.4257768116063,1718.2499999999998,0.8977272727272727,474,18,36
draw_02726,2090.012311941769,1703.7499999999998,0.8901515151515151,470,20,38
draw_02727,2241.0078779994956,1732.7499999999998,0.9053030303030303,478,14,36
draw_02728,2034.66528337571,1736.3749999999998,0.9071969696969697,479,13,36
draw_02729,2114.138710416398,1663.8749999999998,0.8693181818181818,459,17,52
draw_02730,2040.2703422035493,1721.8749999999998,0.8996212121212122,475,12,41
draw_02731,2281.238162886293,1779.8749999999998,0.9299242424242424,491,15,22
draw_02732,2263.5282804153403,1692.8749999999998,0.884469696969697,467,11,50
draw_02733,2212.906854958467,1758.1249999999998,0.9185606060606061,485,24,19
draw_02734,2125.756136708892,1678.3749999999998,0.8768939393939394,463,11,54
draw_02735,2166.9665250125267,1710.9999999999998,0.8939393939393939,472,14,42
draw_02736,2262.6743618008068,1758.1249999999998,0.9185606060606061,485,19,24
draw_02737,2165.9750741795974,1696.4999999999998,0.8863636363636364,468,20,40
draw_02738,2266.9415917757265,1768.9999999999998,0.9242424242424242,488,12,28
draw_02739,2291.22693551211,1718.2499999999998,0.8977272727272727,474,17,37
draw_02740,2008.802084744003,1703.7499999999998,0.8901515151515151,470,8,50
draw_02741,2157.8063984772143,1681.9999999999998,0.8787878787878788,464,16,48
draw_02742,2154.162628337646,1790.7499999999998,0.9356060606060606,494,12,22
draw_02743,2092.3480475373135,1703.7499999999998,0.8901515151515151,470,15,43
draw_02744,2125.3680028026156,1696.4999999999998,0.8863636363636364,468,22,38
draw_02745,2115.508109755985,1652.9999999999998,0.8636363636363636,456,13,59
draw_02746,2071.2349612012135,1729.1249999999998,0.9034090909090909,477,16,35
draw_02747,2486.6864914250987,1772.6249999999998,0.9261363636363636,489,17,22
draw_02748,2075.374341346857,1649.3749999999998,0.8617424242424242,455,21,52
draw_02749,2096.861540024015,1674.7499999999998,0.875,462,20,46
draw_02750,2195.538520771771,1692.8749999999998,0.884469696969697,467,21,40
draw_02751,2146.8207899424465,1725.4999999999998,0.9015151515151515,476,19,33
draw_02752,2217.294738822123,1765.3749999999998,0.9223484848484849,487,6,35
draw_02753,2219.6017628931213,1743.6249999999998,0.9109848484848485,481,12,35
draw_02754,2217.3120595554965,1721.8749999999998,0.8996212121212122,475,17,36
draw_02755,2327.7088116242917,1729.1249999999998,0.9034090909090909,477,10,41
draw_02756,2111.3101114406554,1812.4999999999998,0.946969696969697,500,11,17
draw_02757,2337.6609442418603,1790.7499999999998,0.9356060606060606,494,9,25
draw_02758,2407.500140612714,1696.4999999999998,0.8863636363636364,468,15,45
draw_02759,1993.645770215048,1685.6249999999998,0.8806818181818182,465,14,49
draw_02760,1880.7622762675678,1609.4999999999998,0.8409090909090909,444,21,63
draw_02761,2364.6317666150408,1790.7499999999998,0.9356060606060606,494,10,24
draw_02762,2244.8700898824723,1750.8749999999998,0.9147727272727273,483,20,25
draw_02763,2307.364427500123,1689.2499999999998,0.8825757575757576,466,19,43
draw_02764,2197.4058618151325,1649.3749999999998,0.8617424242424242,455,26,47
draw_02765,2323.630237878206,1718.2499999999998,0.8977272727272727,474,7,47
draw_02766,2290.2656078080227,1837.8749999999998,0.9602272727272727,507,2,19
draw_02767,2215.985782005941,1689.2499999999998,0.8825757575757576,466,14,48
draw_02768,2185.0463161680223,1718.2499999999998,0.8977272727272727,474,18,36
draw_02769,2174.6363813350627,1663.8749999999998,0.8693181818181818,459,12,57
draw_02770,2164.589418810531,1747.2499999999998,0.9128787878787878,482,14,32
draw_02771,2070.7381114677787,1620.3749999999998,0.8465909090909091,447,21,60
draw_02772,1973.1511971443067,1678.3749999999998,0.8768939393939394,463,23,42
draw_02773,2045.5514453768094,1761.7499999999998,0.9204545454545454,486,12,30
draw_02774,2230.53791478482,1732.7499999999998,0.9053030303030303,478,19,31
draw_02775,2338.090842192049,1703.7499999999998,0.8901515151515151,470,15,43
draw_02776,2163.1290574925406,1678.3749999999998,0.8768939393939394,463,13,52
draw_02777,2297.3914424464165,1776.2499999999998,0.928030303030303,490,17,21
draw_02778,2206.6266522761953,1732.7499999999998,0.9053030303030303,478,17,33
draw_02779,2230.4341608956574,1747.2499999999998,0.9128787878787878,482,14,32
draw_02780,2095.040980450962,1750.8749999999998,0.9147727272727273,483,12,33
draw_02781,2360.32978216243,1801.6249999999998,0.9412878787878788,497,11,20
draw_02782,2139.940156566429,1689.2499999999998,0.8825757575757576,466,22,40
draw_02783,2025.3078259543936,1700.1249999999998,0.8882575757575758,469,21,38
draw_02784,2193.358648636049,1765.3749999999998,0.9223484848484849,487,8,33
draw_02785,2256.4715221236147,1674.7499999999998,0.875,462,22,44
draw_02786,2055.1135693330098,1747.2499999999998,0.9128787878787878,482,11,35
draw_02787,2045.870207429236,1642.1249999999998,0.8579545454545454,453,25,50
draw_02788,2146.2738541827616,1707.3749999999998,0.8920454545454546,471,26,31
draw_02789,2249.7044361095377,1732.7499999999998,0.9053030303030303,478,16,34
draw_02790,2314.2778742318,1703.7499999999998,0.8901515151515151,470,13,45
draw_02791,2192.5481724548,1685.6249999999998,0.8806818181818182,465,16,47
draw_02792,2085.38578033021,1696.4999999999998,0.8863636363636364,468,25,35
draw_02793,2295.7741984913073,1732.7499999999998,0.9053030303030303,478,14,36
draw_02794,2154.1018046155955,1700.1249999999998,0.8882575757575758,469,15,44
draw_02795,2109.866990388861,1729.1249999999998,0.9034090909090909,477,15,36
draw_02796,2351.0309506564604,1747.2499999999998,0.9128787878787878,482,18,28
draw_02797,2551.421040936775,1663.8749999999998,0.8693181818181818,459,10,59
draw_02798,2333.9652402259403,1736.3749999999998,0.9071969696969697,479,6,43
draw_02799,2356.6149717937387,1729.1249999999998,0.9034090909090909,477,6,45
draw_02800,2206.4851300012133,1681.9999999999998,0.8787878787878788,464,13,51
draw_02801,2313.208527616924,1776.2499999999998,0.928030303030303,490,5,33
draw_02802,2218.0809119524984,1776.2499999999998,0.928030303030303,490,17,21
draw_02803,1975.3053984884573,1747.2499999999998,0.9128787878787878,482,15,31
draw_02804,1892.1264786731924,1613.1249999999998,0.8428030303030303,445,35,48
draw_02805,2177.6331811672485,1696.4999999999998,0.8863636363636364,468,19,41
draw_02806,2146.736105379869,1652.9999999999998,0.8636363636363636,456,18,54
draw_02807,2217.0255227949287,1703.7499999999998,0.8901515151515151,470,20,38
draw_02808,2131.5079593940445,1681.9999999999998,0.8787878787878788,464,20,44
draw_02809,2144.863974933034,1678.3749999999998,0.8768939393939394,463,19,46
draw_02810,2112.2171650860073,1685.6249999999998,0.8806818181818182,465,20,43
draw_02811,2344.1773759633884,1772.6249999999998,0.9261363636363636,489,6,33
draw_02812,2216.6005219979716,1729.1249999999998,0.9034090909090909,477,15,36
draw_02813,1999.570275806035,1660.2499999999998,0.8674242424242424,458,18,52
draw_02814,2129.113492930388,1609.4999999999998,0.8409090909090909,444,11,73
draw_02815,2266.267818960417,1671.1249999999998,0.8731060606060606,461,26,41
draw_02816,2235.0940648367073,1656.6249999999998,0.865530303030303,457,14,57
draw_02817,2228.5018711187568,1754.4999999999998,0.9166666666666666,484,17,27
draw_02818,2168.188158604303,1743.6249999999998,0.9109848484848485,481,11,36
draw_02819,2300.7837417648584,1707.3749999999998,0.8920454545454546,471,12,45
draw_02820,2199.184748941017,1787.1249999999998,0.9337121212121212,493,17,18
draw_02821,2043.0884527090407,1678.3749999999998,0.8768939393939394,463,20,45
draw_02822,2241.713964312061,1725.4999999999998,0.9015151515151515,476,20,32
draw_02823,2246.282239690609,1671.1249999999998,0.8731060606060606,461,17,50
draw_02824,2167.712554347927,1750.8749999999998,0.9147727272727273,483,20,25
draw_02825,2157.6791230037093,1671.1249999999998,0.8731060606060606,461,22,45
draw_02826,2107.2788152268245,1714.6249999999998,0.8958333333333334,473,21,34
draw_02827,2110.9031627158683,1714.6249999999998,0.8958333333333334,473,7,48
draw_02828,2061.231130166255,1685.6249999999998,0.8806818181818182,465,12,51
draw_02829,2211.1980106234664,1739.9999999999998,0.9090909090909091,480,14,34
draw_02830,1955.5819276086227,1580.4999999999998,0.8257575757575758,436,17,75
draw_02831,2111.8619944073307,1689.2499999999998,0.8825757575757576,466,13,49
draw_02832,2277.826957449529,1747.2499999999998,0.9128787878787878,482,16,30
draw_02833,2194.807622741816,1768.9999999999998,0.9242424242424242,488,8,32
draw_02834,2256.2345313972687,1739.9999999999998,0.9090909090909091,480,10,38
draw_02835,2291.77896851835,1685.6249999999998,0.8806818181818182,465,16,47
draw_02836,2237.2847540072335,1714.6249999999998,0.8958333333333334,473,19,36
draw_02837,2113.15822885854,1714.6249999999998,0.8958333333333334,473,15,40
draw_02838,2297.5251821959564,1758.1249999999998,0.9185606060606061,485,14,29
draw_02839,2282.0162966750618,1714.6249999999998,0.8958333333333334,473,18,37
draw_02840,2231.0512365137606,1663.8749999999998,0.8693181818181818,459,12,57
draw_02841,2372.6388691763023,1703.7499999999998,0.8901515151515151,470,15,43
draw_02842,2123.3976203796333,1725.4999999999998,0.9015151515151515,476,17,35
draw_02843,2192.6512883613723,1681.9999999999998,0.8787878787878788,464,25,39
draw_02844,2167.18251804979,1685.6249999999998,0.8806818181818182,465,21,42
draw_02845,2251.006965610261,1758.1249999999998,0.9185606060606061,485,14,29
draw_02846,2391.0486077353407,1750.8749999999998,0.9147727272727273,483,18,27
draw_02847,2131.630131612425,1758.1249999999998,0.9185606060606061,485,10,33
draw_02848,2155.846447544204,1721.8749999999998,0.8996212121212122,475,11,42
draw_02849,1937.041653310784,1660.2499999999998,0.8674242424242424,458,9,61
draw_02850,2361.024784561036,1765.3749999999998,0.9223484848484849,487,19,22
draw_02851,2245.9937784953754,1696.4999999999998,0.8863636363636364,468,20,40
draw_02852,2012.0466535121643,1569.6249999999998,0.8200757575757576,433,18,77
draw_02853,2294.179078970978,1750.8749999999998,0.9147727272727273,483,14,31
draw_02854,2436.1566185099787,1772.6249999999998,0.9261363636363636,489,8,31
draw_02855,2167.1825935336174,1700.1249999999998,0.8882575757575758,469,12,47
draw_02856,2122.8288641872505,1638.4999999999998,0.8560606060606061,452,15,61
draw_02857,2381.879238067926,1790.7499999999998,0.9356060606060606,494,9,25
draw_02858,2194.9948708101215,1681.9999999999998,0.8787878787878788,464,17,47
draw_02859,2226.8036741530295,1739.9999999999998,0.9090909090909091,480,11,37
draw_02860,2025.8366357112375,1736.3749999999998,0.9071969696969697,479,19,30
draw_02861,2096.7394491989617,1609.4999999999998,0.8409090909090909,444,20,64
draw_02862,2397.1150440191855,1703.7499999999998,0.8901515151515151,470,23,35
draw_02863,2182.8124436112976,1747.2499999999998,0.9128787878787878,482,13,33
draw_02864,2154.0829296187285,1671.1249999999998,0.8731060606060606,461,17,50
draw_02865,2234.825206648672,1768.9999999999998,0.9242424242424242,488,15,25
draw_02866,2172.1746332474304,1718.2499999999998,0.8977272727272727,474,18,36
draw_02867,2305.632855158913,1776.2499999999998,0.928030303030303,490,11,27
draw_02868,2399.0187510235432,1758.1249999999998,0.9185606060606061,485,13,30
draw_02869,2263.2585166042013,1703.7499999999998,0.8901515151515151,470,12,46
draw_02870,2132.48767259564,1689.2499999999998,0.8825757575757576,466,20,42
draw_02871,2283.182716852539,1714.6249999999998,0.8958333333333334,473,15,40
draw_02872,2196.7610737349137,1689.2499999999998,0.8825757575757576,466,10,52
draw_02873,2305.4725586986538,1681.9999999999998,0.8787878787878788,464,20,44
draw_02874,2263.1098445213943,1714.6249999999998,0.8958333333333334,473,16,39
draw_02875,2338.3318621023573,1710.9999999999998,0.8939393939393939,472,15,41
draw_02876,1975.314864847038,1750.8749999999998,0.9147727272727273,483,15,30
draw_02877,2244.5700298599013,1721.8749999999998,0.8996212121212122,475,15,38
draw_02878,2348.6283944342217,1685.6249999999998,0.8806818181818182,465,23,40
draw_02879,2236.51838719328,1678.3749999999998,0.8768939393939394,463,21,44
draw_02880,2032.138428039832,1656.6249999999998,0.865530303030303,457,25,46
draw_02881,2312.5180693735797,1689.2499999999998,0.8825757575757576,466,16,46
draw_02882,2170.933680220348,1718.2499999999998,0.8977272727272727,474,18,36
draw_02883,2157.867993165517,1739.9999999999998,0.9090909090909091,480,22,26
draw_02884,2154.8575823627075,1671.1249999999998,0.8731060606060606,461,23,44
draw_02885,2176.8293911996984,1761.7499999999998,0.9204545454545454,486,13,29
draw_02886,2123.9514734444674,1729.1249999999998,0.9034090909090909,477,13,38
draw_02887,2082.295288164684,1750.8749999999998,0.9147727272727273,483,15,30
draw_02888,2363.003797868043,1656.6249999999998,0.865530303030303,457,27,44
draw_02889,2248.4720956261413,1768.9999999999998,0.9242424242424242,488,11,29
draw_02890,2188.1302523973177,1739.9999999999998,0.9090909090909091,480,22,26
draw_02891,2241.667249235235,1707.3749999999998,0.8920454545454546,471,23,34
draw_02892,2307.640412072579,1663.8749999999998,0.8693181818181818,459,21,48
draw_02893,2354.0209495333365,1765.3749999999998,0.9223484848484849,487,8,33
draw_02894,2286.694252505671,1707.3749999999998,0.8920454545454546,471,20,37
draw_02895,2398.4379793145176,1649.3749999999998,0.8617424242424242,455,25,48
draw_02896,2184.3884950754687,1692.8749999999998,0.884469696969697,467,9,52
draw_02897,2244.341859169732,1743.6249999999998,0.9109848484848485,481,20,27
draw_02898,2156.970766283584,1794.3749999999998,0.9375,495,15,18
draw_02899,2249.8136388104076,1729.1249999999998,0.9034090909090909,477,23,28
draw_02900,2103.470807030512,1758.1249999999998,0.9185606060606061,485,11,32
draw_02901,2203.2980846440673,1747.2499999999998,0.9128787878787878,482,10,36
draw_02902,2181.020373921313,1703.7499999999998,0.8901515151515151,470,14,44
draw_02903,2310.038632502655,1779.8749999999998,0.9299242424242424,491,10,27
draw_02904,2007.135677663932,1620.3749999999998,0.8465909090909091,447,25,56
draw_02905,2072.2404035533505,1700.1249999999998,0.8882575757575758,469,20,39
draw_02906,2336.9935782174375,1779.8749999999998,0.9299242424242424,491,4,33
draw_02907,2321.1028339428776,1667.4999999999998,0.8712121212121212,460,16,52
draw_02908,2119.276796055369,1703.7499999999998,0.8901515151515151,470,17,41
draw_02909,2168.7997078520793,1721.8749999999998,0.8996212121212122,475,16,37
draw_02910,2334.6527980399483,1707.3749999999998,0.8920454545454546,471,22,35
draw_02911,2344.9465509426927,1747.2499999999998,0.9128787878787878,482,11,35
draw_02912,2074.6915520415096,1576.8749999999998,0.8238636363636364,435,24,69
draw_02913,2341.6410139009085,1837.8749999999998,0.9602272727272727,507,3,18
draw_02914,2082.4007439944944,1671.1249999999998,0.8731060606060606,461,24,43
draw_02915,2123.0650965753875,1714.6249999999998,0.8958333333333334,473,14,41
draw_02916,2266.794249363224,1656.6249999999998,0.865530303030303,457,19,52
draw_02917,2350.2455468883313,1747.2499999999998,0.9128787878787878,482,11,35
draw_02918,2206.900761027745,1732.7499999999998,0.9053030303030303,478,16,34
draw_02919,2288.2177674374107,1790.7499999999998,0.9356060606060606,494,9,25
draw_02920,2271.0071274759275,1721.8749999999998,0.8996212121212122,475,15,38
draw_02921,2226.430985438968,1620.3749999999998,0.8465909090909091,447,22,59
draw_02922,2175.2654682255784,1700.1249999999998,0.8882575757575758,469,29,30
draw_02923,2363.4946202174983,1700.1249999999998,0.8882575757575758,469,23,36
draw_02924,2276.49250247986,1696.4999999999998,0.8863636363636364,468,19,41
draw_02925,2250.9531607642953,1768.9999999999998,0.9242424242424242,488,9,31
draw_02926,2074.36066929211,1692.8749999999998,0.884469696969697,467,15,46
draw_02927,2002.9304353106518,1627.6249999999998,0.8503787878787878,449,18,61
draw_02928,2466.5148280848525,1805.2499999999998,0.9431818181818182,498,12,18
draw_02929,2207.460583912538,1758.1249999999998,0.9185606060606061,485,12,31
draw_02930,2217.1418879375665,1718.2499999999998,0.8977272727272727,474,9,45
draw_02931,2149.3624244458733,1765.3749999999998,0.9223484848484849,487,12,29
draw_02932,2247.6121282851545,1707.3749999999998,0.8920454545454546,471,16,41
draw_02933,2056.172351241523,1725.4999999999998,0.9015151515151515,476,16,36
draw_02934,2365.044072979765,1754.4999999999998,0.9166666666666666,484,14,30
draw_02935,2409.4065845541245,1761.7499999999998,0.9204545454545454,486,12,30
draw_02936,2068.118832083929,1667.4999999999998,0.8712121212121212,460,21,47
draw_02937,2325.870144669041,1743.6249999999998,0.9109848484848485,481,15,32
draw_02938,2190.238094703517,1700.1249999999998,0.8882575757575758,469,15,44
draw_02939,2359.7603766976295,1779.8749999999998,0.9299242424242424,491,12,25
draw_02940,2133.8629297323655,1718.2499999999998,0.8977272727272727,474,18,36
draw_02941,2083.8988600693756,1649.3749999999998,0.8617424242424242,455,22,51
draw_02942,2205.540140079306,1707.3749999999998,0.8920454545454546,471,23,34
draw_02943,2100.9822781044422,1663.8749999999998,0.8693181818181818,459,18,51
draw_02944,2181.6590171268786,1703.7499999999998,0.8901515151515151,470,13,45
draw_02945,2334.102975058795,1729.1249999999998,0.9034090909090909,477,12,39
draw_02946,2009.3617861658056,1613.1249999999998,0.8428030303030303,445,24,59
draw_02947,2286.7110954583936,1816.1249999999998,0.9488636363636364,501,14,13
draw_02948,2028.2757808080446,1718.2499999999998,0.8977272727272727,474,16,38
draw_02949,2145.6903653998734,1700.1249999999998,0.8882575757575758,469,21,38
draw_02950,2321.4297733563626,1663.8749999999998,0.8693181818181818,459,18,51
draw_02951,2400.221478162755,1736.3749999999998,0.9071969696969697,479,24,25
draw_02952,2206.5132967202235,1758.1249999999998,0.9185606060606061,485,16,27
draw_02953,2123.9057910070783,1721.8749999999998,0.8996212121212122,475,18,35
draw_02954,2202.2164961144244,1681.9999999999998,0.8787878787878788,464,9,55
draw_02955,1837.5028775630972,1551.4999999999998,0.8106060606060606,428,20,80
draw_02956,2280.7660063162493,1736.3749999999998,0.9071969696969697,479,6,43
draw_02957,2335.326404704144,1747.2499999999998,0.9128787878787878,482,20,26
draw_02958,2385.636049997304,1783.4999999999998,0.9318181818181818,492,17,19
draw_02959,2175.4071874341744,1685.6249999999998,0.8806818181818182,465,24,39
draw_02960,2150.713717954447,1685.6249999999998,0.8806818181818182,465,14,49
draw_02961,2168.874768004996,1634.8749999999998,0.8541666666666666,451,20,57
draw_02962,2117.322161249074,1645.7499999999998,0.8598484848484849,454,10,64
draw_02963,2165.974836724135,1761.7499999999998,0.9204545454545454,486,12,30
draw_02964,2270.2176826761306,1819.7499999999998,0.9507575757575758,502,10,16
draw_02965,2222.319746029287,1739.9999999999998,0.9090909090909091,480,17,31
draw_02966,2105.915356519385,1721.8749999999998,0.8996212121212122,475,7,46
draw_02967,2322.7799812876447,1743.6249999999998,0.9109848484848485,481,11,36
draw_02968,2321.657457292642,1776.2499999999998,0.928030303030303,490,15,23
draw_02969,2203.7371551080028,1700.1249999999998,0.8882575757575758,469,12,47
draw_02970,2366.134526526925,1768.9999999999998,0.9242424242424242,488,14,26
draw_02971,2181.7030170701723,1707.3749999999998,0.8920454545454546,471,11,46
draw_02972,2317.234374664511,1750.8749999999998,0.9147727272727273,483,10,35
draw_02973,2191.779683413144,1797.9999999999998,0.9393939393939394,496,7,25
draw_02974,2071.8572327560814,1681.9999999999998,0.8787878787878788,464,19,45
draw_02975,2243.501731185166,1725.4999999999998,0.9015151515151515,476,18,34
draw_02976,2019.4448542701864,1710.9999999999998,0.8939393939393939,472,14,42
draw_02977,2035.2362207004658,1613.1249999999998,0.8428030303030303,445,15,68
draw_02978,2182.5937062481507,1707.3749999999998,0.8920454545454546,471,15,42
draw_02979,2245.134623455331,1729.1249999999998,0.9034090909090909,477,9,42
draw_02980,2139.2036402883796,1779.8749999999998,0.9299242424242424,491,16,21
draw_02981,1988.2030465276582,1663.8749999999998,0.8693181818181818,459,31,38
draw_02982,2301.9664083086323,1674.7499999999998,0.875,462,15,51
draw_02983,2084.9298683300813,1750.8749999999998,0.9147727272727273,483,7,38
draw_02984,2325.8995019030413,1823.3749999999998,0.9526515151515151,503,4,21
draw_02985,2092.808086138143,1714.6249999999998,0.8958333333333334,473,12,43
draw_02986,2237.029351103394,1761.7499999999998,0.9204545454545454,486,12,30
draw_02987,2094.439531756234,1634.8749999999998,0.8541666666666666,451,23,54
draw_02988,2329.8762687160397,1743.6249999999998,0.9109848484848485,481,17,30
draw_02989,2043.7296873183768,1616.7499999999998,0.8446969696969697,446,26,56
draw_02990,2072.6982891322264,1649.3749999999998,0.8617424242424242,455,20,53
draw_02991,2241.845851919911,1718.2499999999998,0.8977272727272727,474,26,28
draw_02992,2194.4337439708465,1714.6249999999998,0.8958333333333334,473,14,41
draw_02993,1988.7421711745737,1681.9999999999998,0.8787878787878788,464,20,44
draw_02994,2203.7452852195775,1787.1249999999998,0.9337121212121212,493,11,24
draw_02995,2343.075055407064,1772.6249999999998,0.9261363636363636,489,12,27
draw_02996,2418.2009634857636,1714.6249999999998,0.8958333333333334,473,19,36
draw_02997,2054.580725020547,1652.9999999999998,0.8636363636363636,456,17,55
draw_02998,2344.3893100413998,1787.1249999999998,0.9337121212121212,493,14,21
draw_02999,2196.249926033044,1721.8749999999998,0.8996212121212122,475,18,35
draw_03000,2351.229186991861,1714.6249999999998,0.8958333333333334,473,11,44
draw_03001,2260.6825356282566,1801.6249999999998,0.9412878787878788,497,7,24
draw_03002,2059.7431270328534,1674.7499999999998,0.875,462,26,40
draw_03003,2076.0708682951813,1627.6249999999998,0.8503787878787878,449,26,53
draw_03004,1931.6290204850754,1613.1249999999998,0.8428030303030303,445,20,63
draw_03005,2137.147975022731,1721.8749999999998,0.8996212121212122,475,15,38
draw_03006,2075.8405466254276,1652.9999999999998,0.8636363636363636,456,8,64
draw_03007,2112.910733408471,1707.3749999999998,0.8920454545454546,471,13,44
draw_03008,2177.8562816639455,1750.8749999999998,0.9147727272727273,483,6,39
draw_03009,2066.809078564741,1681.9999999999998,0.8787878787878788,464,13,51
draw_03010,1953.413526679645,1645.7499999999998,0.8598484848484849,454,25,49
draw_03011,1918.198782654569,1768.9999999999998,0.9242424242424242,488,17,23
draw_03012,2172.7218594348965,1732.7499999999998,0.9053030303030303,478,19,31
draw_03013,2457.097169362418,1787.1249999999998,0.9337121212121212,493,14,21
draw_03014,2483.2157951195704,1754.4999999999998,0.9166666666666666,484,7,37
draw_03015,2310.3434917048457,1732.7499999999998,0.9053030303030303,478,22,28
draw_03016,2264.405703867713,1725.4999999999998,0.9015151515151515,476,16,36
draw_03017,2337.8113907904703,1736.3749999999998,0.9071969696969697,479,15,34
draw_03018,2074.764063866009,1609.4999999999998,0.8409090909090909,444,19,65
draw_03019,2343.8879881838725,1721.8749999999998,0.8996212121212122,475,12,41
draw_03020,2146.2116416582726,1714.6249999999998,0.8958333333333334,473,13,42
draw_03021,2216.603102388377,1758.1249999999998,0.9185606060606061,485,13,30
draw_03022,2161.4218522933897,1660.2499999999998,0.8674242424242424,458,19,51
draw_03023,2343.1694242223994,1750.8749999999998,0.9147727272727273,483,14,31
draw_03024,2209.7425145339594,1779.8749999999998,0.9299242424242424,491,10,27
draw_03025,2055.2328487448985,1678.3749999999998,0.8768939393939394,463,28,37
draw_03026,2129.7361789689003,1689.2499999999998,0.8825757575757576,466,29,33
draw_03027,2040.6912508345404,1616.7499999999998,0.8446969696969697,446,25,57
draw_03028,2398.6282955037987,1736.3749999999998,0.9071969696969697,479,18,31
draw_03029,2303.1202509235372,1656.6249999999998,0.865530303030303,457,17,54
draw_03030,2147.7011198558757,1598.6249999999998,0.8352272727272727,441,26,61
draw_03031,2306.572999586229,1700.1249999999998,0.8882575757575758,469,20,39
draw_03032,2126.986481231833,1696.4999999999998,0.8863636363636364,468,17,43
draw_03033,2062.002066877859,1700.1249999999998,0.8882575757575758,469,12,47
draw_03034,2356.4836082304228,1721.8749999999998,0.8996212121212122,475,10,43
draw_03035,2248.624445582658,1739.9999999999998,0.9090909090909091,480,8,40
draw_03036,2119.491861140864,1696.4999999999998,0.8863636363636364,468,11,49
draw_03037,2111.114531857062,1739.9999999999998,0.9090909090909091,480,12,36
draw_03038,2288.3068802858,1750.8749999999998,0.9147727272727273,483,15,30
draw_03039,2303.7890340409504,1779.8749999999998,0.9299242424242424,491,9,28
draw_03040,2176.770976450839,1743.6249999999998,0.9109848484848485,481,8,39
draw_03041,2100.649933727011,1692.8749999999998,0.884469696969697,467,17,44
draw_03042,2084.119743436742,1638.4999999999998,0.8560606060606061,452,22,54
draw_03043,2045.4027259195345,1674.7499999999998,0.875,462,21,45
draw_03044,2244.2452594498377,1692.8749999999998,0.884469696969697,467,14,47
draw_03045,2116.6604718156373,1613.1249999999998,0.8428030303030303,445,36,47
draw_03046,2078.4080498553135,1685.6249999999998,0.8806818181818182,465,15,48
draw_03047,2170.2850774396115,1797.9999999999998,0.9393939393939394,496,18,14
draw_03048,2184.820767007475,1671.1249999999998,0.8731060606060606,461,19,48
draw_03049,2122.6802141978624,1685.6249999999998,0.8806818181818182,465,23,40
draw_03050,2201.038131197697,1696.4999999999998,0.8863636363636364,468,28,32
draw_03051,2038.5056183082622,1667.4999999999998,0.8712121212121212,460,19,49
draw_03052,2204.3026172719333,1707.3749999999998,0.8920454545454546,471,12,45
draw_03053,2008.508267631956,1674.7499999999998,0.875,462,26,40
draw_03054,2258.2600187932226,1776.2499999999998,0.928030303030303,490,11,27
draw_03055,2165.350845755802,1623.9999999999998,0.8484848484848485,448,29,51
draw_03056,2233.7192109292923,1747.2499999999998,0.9128787878787878,482,13,33
draw_03057,2294.6984768161387,1805.2499999999998,0.9431818181818182,498,10,20
draw_03058,2184.9811135206387,1649.3749999999998,0.8617424242424242,455,19,54
draw_03059,2240.4702526007195,1758.1249999999998,0.9185606060606061,485,12,31
draw_03060,2278.6407370079405,1685.6249999999998,0.8806818181818182,465,16,47
draw_03061,2229.5526625687844,1685.6249999999998,0.8806818181818182,465,15,48
draw_03062,2221.5483063154347,1743.6249999999998,0.9109848484848485,481,13,34
draw_03063,2404.162522588143,1797.9999999999998,0.9393939393939394,496,5,27
draw_03064,2076.987884034824,1656.6249999999998,0.865530303030303,457,22,49
draw_03065,2152.4880239915888,1671.1249999999998,0.8731060606060606,461,20,47
draw_03066,2044.2987333199287,1725.4999999999998,0.9015151515151515,476,12,40
draw_03067,2249.347793664038,1739.9999999999998,0.9090909090909091,480,16,32
draw_03068,2207.0572172952316,1830.6249999999998,0.9564393939393939,505,8,15
draw_03069,2172.6894249303773,1739.9999999999998,0.9090909090909091,480,13,35
draw_03070,2420.477210539014,1797.9999999999998,0.9393939393939394,496,11,21
draw_03071,1935.5841838431538,1729.1249999999998,0.9034090909090909,477,14,37
draw_03072,2089.110757770538,1707.3749999999998,0.8920454545454546,471,12,45
draw_03073,2262.5557848040903,1758.1249999999998,0.9185606060606061,485,7,36
draw_03074,2110.2758314020666,1692.8749999999998,0.884469696969697,467,14,47
draw_03075,2211.0661941945077,1703.7499999999998,0.8901515151515151,470,21,37
draw_03076,2061.0474368211376,1627.6249999999998,0.8503787878787878,449,18,61
draw_03077,2450.1865992353282,1776.2499999999998,0.928030303030303,490,12,26
draw_03078,2065.2232725430986,1750.8749999999998,0.9147727272727273,483,12,33
draw_03079,2171.6920604209595,1736.3749999999998,0.9071969696969697,479,15,34
draw_03080,2312.9295077940546,1808.8749999999998,0.9450757575757576,499,13,16
draw_03081,2059.7149748987126,1591.3749999999998,0.8314393939393939,439,21,68
draw_03082,2215.599528722714,1758.1249999999998,0.9185606060606061,485,10,33
draw_03083,2293.956144159498,1707.3749999999998,0.8920454545454546,471,30,27
draw_03084,2271.493392850134,1725.4999999999998,0.9015151515151515,476,17,35
draw_03085,2179.9860310786316,1718.2499999999998,0.8977272727272727,474,19,35
draw_03086,2298.821063015527,1732.7499999999998,0.9053030303030303,478,12,38
draw_03087,2175.1497244815555,1681.9999999999998,0.8787878787878788,464,22,42
draw_03088,2206.703008524393,1652.9999999999998,0.8636363636363636,456,18,54
draw_03089,2176.4111652607357,1732.7499999999998,0.9053030303030303,478,7,43
draw_03090,2233.336536424668,1732.7499999999998,0.9053030303030303,478,15,35
draw_03091,2123.65498041523,1681.9999999999998,0.8787878787878788,464,13,51
draw_03092,2016.7859018292434,1674.7499999999998,0.875,462,23,43
draw_03093,2134.046405928064,1703.7499999999998,0.8901515151515151,470,18,40
draw_03094,2143.970492012814,1652.9999999999998,0.8636363636363636,456,26,46
draw_03095,2039.96406904314,1696.4999999999998,0.8863636363636364,468,28,32
draw_03096,2186.706852803439,1696.4999999999998,0.8863636363636364,468,17,43
draw_03097,2163.771742306936,1663.8749999999998,0.8693181818181818,459,17,52
draw_03098,2131.2721468441405,1674.7499999999998,0.875,462,21,45
draw_03099,2254.9736834906043,1674.7499999999998,0.875,462,16,50
draw_03100,2188.0760018308915,1823.3749999999998,0.9526515151515151,503,7,18
draw_03101,2046.4419407088085,1714.6249999999998,0.8958333333333334,473,11,44
draw_03102,2334.935691068742,1768.9999999999998,0.9242424242424242,488,11,29
draw_03103,2001.4987632318587,1663.8749999999998,0.8693181818181818,459,8,61
draw_03104,2130.1709971708337,1656.6249999999998,0.865530303030303,457,19,52
draw_03105,2252.637853488777,1761.7499999999998,0.9204545454545454,486,16,26
draw_03106,2202.931201132488,1721.8749999999998,0.8996212121212122,475,19,34
draw_03107,2186.197087332805,1823.3749999999998,0.9526515151515151,503,8,17
draw_03108,2130.634106805945,1696.4999999999998,0.8863636363636364,468,17,43
draw_03109,2167.4125481977376,1707.3749999999998,0.8920454545454546,471,11,46
draw_03110,2196.4736161979376,1696.4999999999998,0.8863636363636364,468,24,36
draw_03111,2206.834030461917,1761.7499999999998,0.9204545454545454,486,11,31
draw_03112,2322.5987527731863,1678.3749999999998,0.8768939393939394,463,17,48
draw_03113,2316.425869220764,1689.2499999999998,0.8825757575757576,466,16,46
draw_03114,2121.3280213097905,1649.3749999999998,0.8617424242424242,455,23,50
draw_03115,2125.7841482780786,1692.8749999999998,0.884469696969697,467,17,44
draw_03116,2221.425748581188,1765.3749999999998,0.9223484848484849,487,18,23
draw_03117,2252.449164592122,1718.2499999999998,0.8977272727272727,474,18,36
draw_03118,2217.400575458553,1685.6249999999998,0.8806818181818182,465,23,40
draw_03119,2360.5667172951985,1834.2499999999998,0.9583333333333334,506,5,17
draw_03120,2074.537927192487,1689.2499999999998,0.8825757575757576,466,15,47
draw_03121,2116.85668100481,1750.8749999999998,0.9147727272727273,483,16,29
draw_03122,2065.8399658148114,1652.9999999999998,0.8636363636363636,456,22,50
draw_03123,2062.199869268441,1689.2499999999998,0.8825757575757576,466,12,50
draw_03124,2144.6629897005305,1696.4999999999998,0.8863636363636364,468,22,38
draw_03125,2263.943863631038,1721.8749999999998,0.8996212121212122,475,11,42
draw_03126,2177.6848105031836,1725.4999999999998,0.9015151515151515,476,12,40
draw_03127,2280.1024340698177,1739.9999999999998,0.9090909090909091,480,10,38
draw_03128,2037.9574789077744,1678.3749999999998,0.8768939393939394,463,12,53
draw_03129,2146.14583954744,1754.4999999999998,0.9166666666666666,484,9,35
draw_03130,2116.764803041619,1710.9999999999998,0.8939393939393939,472,18,38
draw_03131,2023.062719723238,1642.1249999999998,0.8579545454545454,453,17,58
draw_03132,2224.5811218953236,1758.1249999999998,0.9185606060606061,485,13,30
draw_03133,2239.2918743537534,1736.3749999999998,0.9071969696969697,479,22,27
draw_03134,2315.000931065055,1747.2499999999998,0.9128787878787878,482,12,34
draw_03135,2168.427767033224,1743.6249999999998,0.9109848484848485,481,20,27
draw_03136,2033.9664997318166,1631.2499999999998,0.8522727272727273,450,16,62
draw_03137,2197.006805394392,1808.8749999999998,0.9450757575757576,499,8,21
draw_03138,2188.625764219851,1721.8749999999998,0.8996212121212122,475,20,33
draw_03139,2260.8361067392325,1743.6249999999998,0.9109848484848485,481,10,37
draw_03140,2483.8980826461675,1750.8749999999998,0.9147727272727273,483,12,33
draw_03141,2143.4855301123507,1667.4999999999998,0.8712121212121212,460,13,55
draw_03142,2456.425892569133,1779.8749999999998,0.9299242424242424,491,9,28
draw_03143,2276.4587336178997,1685.6249999999998,0.8806818181818182,465,17,46
draw_03144,2213.99397795091,1729.1249999999998,0.9034090909090909,477,14,37
draw_03145,2141.886561153292,1768.9999999999998,0.9242424242424242,488,6,34
draw_03146,2139.5411142328835,1656.6249999999998,0.865530303030303,457,23,48
draw_03147,2311.9054659980525,1779.8749999999998,0.9299242424242424,491,14,23
draw_03148,2548.079530474607,1772.6249999999998,0.9261363636363636,489,11,28
draw_03149,2196.67028086748,1819.7499999999998,0.9507575757575758,502,4,22
draw_03150,1889.7213783845896,1616.7499999999998,0.8446969696969697,446,19,63
draw_03151,2338.659402547674,1765.3749999999998,0.9223484848484849,487,7,34
draw_03152,2251.260820848142,1834.2499999999998,0.9583333333333334,506,7,15
draw_03153,2275.8216228856845,1765.3749999999998,0.9223484848484849,487,12,29
draw_03154,2057.740018209153,1743.6249999999998,0.9109848484848485,481,18,29
draw_03155,2351.3265980634815,1689.2499999999998,0.8825757575757576,466,13,49
draw_03156,2192.1638333585033,1725.4999999999998,0.9015151515151515,476,17,35
draw_03157,2183.8453052861564,1768.9999999999998,0.9242424242424242,488,11,29
draw_03158,1952.5885044913778,1638.4999999999998,0.8560606060606061,452,21,55
draw_03159,2245.9551429251205,1623.9999999999998,0.8484848484848485,448,22,58
draw_03160,2310.9639780536504,1725.4999999999998,0.9015151515151515,476,11,41
draw_03161,2182.3723880872303,1801.6249999999998,0.9412878787878788,497,10,21
draw_03162,2080.292639838887,1642.1249999999998,0.8579545454545454,453,25,50
draw_03163,2354.101510944449,1743.6249999999998,0.9109848484848485,481,18,29
draw_03164,1997.2429075900834,1729.1249999999998,0.9034090909090909,477,20,31
draw_03165,2114.3726510514766,1681.9999999999998,0.8787878787878788,464,19,45
draw_03166,2282.326086401451,1729.1249999999998,0.9034090909090909,477,9,42
draw_03167,2034.0584535771875,1685.6249999999998,0.8806818181818182,465,19,44
draw_03168,2078.938553412982,1671.1249999999998,0.8731060606060606,461,22,45
draw_03169,2148.9994295583124,1736.3749999999998,0.9071969696969697,479,18,31
draw_03170,2269.796954476108,1779.8749999999998,0.9299242424242424,491,16,21
draw_03171,2121.057206282719,1739.9999999999998,0.9090909090909091,480,10,38
draw_03172,2251.814700134277,1656.6249999999998,0.865530303030303,457,26,45
draw_03173,2602.7586866090564,1747.2499999999998,0.9128787878787878,482,12,34
draw_03174,2285.745897140223,1768.9999999999998,0.9242424242424242,488,12,28
draw_03175,2309.0175388047132,1721.8749999999998,0.8996212121212122,475,17,36
draw_03176,2248.838771845502,1758.1249999999998,0.9185606060606061,485,16,27
draw_03177,2323.2307828884686,1714.6249999999998,0.8958333333333334,473,21,34
draw_03178,2281.544490515997,1761.7499999999998,0.9204545454545454,486,13,29
draw_03179,2206.7466576033235,1707.3749999999998,0.8920454545454546,471,18,39
draw_03180,2336.2953452170063,1787.1249999999998,0.9337121212121212,493,13,22
draw_03181,2304.4430122135395,1761.7499999999998,0.9204545454545454,486,13,29
draw_03182,1916.7436099822482,1663.8749999999998,0.8693181818181818,459,20,49
draw_03183,2507.01430675978,1787.1249999999998,0.9337121212121212,493,15,20
draw_03184,2337.5662076527365,1794.3749999999998,0.9375,495,11,22
draw_03185,2123.6528179647407,1761.7499999999998,0.9204545454545454,486,12,30
draw_03186,2147.7145526367703,1729.1249999999998,0.9034090909090909,477,17,34
draw_03187,2159.7412442929817,1656.6249999999998,0.865530303030303,457,38,33
draw_03188,2320.132721564916,1718.2499999999998,0.8977272727272727,474,16,38
draw_03189,2157.214724116119,1732.7499999999998,0.9053030303030303,478,10,40
draw_03190,2312.6908454993613,1768.9999999999998,0.9242424242424242,488,7,33
draw_03191,2267.569929625054,1776.2499999999998,0.928030303030303,490,4,34
draw_03192,2029.6914400520238,1710.9999999999998,0.8939393939393939,472,13,43
draw_03193,2510.0587232975163,1772.6249999999998,0.9261363636363636,489,13,26
draw_03194,2127.651918032725,1721.8749999999998,0.8996212121212122,475,18,35
draw_03195,2042.4013689938745,1732.7499999999998,0.9053030303030303,478,23,27
draw_03196,2213.893364802018,1721.8749999999998,0.8996212121212122,475,9,44
draw_03197,2325.563791524849,1754.4999999999998,0.9166666666666666,484,7,37
draw_03198,2202.81366238726,1732.7499999999998,0.9053030303030303,478,8,42
draw_03199,2084.071057388551,1747.2499999999998,0.9128787878787878,482,13,33
draw_03200,2554.9862841992763,1834.2499999999998,0.9583333333333334,506,4,18
draw_03201,2151.2609795842677,1674.7499999999998,0.875,462,23,43
draw_03202,2180.61988589279,1772.6249999999998,0.9261363636363636,489,13,26
draw_03203,2228.6998123714357,1783.4999999999998,0.9318181818181818,492,11,25
draw_03204,2157.837798995056,1765.3749999999998,0.9223484848484849,487,16,25
draw_03205,2202.932003709635,1794.3749999999998,0.9375,495,8,25
draw_03206,2235.1883673063026,1790.7499999999998,0.9356060606060606,494,11,23
draw_03207,2274.603273601152,1689.2499999999998,0.8825757575757576,466,21,41
draw_03208,1904.5975538280095,1605.8749999999998,0.8390151515151515,443,24,61
draw_03209,2259.702420577202,1761.7499999999998,0.9204545454545454,486,16,26
draw_03210,2227.0751463860415,1772.6249999999998,0.9261363636363636,489,10,29
draw_03211,2288.2065689523383,1663.8749999999998,0.8693181818181818,459,13,56
draw_03212,2072.472818103279,1638.4999999999998,0.8560606060606061,452,16,60
draw_03213,2243.5999133895943,1703.7499999999998,0.8901515151515151,470,10,48
draw_03214,2073.291656377821,1692.8749999999998,0.884469696969697,467,8,53
draw_03215,2235.5956127523636,1768.9999999999998,0.9242424242424242,488,11,29
draw_03216,2119.0072728512328,1587.7499999999998,0.8295454545454546,438,19,71
draw_03217,2381.143659972118,1747.2499999999998,0.9128787878787878,482,10,36
draw_03218,2092.7468921197446,1656.6249999999998,0.865530303030303,457,13,58
draw_03219,2159.0494401742562,1718.2499999999998,0.8977272727272727,474,7,47
draw_03220,2051.8426457800097,1729.1249999999998,0.9034090909090909,477,15,36
draw_03221,2227.124473304653,1736.3749999999998,0.9071969696969697,479,16,33
draw_03222,2052.940362279749,1645.7499999999998,0.8598484848484849,454,18,56
draw_03223,2127.0097148596556,1656.6249999999998,0.865530303030303,457,19,52
draw_03224,2157.9080984787706,1790.7499999999998,0.9356060606060606,494,9,25
draw_03225,2326.101150628303,1725.4999999999998,0.9015151515151515,476,11,41
draw_03226,2203.7506577156755,1573.2499999999998,0.821969696969697,434,24,70
draw_03227,2154.6162245824953,1725.4999999999998,0.9015151515151515,476,20,32
draw_03228,2344.8226317758676,1729.1249999999998,0.9034090909090909,477,22,29
draw_03229,2027.8026654276885,1725.4999999999998,0.9015151515151515,476,15,37
draw_03230,2290.672473333292,1754.4999999999998,0.9166666666666666,484,14,30
draw_03231,2165.8623581349307,1710.9999999999998,0.8939393939393939,472,14,42
draw_03232,2281.3325887419346,1758.1249999999998,0.9185606060606061,485,12,31
draw_03233,2271.4742888428873,1758.1249999999998,0.9185606060606061,485,12,31
draw_03234,2287.1230313289484,1747.2499999999998,0.9128787878787878,482,21,25
draw_03235,1966.0453185325346,1660.2499999999998,0.8674242424242424,458,20,50
draw_03236,2094.069849385928,1703.7499999999998,0.8901515151515151,470,11,47
draw_03237,2111.2559123812885,1754.4999999999998,0.9166666666666666,484,17,27
draw_03238,2156.7363219139984,1761.7499999999998,0.9204545454545454,486,14,28
draw_03239,2217.357892747146,1667.4999999999998,0.8712121212121212,460,27,41
draw_03240,2171.204731510156,1627.6249999999998,0.8503787878787878,449,17,62
draw_03241,2267.1485180472705,1689.2499999999998,0.8825757575757576,466,25,37
draw_03242,2238.992398395024,1743.6249999999998,0.9109848484848485,481,9,38
draw_03243,2215.068085354487,1736.3749999999998,0.9071969696969697,479,19,30
draw_03244,2206.8316393018854,1779.8749999999998,0.9299242424242424,491,13,24
draw_03245,2128.6149971608456,1747.2499999999998,0.9128787878787878,482,16,30
draw_03246,1965.705337213959,1685.6249999999998,0.8806818181818182,465,15,48
draw_03247,2034.1354778399063,1772.6249999999998,0.9261363636363636,489,10,29
draw_03248,2175.3782941208124,1772.6249999999998,0.9261363636363636,489,9,30
draw_03249,2418.937066543122,1776.2499999999998,0.928030303030303,490,6,32
draw_03250,2194.588828265583,1736.3749999999998,0.9071969696969697,479,14,35
draw_03251,2305.870129285084,1638.4999999999998,0.8560606060606061,452,21,55
draw_03252,2383.359467814367,1707.3749999999998,0.8920454545454546,471,18,39
draw_03253,2250.559331653145,1743.6249999999998,0.9109848484848485,481,13,34
draw_03254,2028.8524780399464,1732.7499999999998,0.9053030303030303,478,16,34
draw_03255,2182.3966581242626,1656.6249999999998,0.865530303030303,457,16,55
draw_03256,2300.6840260510276,1710.9999999999998,0.8939393939393939,472,24,32
draw_03257,2245.3953905629287,1718.2499999999998,0.8977272727272727,474,20,34
draw_03258,2286.591270288714,1747.2499999999998,0.9128787878787878,482,14,32
draw_03259,2201.1055322839493,1750.8749999999998,0.9147727272727273,483,16,29
draw_03260,2226.5792604419885,1761.7499999999998,0.9204545454545454,486,10,32
draw_03261,2228.1883037530647,1696.4999999999998,0.8863636363636364,468,12,48
draw_03262,2439.4269536706315,1721.8749999999998,0.8996212121212122,475,20,33
draw_03263,2049.865002384167,1725.4999999999998,0.9015151515151515,476,17,35
draw_03264,2118.8593270098377,1598.6249999999998,0.8352272727272727,441,20,67
draw_03265,2240.8186470556375,1754.4999999999998,0.9166666666666666,484,13,31
draw_03266,2222.0183237014126,1725.4999999999998,0.9015151515151515,476,16,36
draw_03267,2258.6375776477244,1725.4999999999998,0.9015151515151515,476,13,39
draw_03268,2005.7484647543315,1790.7499999999998,0.9356060606060606,494,7,27
draw_03269,2156.540498050469,1761.7499999999998,0.9204545454545454,486,20,22
draw_03270,2022.4076967020778,1700.1249999999998,0.8882575757575758,469,19,40
draw_03271,2122.880962276703,1739.9999999999998,0.9090909090909091,480,14,34
draw_03272,2036.7676473677868,1652.9999999999998,0.8636363636363636,456,17,55
draw_03273,2309.938187679456,1794.3749999999998,0.9375,495,6,27
draw_03274,2223.124203398498,1707.3749999999998,0.8920454545454546,471,5,52
draw_03275,2139.339680615997,1703.7499999999998,0.8901515151515151,470,13,45
draw_03276,2219.264870815861,1685.6249999999998,0.8806818181818182,465,19,44
draw_03277,2221.737190288109,1801.6249999999998,0.9412878787878788,497,3,28
draw_03278,2203.129261577414,1805.2499999999998,0.9431818181818182,498,11,19
draw_03279,2009.671566158792,1678.3749999999998,0.8768939393939394,463,23,42
draw_03280,2153.420594789281,1718.2499999999998,0.8977272727272727,474,13,41
draw_03281,2411.044567807048,1714.6249999999998,0.8958333333333334,473,22,33
draw_03282,2272.539062965255,1710.9999999999998,0.8939393939393939,472,20,36
draw_03283,2275.4505023390916,1765.3749999999998,0.9223484848484849,487,14,27
draw_03284,2244.4060759273775,1754.4999999999998,0.9166666666666666,484,19,25
draw_03285,2119.20247876269,1736.3749999999998,0.9071969696969697,479,4,45
draw_03286,2220.2567227927593,1765.3749999999998,0.9223484848484849,487,19,22
draw_03287,2248.384285977279,1681.9999999999998,0.8787878787878788,464,21,43
draw_03288,2226.5617276718344,1696.4999999999998,0.8863636363636364,468,15,45
draw_03289,2106.4353806529357,1739.9999999999998,0.9090909090909091,480,7,41
draw_03290,2245.1053652950814,1736.3749999999998,0.9071969696969697,479,17,32
draw_03291,2124.760209929027,1700.1249999999998,0.8882575757575758,469,12,47
draw_03292,2096.300810820201,1649.3749999999998,0.8617424242424242,455,28,45
draw_03293,2374.6130431361803,1783.4999999999998,0.9318181818181818,492,14,22
draw_03294,2362.568996909757,1739.9999999999998,0.9090909090909091,480,11,37
draw_03295,2149.2715457451623,1642.1249999999998,0.8579545454545454,453,14,61
draw_03296,2259.075518814668,1758.1249999999998,0.9185606060606061,485,13,30
draw_03297,2041.1927162034872,1645.7499999999998,0.8598484848484849,454,17,57
draw_03298,2122.405283971159,1678.3749999999998,0.8768939393939394,463,25,40
draw_03299,2102.883313813826,1736.3749999999998,0.9071969696969697,479,17,32
draw_03300,2338.8178626928784,1729.1249999999998,0.9034090909090909,477,11,40
draw_03301,2093.8318198913507,1642.1249999999998,0.8579545454545454,453,23,52
draw_03302,2330.0180334435345,1747.2499999999998,0.9128787878787878,482,10,36
draw_03303,2407.0846000519314,1736.3749999999998,0.9071969696969697,479,17,32
draw_03304,2255.032573072169,1671.1249999999998,0.8731060606060606,461,26,41
draw_03305,2158.792135603464,1692.8749999999998,0.884469696969697,467,16,45
draw_03306,2126.0064132738225,1707.3749999999998,0.8920454545454546,471,16,41
draw_03307,2183.089432749304,1692.8749999999998,0.884469696969697,467,23,38
draw_03308,2125.4394307502107,1696.4999999999998,0.8863636363636364,468,17,43
draw_03309,2114.240146549572,1685.6249999999998,0.8806818181818182,465,21,42
draw_03310,1997.1892432436703,1674.7499999999998,0.875,462,12,54
draw_03311,2016.955640464878,1692.8749999999998,0.884469696969697,467,21,40
draw_03312,2540.6983044967283,1841.4999999999998,0.9621212121212122,508,9,11
draw_03313,2125.8971289881215,1692.8749999999998,0.884469696969697,467,21,40
draw_03314,2029.4843949197018,1707.3749999999998,0.8920454545454546,471,21,36
draw_03315,2098.9211088862103,1678.3749999999998,0.8768939393939394,463,18,47
draw_03316,1991.5057123940587,1721.8749999999998,0.8996212121212122,475,5,48
draw_03317,2181.2785162556042,1761.7499999999998,0.9204545454545454,486,17,25
draw_03318,2083.4788977117078,1765.3749999999998,0.9223484848484849,487,10,31
draw_03319,2100.4713372436995,1671.1249999999998,0.8731060606060606,461,18,49
draw_03320,2185.58223876059,1732.7499999999998,0.9053030303030303,478,13,37
draw_03321,2101.299718391611,1638.4999999999998,0.8560606060606061,452,22,54
draw_03322,2160.9674986458185,1754.4999999999998,0.9166666666666666,484,14,30
draw_03323,2366.4884990050873,1739.9999999999998,0.9090909090909091,480,21,27
draw_03324,2196.1072545949755,1689.2499999999998,0.8825757575757576,466,17,45
draw_03325,2464.4001245911077,1710.9999999999998,0.8939393939393939,472,8,48
draw_03326,2239.6161777666075,1830.6249999999998,0.9564393939393939,505,6,17
draw_03327,2096.661151392057,1729.1249999999998,0.9034090909090909,477,18,33
draw_03328,2250.7758929441893,1696.4999999999998,0.8863636363636364,468,10,50
draw_03329,1815.0813331229756,1634.8749999999998,0.8541666666666666,451,22,55
draw_03330,2141.4505247425495,1718.2499999999998,0.8977272727272727,474,8,46
draw_03331,2216.3605151296165,1758.1249999999998,0.9185606060606061,485,16,27
draw_03332,2339.6476732732885,1783.4999999999998,0.9318181818181818,492,19,17
draw_03333,2360.8128534688844,1790.7499999999998,0.9356060606060606,494,17,17
draw_03334,2142.358598561437,1729.1249999999998,0.9034090909090909,477,25,26
draw_03335,2242.315885876174,1700.1249999999998,0.8882575757575758,469,12,47
draw_03336,2338.4142097568647,1736.3749999999998,0.9071969696969697,479,19,30
draw_03337,2288.012473818804,1729.1249999999998,0.9034090909090909,477,16,35
draw_03338,2165.192086576657,1718.2499999999998,0.8977272727272727,474,18,36
draw_03339,2112.0333447836806,1674.7499999999998,0.875,462,16,50
draw_03340,2355.763649767066,1750.8749999999998,0.9147727272727273,483,11,34
draw_03341,2248.593140576173,1613.1249999999998,0.8428030303030303,445,20,63
draw_03342,2079.788844149791,1703.7499999999998,0.8901515151515151,470,10,48
draw_03343,2071.376263025264,1649.3749999999998,0.8617424242424242,455,17,56
draw_03344,2022.2120225448925,1681.9999999999998,0.8787878787878788,464,15,49
draw_03345,2350.645162320941,1692.8749999999998,0.884469696969697,467,17,44
draw_03346,2275.585227680155,1718.2499999999998,0.8977272727272727,474,17,37
draw_03347,1974.0675184405347,1692.8749999999998,0.884469696969697,467,23,38
draw_03348,2118.6144393467957,1663.8749999999998,0.8693181818181818,459,13,56
draw_03349,2296.0433365997264,1779.8749999999998,0.9299242424242424,491,19,18
draw_03350,2556.6176056867453,1826.9999999999998,0.9545454545454546,504,4,20
draw_03351,2279.9495277969895,1787.1249999999998,0.9337121212121212,493,2,33
draw_03352,2357.137283496909,1718.2499999999998,0.8977272727272727,474,23,31
draw_03353,2380.809678162055,1754.4999999999998,0.9166666666666666,484,13,31
draw_03354,2421.5651443745187,1681.9999999999998,0.8787878787878788,464,17,47
draw_03355,2210.9373825150055,1739.9999999999998,0.9090909090909091,480,9,39
draw_03356,2390.489681669189,1732.7499999999998,0.9053030303030303,478,23,27
draw_03357,2116.9627287547855,1685.6249999999998,0.8806818181818182,465,16,47
draw_03358,2112.9991405476057,1652.9999999999998,0.8636363636363636,456,27,45
draw_03359,2355.2939937599235,1754.4999999999998,0.9166666666666666,484,13,31
draw_03360,2106.17707858262,1634.8749999999998,0.8541666666666666,451,39,38
draw_03361,2109.8060953795607,1678.3749999999998,0.8768939393939394,463,9,56
draw_03362,2399.722337161087,1768.9999999999998,0.9242424242424242,488,17,23
draw_03363,2356.504621585265,1761.7499999999998,0.9204545454545454,486,11,31
draw_03364,2352.1058601229174,1743.6249999999998,0.9109848484848485,481,20,27
draw_03365,2148.912923903531,1638.4999999999998,0.8560606060606061,452,15,61
draw_03366,2076.3996695315363,1623.9999999999998,0.8484848484848485,448,13,67
draw_03367,2296.79127480529,1689.2499999999998,0.8825757575757576,466,19,43
draw_03368,2064.674414855889,1718.2499999999998,0.8977272727272727,474,11,43
draw_03369,2268.3601795016975,1794.3749999999998,0.9375,495,10,23
draw_03370,2048.549662307979,1696.4999999999998,0.8863636363636364,468,24,36
draw_03371,1983.6220231199302,1714.6249999999998,0.8958333333333334,473,23,32
draw_03372,2128.341029357062,1678.3749999999998,0.8768939393939394,463,16,49
draw_03373,1984.8664301804388,1674.7499999999998,0.875,462,20,46
draw_03374,2218.17781036315,1725.4999999999998,0.9015151515151515,476,18,34
draw_03375,2132.0032947416903,1689.2499999999998,0.8825757575757576,466,32,30
draw_03376,2096.0201624525516,1700.1249999999998,0.8882575757575758,469,16,43
draw_03377,2035.6155083234319,1696.4999999999998,0.8863636363636364,468,28,32
draw_03378,2459.8229264434494,1754.4999999999998,0.9166666666666666,484,8,36
draw_03379,1973.9155529871775,1696.4999999999998,0.8863636363636364,468,9,51
draw_03380,2230.3093264515082,1681.9999999999998,0.8787878787878788,464,26,38
draw_03381,2321.0019990214714,1736.3749999999998,0.9071969696969697,479,22,27
draw_03382,2362.3566092649517,1700.1249999999998,0.8882575757575758,469,13,46
draw_03383,2381.3715867507167,1772.6249999999998,0.9261363636363636,489,16,23
draw_03384,2473.2592050897956,1783.4999999999998,0.9318181818181818,492,13,23
draw_03385,1983.2225253280537,1700.1249999999998,0.8882575757575758,469,19,40
draw_03386,2127.539718807014,1714.6249999999998,0.8958333333333334,473,10,45
draw_03387,2165.736687940194,1692.8749999999998,0.884469696969697,467,29,32
draw_03388,2160.188010964498,1674.7499999999998,0.875,462,15,51
draw_03389,2164.7273705696207,1739.9999999999998,0.9090909090909091,480,10,38
draw_03390,2148.6013079609784,1714.6249999999998,0.8958333333333334,473,14,41
draw_03391,2223.5106096053587,1739.9999999999998,0.9090909090909091,480,9,39
draw_03392,2382.742085766712,1783.4999999999998,0.9318181818181818,492,11,25
draw_03393,2189.24791251497,1685.6249999999998,0.8806818181818182,465,13,50
draw_03394,2063.8547304943822,1652.9999999999998,0.8636363636363636,456,19,53
draw_03395,2064.3575641870084,1627.6249999999998,0.8503787878787878,449,18,61
draw_03396,2078.707295657376,1642.1249999999998,0.8579545454545454,453,22,53
draw_03397,2086.3238450642075,1671.1249999999998,0.8731060606060606,461,19,48
draw_03398,2340.699554820845,1703.7499999999998,0.8901515151515151,470,13,45
draw_03399,2176.437615820761,1671.1249999999998,0.8731060606060606,461,17,50
draw_03400,1917.862142672284,1609.4999999999998,0.8409090909090909,444,36,48
draw_03401,2280.419339328492,1714.6249999999998,0.8958333333333334,473,24,31
draw_03402,2077.46330786584,1729.1249999999998,0.9034090909090909,477,17,34
draw_03403,2112.0456812526545,1613.1249999999998,0.8428030303030303,445,17,66
draw_03404,2494.1577021071253,1783.4999999999998,0.9318181818181818,492,21,15
draw_03405,2051.5599778852315,1739.9999999999998,0.9090909090909091,480,7,41
draw_03406,2071.1463165907862,1663.8749999999998,0.8693181818181818,459,11,58
draw_03407,2081.280826672825,1674.7499999999998,0.875,462,18,48
draw_03408,2061.967448901557,1732.7499999999998,0.9053030303030303,478,11,39
draw_03409,2042.952701121056,1725.4999999999998,0.9015151515151515,476,24,28
draw_03410,2216.155542177455,1685.6249999999998,0.8806818181818182,465,16,47
draw_03411,2133.125641080246,1623.9999999999998,0.8484848484848485,448,14,66
draw_03412,2389.6656182224665,1743.6249999999998,0.9109848484848485,481,8,39
draw_03413,2123.4702108284678,1674.7499999999998,0.875,462,19,47
draw_03414,2120.40223032592,1754.4999999999998,0.9166666666666666,484,10,34
draw_03415,2111.201225114737,1692.8749999999998,0.884469696969697,467,17,44
draw_03416,2165.3831088723964,1725.4999999999998,0.9015151515151515,476,25,27
draw_03417,2561.140139065636,1758.1249999999998,0.9185606060606061,485,15,28
draw_03418,2234.638394026424,1718.2499999999998,0.8977272727272727,474,12,42
draw_03419,2108.492586265586,1758.1249999999998,0.9185606060606061,485,16,27
draw_03420,1883.6249095091055,1642.1249999999998,0.8579545454545454,453,12,63
draw_03421,2166.057572022641,1736.3749999999998,0.9071969696969697,479,12,37
draw_03422,2134.826538653352,1747.2499999999998,0.9128787878787878,482,11,35
draw_03423,2285.3342884378085,1797.9999999999998,0.9393939393939394,496,9,23
draw_03424,2064.9335940591204,1765.3749999999998,0.9223484848484849,487,16,25
draw_03425,2289.2795819955727,1772.6249999999998,0.9261363636363636,489,15,24
draw_03426,2242.2763539333923,1776.2499999999998,0.928030303030303,490,12,26
draw_03427,2218.2045243321477,1729.1249999999998,0.9034090909090909,477,11,40
draw_03428,2233.6252641893825,1627.6249999999998,0.8503787878787878,449,18,61
draw_03429,2359.1897633577064,1819.7499999999998,0.9507575757575758,502,11,15
draw_03430,2246.3962708207614,1678.3749999999998,0.8768939393939394,463,25,40
draw_03431,2244.6520096032627,1718.2499999999998,0.8977272727272727,474,8,46
draw_03432,2168.386597307865,1750.8749999999998,0.9147727272727273,483,18,27
draw_03433,2327.462088281071,1671.1249999999998,0.8731060606060606,461,21,46
draw_03434,2169.1262276888115,1736.3749999999998,0.9071969696969697,479,6,43
draw_03435,2559.285246020448,1761.7499999999998,0.9204545454545454,486,11,31
draw_03436,2119.266403306107,1700.1249999999998,0.8882575757575758,469,11,48
draw_03437,2306.4187268629644,1729.1249999999998,0.9034090909090909,477,16,35
draw_03438,1867.7352003044011,1544.2499999999998,0.8068181818181818,426,30,72
draw_03439,2153.450810328358,1609.4999999999998,0.8409090909090909,444,17,67
draw_03440,1975.2110338997682,1700.1249999999998,0.8882575757575758,469,24,35
draw_03441,2202.3976538181782,1696.4999999999998,0.8863636363636364,468,13,47
draw_03442,2139.3829164938434,1692.8749999999998,0.884469696969697,467,15,46
draw_03443,2211.0830090586273,1750.8749999999998,0.9147727272727273,483,11,34
draw_03444,2247.2282756023433,1700.1249999999998,0.8882575757575758,469,22,37
draw_03445,2296.476114885767,1772.6249999999998,0.9261363636363636,489,15,24
draw_03446,2422.4599694071426,1776.2499999999998,0.928030303030303,490,14,24
draw_03447,2135.358583488796,1718.2499999999998,0.8977272727272727,474,16,38
draw_03448,2237.9307726888887,1671.1249999999998,0.8731060606060606,461,16,51
draw_03449,2173.778119284205,1812.4999999999998,0.946969696969697,500,5,23
draw_03450,2101.9044278560855,1660.2499999999998,0.8674242424242424,458,13,57
draw_03451,2172.2826084419785,1736.3749999999998,0.9071969696969697,479,18,31
draw_03452,2329.2794057704564,1703.7499999999998,0.8901515151515151,470,17,41
draw_03453,2288.6159899869635,1790.7499999999998,0.9356060606060606,494,12,22
draw_03454,2311.6203548816716,1772.6249999999998,0.9261363636363636,489,8,31
draw_03455,2433.4001938816177,1739.9999999999998,0.9090909090909091,480,14,34
draw_03456,2136.5502364212966,1667.4999999999998,0.8712121212121212,460,14,54
draw_03457,2192.374222218751,1750.8749999999998,0.9147727272727273,483,24,21
draw_03458,2161.18148824611,1721.8749999999998,0.8996212121212122,475,13,40
draw_03459,2097.2737080799384,1747.2499999999998,0.9128787878787878,482,18,28
draw_03460,2459.889545915644,1768.9999999999998,0.9242424242424242,488,13,27
draw_03461,2197.235582138044,1739.9999999999998,0.9090909090909091,480,17,31
draw_03462,2316.306256523176,1710.9999999999998,0.8939393939393939,472,20,36
draw_03463,2056.7528526347037,1674.7499999999998,0.875,462,22,44
draw_03464,2087.5276705482243,1729.1249999999998,0.9034090909090909,477,13,38
draw_03465,2059.012898199743,1739.9999999999998,0.9090909090909091,480,9,39
draw_03466,2186.5887321261466,1696.4999999999998,0.8863636363636364,468,19,41
draw_03467,2246.374411821779,1721.8749999999998,0.8996212121212122,475,10,43
draw_03468,2299.086728223174,1783.4999999999998,0.9318181818181818,492,21,15
draw_03469,2102.5717025282383,1652.9999999999998,0.8636363636363636,456,23,49
draw_03470,2001.295898156114,1703.7499999999998,0.8901515151515151,470,10,48
draw_03471,2155.313766689183,1710.9999999999998,0.8939393939393939,472,18,38
draw_03472,2177.243745177453,1652.9999999999998,0.8636363636363636,456,15,57
draw_03473,2168.190070092948,1714.6249999999998,0.8958333333333334,473,9,46
draw_03474,2088.9756124010632,1685.6249999999998,0.8806818181818182,465,16,47
draw_03475,2122.3614907420047,1732.7499999999998,0.9053030303030303,478,13,37
draw_03476,2242.6295283328823,1772.6249999999998,0.9261363636363636,489,10,29
draw_03477,2263.96949912177,1797.9999999999998,0.9393939393939394,496,6,26
draw_03478,2037.730537952918,1732.7499999999998,0.9053030303030303,478,18,32
draw_03479,1979.0954003715028,1620.3749999999998,0.8465909090909091,447,25,56
draw_03480,2065.531626183411,1689.2499999999998,0.8825757575757576,466,15,47
draw_03481,1980.3624883920763,1678.3749999999998,0.8768939393939394,463,16,49
draw_03482,2087.460977864485,1623.9999999999998,0.8484848484848485,448,14,66
draw_03483,2210.1098673006554,1692.8749999999998,0.884469696969697,467,23,38
draw_03484,2038.7546547533989,1707.3749999999998,0.8920454545454546,471,14,43
draw_03485,2231.5115911945772,1747.2499999999998,0.9128787878787878,482,13,33
draw_03486,2099.5793165617074,1649.3749999999998,0.8617424242424242,455,29,44
draw_03487,2153.988203164269,1750.8749999999998,0.9147727272727273,483,11,34
draw_03488,2041.7645126614113,1729.1249999999998,0.9034090909090909,477,14,37
draw_03489,2223.1752773052726,1700.1249999999998,0.8882575757575758,469,20,39
draw_03490,2157.6885516685666,1703.7499999999998,0.8901515151515151,470,16,42
draw_03491,2154.1351262049243,1613.1249999999998,0.8428030303030303,445,29,54
draw_03492,2011.6685631511455,1678.3749999999998,0.8768939393939394,463,23,42
draw_03493,2109.6731945046117,1834.2499999999998,0.9583333333333334,506,6,16
draw_03494,2338.677808405177,1779.8749999999998,0.9299242424242424,491,15,22
draw_03495,1971.3125290797886,1681.9999999999998,0.8787878787878788,464,22,42
draw_03496,2125.989688676983,1754.4999999999998,0.9166666666666666,484,15,29
draw_03497,2172.9444294817135,1747.2499999999998,0.9128787878787878,482,13,33
draw_03498,2023.1577997161316,1594.9999999999998,0.8333333333333334,440,24,64
draw_03499,2385.029597968951,1732.7499999999998,0.9053030303030303,478,23,27
draw_03500,2286.9096805345876,1700.1249999999998,0.8882575757575758,469,14,45
draw_03501,2137.4811383812444,1700.1249999999998,0.8882575757575758,469,15,44
draw_03502,2230.133904553075,1758.1249999999998,0.9185606060606061,485,10,33
draw_03503,2313.663457496147,1721.8749999999998,0.8996212121212122,475,12,41
draw_03504,2178.6394638520305,1765.3749999999998,0.9223484848484849,487,13,28
draw_03505,2259.6389522756544,1834.2499999999998,0.9583333333333334,506,5,17
draw_03506,2184.902543361511,1671.1249999999998,0.8731060606060606,461,20,47
draw_03507,2205.761612817505,1718.2499999999998,0.8977272727272727,474,17,37
draw_03508,2312.1808408069523,1678.3749999999998,0.8768939393939394,463,15,50
draw_03509,2203.7143223950293,1765.3749999999998,0.9223484848484849,487,18,23
draw_03510,2301.558260666825,1703.7499999999998,0.8901515151515151,470,16,42
draw_03511,2051.381070285661,1613.1249999999998,0.8428030303030303,445,14,69
draw_03512,2063.8540013473053,1671.1249999999998,0.8731060606060606,461,14,53
draw_03513,2141.210396582862,1681.9999999999998,0.8787878787878788,464,19,45
draw_03514,2018.5338215436484,1736.3749999999998,0.9071969696969697,479,15,34
draw_03515,2112.90429702934,1750.8749999999998,0.9147727272727273,483,10,35
draw_03516,2230.293378845437,1671.1249999999998,0.8731060606060606,461,11,56
draw_03517,1906.7115597526938,1645.7499999999998,0.8598484848484849,454,31,43
draw_03518,2231.4909998163557,1584.1249999999998,0.8276515151515151,437,30,61
draw_03519,2011.972690841156,1685.6249999999998,0.8806818181818182,465,16,47
draw_03520,2007.2771305079164,1710.9999999999998,0.8939393939393939,472,5,51
draw_03521,2297.827290159696,1772.6249999999998,0.9261363636363636,489,10,29
draw_03522,2361.2669497895745,1758.1249999999998,0.9185606060606061,485,22,21
draw_03523,2111.756390269922,1692.8749999999998,0.884469696969697,467,20,41
draw_03524,2261.720239791474,1743.6249999999998,0.9109848484848485,481,8,39
draw_03525,2126.2705349241796,1660.2499999999998,0.8674242424242424,458,15,55
draw_03526,2091.128165687152,1696.4999999999998,0.8863636363636364,468,12,48
draw_03527,2210.1163442046927,1692.8749999999998,0.884469696969697,467,22,39
draw_03528,2114.5224336473575,1725.4999999999998,0.9015151515151515,476,11,41
draw_03529,2149.805459371393,1761.7499999999998,0.9204545454545454,486,6,36
draw_03530,2019.7831857675326,1696.4999999999998,0.8863636363636364,468,16,44
draw_03531,2043.970219977492,1729.1249999999998,0.9034090909090909,477,13,38
draw_03532,2065.334612871356,1721.8749999999998,0.8996212121212122,475,13,40
draw_03533,2251.9202654055684,1732.7499999999998,0.9053030303030303,478,12,38
draw_03534,2252.2138577410274,1725.4999999999998,0.9015151515151515,476,14,38
draw_03535,2230.108388909033,1634.8749999999998,0.8541666666666666,451,16,61
draw_03536,2205.990729954318,1754.4999999999998,0.9166666666666666,484,9,35
draw_03537,2179.20315074594,1678.3749999999998,0.8768939393939394,463,14,51
draw_03538,2215.7730068466612,1787.1249999999998,0.9337121212121212,493,9,26
draw_03539,2050.8174146576366,1613.1249999999998,0.8428030303030303,445,22,61
draw_03540,2199.286597542313,1656.6249999999998,0.865530303030303,457,26,45
draw_03541,2093.023851018067,1638.4999999999998,0.8560606060606061,452,29,47
draw_03542,2314.372410884999,1787.1249999999998,0.9337121212121212,493,12,23
draw_03543,2007.974164468288,1667.4999999999998,0.8712121212121212,460,18,50
draw_03544,2294.3344303394647,1743.6249999999998,0.9109848484848485,481,8,39
draw_03545,2245.2230796447802,1671.1249999999998,0.8731060606060606,461,22,45
draw_03546,2304.717195282563,1776.2499999999998,0.928030303030303,490,19,19
draw_03547,2004.4697868228886,1692.8749999999998,0.884469696969697,467,21,40
draw_03548,2157.2817764540837,1718.2499999999998,0.8977272727272727,474,15,39
draw_03549,2261.6423268490466,1776.2499999999998,0.928030303030303,490,8,30
draw_03550,2070.3569795936287,1547.8749999999998,0.8087121212121212,427,24,77
draw_03551,2098.9001552920504,1616.7499999999998,0.8446969696969697,446,19,63
draw_03552,2160.7324437176385,1732.7499999999998,0.9053030303030303,478,14,36
draw_03553,2162.6893955234873,1710.9999999999998,0.8939393939393939,472,5,51
draw_03554,2136.4492504955174,1721.8749999999998,0.8996212121212122,475,23,30
draw_03555,2362.4060950930093,1758.1249999999998,0.9185606060606061,485,12,31
draw_03556,2366.307702127012,1830.6249999999998,0.9564393939393939,505,4,19
draw_03557,2028.0484119330954,1754.4999999999998,0.9166666666666666,484,14,30
draw_03558,2229.057296861346,1725.4999999999998,0.9015151515151515,476,10,42
draw_03559,2220.7472386504855,1681.9999999999998,0.8787878787878788,464,13,51
draw_03560,2224.577219065622,1736.3749999999998,0.9071969696969697,479,20,29
draw_03561,2236.2163247298845,1696.4999999999998,0.8863636363636364,468,16,44
draw_03562,2222.574680198101,1772.6249999999998,0.9261363636363636,489,18,21
draw_03563,2360.619820675288,1783.4999999999998,0.9318181818181818,492,10,26
draw_03564,2186.9050273645307,1681.9999999999998,0.8787878787878788,464,18,46
draw_03565,2334.034154534102,1801.6249999999998,0.9412878787878788,497,18,13
draw_03566,2058.9345890985264,1761.7499999999998,0.9204545454545454,486,18,24
draw_03567,1957.4973292935779,1623.9999999999998,0.8484848484848485,448,21,59
draw_03568,2389.085949391939,1761.7499999999998,0.9204545454545454,486,14,28
draw_03569,2042.7210490622601,1580.4999999999998,0.8257575757575758,436,20,72
draw_03570,2224.3565179549687,1729.1249999999998,0.9034090909090909,477,16,35
draw_03571,2254.585487447636,1729.1249999999998,0.9034090909090909,477,11,40
draw_03572,2302.268434364481,1776.2499999999998,0.928030303030303,490,9,29
draw_03573,2331.5433353542717,1725.4999999999998,0.9015151515151515,476,14,38
draw_03574,2298.71969757433,1729.1249999999998,0.9034090909090909,477,13,38
draw_03575,2382.2689433559785,1768.9999999999998,0.9242424242424242,488,15,25
draw_03576,1929.7965918723428,1642.1249999999998,0.8579545454545454,453,21,54
draw_03577,2211.918175359143,1721.8749999999998,0.8996212121212122,475,17,36
draw_03578,2178.37514697708,1638.4999999999998,0.8560606060606061,452,14,62
draw_03579,2073.2058850947565,1667.4999999999998,0.8712121212121212,460,11,57
draw_03580,2274.769498198078,1729.1249999999998,0.9034090909090909,477,9,42
draw_03581,2041.5784803691724,1638.4999999999998,0.8560606060606061,452,14,62
draw_03582,2287.4355304206383,1754.4999999999998,0.9166666666666666,484,17,27
draw_03583,2347.7357752727307,1805.2499999999998,0.9431818181818182,498,14,16
draw_03584,2309.8991262681025,1696.4999999999998,0.8863636363636364,468,18,42
draw_03585,2304.697909421958,1765.3749999999998,0.9223484848484849,487,20,21
draw_03586,2198.0533035140584,1700.1249999999998,0.8882575757575758,469,15,44
draw_03587,2315.4024009946506,1754.4999999999998,0.9166666666666666,484,9,35
draw_03588,2149.5841826050673,1660.2499999999998,0.8674242424242424,458,23,47
draw_03589,2181.8715734898965,1678.3749999999998,0.8768939393939394,463,15,50
draw_03590,2068.0446063818827,1681.9999999999998,0.8787878787878788,464,18,46
draw_03591,2017.3623766634337,1638.4999999999998,0.8560606060606061,452,31,45
draw_03592,2323.2188514602135,1710.9999999999998,0.8939393939393939,472,23,33
draw_03593,2263.664542894645,1714.6249999999998,0.8958333333333334,473,23,32
draw_03594,2114.769505551792,1678.3749999999998,0.8768939393939394,463,20,45
draw_03595,2335.9502149018954,1718.2499999999998,0.8977272727272727,474,14,40
draw_03596,2280.2424199426705,1776.2499999999998,0.928030303030303,490,10,28
draw_03597,2067.7139322947396,1685.6249999999998,0.8806818181818182,465,14,49
draw_03598,2151.5290102363006,1707.3749999999998,0.8920454545454546,471,12,45
draw_03599,2208.2882168555448,1794.3749999999998,0.9375,495,12,21
draw_03600,2418.3834541512692,1721.8749999999998,0.8996212121212122,475,14,39
draw_03601,2410.872447997167,1787.1249999999998,0.9337121212121212,493,10,25
draw_03602,2134.5343991316436,1681.9999999999998,0.8787878787878788,464,16,48
draw_03603,2179.594388959551,1638.4999999999998,0.8560606060606061,452,17,59
draw_03604,2095.899100488997,1591.3749999999998,0.8314393939393939,439,19,70
draw_03605,2134.617529315058,1587.7499999999998,0.8295454545454546,438,18,72
draw_03606,2331.7581413053,1776.2499999999998,0.928030303030303,490,17,21
draw_03607,2129.7386049096967,1718.2499999999998,0.8977272727272727,474,24,30
draw_03608,2133.059969521266,1732.7499999999998,0.9053030303030303,478,20,30
draw_03609,2192.4625096744603,1732.7499999999998,0.9053030303030303,478,13,37
draw_03610,2269.00502097324,1714.6249999999998,0.8958333333333334,473,9,46
draw_03611,2104.107901400489,1747.2499999999998,0.9128787878787878,482,10,36
draw_03612,2050.7172324208495,1685.6249999999998,0.8806818181818182,465,30,33
draw_03613,2141.069793799417,1696.4999999999998,0.8863636363636364,468,11,49
draw_03614,2193.199611214653,1776.2499999999998,0.928030303030303,490,12,26
draw_03615,2223.7017372218506,1678.3749999999998,0.8768939393939394,463,12,53
draw_03616,2317.850991330519,1685.6249999999998,0.8806818181818182,465,19,44
draw_03617,2122.386351676292,1732.7499999999998,0.9053030303030303,478,20,30
draw_03618,2070.8396258847356,1685.6249999999998,0.8806818181818182,465,18,45
draw_03619,2121.5383363478586,1739.9999999999998,0.9090909090909091,480,5,43
draw_03620,2066.282998982769,1736.3749999999998,0.9071969696969697,479,24,25
draw_03621,2268.50051476181,1721.8749999999998,0.8996212121212122,475,24,29
draw_03622,2291.069319332026,1671.1249999999998,0.8731060606060606,461,16,51
draw_03623,2032.2290475275092,1652.9999999999998,0.8636363636363636,456,20,52
draw_03624,2085.112889478169,1718.2499999999998,0.8977272727272727,474,13,41
draw_03625,2058.6202409894186,1696.4999999999998,0.8863636363636364,468,17,43
draw_03626,2160.603031579529,1685.6249999999998,0.8806818181818182,465,18,45
draw_03627,2268.805901910257,1707.3749999999998,0.8920454545454546,471,9,48
draw_03628,2531.2993785508947,1747.2499999999998,0.9128787878787878,482,21,25
draw_03629,2356.369547131016,1692.8749999999998,0.884469696969697,467,20,41
draw_03630,2143.6097835238356,1681.9999999999998,0.8787878787878788,464,24,40
draw_03631,2032.5045306042769,1721.8749999999998,0.8996212121212122,475,8,45
draw_03632,2253.3083597616287,1790.7499999999998,0.9356060606060606,494,9,25
draw_03633,2247.502941346775,1776.2499999999998,0.928030303030303,490,15,23
draw_03634,2212.120935456596,1736.3749999999998,0.9071969696969697,479,14,35
draw_03635,2260.1765384167597,1790.7499999999998,0.9356060606060606,494,15,19
draw_03636,2209.98583693747,1747.2499999999998,0.9128787878787878,482,12,34
draw_03637,2097.463918633842,1652.9999999999998,0.8636363636363636,456,17,55
draw_03638,2148.1708094784626,1602.2499999999998,0.8371212121212122,442,33,53
draw_03639,2332.511967835917,1747.2499999999998,0.9128787878787878,482,5,41
draw_03640,2058.5197052418575,1580.4999999999998,0.8257575757575758,436,26,66
draw_03641,2227.588323553254,1700.1249999999998,0.8882575757575758,469,19,40
draw_03642,2213.939901167909,1787.1249999999998,0.9337121212121212,493,17,18
draw_03643,2108.5419560783434,1729.1249999999998,0.9034090909090909,477,15,36
draw_03644,2122.2483248902827,1718.2499999999998,0.8977272727272727,474,9,45
draw_03645,2186.5726770552833,1692.8749999999998,0.884469696969697,467,25,36
draw_03646,1975.7406019804637,1692.8749999999998,0.884469696969697,467,17,44
draw_03647,2208.4329951138257,1732.7499999999998,0.9053030303030303,478,16,34
draw_03648,2104.1048472609577,1656.6249999999998,0.865530303030303,457,25,46
draw_03649,2186.780919366214,1707.3749999999998,0.8920454545454546,471,16,41
draw_03650,2335.532906789586,1714.6249999999998,0.8958333333333334,473,15,40
draw_03651,2117.060422774379,1667.4999999999998,0.8712121212121212,460,20,48
draw_03652,2079.7399275093267,1674.7499999999998,0.875,462,22,44
draw_03653,2104.9138289511584,1758.1249999999998,0.9185606060606061,485,13,30
draw_03654,2096.3046802016515,1743.6249999999998,0.9109848484848485,481,11,36
draw_03655,2261.8832782314503,1703.7499999999998,0.8901515151515151,470,20,38
draw_03656,2374.2109227634214,1689.2499999999998,0.8825757575757576,466,12,50
draw_03657,2031.799215936705,1707.3749999999998,0.8920454545454546,471,15,42
draw_03658,2351.4251316026266,1750.8749999999998,0.9147727272727273,483,14,31
draw_03659,2196.794390288219,1750.8749999999998,0.9147727272727273,483,11,34
draw_03660,1999.2069017969752,1692.8749999999998,0.884469696969697,467,14,47
draw_03661,2143.117209140674,1689.2499999999998,0.8825757575757576,466,18,44
draw_03662,2258.7195300457183,1790.7499999999998,0.9356060606060606,494,11,23
draw_03663,2125.9411535781787,1634.8749999999998,0.8541666666666666,451,21,56
draw_03664,2229.8939175646315,1754.4999999999998,0.9166666666666666,484,14,30
draw_03665,2225.4756030664703,1732.7499999999998,0.9053030303030303,478,8,42
draw_03666,2195.3111394045313,1743.6249999999998,0.9109848484848485,481,13,34
draw_03667,2263.72880016699,1732.7499999999998,0.9053030303030303,478,18,32
draw_03668,2209.3915710582987,1739.9999999999998,0.9090909090909091,480,8,40
draw_03669,2338.9225271313867,1772.6249999999998,0.9261363636363636,489,7,32
draw_03670,2258.983173394463,1700.1249999999998,0.8882575757575758,469,12,47
draw_03671,2291.430641293169,1718.2499999999998,0.8977272727272727,474,17,37
draw_03672,2183.48064871789,1656.6249999999998,0.865530303030303,457,22,49
draw_03673,2257.825733866655,1797.9999999999998,0.9393939393939394,496,13,19
draw_03674,2187.498514601785,1681.9999999999998,0.8787878787878788,464,14,50
draw_03675,2339.7652642702938,1801.6249999999998,0.9412878787878788,497,9,22
draw_03676,2252.6909475315597,1816.1249999999998,0.9488636363636364,501,3,24
draw_03677,2301.387102556609,1739.9999999999998,0.9090909090909091,480,12,36
draw_03678,1955.7379556021524,1714.6249999999998,0.8958333333333334,473,18,37
draw_03679,2262.2903287069003,1732.7499999999998,0.9053030303030303,478,16,34
draw_03680,2116.8261404114187,1674.7499999999998,0.875,462,18,48
draw_03681,2141.3543309162196,1729.1249999999998,0.9034090909090909,477,18,33
draw_03682,2153.5855211152702,1674.7499999999998,0.875,462,24,42
draw_03683,2164.8708356561224,1634.8749999999998,0.8541666666666666,451,10,67
draw_03684,2167.7161403738237,1634.8749999999998,0.8541666666666666,451,24,53
draw_03685,2240.0089978144847,1663.8749999999998,0.8693181818181818,459,27,42
draw_03686,2304.4848918168536,1732.7499999999998,0.9053030303030303,478,14,36
draw_03687,2286.512706130168,1696.4999999999998,0.8863636363636364,468,22,38
draw_03688,2311.589260984788,1761.7499999999998,0.9204545454545454,486,13,29
draw_03689,2061.5434187947412,1667.4999999999998,0.8712121212121212,460,18,50
draw_03690,2132.6165902369476,1718.2499999999998,0.8977272727272727,474,21,33
draw_03691,2211.726367146609,1660.2499999999998,0.8674242424242424,458,16,54
draw_03692,1950.5630828586927,1594.9999999999998,0.8333333333333334,440,31,57
draw_03693,2129.0956975226945,1671.1249999999998,0.8731060606060606,461,16,51
draw_03694,2396.3276656743974,1783.4999999999998,0.9318181818181818,492,14,22
draw_03695,2131.236184543045,1692.8749999999998,0.884469696969697,467,13,48
draw_03696,2322.0384772151224,1776.2499999999998,0.928030303030303,490,10,28
draw_03697,2212.0576626521793,1797.9999999999998,0.9393939393939394,496,13,19
draw_03698,2084.7740543784985,1573.2499999999998,0.821969696969697,434,24,70
draw_03699,2135.0414833744244,1674.7499999999998,0.875,462,15,51
draw_03700,2105.4444911400387,1652.9999999999998,0.8636363636363636,456,16,56
draw_03701,2296.7701336510595,1696.4999999999998,0.8863636363636364,468,26,34
draw_03702,2162.3032343276163,1634.8749999999998,0.8541666666666666,451,19,58
draw_03703,2210.507700873591,1739.9999999999998,0.9090909090909091,480,25,23
draw_03704,2200.5126642391456,1707.3749999999998,0.8920454545454546,471,17,40
draw_03705,2423.2637982563333,1783.4999999999998,0.9318181818181818,492,11,25
draw_03706,2483.2727787564513,1797.9999999999998,0.9393939393939394,496,12,20
draw_03707,2122.6206225617243,1703.7499999999998,0.8901515151515151,470,8,50
draw_03708,2107.30649695665,1692.8749999999998,0.884469696969697,467,11,50
draw_03709,2085.319915567815,1750.8749999999998,0.9147727272727273,483,12,33
draw_03710,2047.4717867147842,1729.1249999999998,0.9034090909090909,477,11,40
draw_03711,2215.806073404664,1689.2499999999998,0.8825757575757576,466,16,46
draw_03712,2045.052338223559,1656.6249999999998,0.865530303030303,457,15,56
draw_03713,2267.292576413888,1747.2499999999998,0.9128787878787878,482,20,26
draw_03714,2065.1846497627434,1652.9999999999998,0.8636363636363636,456,18,54
draw_03715,2402.043650808846,1689.2499999999998,0.8825757575757576,466,16,46
draw_03716,2162.4482077865955,1710.9999999999998,0.8939393939393939,472,15,41
draw_03717,2151.1296196415587,1750.8749999999998,0.9147727272727273,483,13,32
draw_03718,2197.04543099764,1689.2499999999998,0.8825757575757576,466,27,35
draw_03719,2415.587852903352,1743.6249999999998,0.9109848484848485,481,11,36
draw_03720,2188.5587102583963,1761.7499999999998,0.9204545454545454,486,6,36
draw_03721,2058.3169533338028,1627.6249999999998,0.8503787878787878,449,17,62
draw_03722,2368.7428142043505,1714.6249999999998,0.8958333333333334,473,12,43
draw_03723,2216.511914210416,1736.3749999999998,0.9071969696969697,479,16,33
draw_03724,1976.830911906373,1685.6249999999998,0.8806818181818182,465,10,53
draw_03725,2046.0091860503733,1703.7499999999998,0.8901515151515151,470,9,49
draw_03726,2190.070417029918,1768.9999999999998,0.9242424242424242,488,8,32
draw_03727,1951.9965585969926,1634.8749999999998,0.8541666666666666,451,24,53
draw_03728,2214.872268341107,1732.7499999999998,0.9053030303030303,478,16,34
draw_03729,2251.4400407513044,1772.6249999999998,0.9261363636363636,489,14,25
draw_03730,2051.477263601977,1645.7499999999998,0.8598484848484849,454,21,53
draw_03731,2137.72106356798,1663.8749999999998,0.8693181818181818,459,14,55
draw_03732,2394.6123638618024,1703.7499999999998,0.8901515151515151,470,15,43
draw_03733,2409.9984234840763,1725.4999999999998,0.9015151515151515,476,13,39
draw_03734,2063.746036732372,1718.2499999999998,0.8977272727272727,474,4,50
draw_03735,2183.0941992135176,1714.6249999999998,0.8958333333333334,473,12,43
draw_03736,2167.295138207601,1754.4999999999998,0.9166666666666666,484,10,34
draw_03737,2096.645054876101,1689.2499999999998,0.8825757575757576,466,22,40
draw_03738,2194.5605139280983,1758.1249999999998,0.9185606060606061,485,22,21
draw_03739,1953.8315259527078,1565.9999999999998,0.8181818181818182,432,28,68
draw_03740,2124.1829353463672,1700.1249999999998,0.8882575757575758,469,9,50
draw_03741,2156.5499386087163,1667.4999999999998,0.8712121212121212,460,18,50
draw_03742,2430.2735017208092,1812.4999999999998,0.946969696969697,500,14,14
draw_03743,2146.5840828230994,1721.8749999999998,0.8996212121212122,475,20,33
draw_03744,2147.745576979666,1700.1249999999998,0.8882575757575758,469,22,37
draw_03745,2203.116118394129,1645.7499999999998,0.8598484848484849,454,17,57
draw_03746,2069.893612792565,1660.2499999999998,0.8674242424242424,458,25,45
draw_03747,2469.854934757262,1837.8749999999998,0.9602272727272727,507,8,13
draw_03748,2228.9180268986524,1663.8749999999998,0.8693181818181818,459,18,51
draw_03749,2132.646248035431,1645.7499999999998,0.8598484848484849,454,17,57
draw_03750,2548.6750899220847,1761.7499999999998,0.9204545454545454,486,16,26
draw_03751,2181.9480133480783,1718.2499999999998,0.8977272727272727,474,16,38
draw_03752,2162.6693516045216,1736.3749999999998,0.9071969696969697,479,12,37
draw_03753,2278.8203142470943,1714.6249999999998,0.8958333333333334,473,20,35
draw_03754,2353.3421889530096,1725.4999999999998,0.9015151515151515,476,9,43
draw_03755,2356.5341894189364,1739.9999999999998,0.9090909090909091,480,11,37
draw_03756,2408.251205325297,1776.2499999999998,0.928030303030303,490,6,32
draw_03757,2477.0858165236255,1732.7499999999998,0.9053030303030303,478,17,33
draw_03758,2075.9822096769485,1656.6249999999998,0.865530303030303,457,19,52
draw_03759,2224.8982614274864,1609.4999999999998,0.8409090909090909,444,18,66
draw_03760,2114.644880540302,1692.8749999999998,0.884469696969697,467,15,46
draw_03761,2241.489164348498,1656.6249999999998,0.865530303030303,457,16,55
draw_03762,2251.811065938358,1707.3749999999998,0.8920454545454546,471,23,34
draw_03763,2122.323059442263,1725.4999999999998,0.9015151515151515,476,14,38
draw_03764,2053.4079376470104,1732.7499999999998,0.9053030303030303,478,15,35
draw_03765,2075.893691767424,1718.2499999999998,0.8977272727272727,474,19,35
draw_03766,2668.6851145521737,1772.6249999999998,0.9261363636363636,489,18,21
draw_03767,2164.3886682457555,1692.8749999999998,0.884469696969697,467,22,39
draw_03768,2360.9178142742057,1736.3749999999998,0.9071969696969697,479,16,33
draw_03769,2207.7104558002834,1678.3749999999998,0.8768939393939394,463,17,48
draw_03770,2219.5203668881272,1667.4999999999998,0.8712121212121212,460,25,43
draw_03771,2081.2203789516507,1721.8749999999998,0.8996212121212122,475,15,38
draw_03772,2350.1444868959584,1736.3749999999998,0.9071969696969697,479,11,38
draw_03773,2376.336117008096,1681.9999999999998,0.8787878787878788,464,17,47
draw_03774,2317.727172152658,1696.4999999999998,0.8863636363636364,468,21,39
draw_03775,2301.8388899660845,1768.9999999999998,0.9242424242424242,488,15,25
draw_03776,2140.0108136926465,1710.9999999999998,0.8939393939393939,472,21,35
draw_03777,2071.422775182367,1681.9999999999998,0.8787878787878788,464,20,44
draw_03778,2307.383272642407,1754.4999999999998,0.9166666666666666,484,18,26
draw_03779,2466.704179411828,1768.9999999999998,0.9242424242424242,488,11,29
draw_03780,2187.0957161293236,1660.2499999999998,0.8674242424242424,458,18,52
draw_03781,2070.3488735232263,1667.4999999999998,0.8712121212121212,460,16,52
draw_03782,2357.6626719594688,1700.1249999999998,0.8882575757575758,469,13,46
draw_03783,2313.1490041735037,1783.4999999999998,0.9318181818181818,492,9,27
draw_03784,2075.446244851982,1754.4999999999998,0.9166666666666666,484,10,34
draw_03785,2032.5580849372816,1638.4999999999998,0.8560606060606061,452,16,60
draw_03786,2273.3250032728038,1718.2499999999998,0.8977272727272727,474,17,37
draw_03787,2316.836525747113,1768.9999999999998,0.9242424242424242,488,9,31
draw_03788,2115.2400530013697,1609.4999999999998,0.8409090909090909,444,20,64
draw_03789,2186.1841994052775,1747.2499999999998,0.9128787878787878,482,10,36
draw_03790,2251.1698202999837,1754.4999999999998,0.9166666666666666,484,9,35
draw_03791,2015.9209913943332,1725.4999999999998,0.9015151515151515,476,13,39
draw_03792,1956.6065458682522,1631.2499999999998,0.8522727272727273,450,7,71
draw_03793,2175.1238863630883,1761.7499999999998,0.9204545454545454,486,12,30
draw_03794,2531.8415307801865,1761.7499999999998,0.9204545454545454,486,12,30
draw_03795,2027.7574508487223,1671.1249999999998,0.8731060606060606,461,15,52
draw_03796,2178.252821759759,1754.4999999999998,0.9166666666666666,484,10,34
draw_03797,2187.8509420620226,1671.1249999999998,0.8731060606060606,461,18,49
draw_03798,2244.4187883635327,1710.9999999999998,0.8939393939393939,472,12,44
draw_03799,2112.9275219965275,1696.4999999999998,0.8863636363636364,468,15,45
draw_03800,2209.5413297369882,1638.4999999999998,0.8560606060606061,452,26,50
draw_03801,2299.0000053978956,1667.4999999999998,0.8712121212121212,460,13,55
draw_03802,2200.5069782895566,1710.9999999999998,0.8939393939393939,472,25,31
draw_03803,2331.911123878732,1714.6249999999998,0.8958333333333334,473,13,42
draw_03804,2044.5998972338616,1743.6249999999998,0.9109848484848485,481,20,27
draw_03805,2253.5107289133603,1718.2499999999998,0.8977272727272727,474,20,34
draw_03806,2315.738943167245,1750.8749999999998,0.9147727272727273,483,12,33
draw_03807,2362.1138323037294,1743.6249999999998,0.9109848484848485,481,10,37
draw_03808,2172.252245926994,1768.9999999999998,0.9242424242424242,488,9,31
draw_03809,2105.126865733395,1674.7499999999998,0.875,462,23,43
draw_03810,2214.944324851821,1700.1249999999998,0.8882575757575758,469,17,42
draw_03811,2240.7051366066444,1787.1249999999998,0.9337121212121212,493,10,25
draw_03812,2048.832207778028,1645.7499999999998,0.8598484848484849,454,17,57
draw_03813,2001.8434135503603,1772.6249999999998,0.9261363636363636,489,7,32
draw_03814,2102.5797015248877,1772.6249999999998,0.9261363636363636,489,11,28
draw_03815,2276.396376964904,1700.1249999999998,0.8882575757575758,469,21,38
draw_03816,2228.5276939748487,1758.1249999999998,0.9185606060606061,485,13,30
draw_03817,2211.566222260596,1819.7499999999998,0.9507575757575758,502,10,16
draw_03818,1889.4257836451106,1681.9999999999998,0.8787878787878788,464,13,51
draw_03819,2001.4767048540277,1768.9999999999998,0.9242424242424242,488,10,30
draw_03820,2197.707575038655,1649.3749999999998,0.8617424242424242,455,13,60
draw_03821,2285.9739081732814,1663.8749999999998,0.8693181818181818,459,23,46
draw_03822,2210.567540555037,1707.3749999999998,0.8920454545454546,471,13,44
draw_03823,2086.0293276060243,1700.1249999999998,0.8882575757575758,469,17,42
draw_03824,2187.2707872987803,1779.8749999999998,0.9299242424242424,491,13,24
draw_03825,2135.8992748424394,1623.9999999999998,0.8484848484848485,448,25,55
draw_03826,2398.0865330510483,1790.7499999999998,0.9356060606060606,494,9,25
draw_03827,2342.3671864718563,1776.2499999999998,0.928030303030303,490,9,29
draw_03828,2086.9375991723064,1609.4999999999998,0.8409090909090909,444,24,60
draw_03829,2072.3810663566205,1649.3749999999998,0.8617424242424242,455,27,46
draw_03830,1969.6894398462573,1674.7499999999998,0.875,462,18,48
draw_03831,1977.5119759787876,1631.2499999999998,0.8522727272727273,450,17,61
draw_03832,2309.3764266264034,1754.4999999999998,0.9166666666666666,484,9,35
draw_03833,2266.765819475128,1721.8749999999998,0.8996212121212122,475,20,33
draw_03834,2181.6573202341865,1739.9999999999998,0.9090909090909091,480,13,35
draw_03835,2162.2077285248915,1736.3749999999998,0.9071969696969697,479,16,33
draw_03836,2090.3410270097606,1718.2499999999998,0.8977272727272727,474,17,37
draw_03837,2103.0085447860993,1674.7499999999998,0.875,462,18,48
draw_03838,2203.949130335201,1580.4999999999998,0.8257575757575758,436,14,78
draw_03839,2398.9954600051174,1736.3749999999998,0.9071969696969697,479,12,37
draw_03840,2039.488976852695,1678.3749999999998,0.8768939393939394,463,12,53
draw_03841,2240.413749726667,1721.8749999999998,0.8996212121212122,475,16,37
draw_03842,1984.778110261542,1678.3749999999998,0.8768939393939394,463,13,52
draw_03843,2152.3327458070394,1768.9999999999998,0.9242424242424242,488,6,34
draw_03844,2002.0868433142116,1747.2499999999998,0.9128787878787878,482,21,25
draw_03845,2096.9420022151266,1645.7499999999998,0.8598484848484849,454,18,56
draw_03846,2056.431550096169,1555.1249999999998,0.8125,429,8,91
draw_03847,2155.1060412000156,1692.8749999999998,0.884469696969697,467,16,45
draw_03848,2062.433281023039,1700.1249999999998,0.8882575757575758,469,18,41
draw_03849,2432.096892693004,1790.7499999999998,0.9356060606060606,494,13,21
draw_03850,2111.1140903934224,1736.3749999999998,0.9071969696969697,479,9,40
draw_03851,2181.001922291855,1754.4999999999998,0.9166666666666666,484,11,33
draw_03852,2099.0167659771514,1663.8749999999998,0.8693181818181818,459,17,52
draw_03853,2279.529809219777,1674.7499999999998,0.875,462,14,52
draw_03854,2015.2028992080652,1689.2499999999998,0.8825757575757576,466,21,41
draw_03855,2087.3956018336607,1729.1249999999998,0.9034090909090909,477,16,35
draw_03856,2049.641586684091,1707.3749999999998,0.8920454545454546,471,18,39
draw_03857,2345.5172162711606,1776.2499999999998,0.928030303030303,490,7,31
draw_03858,2056.197727210987,1656.6249999999998,0.865530303030303,457,27,44
draw_03859,2166.141785984537,1689.2499999999998,0.8825757575757576,466,13,49
draw_03860,2082.4232698029004,1714.6249999999998,0.8958333333333334,473,8,47
draw_03861,2085.0192638303756,1714.6249999999998,0.8958333333333334,473,17,38
draw_03862,2288.0260564769574,1783.4999999999998,0.9318181818181818,492,10,26
draw_03863,2402.267691658398,1725.4999999999998,0.9015151515151515,476,11,41
draw_03864,2125.658897751279,1660.2499999999998,0.8674242424242424,458,26,44
draw_03865,2151.7391288364215,1685.6249999999998,0.8806818181818182,465,22,41
draw_03866,2130.8567774338662,1721.8749999999998,0.8996212121212122,475,8,45
draw_03867,2146.0765117633036,1631.2499999999998,0.8522727272727273,450,19,59
draw_03868,2302.4997896270115,1714.6249999999998,0.8958333333333334,473,14,41
draw_03869,2102.794128802871,1729.1249999999998,0.9034090909090909,477,5,46
draw_03870,2114.653795188863,1609.4999999999998,0.8409090909090909,444,34,50
draw_03871,2116.4254398970716,1729.1249999999998,0.9034090909090909,477,14,37
draw_03872,2203.596899726325,1645.7499999999998,0.8598484848484849,454,18,56
draw_03873,2195.429412700541,1794.3749999999998,0.9375,495,10,23
draw_03874,2425.618148121005,1754.4999999999998,0.9166666666666666,484,13,31
draw_03875,1957.2361322021145,1594.9999999999998,0.8333333333333334,440,21,67
draw_03876,2187.926836713674,1649.3749999999998,0.8617424242424242,455,21,52
draw_03877,2085.1830535329022,1739.9999999999998,0.9090909090909091,480,11,37
draw_03878,2363.7672517675005,1739.9999999999998,0.9090909090909091,480,19,29
draw_03879,2250.143733585867,1739.9999999999998,0.9090909090909091,480,21,27
draw_03880,2153.4135130609143,1743.6249999999998,0.9109848484848485,481,13,34
draw_03881,2323.3717651404636,1692.8749999999998,0.884469696969697,467,25,36
draw_03882,2160.8966696463394,1685.6249999999998,0.8806818181818182,465,15,48
draw_03883,1953.9917838862477,1598.6249999999998,0.8352272727272727,441,21,66
draw_03884,2344.5011001610824,1725.4999999999998,0.9015151515151515,476,22,30
draw_03885,2147.619346800509,1761.7499999999998,0.9204545454545454,486,12,30
draw_03886,2158.0328809332686,1685.6249999999998,0.8806818181818182,465,12,51
draw_03887,2318.266492350248,1779.8749999999998,0.9299242424242424,491,7,30
draw_03888,2231.2683946413363,1808.8749999999998,0.9450757575757576,499,8,21
draw_03889,2219.719915406849,1765.3749999999998,0.9223484848484849,487,13,28
draw_03890,2231.690197880127,1772.6249999999998,0.9261363636363636,489,12,27
draw_03891,2246.0722036010625,1739.9999999999998,0.9090909090909091,480,14,34
draw_03892,2172.137408124471,1754.4999999999998,0.9166666666666666,484,17,27
draw_03893,2129.0104379867225,1754.4999999999998,0.9166666666666666,484,9,35
draw_03894,2058.071420460686,1743.6249999999998,0.9109848484848485,481,11,36
draw_03895,2370.94006135981,1725.4999999999998,0.9015151515151515,476,15,37
draw_03896,2251.4940963757476,1671.1249999999998,0.8731060606060606,461,9,58
draw_03897,2189.793177489621,1689.2499999999998,0.8825757575757576,466,14,48
draw_03898,2200.6269381795937,1732.7499999999998,0.9053030303030303,478,5,45
draw_03899,2237.8494732273416,1736.3749999999998,0.9071969696969697,479,17,32
draw_03900,2339.807898179394,1725.4999999999998,0.9015151515151515,476,10,42
draw_03901,2108.597829797008,1696.4999999999998,0.8863636363636364,468,14,46
draw_03902,2390.2327017685943,1801.6249999999998,0.9412878787878788,497,8,23
draw_03903,2455.10480892006,1754.4999999999998,0.9166666666666666,484,6,38
draw_03904,2089.7013384775273,1714.6249999999998,0.8958333333333334,473,15,40
draw_03905,2352.6415840910786,1736.3749999999998,0.9071969696969697,479,12,37
draw_03906,1967.3221028496766,1739.9999999999998,0.9090909090909091,480,15,33
draw_03907,1974.201163131789,1623.9999999999998,0.8484848484848485,448,27,53
draw_03908,2375.608519269976,1750.8749999999998,0.9147727272727273,483,12,33
draw_03909,2100.9678862668607,1696.4999999999998,0.8863636363636364,468,18,42
draw_03910,2096.736154419483,1714.6249999999998,0.8958333333333334,473,12,43
draw_03911,2232.9089178636823,1725.4999999999998,0.9015151515151515,476,12,40
draw_03912,2160.053302758489,1768.9999999999998,0.9242424242424242,488,12,28
draw_03913,2198.3382681375742,1689.2499999999998,0.8825757575757576,466,9,53
draw_03914,2130.3162901028154,1689.2499999999998,0.8825757575757576,466,19,43
draw_03915,2150.9203787319752,1732.7499999999998,0.9053030303030303,478,19,31
draw_03916,2023.508582693487,1634.8749999999998,0.8541666666666666,451,18,59
draw_03917,2132.6869984146024,1758.1249999999998,0.9185606060606061,485,14,29
draw_03918,2157.074625605837,1710.9999999999998,0.8939393939393939,472,19,37
draw_03919,2283.348543214862,1797.9999999999998,0.9393939393939394,496,17,15
draw_03920,2352.7844226245657,1758.1249999999998,0.9185606060606061,485,8,35
draw_03921,2185.917489069655,1721.8749999999998,0.8996212121212122,475,12,41
draw_03922,2292.701391329383,1725.4999999999998,0.9015151515151515,476,23,29
draw_03923,2194.014693648858,1725.4999999999998,0.9015151515151515,476,18,34
draw_03924,2261.658530531936,1703.7499999999998,0.8901515151515151,470,17,41
draw_03925,2105.036516587885,1674.7499999999998,0.875,462,21,45
draw_03926,2282.0932709256567,1754.4999999999998,0.9166666666666666,484,12,32
draw_03927,2007.2954889201174,1725.4999999999998,0.9015151515151515,476,15,37
draw_03928,2363.4861732257123,1743.6249999999998,0.9109848484848485,481,13,34
draw_03929,2158.467764794362,1710.9999999999998,0.8939393939393939,472,18,38
draw_03930,2107.9246617813737,1602.2499999999998,0.8371212121212122,442,33,53
draw_03931,2103.2044855234794,1656.6249999999998,0.865530303030303,457,15,56
draw_03932,1844.663625999209,1580.4999999999998,0.8257575757575758,436,23,69
draw_03933,2309.3246455789094,1783.4999999999998,0.9318181818181818,492,10,26
draw_03934,2157.601441350555,1725.4999999999998,0.9015151515151515,476,13,39
draw_03935,2251.943547464102,1714.6249999999998,0.8958333333333334,473,17,38
draw_03936,2113.7832402967406,1620.3749999999998,0.8465909090909091,447,15,66
draw_03937,2132.1587574754494,1721.8749999999998,0.8996212121212122,475,18,35
draw_03938,2002.8400249155293,1732.7499999999998,0.9053030303030303,478,20,30
draw_03939,2099.497567842314,1747.2499999999998,0.9128787878787878,482,7,39
draw_03940,2101.0543032892783,1714.6249999999998,0.8958333333333334,473,17,38
draw_03941,1998.9829018513608,1652.9999999999998,0.8636363636363636,456,17,55
draw_03942,2000.335365279529,1689.2499999999998,0.8825757575757576,466,12,50
draw_03943,2178.4898716308253,1681.9999999999998,0.8787878787878788,464,17,47
draw_03944,2379.5164769282333,1714.6249999999998,0.8958333333333334,473,19,36
draw_03945,2168.5399425819255,1776.2499999999998,0.928030303030303,490,10,28
draw_03946,2215.9531720921673,1787.1249999999998,0.9337121212121212,493,7,28
draw_03947,2336.230370504772,1750.8749999999998,0.9147727272727273,483,13,32
draw_03948,2341.256033464313,1761.7499999999998,0.9204545454545454,486,14,28
draw_03949,2310.5242539970923,1732.7499999999998,0.9053030303030303,478,20,30
draw_03950,2123.245270398101,1638.4999999999998,0.8560606060606061,452,13,63
draw_03951,2202.1742874857487,1681.9999999999998,0.8787878787878788,464,18,46
draw_03952,1993.8590617485436,1663.8749999999998,0.8693181818181818,459,29,40
draw_03953,2383.3738271090797,1758.1249999999998,0.9185606060606061,485,17,26
draw_03954,2189.5815782359264,1681.9999999999998,0.8787878787878788,464,16,48
draw_03955,2293.9772365772797,1718.2499999999998,0.8977272727272727,474,11,43
draw_03956,2168.668908682698,1700.1249999999998,0.8882575757575758,469,23,36
draw_03957,2073.6481782059545,1634.8749999999998,0.8541666666666666,451,20,57
draw_03958,2112.3924418665392,1631.2499999999998,0.8522727272727273,450,19,59
draw_03959,2232.2425385637266,1725.4999999999998,0.9015151515151515,476,22,30
draw_03960,2055.6598191259563,1696.4999999999998,0.8863636363636364,468,12,48
draw_03961,2215.268792072626,1696.4999999999998,0.8863636363636364,468,13,47
draw_03962,2258.3735038739137,1750.8749999999998,0.9147727272727273,483,17,28
draw_03963,2199.476912325542,1714.6249999999998,0.8958333333333334,473,22,33
draw_03964,2264.7053840382605,1700.1249999999998,0.8882575757575758,469,32,27
draw_03965,2361.2498022961786,1765.3749999999998,0.9223484848484849,487,16,25
draw_03966,1984.8226690775298,1558.7499999999998,0.8143939393939394,430,26,72
draw_03967,2382.929197002222,1710.9999999999998,0.8939393939393939,472,13,43
draw_03968,2150.2257200672384,1754.4999999999998,0.9166666666666666,484,15,29
draw_03969,2143.537979465309,1747.2499999999998,0.9128787878787878,482,24,22
draw_03970,2022.1384163939288,1634.8749999999998,0.8541666666666666,451,24,53
draw_03971,2128.5021453473682,1678.3749999999998,0.8768939393939394,463,18,47
draw_03972,2078.0929764313523,1736.3749999999998,0.9071969696969697,479,15,34
draw_03973,1926.7612300417575,1656.6249999999998,0.865530303030303,457,27,44
draw_03974,2087.116571317622,1681.9999999999998,0.8787878787878788,464,8,56
draw_03975,2332.1203605982087,1805.2499999999998,0.9431818181818182,498,14,16
draw_03976,2165.134026781408,1692.8749999999998,0.884469696969697,467,15,46
draw_03977,2302.1756287004036,1739.9999999999998,0.9090909090909091,480,12,36
draw_03978,2329.9679791055523,1743.6249999999998,0.9109848484848485,481,16,31
draw_03979,2320.322621567523,1714.6249999999998,0.8958333333333334,473,10,45
draw_03980,2209.613467224235,1660.2499999999998,0.8674242424242424,458,12,58
draw_03981,2122.75386791532,1721.8749999999998,0.8996212121212122,475,23,30
draw_03982,2345.0943807876233,1721.8749999999998,0.8996212121212122,475,15,38
draw_03983,2305.241296798881,1808.8749999999998,0.9450757575757576,499,12,17
draw_03984,2150.3301156216985,1700.1249999999998,0.8882575757575758,469,14,45
draw_03985,2091.470127394489,1754.4999999999998,0.9166666666666666,484,16,28
draw_03986,2195.1329137328694,1790.7499999999998,0.9356060606060606,494,14,20
draw_03987,2127.016792580049,1721.8749999999998,0.8996212121212122,475,17,36
draw_03988,2150.4007781459695,1638.4999999999998,0.8560606060606061,452,20,56
draw_03989,2067.2339546858148,1652.9999999999998,0.8636363636363636,456,24,48
draw_03990,2200.001996905707,1765.3749999999998,0.9223484848484849,487,11,30
draw_03991,2085.5342345651006,1729.1249999999998,0.9034090909090909,477,11,40
draw_03992,2102.836457897783,1768.9999999999998,0.9242424242424242,488,12,28
draw_03993,2263.4569171640746,1667.4999999999998,0.8712121212121212,460,25,43
draw_03994,2409.594574627598,1692.8749999999998,0.884469696969697,467,21,40
draw_03995,2139.2641077956655,1681.9999999999998,0.8787878787878788,464,32,32
draw_03996,2397.2308606606884,1725.4999999999998,0.9015151515151515,476,14,38
draw_03997,2272.232400376192,1729.1249999999998,0.9034090909090909,477,22,29
draw_03998,2377.014009874874,1761.7499999999998,0.9204545454545454,486,8,34
draw_03999,2251.7103340599256,1660.2499999999998,0.8674242424242424,458,16,54
draw_04000,2317.666808460901,1743.6249999999998,0.9109848484848485,481,16,31
draw_04001,2310.9461318072445,1750.8749999999998,0.9147727272727273,483,18,27
draw_04002,2214.8187897200933,1681.9999999999998,0.8787878787878788,464,23,41
draw_04003,2303.9026847898062,1732.7499999999998,0.9053030303030303,478,27,23
draw_04004,2111.2230664341937,1674.7499999999998,0.875,462,14,52
draw_04005,2108.8618718616644,1685.6249999999998,0.8806818181818182,465,19,44
draw_04006,2170.8344684803264,1678.3749999999998,0.8768939393939394,463,13,52
draw_04007,2208.068413130478,1674.7499999999998,0.875,462,17,49
draw_04008,2341.525508319146,1689.2499999999998,0.8825757575757576,466,22,40
draw_04009,2173.350672441688,1732.7499999999998,0.9053030303030303,478,14,36
draw_04010,2126.8925407051834,1758.1249999999998,0.9185606060606061,485,14,29
draw_04011,1961.5709531101038,1649.3749999999998,0.8617424242424242,455,28,45
draw_04012,2283.5855665644976,1700.1249999999998,0.8882575757575758,469,13,46
draw_04013,2138.512109813704,1816.1249999999998,0.9488636363636364,501,7,20
draw_04014,2183.165240598891,1703.7499999999998,0.8901515151515151,470,7,51
draw_04015,2348.062717743052,1721.8749999999998,0.8996212121212122,475,16,37
draw_04016,2354.3275536433193,1747.2499999999998,0.9128787878787878,482,5,41
draw_04017,2224.8540731722956,1689.2499999999998,0.8825757575757576,466,11,51
draw_04018,2299.453846032275,1696.4999999999998,0.8863636363636364,468,16,44
draw_04019,2296.6913005591614,1732.7499999999998,0.9053030303030303,478,7,43
draw_04020,2144.338200729457,1776.2499999999998,0.928030303030303,490,17,21
draw_04021,2201.4184964964056,1739.9999999999998,0.9090909090909091,480,19,29
draw_04022,2228.6630547317354,1739.9999999999998,0.9090909090909091,480,13,35
draw_04023,2420.6670525105005,1736.3749999999998,0.9071969696969697,479,19,30
draw_04024,2314.6532652763603,1721.8749999999998,0.8996212121212122,475,17,36
draw_04025,2329.9710184627447,1754.4999999999998,0.9166666666666666,484,9,35
draw_04026,1885.1726756666797,1602.2499999999998,0.8371212121212122,442,20,66
draw_04027,2004.223778095405,1674.7499999999998,0.875,462,15,51
draw_04028,2289.343162779487,1779.8749999999998,0.9299242424242424,491,7,30
draw_04029,2243.239622998079,1678.3749999999998,0.8768939393939394,463,5,60
draw_04030,2350.009789352239,1768.9999999999998,0.9242424242424242,488,15,25
draw_04031,2252.4566964375726,1656.6249999999998,0.865530303030303,457,19,52
draw_04032,2129.381885520717,1779.8749999999998,0.9299242424242424,491,12,25
draw_04033,2012.7331991261115,1765.3749999999998,0.9223484848484849,487,21,20
draw_04034,2265.9732202563487,1725.4999999999998,0.9015151515151515,476,10,42
draw_04035,2437.913822266457,1736.3749999999998,0.9071969696969697,479,16,33
draw_04036,2190.25544223597,1696.4999999999998,0.8863636363636364,468,12,48
draw_04037,2362.4740962139585,1765.3749999999998,0.9223484848484849,487,11,30
draw_04038,2209.836692615067,1772.6249999999998,0.9261363636363636,489,11,28
draw_04039,2346.6486562854157,1714.6249999999998,0.8958333333333334,473,22,33
draw_04040,2090.1485948052637,1707.3749999999998,0.8920454545454546,471,13,44
draw_04041,2195.941141082364,1674.7499999999998,0.875,462,12,54
draw_04042,2144.04566494788,1714.6249999999998,0.8958333333333334,473,17,38
draw_04043,2096.8109638635683,1660.2499999999998,0.8674242424242424,458,12,58
draw_04044,1951.864711812863,1739.9999999999998,0.9090909090909091,480,23,25
draw_04045,2342.5744337154383,1667.4999999999998,0.8712121212121212,460,17,51
draw_04046,2502.8521197555933,1743.6249999999998,0.9109848484848485,481,15,32
draw_04047,2263.4060078739053,1736.3749999999998,0.9071969696969697,479,12,37
draw_04048,2409.702266511408,1739.9999999999998,0.9090909090909091,480,14,34
draw_04049,2252.2333619757983,1787.1249999999998,0.9337121212121212,493,12,23
draw_04050,2240.7577987570985,1710.9999999999998,0.8939393939393939,472,24,32
draw_04051,2286.9250307456573,1725.4999999999998,0.9015151515151515,476,20,32
draw_04052,2089.806310010492,1736.3749999999998,0.9071969696969697,479,16,33
draw_04053,2108.3213915006336,1696.4999999999998,0.8863636363636364,468,22,38
draw_04054,2266.1515665533047,1729.1249999999998,0.9034090909090909,477,10,41
draw_04055,1851.1159461264506,1671.1249999999998,0.8731060606060606,461,22,45
draw_04056,2248.355521448019,1725.4999999999998,0.9015151515151515,476,17,35
draw_04057,2278.591071286745,1830.6249999999998,0.9564393939393939,505,6,17
draw_04058,1990.326309574516,1602.2499999999998,0.8371212121212122,442,26,60
draw_04059,2295.9134863985055,1692.8749999999998,0.884469696969697,467,16,45
draw_04060,2127.508582435176,1700.1249999999998,0.8882575757575758,469,23,36
draw_04061,2121.722543228154,1692.8749999999998,0.884469696969697,467,15,46
draw_04062,2377.6997351502832,1859.6249999999998,0.9715909090909091,513,8,7
draw_04063,2238.4450322001812,1747.2499999999998,0.9128787878787878,482,7,39
draw_04064,2008.0686246423136,1703.7499999999998,0.8901515151515151,470,5,53
draw_04065,2088.966752549099,1718.2499999999998,0.8977272727272727,474,20,34
draw_04066,2246.7109223151397,1743.6249999999998,0.9109848484848485,481,8,39
draw_04067,2198.9792167769974,1747.2499999999998,0.9128787878787878,482,16,30
draw_04068,2235.05436746277,1696.4999999999998,0.8863636363636364,468,10,50
draw_04069,2169.7333488922095,1685.6249999999998,0.8806818181818182,465,16,47
draw_04070,2081.066410906921,1656.6249999999998,0.865530303030303,457,23,48
draw_04071,2195.7252097247533,1739.9999999999998,0.9090909090909091,480,16,32
draw_04072,2090.489603540825,1718.2499999999998,0.8977272727272727,474,14,40
draw_04073,2146.2368141788334,1681.9999999999998,0.8787878787878788,464,17,47
draw_04074,2149.95676627993,1725.4999999999998,0.9015151515151515,476,5,47
draw_04075,2162.940547511056,1758.1249999999998,0.9185606060606061,485,17,26
draw_04076,2113.1206031617426,1736.3749999999998,0.9071969696969697,479,13,36
draw_04077,2017.666497539843,1761.7499999999998,0.9204545454545454,486,9,33
draw_04078,2056.5635036672543,1743.6249999999998,0.9109848484848485,481,16,31
draw_04079,2023.7412887537143,1642.1249999999998,0.8579545454545454,453,14,61
draw_04080,2215.0015709533945,1750.8749999999998,0.9147727272727273,483,17,28
draw_04081,2443.2085658889187,1729.1249999999998,0.9034090909090909,477,10,41
draw_04082,2065.3773990349127,1721.8749999999998,0.8996212121212122,475,14,39
draw_04083,2300.0615847748377,1685.6249999999998,0.8806818181818182,465,13,50
draw_04084,2113.5689758958897,1678.3749999999998,0.8768939393939394,463,5,60
draw_04085,2413.8582493842905,1794.3749999999998,0.9375,495,8,25
draw_04086,2127.539286995303,1718.2499999999998,0.8977272727272727,474,16,38
draw_04087,2051.6157277477623,1656.6249999999998,0.865530303030303,457,14,57
draw_04088,2026.274759384217,1743.6249999999998,0.9109848484848485,481,13,34
draw_04089,2251.8126041597966,1710.9999999999998,0.8939393939393939,472,19,37
draw_04090,2235.558599222452,1732.7499999999998,0.9053030303030303,478,12,38
draw_04091,2136.1407060669444,1725.4999999999998,0.9015151515151515,476,22,30
draw_04092,2028.7524345811134,1718.2499999999998,0.8977272727272727,474,13,41
draw_04093,2422.898205771461,1732.7499999999998,0.9053030303030303,478,14,36
draw_04094,2061.8560549680014,1674.7499999999998,0.875,462,12,54
draw_04095,2176.221084872707,1681.9999999999998,0.8787878787878788,464,31,33
draw_04096,2055.6153971077883,1721.8749999999998,0.8996212121212122,475,18,35
draw_04097,2153.5672666725645,1700.1249999999998,0.8882575757575758,469,10,49
draw_04098,2221.224674791374,1714.6249999999998,0.8958333333333334,473,14,41
draw_04099,2279.207528731951,1689.2499999999998,0.8825757575757576,466,17,45
draw_04100,2332.43895405345,1732.7499999999998,0.9053030303030303,478,28,22
draw_04101,2265.1664942877687,1779.8749999999998,0.9299242424242424,491,16,21
draw_04102,2077.1082126424126,1649.3749999999998,0.8617424242424242,455,28,45
draw_04103,2256.93188819789,1768.9999999999998,0.9242424242424242,488,13,27
draw_04104,2141.994720247286,1761.7499999999998,0.9204545454545454,486,18,24
draw_04105,2410.5669367966825,1732.7499999999998,0.9053030303030303,478,14,36
draw_04106,2064.5409156744245,1631.2499999999998,0.8522727272727273,450,18,60
draw_04107,2119.3540056587894,1642.1249999999998,0.8579545454545454,453,28,47
draw_04108,2256.529839700818,1729.1249999999998,0.9034090909090909,477,17,34
draw_04109,2234.375636322668,1703.7499999999998,0.8901515151515151,470,26,32
draw_04110,2297.900816365206,1750.8749999999998,0.9147727272727273,483,7,38
draw_04111,2164.43759882394,1645.7499999999998,0.8598484848484849,454,18,56
draw_04112,2170.4671151507537,1718.2499999999998,0.8977272727272727,474,8,46
draw_04113,2085.473794100687,1591.3749999999998,0.8314393939393939,439,17,72
draw_04114,2286.893768393977,1638.4999999999998,0.8560606060606061,452,22,54
draw_04115,2054.0810413488393,1714.6249999999998,0.8958333333333334,473,14,41
draw_04116,1980.1514768564757,1703.7499999999998,0.8901515151515151,470,25,33
draw_04117,2290.7976783389954,1678.3749999999998,0.8768939393939394,463,13,52
draw_04118,2148.016266907973,1732.7499999999998,0.9053030303030303,478,5,45
draw_04119,2032.9550971705046,1671.1249999999998,0.8731060606060606,461,27,40
draw_04120,2222.8136271126496,1692.8749999999998,0.884469696969697,467,14,47
draw_04121,2122.4635024708173,1634.8749999999998,0.8541666666666666,451,12,65
draw_04122,2178.8924404958234,1710.9999999999998,0.8939393939393939,472,12,44
draw_04123,2265.890367093892,1779.8749999999998,0.9299242424242424,491,17,20
draw_04124,2218.078506871058,1703.7499999999998,0.8901515151515151,470,11,47
draw_04125,2073.3385420656628,1660.2499999999998,0.8674242424242424,458,12,58
draw_04126,2086.8924938523687,1703.7499999999998,0.8901515151515151,470,17,41
draw_04127,2259.96989159595,1725.4999999999998,0.9015151515151515,476,14,38
draw_04128,2099.255456082251,1721.8749999999998,0.8996212121212122,475,11,42
draw_04129,2320.9384373510134,1768.9999999999998,0.9242424242424242,488,4,36
draw_04130,2190.1718282577294,1685.6249999999998,0.8806818181818182,465,21,42
draw_04131,2124.3370636066425,1667.4999999999998,0.8712121212121212,460,15,53
draw_04132,2278.6346194277653,1710.9999999999998,0.8939393939393939,472,19,37
draw_04133,1940.9991579908376,1598.6249999999998,0.8352272727272727,441,26,61
draw_04134,2156.2776289272333,1750.8749999999998,0.9147727272727273,483,11,34
draw_04135,2183.3900664723424,1645.7499999999998,0.8598484848484849,454,39,35
draw_04136,2462.3927669011077,1848.7499999999998,0.9659090909090909,510,2,16
draw_04137,2216.1149843262174,1739.9999999999998,0.9090909090909091,480,21,27
draw_04138,2492.7836544617567,1765.3749999999998,0.9223484848484849,487,9,32
draw_04139,2113.8157998367246,1692.8749999999998,0.884469696969697,467,13,48
draw_04140,2298.669544028261,1776.2499999999998,0.928030303030303,490,12,26
draw_04141,2291.8434496092254,1765.3749999999998,0.9223484848484849,487,10,31
draw_04142,2273.0611692582243,1750.8749999999998,0.9147727272727273,483,15,30
draw_04143,2296.8594090472234,1681.9999999999998,0.8787878787878788,464,18,46
draw_04144,2096.6659863506534,1714.6249999999998,0.8958333333333334,473,24,31
draw_04145,2095.2304299782045,1696.4999999999998,0.8863636363636364,468,24,36
draw_04146,2070.6614819752,1707.3749999999998,0.8920454545454546,471,16,41
draw_04147,2229.245632333704,1808.8749999999998,0.9450757575757576,499,8,21
draw_04148,2058.559597759331,1660.2499999999998,0.8674242424242424,458,15,55
draw_04149,2241.553305959187,1739.9999999999998,0.9090909090909091,480,12,36
draw_04150,2181.2773784171227,1703.7499999999998,0.8901515151515151,470,22,36
draw_04151,2246.9222320266845,1776.2499999999998,0.928030303030303,490,17,21
draw_04152,2087.0954187827,1674.7499999999998,0.875,462,21,45
draw_04153,2322.558253034629,1736.3749999999998,0.9071969696969697,479,14,35
draw_04154,2134.4536375200005,1642.1249999999998,0.8579545454545454,453,12,63
draw_04155,2153.0515173286803,1758.1249999999998,0.9185606060606061,485,13,30
draw_04156,2097.6188764473973,1689.2499999999998,0.8825757575757576,466,26,36
draw_04157,1992.6443185949945,1638.4999999999998,0.8560606060606061,452,15,61
draw_04158,2074.290801531806,1674.7499999999998,0.875,462,15,51
draw_04159,2273.347723625363,1667.4999999999998,0.8712121212121212,460,13,55
draw_04160,2192.7447982385283,1707.3749999999998,0.8920454545454546,471,17,40
draw_04161,2203.7412329403055,1772.6249999999998,0.9261363636363636,489,17,22
draw_04162,2149.4882338529587,1703.7499999999998,0.8901515151515151,470,11,47
draw_04163,2197.7299465208466,1768.9999999999998,0.9242424242424242,488,9,31
draw_04164,2296.2568547849473,1729.1249999999998,0.9034090909090909,477,20,31
draw_04165,2506.2481992100998,1779.8749999999998,0.9299242424242424,491,16,21
draw_04166,2101.1037981481245,1707.3749999999998,0.8920454545454546,471,13,44
draw_04167,2108.8228124990123,1794.3749999999998,0.9375,495,13,20
draw_04168,2128.4557683263565,1747.2499999999998,0.9128787878787878,482,10,36
draw_04169,2263.4767843621335,1772.6249999999998,0.9261363636363636,489,15,24
draw_04170,2080.850338955768,1732.7499999999998,0.9053030303030303,478,18,32
draw_04171,2387.964809980544,1783.4999999999998,0.9318181818181818,492,18,18
draw_04172,2036.347071441991,1707.3749999999998,0.8920454545454546,471,22,35
draw_04173,2170.7677660078252,1634.8749999999998,0.8541666666666666,451,17,60
draw_04174,2335.165875791299,1787.1249999999998,0.9337121212121212,493,11,24
draw_04175,2149.957853750885,1645.7499999999998,0.8598484848484849,454,23,51
draw_04176,2315.1224952400703,1725.4999999999998,0.9015151515151515,476,18,34
draw_04177,2199.515621221949,1721.8749999999998,0.8996212121212122,475,16,37
draw_04178,2172.0673649656333,1754.4999999999998,0.9166666666666666,484,13,31
draw_04179,2050.0742498829227,1645.7499999999998,0.8598484848484849,454,26,48
draw_04180,2066.1247927114296,1689.2499999999998,0.8825757575757576,466,18,44
draw_04181,2157.2098572698355,1718.2499999999998,0.8977272727272727,474,16,38
draw_04182,2226.190519007002,1707.3749999999998,0.8920454545454546,471,14,43
draw_04183,2485.2921032110235,1794.3749999999998,0.9375,495,17,16
draw_04184,2154.8684768648145,1750.8749999999998,0.9147727272727273,483,16,29
draw_04185,2364.2883153075722,1747.2499999999998,0.9128787878787878,482,11,35
draw_04186,2119.763101039513,1754.4999999999998,0.9166666666666666,484,10,34
draw_04187,2017.9031365206392,1667.4999999999998,0.8712121212121212,460,17,51
draw_04188,2185.618034051761,1660.2499999999998,0.8674242424242424,458,24,46
draw_04189,2361.1019625996564,1747.2499999999998,0.9128787878787878,482,15,31
draw_04190,2318.9229176911163,1750.8749999999998,0.9147727272727273,483,15,30
draw_04191,2281.999782361285,1754.4999999999998,0.9166666666666666,484,22,22
draw_04192,2336.9274028844347,1692.8749999999998,0.884469696969697,467,17,44
draw_04193,2174.656618522978,1685.6249999999998,0.8806818181818182,465,22,41
draw_04194,2203.4785663483863,1729.1249999999998,0.9034090909090909,477,12,39
draw_04195,2267.462489284229,1663.8749999999998,0.8693181818181818,459,11,58
draw_04196,2293.1906823949807,1678.3749999999998,0.8768939393939394,463,20,45
draw_04197,2235.130072258315,1768.9999999999998,0.9242424242424242,488,8,32
draw_04198,2217.4669975158677,1718.2499999999998,0.8977272727272727,474,12,42
draw_04199,2071.890538496627,1663.8749999999998,0.8693181818181818,459,13,56
draw_04200,2213.532759784401,1783.4999999999998,0.9318181818181818,492,12,24
draw_04201,2478.1139104987697,1747.2499999999998,0.9128787878787878,482,26,20
draw_04202,2030.9199853177608,1743.6249999999998,0.9109848484848485,481,10,37
draw_04203,2238.5041695439204,1765.3749999999998,0.9223484848484849,487,7,34
draw_04204,2309.5230931933406,1710.9999999999998,0.8939393939393939,472,13,43
draw_04205,2006.8982617788567,1663.8749999999998,0.8693181818181818,459,11,58
draw_04206,1897.1007432644883,1591.3749999999998,0.8314393939393939,439,19,70
draw_04207,2280.969421390008,1729.1249999999998,0.9034090909090909,477,9,42
draw_04208,2449.66749762345,1736.3749999999998,0.9071969696969697,479,13,36
draw_04209,2194.6917360206307,1761.7499999999998,0.9204545454545454,486,17,25
draw_04210,2265.3845781332875,1718.2499999999998,0.8977272727272727,474,17,37
draw_04211,1978.169101401029,1652.9999999999998,0.8636363636363636,456,11,61
draw_04212,2517.7406324680933,1801.6249999999998,0.9412878787878788,497,10,21
draw_04213,2249.9513730885155,1707.3749999999998,0.8920454545454546,471,14,43
draw_04214,2128.981033005231,1696.4999999999998,0.8863636363636364,468,23,37
draw_04215,2090.0648238892823,1681.9999999999998,0.8787878787878788,464,22,42
draw_04216,2128.5478659118035,1765.3749999999998,0.9223484848484849,487,11,30
draw_04217,2105.652754039475,1689.2499999999998,0.8825757575757576,466,13,49
draw_04218,2099.4992488766043,1729.1249999999998,0.9034090909090909,477,11,40
draw_04219,1991.546532545531,1707.3749999999998,0.8920454545454546,471,21,36
draw_04220,2326.70951587641,1736.3749999999998,0.9071969696969697,479,11,38
draw_04221,2230.8675468237116,1787.1249999999998,0.9337121212121212,493,16,19
draw_04222,2087.3246992584127,1729.1249999999998,0.9034090909090909,477,19,32
draw_04223,2156.6555593570224,1703.7499999999998,0.8901515151515151,470,10,48
draw_04224,2230.8285253395375,1725.4999999999998,0.9015151515151515,476,19,33
draw_04225,2121.5686548980607,1703.7499999999998,0.8901515151515151,470,14,44
draw_04226,2165.0983950643913,1696.4999999999998,0.8863636363636364,468,22,38
draw_04227,2125.8488130302803,1667.4999999999998,0.8712121212121212,460,22,46
draw_04228,2389.9425673998658,1761.7499999999998,0.9204545454545454,486,2,40
draw_04229,2401.3919364995686,1663.8749999999998,0.8693181818181818,459,12,57
draw_04230,2118.7099707189095,1707.3749999999998,0.8920454545454546,471,18,39
draw_04231,2316.421980179169,1772.6249999999998,0.9261363636363636,489,14,25
draw_04232,2223.48644942369,1790.7499999999998,0.9356060606060606,494,12,22
draw_04233,2153.630510787907,1700.1249999999998,0.8882575757575758,469,18,41
draw_04234,2260.210007035406,1656.6249999999998,0.865530303030303,457,25,46
draw_04235,2147.447558065977,1681.9999999999998,0.8787878787878788,464,13,51
draw_04236,2099.704303299408,1634.8749999999998,0.8541666666666666,451,23,54
draw_04237,2278.0884585494327,1739.9999999999998,0.9090909090909091,480,12,36
draw_04238,2257.0673338985116,1787.1249999999998,0.9337121212121212,493,10,25
draw_04239,2105.357816216864,1736.3749999999998,0.9071969696969697,479,16,33
draw_04240,2262.873456704015,1772.6249999999998,0.9261363636363636,489,21,18
draw_04241,2153.0709147900734,1732.7499999999998,0.9053030303030303,478,18,32
draw_04242,2192.715096700789,1620.3749999999998,0.8465909090909091,447,20,61
draw_04243,2301.366954935935,1732.7499999999998,0.9053030303030303,478,17,33
draw_04244,2113.2812904347857,1714.6249999999998,0.8958333333333334,473,14,41
draw_04245,2241.6010513996816,1729.1249999999998,0.9034090909090909,477,11,40
draw_04246,2148.1764118465244,1707.3749999999998,0.8920454545454546,471,20,37
draw_04247,2160.3907884370315,1710.9999999999998,0.8939393939393939,472,13,43
draw_04248,2293.944734018284,1729.1249999999998,0.9034090909090909,477,13,38
draw_04249,2249.042848765369,1714.6249999999998,0.8958333333333334,473,27,28
draw_04250,2334.9939120815648,1743.6249999999998,0.9109848484848485,481,9,38
draw_04251,2217.036063775488,1703.7499999999998,0.8901515151515151,470,22,36
draw_04252,2148.0070997310672,1631.2499999999998,0.8522727272727273,450,16,62
draw_04253,2206.5338468275595,1685.6249999999998,0.8806818181818182,465,11,52
draw_04254,2225.951413912804,1743.6249999999998,0.9109848484848485,481,8,39
draw_04255,2112.054989326702,1736.3749999999998,0.9071969696969697,479,12,37
draw_04256,2336.967669815926,1816.1249999999998,0.9488636363636364,501,6,21
draw_04257,2154.85665282139,1754.4999999999998,0.9166666666666666,484,16,28
draw_04258,2202.156683385737,1750.8749999999998,0.9147727272727273,483,16,29
draw_04259,2100.9123815787657,1692.8749999999998,0.884469696969697,467,14,47
draw_04260,2051.6648688289874,1747.2499999999998,0.9128787878787878,482,11,35
draw_04261,2007.543869848233,1660.2499999999998,0.8674242424242424,458,19,51
draw_04262,2043.289733474376,1700.1249999999998,0.8882575757575758,469,19,40
draw_04263,2117.2816066043883,1729.1249999999998,0.9034090909090909,477,16,35
draw_04264,2199.135308261482,1758.1249999999998,0.9185606060606061,485,15,28
draw_04265,2146.961554712473,1685.6249999999998,0.8806818181818182,465,18,45
draw_04266,2150.843320709117,1732.7499999999998,0.9053030303030303,478,14,36
draw_04267,2192.600551635187,1725.4999999999998,0.9015151515151515,476,17,35
draw_04268,2308.5771439991117,1729.1249999999998,0.9034090909090909,477,10,41
draw_04269,2073.5344019527306,1696.4999999999998,0.8863636363636364,468,19,41
draw_04270,2297.817727071869,1736.3749999999998,0.9071969696969697,479,9,40
draw_04271,2259.4822966985344,1674.7499999999998,0.875,462,19,47
draw_04272,2150.8168013411046,1609.4999999999998,0.8409090909090909,444,20,64
draw_04273,2161.7583967755672,1765.3749999999998,0.9223484848484849,487,8,33
draw_04274,2264.9586903469285,1779.8749999999998,0.9299242424242424,491,10,27
draw_04275,2056.411743502074,1736.3749999999998,0.9071969696969697,479,18,31
draw_04276,2144.28548953355,1707.3749999999998,0.8920454545454546,471,10,47
draw_04277,2130.6026866577267,1743.6249999999998,0.9109848484848485,481,7,40
draw_04278,2176.3703886297913,1645.7499999999998,0.8598484848484849,454,36,38
draw_04279,2255.005232879852,1660.2499999999998,0.8674242424242424,458,12,58
draw_04280,2302.3131494096115,1681.9999999999998,0.8787878787878788,464,15,49
draw_04281,2321.142231490177,1747.2499999999998,0.9128787878787878,482,17,29
draw_04282,2173.110042797773,1652.9999999999998,0.8636363636363636,456,23,49
draw_04283,2335.1215199056223,1725.4999999999998,0.9015151515151515,476,14,38
draw_04284,2305.114677197591,1743.6249999999998,0.9109848484848485,481,21,26
draw_04285,2258.301121227154,1743.6249999999998,0.9109848484848485,481,15,32
draw_04286,2173.3130044924346,1718.2499999999998,0.8977272727272727,474,22,32
draw_04287,2082.2104907671355,1725.4999999999998,0.9015151515151515,476,13,39
draw_04288,2314.811680454514,1747.2499999999998,0.9128787878787878,482,14,32
draw_04289,2212.130107709734,1681.9999999999998,0.8787878787878788,464,20,44
draw_04290,2426.320236516531,1721.8749999999998,0.8996212121212122,475,18,35
draw_04291,2254.118489333421,1797.9999999999998,0.9393939393939394,496,10,22
draw_04292,2222.0474093368184,1718.2499999999998,0.8977272727272727,474,13,41
draw_04293,2073.4437212328517,1685.6249999999998,0.8806818181818182,465,26,37
draw_04294,2191.4391939107195,1710.9999999999998,0.8939393939393939,472,22,34
draw_04295,2242.093756860298,1700.1249999999998,0.8882575757575758,469,20,39
draw_04296,1975.693880347819,1591.3749999999998,0.8314393939393939,439,25,64
draw_04297,2310.5843064198502,1768.9999999999998,0.9242424242424242,488,9,31
draw_04298,2117.3934150484906,1681.9999999999998,0.8787878787878788,464,19,45
draw_04299,2293.578311213086,1772.6249999999998,0.9261363636363636,489,13,26
draw_04300,2278.8188581869936,1783.4999999999998,0.9318181818181818,492,9,27
draw_04301,2164.566041658627,1725.4999999999998,0.9015151515151515,476,17,35
draw_04302,2047.275311720844,1616.7499999999998,0.8446969696969697,446,17,65
draw_04303,2129.953217733053,1700.1249999999998,0.8882575757575758,469,24,35
draw_04304,2255.452005559011,1783.4999999999998,0.9318181818181818,492,11,25
draw_04305,2233.4178765981337,1707.3749999999998,0.8920454545454546,471,19,38
draw_04306,2372.638545619757,1758.1249999999998,0.9185606060606061,485,8,35
draw_04307,2252.2758441052442,1714.6249999999998,0.8958333333333334,473,16,39
draw_04308,2333.65415646513,1805.2499999999998,0.9431818181818182,498,6,24
draw_04309,2022.5552270146102,1714.6249999999998,0.8958333333333334,473,17,38
draw_04310,2229.998550632572,1718.2499999999998,0.8977272727272727,474,14,40
draw_04311,2505.526837257955,1747.2499999999998,0.9128787878787878,482,14,32
draw_04312,2344.746961290849,1714.6249999999998,0.8958333333333334,473,22,33
draw_04313,2169.116072868087,1671.1249999999998,0.8731060606060606,461,12,55
draw_04314,2032.2835585800096,1692.8749999999998,0.884469696969697,467,10,51
draw_04315,2200.660668973337,1681.9999999999998,0.8787878787878788,464,21,43
draw_04316,2376.9791450780067,1812.4999999999998,0.946969696969697,500,11,17
draw_04317,2263.188606714908,1667.4999999999998,0.8712121212121212,460,19,49
draw_04318,2192.7474303460426,1721.8749999999998,0.8996212121212122,475,21,32
draw_04319,2396.2834514964784,1721.8749999999998,0.8996212121212122,475,15,38
draw_04320,2285.300482512833,1714.6249999999998,0.8958333333333334,473,13,42
draw_04321,2195.8449333152353,1729.1249999999998,0.9034090909090909,477,13,38
draw_04322,2218.4529950012566,1714.6249999999998,0.8958333333333334,473,10,45
draw_04323,2178.4308787693626,1732.7499999999998,0.9053030303030303,478,16,34
draw_04324,2132.6967957447137,1736.3749999999998,0.9071969696969697,479,11,38
draw_04325,2180.2230078239,1787.1249999999998,0.9337121212121212,493,11,24
draw_04326,2650.875112572571,1754.4999999999998,0.9166666666666666,484,16,28
draw_04327,1954.4019139103837,1645.7499999999998,0.8598484848484849,454,19,55
draw_04328,2068.1411577317854,1671.1249999999998,0.8731060606060606,461,19,48
draw_04329,2179.4747171991994,1649.3749999999998,0.8617424242424242,455,24,49
draw_04330,2398.081657899166,1776.2499999999998,0.928030303030303,490,11,27
draw_04331,2198.085231165123,1812.4999999999998,0.946969696969697,500,10,18
draw_04332,2156.7130522840184,1765.3749999999998,0.9223484848484849,487,7,34
draw_04333,2209.549513034927,1667.4999999999998,0.8712121212121212,460,15,53
draw_04334,2345.0685485028207,1758.1249999999998,0.9185606060606061,485,12,31
draw_04335,2349.892047253486,1700.1249999999998,0.8882575757575758,469,24,35
draw_04336,2016.0970886649275,1671.1249999999998,0.8731060606060606,461,14,53
draw_04337,2216.1233617606686,1739.9999999999998,0.9090909090909091,480,9,39
draw_04338,2141.990006423465,1671.1249999999998,0.8731060606060606,461,24,43
draw_04339,2043.316184282275,1703.7499999999998,0.8901515151515151,470,3,55
draw_04340,2089.9289937193994,1725.4999999999998,0.9015151515151515,476,15,37
draw_04341,2547.468935293142,1750.8749999999998,0.9147727272727273,483,8,37
draw_04342,1999.8174247709171,1634.8749999999998,0.8541666666666666,451,16,61
draw_04343,2055.734086575891,1783.4999999999998,0.9318181818181818,492,7,29
draw_04344,2204.7834658964225,1772.6249999999998,0.9261363636363636,489,13,26
draw_04345,2114.9747463910753,1656.6249999999998,0.865530303030303,457,17,54
draw_04346,2236.8960879330684,1729.1249999999998,0.9034090909090909,477,14,37
draw_04347,2067.466557876373,1671.1249999999998,0.8731060606060606,461,7,60
draw_04348,2255.0533874314133,1801.6249999999998,0.9412878787878788,497,4,27
draw_04349,2166.4764417434544,1710.9999999999998,0.8939393939393939,472,17,39
draw_04350,2126.856981353764,1631.2499999999998,0.8522727272727273,450,17,61
draw_04351,2025.0201368025337,1591.3749999999998,0.8314393939393939,439,19,70
draw_04352,2022.7728196314129,1605.8749999999998,0.8390151515151515,443,31,54
draw_04353,2311.9913060676577,1714.6249999999998,0.8958333333333334,473,20,35
draw_04354,2214.966530012359,1674.7499999999998,0.875,462,11,55
draw_04355,2267.6345955643433,1656.6249999999998,0.865530303030303,457,13,58
draw_04356,2160.240472021595,1707.3749999999998,0.8920454545454546,471,20,37
draw_04357,2325.0008852358465,1768.9999999999998,0.9242424242424242,488,13,27
draw_04358,2131.3212927754776,1692.8749999999998,0.884469696969697,467,12,49
draw_04359,2012.0453676280504,1656.6249999999998,0.865530303030303,457,18,53
draw_04360,2082.531790173184,1707.3749999999998,0.8920454545454546,471,21,36
draw_04361,2214.933695796426,1779.8749999999998,0.9299242424242424,491,8,29
draw_04362,2148.2190054245407,1663.8749999999998,0.8693181818181818,459,16,53
draw_04363,2386.8574188965463,1700.1249999999998,0.8882575757575758,469,17,42
draw_04364,2435.001859956505,1787.1249999999998,0.9337121212121212,493,15,20
draw_04365,2066.7375137984272,1605.8749999999998,0.8390151515151515,443,11,74
draw_04366,2207.9215238430306,1732.7499999999998,0.9053030303030303,478,16,34
draw_04367,2263.830253643672,1732.7499999999998,0.9053030303030303,478,13,37
draw_04368,2237.6809432032546,1758.1249999999998,0.9185606060606061,485,13,30
draw_04369,2133.987958791687,1743.6249999999998,0.9109848484848485,481,17,30
draw_04370,2291.95397389578,1689.2499999999998,0.8825757575757576,466,18,44
draw_04371,2267.1057281358035,1841.4999999999998,0.9621212121212122,508,7,13
draw_04372,2050.6892238606606,1707.3749999999998,0.8920454545454546,471,11,46
draw_04373,2209.0724257255883,1685.6249999999998,0.8806818181818182,465,10,53
draw_04374,2095.178680730472,1725.4999999999998,0.9015151515151515,476,24,28
draw_04375,2061.4109813170617,1765.3749999999998,0.9223484848484849,487,13,28
draw_04376,2189.7811352710687,1768.9999999999998,0.9242424242424242,488,12,28
draw_04377,2100.4759263823066,1602.2499999999998,0.8371212121212122,442,25,61
draw_04378,2144.4615358765946,1700.1249999999998,0.8882575757575758,469,14,45
draw_04379,2299.4681804109573,1754.4999999999998,0.9166666666666666,484,14,30
draw_04380,2232.59230130706,1747.2499999999998,0.9128787878787878,482,19,27
draw_04381,2110.578786894038,1747.2499999999998,0.9128787878787878,482,15,31
draw_04382,2164.436092029129,1736.3749999999998,0.9071969696969697,479,14,35
draw_04383,1921.2458582766815,1747.2499999999998,0.9128787878787878,482,12,34
draw_04384,2207.264530244385,1747.2499999999998,0.9128787878787878,482,7,39
draw_04385,2251.3702874451687,1754.4999999999998,0.9166666666666666,484,12,32
draw_04386,2302.309720731027,1703.7499999999998,0.8901515151515151,470,7,51
draw_04387,2312.5050679924043,1667.4999999999998,0.8712121212121212,460,20,48
draw_04388,2234.3768727451984,1754.4999999999998,0.9166666666666666,484,10,34
draw_04389,2184.9309364545184,1732.7499999999998,0.9053030303030303,478,9,41
draw_04390,2274.9473518782647,1725.4999999999998,0.9015151515151515,476,14,38
draw_04391,2045.3897884393714,1772.6249999999998,0.9261363636363636,489,8,31
draw_04392,2339.4593014922098,1721.8749999999998,0.8996212121212122,475,8,45
draw_04393,2442.9951351401746,1783.4999999999998,0.9318181818181818,492,8,28
draw_04394,2145.8272743172583,1761.7499999999998,0.9204545454545454,486,11,31
draw_04395,2263.9431725937156,1761.7499999999998,0.9204545454545454,486,15,27
draw_04396,2181.658448943207,1729.1249999999998,0.9034090909090909,477,13,38
draw_04397,2202.1137329956227,1692.8749999999998,0.884469696969697,467,22,39
draw_04398,2136.9103987857143,1710.9999999999998,0.8939393939393939,472,14,42
draw_04399,2399.586934478937,1739.9999999999998,0.9090909090909091,480,11,37
draw_04400,2161.229463763664,1776.2499999999998,0.928030303030303,490,7,31
draw_04401,2099.1528458980824,1696.4999999999998,0.8863636363636364,468,15,45
draw_04402,2223.2105491274797,1732.7499999999998,0.9053030303030303,478,19,31
draw_04403,2115.384934833498,1779.8749999999998,0.9299242424242424,491,13,24
draw_04404,2272.0692015000477,1747.2499999999998,0.9128787878787878,482,16,30
draw_04405,2030.313438711419,1631.2499999999998,0.8522727272727273,450,17,61
draw_04406,2330.194605158001,1765.3749999999998,0.9223484848484849,487,10,31
draw_04407,1965.6088680712974,1681.9999999999998,0.8787878787878788,464,21,43
draw_04408,2007.056932456382,1634.8749999999998,0.8541666666666666,451,10,67
draw_04409,2329.492654971455,1765.3749999999998,0.9223484848484849,487,16,25
draw_04410,2184.368134368302,1725.4999999999998,0.9015151515151515,476,7,45
draw_04411,2278.297100079469,1783.4999999999998,0.9318181818181818,492,9,27
draw_04412,1942.2334473396022,1580.4999999999998,0.8257575757575758,436,22,70
draw_04413,2158.3506073410404,1721.8749999999998,0.8996212121212122,475,23,30
draw_04414,2293.040187942699,1765.3749999999998,0.9223484848484849,487,12,29
draw_04415,2436.4843734441883,1747.2499999999998,0.9128787878787878,482,18,28
draw_04416,2401.285487351481,1743.6249999999998,0.9109848484848485,481,12,35
draw_04417,2150.3313272952723,1739.9999999999998,0.9090909090909091,480,10,38
draw_04418,1868.0446149762017,1642.1249999999998,0.8579545454545454,453,20,55
draw_04419,2268.3745130500865,1692.8749999999998,0.884469696969697,467,20,41
draw_04420,2144.61061653169,1736.3749999999998,0.9071969696969697,479,18,31
draw_04421,2214.960110296516,1739.9999999999998,0.9090909090909091,480,11,37
draw_04422,2068.07073841183,1678.3749999999998,0.8768939393939394,463,21,44
draw_04423,2233.1118517843292,1754.4999999999998,0.9166666666666666,484,10,34
draw_04424,2068.8479377161098,1620.3749999999998,0.8465909090909091,447,35,46
draw_04425,2092.2166981040073,1656.6249999999998,0.865530303030303,457,28,43
draw_04426,2131.1133763519256,1696.4999999999998,0.8863636363636364,468,6,54
draw_04427,2245.7272275603077,1689.2499999999998,0.8825757575757576,466,23,39
draw_04428,2012.1112939185282,1761.7499999999998,0.9204545454545454,486,8,34
draw_04429,2228.652958889713,1710.9999999999998,0.8939393939393939,472,19,37
draw_04430,2226.2029398604877,1663.8749999999998,0.8693181818181818,459,19,50
draw_04431,1932.857704696024,1645.7499999999998,0.8598484848484849,454,16,58
draw_04432,1991.194460825546,1605.8749999999998,0.8390151515151515,443,33,52
draw_04433,2213.5266270145753,1747.2499999999998,0.9128787878787878,482,16,30
draw_04434,2292.1424083942316,1787.1249999999998,0.9337121212121212,493,13,22
draw_04435,2134.1727135369497,1638.4999999999998,0.8560606060606061,452,17,59
draw_04436,1988.0171074498264,1678.3749999999998,0.8768939393939394,463,11,54
draw_04437,2156.4984394874373,1721.8749999999998,0.8996212121212122,475,23,30
draw_04438,2269.8034730446943,1772.6249999999998,0.9261363636363636,489,11,28
draw_04439,2060.0643759090453,1729.1249999999998,0.9034090909090909,477,14,37
draw_04440,2033.2694009767727,1710.9999999999998,0.8939393939393939,472,12,44
draw_04441,2233.991392779751,1710.9999999999998,0.8939393939393939,472,11,45
draw_04442,2216.834872395555,1758.1249999999998,0.9185606060606061,485,11,32
draw_04443,2276.2331157415574,1754.4999999999998,0.9166666666666666,484,11,33
draw_04444,2271.6790724981192,1710.9999999999998,0.8939393939393939,472,20,36
draw_04445,2225.791355511885,1776.2499999999998,0.928030303030303,490,14,24
draw_04446,2048.8212047462152,1710.9999999999998,0.8939393939393939,472,22,34
draw_04447,2250.7993712916386,1732.7499999999998,0.9053030303030303,478,17,33
draw_04448,2048.303509298564,1656.6249999999998,0.865530303030303,457,13,58
draw_04449,2107.8713847361414,1671.1249999999998,0.8731060606060606,461,19,48
draw_04450,2074.26576459341,1663.8749999999998,0.8693181818181818,459,16,53
draw_04451,2351.1613338670636,1721.8749999999998,0.8996212121212122,475,17,36
draw_04452,2246.8702678830814,1812.4999999999998,0.946969696969697,500,8,20
draw_04453,2292.5318404120862,1739.9999999999998,0.9090909090909091,480,15,33
draw_04454,2118.6061949404934,1667.4999999999998,0.8712121212121212,460,13,55
draw_04455,2187.558525573908,1703.7499999999998,0.8901515151515151,470,25,33
draw_04456,2093.7830774821573,1681.9999999999998,0.8787878787878788,464,12,52
draw_04457,2164.659592288601,1681.9999999999998,0.8787878787878788,464,10,54
draw_04458,2224.3141807912652,1729.1249999999998,0.9034090909090909,477,19,32
draw_04459,2281.475691661916,1692.8749999999998,0.884469696969697,467,12,49
draw_04460,2215.2269672618445,1700.1249999999998,0.8882575757575758,469,18,41
draw_04461,2044.6266408456288,1725.4999999999998,0.9015151515151515,476,22,30
draw_04462,1941.2815065853404,1660.2499999999998,0.8674242424242424,458,17,53
draw_04463,2238.9852870657464,1758.1249999999998,0.9185606060606061,485,4,39
draw_04464,2212.7480755794086,1652.9999999999998,0.8636363636363636,456,23,49
draw_04465,2180.453745716938,1714.6249999999998,0.8958333333333334,473,6,49
draw_04466,2079.9559951776837,1584.1249999999998,0.8276515151515151,437,32,59
draw_04467,2196.5416770154225,1671.1249999999998,0.8731060606060606,461,21,46
draw_04468,2102.528219649667,1776.2499999999998,0.928030303030303,490,12,26
draw_04469,2429.1265461241646,1794.3749999999998,0.9375,495,6,27
draw_04470,2185.1576651067426,1714.6249999999998,0.8958333333333334,473,17,38
draw_04471,2354.958734300499,1714.6249999999998,0.8958333333333334,473,12,43
draw_04472,2447.4955481445177,1823.3749999999998,0.9526515151515151,503,9,16
draw_04473,2121.8116793766158,1689.2499999999998,0.8825757575757576,466,19,43
draw_04474,2112.9676620772475,1623.9999999999998,0.8484848484848485,448,25,55
draw_04475,2269.416419529871,1739.9999999999998,0.9090909090909091,480,10,38
draw_04476,2388.823747350195,1714.6249999999998,0.8958333333333334,473,20,35
draw_04477,2449.8485029481435,1750.8749999999998,0.9147727272727273,483,10,35
draw_04478,2173.351143824654,1703.7499999999998,0.8901515151515151,470,18,40
draw_04479,1888.5221963580766,1631.2499999999998,0.8522727272727273,450,17,61
draw_04480,2208.2532272083777,1663.8749999999998,0.8693181818181818,459,20,49
draw_04481,2476.7900384568625,1750.8749999999998,0.9147727272727273,483,12,33
draw_04482,2222.228353788265,1758.1249999999998,0.9185606060606061,485,16,27
draw_04483,2160.669254691242,1750.8749999999998,0.9147727272727273,483,21,24
draw_04484,2309.694986168272,1750.8749999999998,0.9147727272727273,483,12,33
draw_04485,2343.403278688573,1776.2499999999998,0.928030303030303,490,10,28
draw_04486,2306.577853452415,1725.4999999999998,0.9015151515151515,476,10,42
draw_04487,2062.9650646341693,1616.7499999999998,0.8446969696969697,446,23,59
draw_04488,2238.5751332057,1718.2499999999998,0.8977272727272727,474,13,41
draw_04489,2195.657770356512,1714.6249999999998,0.8958333333333334,473,17,38
draw_04490,2188.030466264698,1739.9999999999998,0.9090909090909091,480,17,31
draw_04491,2288.426753957696,1703.7499999999998,0.8901515151515151,470,15,43
draw_04492,2247.7597431954623,1736.3749999999998,0.9071969696969697,479,13,36
draw_04493,2328.6667599128377,1732.7499999999998,0.9053030303030303,478,11,39
draw_04494,2153.6445356155864,1692.8749999999998,0.884469696969697,467,15,46
draw_04495,2316.306890629063,1747.2499999999998,0.9128787878787878,482,21,25
draw_04496,2071.1465684034824,1721.8749999999998,0.8996212121212122,475,20,33
draw_04497,2168.7740916193075,1732.7499999999998,0.9053030303030303,478,11,39
draw_04498,2307.5897763537405,1700.1249999999998,0.8882575757575758,469,11,48
draw_04499,2172.054344322054,1819.7499999999998,0.9507575757575758,502,12,14
draw_04500,2103.5521065904513,1703.7499999999998,0.8901515151515151,470,14,44
draw_04501,2432.1367701977774,1736.3749999999998,0.9071969696969697,479,15,34
draw_04502,2289.8456254911275,1710.9999999999998,0.8939393939393939,472,11,45
draw_04503,2243.045395363575,1692.8749999999998,0.884469696969697,467,15,46
draw_04504,2210.436769230974,1729.1249999999998,0.9034090909090909,477,18,33
draw_04505,2137.3346563984496,1663.8749999999998,0.8693181818181818,459,18,51
draw_04506,2126.818691501989,1678.3749999999998,0.8768939393939394,463,25,40
draw_04507,2118.3966015521905,1685.6249999999998,0.8806818181818182,465,24,39
draw_04508,2277.1975879774377,1710.9999999999998,0.8939393939393939,472,25,31
draw_04509,2310.2460869020497,1732.7499999999998,0.9053030303030303,478,18,32
draw_04510,2132.730035036504,1739.9999999999998,0.9090909090909091,480,13,35
draw_04511,2375.230321158857,1761.7499999999998,0.9204545454545454,486,8,34
draw_04512,2193.0519274195517,1761.7499999999998,0.9204545454545454,486,21,21
draw_04513,2185.5725460913477,1736.3749999999998,0.9071969696969697,479,6,43
draw_04514,1939.3572433974116,1678.3749999999998,0.8768939393939394,463,21,44
draw_04515,2067.5954783668567,1692.8749999999998,0.884469696969697,467,13,48
draw_04516,2246.579139015134,1620.3749999999998,0.8465909090909091,447,19,62
draw_04517,2139.6530751379564,1667.4999999999998,0.8712121212121212,460,9,59
draw_04518,2276.102887556551,1703.7499999999998,0.8901515151515151,470,11,47
draw_04519,2118.224899975535,1700.1249999999998,0.8882575757575758,469,21,38
draw_04520,2110.13583788624,1602.2499999999998,0.8371212121212122,442,21,65
draw_04521,2147.628764918717,1721.8749999999998,0.8996212121212122,475,18,35
draw_04522,2139.810270760927,1758.1249999999998,0.9185606060606061,485,14,29
draw_04523,2150.9571025357536,1685.6249999999998,0.8806818181818182,465,17,46
draw_04524,2251.458066526364,1700.1249999999998,0.8882575757575758,469,18,41
draw_04525,1935.238034965922,1642.1249999999998,0.8579545454545454,453,17,58
draw_04526,2033.0749863722244,1674.7499999999998,0.875,462,20,46
draw_04527,2035.0759357939212,1663.8749999999998,0.8693181818181818,459,10,59
draw_04528,2215.247734936362,1714.6249999999998,0.8958333333333334,473,12,43
draw_04529,1966.142059715835,1576.8749999999998,0.8238636363636364,435,29,64
draw_04530,2203.291610618492,1743.6249999999998,0.9109848484848485,481,15,32
draw_04531,2327.0759188663314,1729.1249999999998,0.9034090909090909,477,8,43
draw_04532,2123.751528050717,1721.8749999999998,0.8996212121212122,475,17,36
draw_04533,2143.2909280639665,1703.7499999999998,0.8901515151515151,470,16,42
draw_04534,2252.9617269000405,1685.6249999999998,0.8806818181818182,465,22,41
draw_04535,2078.7084501668537,1663.8749999999998,0.8693181818181818,459,28,41
draw_04536,1967.056763596887,1605.8749999999998,0.8390151515151515,443,15,70
draw_04537,2295.3665916674518,1736.3749999999998,0.9071969696969697,479,24,25
draw_04538,2341.310099219523,1718.2499999999998,0.8977272727272727,474,11,43
draw_04539,2394.922044677217,1732.7499999999998,0.9053030303030303,478,13,37
draw_04540,2104.6510300910554,1758.1249999999998,0.9185606060606061,485,11,32
draw_04541,2084.391548032826,1692.8749999999998,0.884469696969697,467,11,50
draw_04542,2371.1280652721484,1794.3749999999998,0.9375,495,3,30
draw_04543,2076.2957789361417,1779.8749999999998,0.9299242424242424,491,7,30
draw_04544,2059.8863396395977,1642.1249999999998,0.8579545454545454,453,12,63
draw_04545,2364.390448624289,1794.3749999999998,0.9375,495,8,25
draw_04546,1997.2854077334518,1678.3749999999998,0.8768939393939394,463,19,46
draw_04547,2236.4137441224652,1642.1249999999998,0.8579545454545454,453,21,54
draw_04548,2093.7748817999754,1721.8749999999998,0.8996212121212122,475,7,46
draw_04549,2195.1565685987784,1732.7499999999998,0.9053030303030303,478,14,36
draw_04550,2207.0000188598274,1725.4999999999998,0.9015151515151515,476,20,32
draw_04551,2260.0346583724317,1710.9999999999998,0.8939393939393939,472,21,35
draw_04552,2141.6189779514334,1645.7499999999998,0.8598484848484849,454,14,60
draw_04553,2259.0891325049474,1718.2499999999998,0.8977272727272727,474,23,31
draw_04554,2258.6894741764604,1758.1249999999998,0.9185606060606061,485,8,35
draw_04555,2024.153457896024,1663.8749999999998,0.8693181818181818,459,20,49
draw_04556,2197.2819000150785,1707.3749999999998,0.8920454545454546,471,15,42
draw_04557,2010.4625966891642,1681.9999999999998,0.8787878787878788,464,17,47
draw_04558,2080.9313648668895,1602.2499999999998,0.8371212121212122,442,27,59
draw_04559,2230.6450482939786,1801.6249999999998,0.9412878787878788,497,11,20
draw_04560,2222.6491432450284,1743.6249999999998,0.9109848484848485,481,14,33
draw_04561,2143.125818663313,1700.1249999999998,0.8882575757575758,469,13,46
draw_04562,2086.2787271802345,1609.4999999999998,0.8409090909090909,444,16,68
draw_04563,2207.9962391779923,1710.9999999999998,0.8939393939393939,472,17,39
draw_04564,2033.0130016772198,1649.3749999999998,0.8617424242424242,455,25,48
draw_04565,2060.3060564424386,1642.1249999999998,0.8579545454545454,453,17,58
draw_04566,2332.1944532607135,1689.2499999999998,0.8825757575757576,466,31,31
draw_04567,2256.674755911517,1739.9999999999998,0.9090909090909091,480,10,38
draw_04568,2219.928933301825,1696.4999999999998,0.8863636363636364,468,16,44
draw_04569,2299.6652421084286,1772.6249999999998,0.9261363636363636,489,14,25
draw_04570,2185.315624394072,1721.8749999999998,0.8996212121212122,475,16,37
draw_04571,2326.6292517457614,1801.6249999999998,0.9412878787878788,497,12,19
draw_04572,2151.1934497328575,1696.4999999999998,0.8863636363636364,468,14,46
draw_04573,2127.1188123325765,1685.6249999999998,0.8806818181818182,465,25,38
draw_04574,2098.0480587513166,1638.4999999999998,0.8560606060606061,452,17,59
draw_04575,2225.0992433114825,1765.3749999999998,0.9223484848484849,487,13,28
draw_04576,2328.520905260999,1718.2499999999998,0.8977272727272727,474,8,46
draw_04577,2186.293581599906,1721.8749999999998,0.8996212121212122,475,16,37
draw_04578,2182.7438002776853,1772.6249999999998,0.9261363636363636,489,9,30
draw_04579,2345.077273175066,1794.3749999999998,0.9375,495,12,21
draw_04580,2291.698478326911,1758.1249999999998,0.9185606060606061,485,13,30
draw_04581,2109.325935962643,1696.4999999999998,0.8863636363636364,468,12,48
draw_04582,2220.4950900073577,1729.1249999999998,0.9034090909090909,477,12,39
draw_04583,2217.770770687494,1703.7499999999998,0.8901515151515151,470,18,40
draw_04584,2340.066724953782,1805.2499999999998,0.9431818181818182,498,11,19
draw_04585,2183.6811256863166,1736.3749999999998,0.9071969696969697,479,16,33
draw_04586,2158.266556295891,1681.9999999999998,0.8787878787878788,464,20,44
draw_04587,2310.3487786625124,1671.1249999999998,0.8731060606060606,461,18,49
draw_04588,2402.4399688737444,1758.1249999999998,0.9185606060606061,485,17,26
draw_04589,2170.3568473107102,1656.6249999999998,0.865530303030303,457,23,48
draw_04590,2067.595886811999,1710.9999999999998,0.8939393939393939,472,24,32
draw_04591,2152.326418341346,1743.6249999999998,0.9109848484848485,481,11,36
draw_04592,2165.312714881645,1718.2499999999998,0.8977272727272727,474,21,33
draw_04593,2176.717718127668,1739.9999999999998,0.9090909090909091,480,19,29
draw_04594,2126.0104319470847,1652.9999999999998,0.8636363636363636,456,23,49
draw_04595,2178.2725601188845,1747.2499999999998,0.9128787878787878,482,14,32
draw_04596,2053.4149364419236,1779.8749999999998,0.9299242424242424,491,22,15
draw_04597,2101.9878694163467,1685.6249999999998,0.8806818181818182,465,8,55
draw_04598,2165.8172281836587,1721.8749999999998,0.8996212121212122,475,16,37
draw_04599,2205.886821776596,1754.4999999999998,0.9166666666666666,484,10,34
draw_04600,2227.231097049975,1663.8749999999998,0.8693181818181818,459,20,49
draw_04601,2365.9027704826917,1743.6249999999998,0.9109848484848485,481,17,30
draw_04602,2314.214092729665,1721.8749999999998,0.8996212121212122,475,22,31
draw_04603,2261.1662238943304,1732.7499999999998,0.9053030303030303,478,17,33
draw_04604,2216.819162966245,1707.3749999999998,0.8920454545454546,471,15,42
draw_04605,2359.685544798152,1787.1249999999998,0.9337121212121212,493,10,25
draw_04606,2367.7576029219003,1689.2499999999998,0.8825757575757576,466,14,48
draw_04607,2141.7165077155955,1725.4999999999998,0.9015151515151515,476,16,36
draw_04608,2027.6841048405454,1696.4999999999998,0.8863636363636364,468,15,45
draw_04609,2348.5874784573566,1758.1249999999998,0.9185606060606061,485,15,28
draw_04610,2140.1198496545944,1663.8749999999998,0.8693181818181818,459,14,55
draw_04611,2313.513917301339,1678.3749999999998,0.8768939393939394,463,14,51
draw_04612,2235.99681637924,1768.9999999999998,0.9242424242424242,488,11,29
draw_04613,2070.1610664217815,1689.2499999999998,0.8825757575757576,466,13,49
draw_04614,2244.699591843301,1783.4999999999998,0.9318181818181818,492,10,26
draw_04615,2209.104458335397,1678.3749999999998,0.8768939393939394,463,12,53
draw_04616,2367.9522456342656,1761.7499999999998,0.9204545454545454,486,9,33
draw_04617,2210.7392192851735,1739.9999999999998,0.9090909090909091,480,10,38
draw_04618,2401.088942282232,1783.4999999999998,0.9318181818181818,492,12,24
draw_04619,2331.9668443940473,1797.9999999999998,0.9393939393939394,496,8,24
draw_04620,2271.252807903879,1747.2499999999998,0.9128787878787878,482,11,35
draw_04621,2091.79847634085,1794.3749999999998,0.9375,495,9,24
draw_04622,2220.773882546968,1736.3749999999998,0.9071969696969697,479,14,35
draw_04623,2288.591851192343,1768.9999999999998,0.9242424242424242,488,10,30
draw_04624,2311.1880226062694,1689.2499999999998,0.8825757575757576,466,9,53
draw_04625,2163.9926930146326,1707.3749999999998,0.8920454545454546,471,15,42
draw_04626,2166.6065389757073,1703.7499999999998,0.8901515151515151,470,10,48
draw_04627,2110.0786140680257,1718.2499999999998,0.8977272727272727,474,17,37
draw_04628,2053.286974939231,1739.9999999999998,0.9090909090909091,480,14,34
draw_04629,2300.753664487754,1768.9999999999998,0.9242424242424242,488,7,33
draw_04630,2308.642375632281,1772.6249999999998,0.9261363636363636,489,10,29
draw_04631,2083.5088814732003,1645.7499999999998,0.8598484848484849,454,15,59
draw_04632,2347.4122659901477,1736.3749999999998,0.9071969696969697,479,13,36
draw_04633,2115.6194061779534,1750.8749999999998,0.9147727272727273,483,12,33
draw_04634,2075.5563146396444,1732.7499999999998,0.9053030303030303,478,23,27
draw_04635,2297.3729387360404,1736.3749999999998,0.9071969696969697,479,17,32
draw_04636,2126.466025067691,1758.1249999999998,0.9185606060606061,485,19,24
draw_04637,1989.132489236952,1649.3749999999998,0.8617424242424242,455,18,55
draw_04638,2168.804855018333,1768.9999999999998,0.9242424242424242,488,6,34
draw_04639,2243.9366636535956,1776.2499999999998,0.928030303030303,490,12,26
draw_04640,2129.7059654453096,1743.6249999999998,0.9109848484848485,481,22,25
draw_04641,2117.664703657669,1689.2499999999998,0.8825757575757576,466,18,44
draw_04642,2206.953334870485,1678.3749999999998,0.8768939393939394,463,21,44
draw_04643,2182.9086356394573,1685.6249999999998,0.8806818181818182,465,16,47
draw_04644,2145.5652610649386,1678.3749999999998,0.8768939393939394,463,17,48
draw_04645,2321.685676335606,1696.4999999999998,0.8863636363636364,468,16,44
draw_04646,2176.0764760669535,1700.1249999999998,0.8882575757575758,469,23,36
draw_04647,2347.6295278369403,1732.7499999999998,0.9053030303030303,478,16,34
draw_04648,2048.788418304176,1674.7499999999998,0.875,462,9,57
draw_04649,2214.3083691758334,1721.8749999999998,0.8996212121212122,475,28,25
draw_04650,2057.945721370359,1616.7499999999998,0.8446969696969697,446,22,60
draw_04651,2171.2700096410063,1710.9999999999998,0.8939393939393939,472,14,42
draw_04652,2178.3977290335397,1714.6249999999998,0.8958333333333334,473,20,35
draw_04653,2130.428542823819,1732.7499999999998,0.9053030303030303,478,18,32
draw_04654,2312.8597591405164,1696.4999999999998,0.8863636363636364,468,18,42
draw_04655,2315.9456871935718,1739.9999999999998,0.9090909090909091,480,16,32
draw_04656,2139.5272138338887,1783.4999999999998,0.9318181818181818,492,8,28
draw_04657,1822.0908983617537,1634.8749999999998,0.8541666666666666,451,18,59
draw_04658,2088.903835709895,1747.2499999999998,0.9128787878787878,482,18,28
draw_04659,2341.8108854319535,1743.6249999999998,0.9109848484848485,481,9,38
draw_04660,2208.8797175475106,1718.2499999999998,0.8977272727272727,474,12,42
draw_04661,1920.1637252922048,1703.7499999999998,0.8901515151515151,470,24,34
draw_04662,2458.322775733505,1754.4999999999998,0.9166666666666666,484,9,35
draw_04663,2094.6531085004976,1703.7499999999998,0.8901515151515151,470,16,42
draw_04664,2243.1159373801192,1725.4999999999998,0.9015151515151515,476,20,32
draw_04665,2397.115729446741,1754.4999999999998,0.9166666666666666,484,13,31
draw_04666,2033.9818093320948,1689.2499999999998,0.8825757575757576,466,18,44
draw_04667,2208.6015689626065,1768.9999999999998,0.9242424242424242,488,12,28
draw_04668,2129.8136447323814,1739.9999999999998,0.9090909090909091,480,14,34
draw_04669,2179.1238383365576,1649.3749999999998,0.8617424242424242,455,21,52
draw_04670,2230.426291952259,1689.2499999999998,0.8825757575757576,466,25,37
draw_04671,2048.316343044659,1707.3749999999998,0.8920454545454546,471,18,39
draw_04672,2278.515863998049,1718.2499999999998,0.8977272727272727,474,19,35
draw_04673,2051.493966926144,1747.2499999999998,0.9128787878787878,482,16,30
draw_04674,2278.139269774981,1739.9999999999998,0.9090909090909091,480,14,34
draw_04675,2035.7089024759518,1732.7499999999998,0.9053030303030303,478,22,28
draw_04676,2241.3198586690355,1718.2499999999998,0.8977272727272727,474,13,41
draw_04677,1963.477155423005,1707.3749999999998,0.8920454545454546,471,19,38
draw_04678,2179.685283018734,1616.7499999999998,0.8446969696969697,446,20,62
draw_04679,1977.494934906029,1671.1249999999998,0.8731060606060606,461,13,54
draw_04680,2243.1233005359722,1758.1249999999998,0.9185606060606061,485,18,25
draw_04681,2373.622249339207,1776.2499999999998,0.928030303030303,490,11,27
draw_04682,2107.9579074604244,1667.4999999999998,0.8712121212121212,460,12,56
draw_04683,2217.80782561882,1747.2499999999998,0.9128787878787878,482,10,36
draw_04684,2125.754488898676,1634.8749999999998,0.8541666666666666,451,29,48
draw_04685,2167.636665277082,1743.6249999999998,0.9109848484848485,481,8,39
draw_04686,2060.2442962367645,1627.6249999999998,0.8503787878787878,449,19,60
draw_04687,2283.1079728076347,1779.8749999999998,0.9299242424242424,491,14,23
draw_04688,2270.5709083199067,1783.4999999999998,0.9318181818181818,492,9,27
draw_04689,2235.8096478544494,1819.7499999999998,0.9507575757575758,502,12,14
draw_04690,2112.175551163314,1623.9999999999998,0.8484848484848485,448,20,60
draw_04691,2368.764404237193,1642.1249999999998,0.8579545454545454,453,22,53
draw_04692,2102.350102465051,1721.8749999999998,0.8996212121212122,475,18,35
draw_04693,2360.0472911130023,1765.3749999999998,0.9223484848484849,487,12,29
draw_04694,2252.445870144394,1714.6249999999998,0.8958333333333334,473,11,44
draw_04695,2045.2328697283274,1703.7499999999998,0.8901515151515151,470,13,45
draw_04696,2358.8756809459774,1790.7499999999998,0.9356060606060606,494,13,21
draw_04697,2290.8925489297853,1772.6249999999998,0.9261363636363636,489,8,31
draw_04698,2358.739733151211,1750.8749999999998,0.9147727272727273,483,15,30
draw_04699,2421.4580370897047,1739.9999999999998,0.9090909090909091,480,20,28
draw_04700,2249.714172136097,1700.1249999999998,0.8882575757575758,469,21,38
draw_04701,2232.135645546614,1826.9999999999998,0.9545454545454546,504,5,19
draw_04702,2036.0495406919977,1638.4999999999998,0.8560606060606061,452,11,65
draw_04703,2324.3203006051713,1696.4999999999998,0.8863636363636364,468,21,39
draw_04704,2066.9868383330813,1660.2499999999998,0.8674242424242424,458,28,42
draw_04705,2119.0387329806813,1605.8749999999998,0.8390151515151515,443,10,75
draw_04706,2127.4735304357823,1732.7499999999998,0.9053030303030303,478,15,35
draw_04707,2268.8658545375856,1714.6249999999998,0.8958333333333334,473,9,46
draw_04708,2208.2901388292144,1736.3749999999998,0.9071969696969697,479,13,36
draw_04709,2126.1005813074007,1660.2499999999998,0.8674242424242424,458,20,50
draw_04710,2060.8945074093126,1703.7499999999998,0.8901515151515151,470,15,43
draw_04711,2231.3438728656834,1739.9999999999998,0.9090909090909091,480,15,33
draw_04712,2399.2184474753235,1754.4999999999998,0.9166666666666666,484,15,29
draw_04713,2207.3139083287083,1758.1249999999998,0.9185606060606061,485,13,30
draw_04714,2092.072846929829,1696.4999999999998,0.8863636363636364,468,6,54
draw_04715,2159.0801826295756,1725.4999999999998,0.9015151515151515,476,18,34
draw_04716,2391.139816318055,1714.6249999999998,0.8958333333333334,473,16,39
draw_04717,2137.8506032307505,1721.8749999999998,0.8996212121212122,475,16,37
draw_04718,2266.8304531047747,1765.3749999999998,0.9223484848484849,487,10,31
draw_04719,2009.4297330656918,1692.8749999999998,0.884469696969697,467,21,40
draw_04720,2258.188854392223,1678.3749999999998,0.8768939393939394,463,16,49
draw_04721,2081.548601395287,1667.4999999999998,0.8712121212121212,460,22,46
draw_04722,1903.625818744311,1718.2499999999998,0.8977272727272727,474,9,45
draw_04723,2401.2261007028847,1805.2499999999998,0.9431818181818182,498,11,19
draw_04724,2298.0869170847413,1750.8749999999998,0.9147727272727273,483,11,34
draw_04725,2169.305613618337,1783.4999999999998,0.9318181818181818,492,12,24
draw_04726,2226.304781468142,1725.4999999999998,0.9015151515151515,476,24,28
draw_04727,2164.332063955378,1787.1249999999998,0.9337121212121212,493,15,20
draw_04728,2165.819968768172,1645.7499999999998,0.8598484848484849,454,18,56
draw_04729,2195.2570599431256,1750.8749999999998,0.9147727272727273,483,16,29
draw_04730,2020.0507745179864,1703.7499999999998,0.8901515151515151,470,16,42
draw_04731,2174.4432827451965,1805.2499999999998,0.9431818181818182,498,12,18
draw_04732,2326.5327123011266,1747.2499999999998,0.9128787878787878,482,13,33
draw_04733,2310.97368105656,1783.4999999999998,0.9318181818181818,492,11,25
draw_04734,2076.8691359589366,1642.1249999999998,0.8579545454545454,453,24,51
draw_04735,2277.7056404897926,1805.2499999999998,0.9431818181818182,498,8,22
draw_04736,2248.0303330207803,1714.6249999999998,0.8958333333333334,473,15,40
draw_04737,2500.6527068228734,1779.8749999999998,0.9299242424242424,491,7,30
draw_04738,2167.5227396987575,1700.1249999999998,0.8882575757575758,469,12,47
draw_04739,2220.323321941354,1743.6249999999998,0.9109848484848485,481,18,29
draw_04740,2384.3100663774326,1736.3749999999998,0.9071969696969697,479,20,29
draw_04741,2266.180007621317,1663.8749999999998,0.8693181818181818,459,15,54
draw_04742,2401.8428208619443,1671.1249999999998,0.8731060606060606,461,20,47
draw_04743,2194.155387303637,1776.2499999999998,0.928030303030303,490,17,21
draw_04744,2029.1452689245382,1649.3749999999998,0.8617424242424242,455,17,56
draw_04745,2365.957765710697,1747.2499999999998,0.9128787878787878,482,15,31
draw_04746,2103.599433988581,1616.7499999999998,0.8446969696969697,446,21,61
draw_04747,2191.271226938792,1689.2499999999998,0.8825757575757576,466,22,40
draw_04748,2340.1559187747907,1743.6249999999998,0.9109848484848485,481,11,36
draw_04749,2149.5970269319373,1649.3749999999998,0.8617424242424242,455,31,42
draw_04750,2403.204456508688,1718.2499999999998,0.8977272727272727,474,19,35
draw_04751,2162.6872336344977,1649.3749999999998,0.8617424242424242,455,21,52
draw_04752,2263.5820036028267,1750.8749999999998,0.9147727272727273,483,13,32
draw_04753,2155.361000944839,1739.9999999999998,0.9090909090909091,480,15,33
draw_04754,2162.911392932775,1754.4999999999998,0.9166666666666666,484,19,25
draw_04755,2058.543940374778,1663.8749999999998,0.8693181818181818,459,12,57
draw_04756,2265.676885054669,1739.9999999999998,0.9090909090909091,480,8,40
draw_04757,2258.1686064509036,1736.3749999999998,0.9071969696969697,479,18,31
draw_04758,2073.517519822704,1729.1249999999998,0.9034090909090909,477,18,33
draw_04759,2082.1110316143026,1768.9999999999998,0.9242424242424242,488,19,21
draw_04760,2472.2488453691526,1725.4999999999998,0.9015151515151515,476,16,36
draw_04761,2096.006099959513,1754.4999999999998,0.9166666666666666,484,17,27
draw_04762,2431.366840780693,1772.6249999999998,0.9261363636363636,489,14,25
draw_04763,1918.6736742887065,1558.7499999999998,0.8143939393939394,430,22,76
draw_04764,2202.3698363885965,1714.6249999999998,0.8958333333333334,473,13,42
draw_04765,2340.2183651273563,1714.6249999999998,0.8958333333333334,473,9,46
draw_04766,2096.7661473136172,1718.2499999999998,0.8977272727272727,474,15,39
draw_04767,1988.1405507035145,1674.7499999999998,0.875,462,25,41
draw_04768,2134.9133489487604,1707.3749999999998,0.8920454545454546,471,24,33
draw_04769,2234.0876561990212,1729.1249999999998,0.9034090909090909,477,20,31
draw_04770,2038.8425440219485,1663.8749999999998,0.8693181818181818,459,15,54
draw_04771,2113.472568031591,1667.4999999999998,0.8712121212121212,460,11,57
draw_04772,2284.2764451056473,1765.3749999999998,0.9223484848484849,487,16,25
draw_04773,2229.01022846855,1765.3749999999998,0.9223484848484849,487,10,31
draw_04774,2128.329911696296,1674.7499999999998,0.875,462,19,47
draw_04775,2231.8481085286444,1787.1249999999998,0.9337121212121212,493,12,23
draw_04776,2214.899093803713,1750.8749999999998,0.9147727272727273,483,11,34
draw_04777,2177.846745479681,1736.3749999999998,0.9071969696969697,479,9,40
draw_04778,2216.2338269342945,1776.2499999999998,0.928030303030303,490,16,22
draw_04779,2113.628045554084,1642.1249999999998,0.8579545454545454,453,17,58
draw_04780,2311.994847380473,1674.7499999999998,0.875,462,16,50
draw_04781,2148.1062404508343,1787.1249999999998,0.9337121212121212,493,15,20
draw_04782,2038.509095781808,1674.7499999999998,0.875,462,11,55
draw_04783,2309.828841684823,1729.1249999999998,0.9034090909090909,477,7,44
draw_04784,2185.3886425185474,1754.4999999999998,0.9166666666666666,484,5,39
draw_04785,2266.65805007926,1805.2499999999998,0.9431818181818182,498,8,22
draw_04786,2393.96548029794,1736.3749999999998,0.9071969696969697,479,18,31
draw_04787,2277.8058615223563,1768.9999999999998,0.9242424242424242,488,11,29
draw_04788,2193.8755020368167,1667.4999999999998,0.8712121212121212,460,14,54
draw_04789,2338.955957175947,1732.7499999999998,0.9053030303030303,478,8,42
draw_04790,2305.593643547424,1761.7499999999998,0.9204545454545454,486,12,30
draw_04791,2220.409371647673,1718.2499999999998,0.8977272727272727,474,16,38
draw_04792,2182.0151648124793,1656.6249999999998,0.865530303030303,457,20,51
draw_04793,2130.1761132757833,1790.7499999999998,0.9356060606060606,494,11,23
draw_04794,2092.058347142883,1652.9999999999998,0.8636363636363636,456,18,54
draw_04795,2119.903704968307,1645.7499999999998,0.8598484848484849,454,14,60
draw_04796,2053.57645396613,1743.6249999999998,0.9109848484848485,481,18,29
draw_04797,2347.215862640188,1743.6249999999998,0.9109848484848485,481,17,30
draw_04798,2260.8074650981584,1747.2499999999998,0.9128787878787878,482,9,37
draw_04799,1933.1108096356347,1652.9999999999998,0.8636363636363636,456,22,50
draw_04800,2096.2178389256674,1689.2499999999998,0.8825757575757576,466,14,48
draw_04801,2153.729316550469,1671.1249999999998,0.8731060606060606,461,22,45
draw_04802,2142.606100208497,1656.6249999999998,0.865530303030303,457,12,59
draw_04803,2098.4396269375848,1779.8749999999998,0.9299242424242424,491,7,30
draw_04804,2054.9807759770088,1689.2499999999998,0.8825757575757576,466,15,47
draw_04805,2108.8770896698925,1729.1249999999998,0.9034090909090909,477,18,33
draw_04806,2353.0794277831155,1754.4999999999998,0.9166666666666666,484,9,35
draw_04807,2221.1891746452598,1761.7499999999998,0.9204545454545454,486,13,29
draw_04808,1992.958554865852,1631.2499999999998,0.8522727272727273,450,27,51
draw_04809,2397.0458309353553,1718.2499999999998,0.8977272727272727,474,13,41
draw_04810,2037.8145891537326,1707.3749999999998,0.8920454545454546,471,15,42
draw_04811,2067.321224624812,1747.2499999999998,0.9128787878787878,482,10,36
draw_04812,2139.1317921946393,1736.3749999999998,0.9071969696969697,479,9,40
draw_04813,2378.3899304791553,1725.4999999999998,0.9015151515151515,476,18,34
draw_04814,1898.3218286386445,1649.3749999999998,0.8617424242424242,455,17,56
draw_04815,2116.91538820328,1700.1249999999998,0.8882575757575758,469,12,47
draw_04816,2292.9639907437236,1736.3749999999998,0.9071969696969697,479,12,37
draw_04817,2572.2779903798796,1801.6249999999998,0.9412878787878788,497,7,24
draw_04818,2130.769066966345,1656.6249999999998,0.865530303030303,457,22,49
draw_04819,2261.307413124346,1681.9999999999998,0.8787878787878788,464,11,53
draw_04820,2376.837286794593,1739.9999999999998,0.9090909090909091,480,8,40
draw_04821,2284.489496053098,1689.2499999999998,0.8825757575757576,466,24,38
draw_04822,2198.8759140813345,1732.7499999999998,0.9053030303030303,478,7,43
draw_04823,2016.0794311700495,1602.2499999999998,0.8371212121212122,442,24,62
draw_04824,2377.0535986462887,1776.2499999999998,0.928030303030303,490,7,31
draw_04825,2101.1355401739365,1667.4999999999998,0.8712121212121212,460,19,49
draw_04826,2328.239914170926,1696.4999999999998,0.8863636363636364,468,19,41
draw_04827,2194.1369135061855,1718.2499999999998,0.8977272727272727,474,17,37
draw_04828,2226.331077570161,1783.4999999999998,0.9318181818181818,492,7,29
draw_04829,2209.5630305301083,1671.1249999999998,0.8731060606060606,461,22,45
draw_04830,2000.8560123292389,1671.1249999999998,0.8731060606060606,461,26,41
draw_04831,2004.1628695311642,1739.9999999999998,0.9090909090909091,480,12,36
draw_04832,2127.819045232663,1714.6249999999998,0.8958333333333334,473,13,42
draw_04833,2277.104699510357,1732.7499999999998,0.9053030303030303,478,16,34
draw_04834,2162.3777670111854,1703.7499999999998,0.8901515151515151,470,20,38
draw_04835,2342.079245817918,1721.8749999999998,0.8996212121212122,475,9,44
draw_04836,2011.9659050719483,1667.4999999999998,0.8712121212121212,460,16,52
draw_04837,2341.012832003996,1812.4999999999998,0.946969696969697,500,14,14
draw_04838,2243.309666694328,1743.6249999999998,0.9109848484848485,481,15,32
draw_04839,2353.995079811275,1729.1249999999998,0.9034090909090909,477,10,41
draw_04840,2306.74554272609,1790.7499999999998,0.9356060606060606,494,8,26
draw_04841,2265.386156382849,1736.3749999999998,0.9071969696969697,479,14,35
draw_04842,2077.389982255946,1714.6249999999998,0.8958333333333334,473,14,41
draw_04843,2033.7441266076146,1663.8749999999998,0.8693181818181818,459,15,54
draw_04844,2403.1337593259664,1783.4999999999998,0.9318181818181818,492,6,30
draw_04845,1971.9167024235837,1587.7499999999998,0.8295454545454546,438,26,64
draw_04846,2238.8185605389194,1754.4999999999998,0.9166666666666666,484,17,27
draw_04847,2288.3760290182436,1794.3749999999998,0.9375,495,13,20
draw_04848,2224.0921074507787,1700.1249999999998,0.8882575757575758,469,18,41
draw_04849,2197.6183313408997,1645.7499999999998,0.8598484848484849,454,17,57
draw_04850,2457.408216171206,1758.1249999999998,0.9185606060606061,485,16,27
draw_04851,2206.669384144513,1758.1249999999998,0.9185606060606061,485,5,38
draw_04852,2270.0256600205357,1783.4999999999998,0.9318181818181818,492,15,21
draw_04853,2346.160489488357,1768.9999999999998,0.9242424242424242,488,5,35
draw_04854,2172.6345369979463,1627.6249999999998,0.8503787878787878,449,21,58
draw_04855,2323.105508039831,1758.1249999999998,0.9185606060606061,485,11,32
draw_04856,2038.9657587425584,1652.9999999999998,0.8636363636363636,456,28,44
draw_04857,2052.589905938083,1750.8749999999998,0.9147727272727273,483,15,30
draw_04858,2263.362662157266,1718.2499999999998,0.8977272727272727,474,17,37
draw_04859,2361.4708099479117,1725.4999999999998,0.9015151515151515,476,12,40
draw_04860,2159.7432045782202,1692.8749999999998,0.884469696969697,467,27,34
draw_04861,2195.9058307106275,1681.9999999999998,0.8787878787878788,464,10,54
draw_04862,2033.4833354232728,1609.4999999999998,0.8409090909090909,444,27,57
draw_04863,2071.2245048825584,1729.1249999999998,0.9034090909090909,477,13,38
draw_04864,2181.2526328650647,1736.3749999999998,0.9071969696969697,479,11,38
draw_04865,2095.757272938847,1645.7499999999998,0.8598484848484849,454,21,53
draw_04866,2282.8572693418787,1627.6249999999998,0.8503787878787878,449,26,53
draw_04867,2329.830174579011,1754.4999999999998,0.9166666666666666,484,17,27
draw_04868,2427.626329639698,1729.1249999999998,0.9034090909090909,477,13,38
draw_04869,2041.9453133363409,1685.6249999999998,0.8806818181818182,465,19,44
draw_04870,2168.283157124545,1714.6249999999998,0.8958333333333334,473,19,36
draw_04871,2235.591731330497,1667.4999999999998,0.8712121212121212,460,12,56
draw_04872,2340.249557266332,1758.1249999999998,0.9185606060606061,485,15,28
draw_04873,2214.509067862883,1692.8749999999998,0.884469696969697,467,29,32
draw_04874,2329.689526121062,1685.6249999999998,0.8806818181818182,465,13,50
draw_04875,2355.7568893941084,1700.1249999999998,0.8882575757575758,469,11,48
draw_04876,2217.1335993099724,1754.4999999999998,0.9166666666666666,484,16,28
draw_04877,2209.2003206469967,1758.1249999999998,0.9185606060606061,485,10,33
draw_04878,2227.0056306928673,1776.2499999999998,0.928030303030303,490,10,28
draw_04879,2109.8517105423457,1674.7499999999998,0.875,462,14,52
draw_04880,2328.88172857365,1772.6249999999998,0.9261363636363636,489,15,24
draw_04881,2056.4079300878348,1674.7499999999998,0.875,462,13,53
draw_04882,2433.901078691575,1797.9999999999998,0.9393939393939394,496,7,25
draw_04883,2246.5843120268205,1689.2499999999998,0.8825757575757576,466,15,47
draw_04884,2061.294882574203,1627.6249999999998,0.8503787878787878,449,25,54
draw_04885,2097.536711248183,1714.6249999999998,0.8958333333333334,473,19,36
draw_04886,2546.0426225782057,1732.7499999999998,0.9053030303030303,478,9,41
draw_04887,2132.2707484727835,1685.6249999999998,0.8806818181818182,465,15,48
draw_04888,2123.9992666719186,1794.3749999999998,0.9375,495,8,25
draw_04889,2285.381074640014,1732.7499999999998,0.9053030303030303,478,9,41
draw_04890,2238.1369295058616,1685.6249999999998,0.8806818181818182,465,23,40
draw_04891,2141.416360163942,1656.6249999999998,0.865530303030303,457,12,59
draw_04892,2199.5269048156592,1703.7499999999998,0.8901515151515151,470,12,46
draw_04893,2208.561728088846,1747.2499999999998,0.9128787878787878,482,14,32
draw_04894,2144.0405806322756,1703.7499999999998,0.8901515151515151,470,18,40
draw_04895,2027.1638762061598,1645.7499999999998,0.8598484848484849,454,26,48
draw_04896,1978.1012132972264,1703.7499999999998,0.8901515151515151,470,14,44
draw_04897,2064.1321151346974,1758.1249999999998,0.9185606060606061,485,13,30
draw_04898,2192.605369040393,1660.2499999999998,0.8674242424242424,458,19,51
draw_04899,2222.8456629977736,1743.6249999999998,0.9109848484848485,481,12,35
draw_04900,2111.301137843821,1776.2499999999998,0.928030303030303,490,8,30
draw_04901,2105.0220173949447,1703.7499999999998,0.8901515151515151,470,12,46
draw_04902,2233.90198138263,1685.6249999999998,0.8806818181818182,465,19,44
draw_04903,2016.7648635575952,1580.4999999999998,0.8257575757575758,436,18,74
draw_04904,2382.114995283787,1739.9999999999998,0.9090909090909091,480,18,30
draw_04905,2182.3217256781595,1794.3749999999998,0.9375,495,6,27
draw_04906,2319.4104076244525,1768.9999999999998,0.9242424242424242,488,11,29
draw_04907,2316.930307497435,1714.6249999999998,0.8958333333333334,473,6,49
draw_04908,2214.133956436783,1685.6249999999998,0.8806818181818182,465,23,40
draw_04909,2335.195918121542,1768.9999999999998,0.9242424242424242,488,15,25
draw_04910,2318.120489787954,1707.3749999999998,0.8920454545454546,471,10,47
draw_04911,2222.7998334858016,1732.7499999999998,0.9053030303030303,478,9,41
draw_04912,2366.359698824519,1732.7499999999998,0.9053030303030303,478,7,43
draw_04913,2366.791789668254,1747.2499999999998,0.9128787878787878,482,14,32
draw_04914,2287.2498391358913,1707.3749999999998,0.8920454545454546,471,19,38
draw_04915,2080.856509746229,1747.2499999999998,0.9128787878787878,482,15,31
draw_04916,2340.7557124579625,1739.9999999999998,0.9090909090909091,480,26,22
draw_04917,2174.02771983868,1714.6249999999998,0.8958333333333334,473,11,44
draw_04918,2267.5414408355973,1736.3749999999998,0.9071969696969697,479,14,35
draw_04919,2064.2814261770727,1750.8749999999998,0.9147727272727273,483,14,31
draw_04920,2256.9167320604906,1729.1249999999998,0.9034090909090909,477,16,35
draw_04921,2227.6367045994784,1681.9999999999998,0.8787878787878788,464,11,53
draw_04922,2283.8230927233244,1718.2499999999998,0.8977272727272727,474,24,30
draw_04923,2296.3644595498304,1642.1249999999998,0.8579545454545454,453,16,59
draw_04924,2127.738548676446,1729.1249999999998,0.9034090909090909,477,21,30
draw_04925,2192.8293655527764,1732.7499999999998,0.9053030303030303,478,14,36
draw_04926,2278.003317520203,1667.4999999999998,0.8712121212121212,460,23,45
draw_04927,2124.294863489665,1700.1249999999998,0.8882575757575758,469,21,38
draw_04928,2097.92731493025,1710.9999999999998,0.8939393939393939,472,16,40
draw_04929,2165.3367012229114,1714.6249999999998,0.8958333333333334,473,23,32
draw_04930,2079.555686882119,1750.8749999999998,0.9147727272727273,483,18,27
draw_04931,2242.4564008071,1758.1249999999998,0.9185606060606061,485,13,30
draw_04932,2050.5862441782115,1692.8749999999998,0.884469696969697,467,7,54
draw_04933,2426.548595989297,1783.4999999999998,0.9318181818181818,492,7,29
draw_04934,2272.049291205941,1747.2499999999998,0.9128787878787878,482,11,35
draw_04935,2207.312000120071,1761.7499999999998,0.9204545454545454,486,6,36
draw_04936,2199.9467262734424,1794.3749999999998,0.9375,495,11,22
draw_04937,2219.467273710799,1743.6249999999998,0.9109848484848485,481,14,33
draw_04938,2220.5944660658574,1721.8749999999998,0.8996212121212122,475,19,34
draw_04939,2275.2533269672954,1692.8749999999998,0.884469696969697,467,21,40
draw_04940,2171.493330956042,1721.8749999999998,0.8996212121212122,475,20,33
draw_04941,2307.624641998873,1674.7499999999998,0.875,462,19,47
draw_04942,2284.518915060582,1725.4999999999998,0.9015151515151515,476,12,40
draw_04943,2183.3449943400637,1794.3749999999998,0.9375,495,8,25
draw_04944,2124.324384751612,1754.4999999999998,0.9166666666666666,484,5,39
draw_04945,2113.5859542356307,1696.4999999999998,0.8863636363636364,468,21,39
draw_04946,2132.0510723773473,1605.8749999999998,0.8390151515151515,443,18,67
draw_04947,2060.4223625894974,1700.1249999999998,0.8882575757575758,469,11,48
draw_04948,2261.324854334607,1616.7499999999998,0.8446969696969697,446,17,65
draw_04949,2411.520522672774,1710.9999999999998,0.8939393939393939,472,11,45
draw_04950,2379.434141437782,1721.8749999999998,0.8996212121212122,475,17,36
draw_04951,2337.4389039840494,1779.8749999999998,0.9299242424242424,491,14,23
draw_04952,2289.9282855740084,1772.6249999999998,0.9261363636363636,489,6,33
draw_04953,2135.1879564740707,1663.8749999999998,0.8693181818181818,459,14,55
draw_04954,2504.2977241686763,1776.2499999999998,0.928030303030303,490,12,26
draw_04955,2190.6147345842037,1772.6249999999998,0.9261363636363636,489,22,17
draw_04956,2047.9111733324437,1587.7499999999998,0.8295454545454546,438,28,62
draw_04957,2089.223556767452,1768.9999999999998,0.9242424242424242,488,16,24
draw_04958,2164.985854458492,1663.8749999999998,0.8693181818181818,459,23,46
draw_04959,2249.1567173308795,1747.2499999999998,0.9128787878787878,482,10,36
draw_04960,2205.1000885873787,1754.4999999999998,0.9166666666666666,484,13,31
draw_04961,2320.8205174721616,1729.1249999999998,0.9034090909090909,477,13,38
draw_04962,2167.1183376513204,1681.9999999999998,0.8787878787878788,464,12,52
draw_04963,2207.601646990776,1678.3749999999998,0.8768939393939394,463,7,58
draw_04964,2312.8372491851947,1743.6249999999998,0.9109848484848485,481,12,35
draw_04965,2038.1155132350211,1725.4999999999998,0.9015151515151515,476,15,37
draw_04966,2314.5741271641195,1642.1249999999998,0.8579545454545454,453,22,53
draw_04967,2137.2587220351293,1598.6249999999998,0.8352272727272727,441,22,65
draw_04968,2124.0238284350453,1718.2499999999998,0.8977272727272727,474,24,30
draw_04969,2135.761700707641,1707.3749999999998,0.8920454545454546,471,21,36
draw_04970,2145.6156789157935,1692.8749999999998,0.884469696969697,467,18,43
draw_04971,2083.886129934084,1707.3749999999998,0.8920454545454546,471,17,40
draw_04972,2414.873188447083,1685.6249999999998,0.8806818181818182,465,13,50
draw_04973,2128.906335297349,1689.2499999999998,0.8825757575757576,466,12,50
draw_04974,2152.195859948354,1725.4999999999998,0.9015151515151515,476,18,34
draw_04975,2193.3706824153774,1714.6249999999998,0.8958333333333334,473,11,44
draw_04976,2184.5784374929326,1736.3749999999998,0.9071969696969697,479,10,39
draw_04977,1982.3975239985016,1631.2499999999998,0.8522727272727273,450,22,56
draw_04978,2132.2946178053357,1714.6249999999998,0.8958333333333334,473,13,42
draw_04979,1994.908993501104,1681.9999999999998,0.8787878787878788,464,20,44
draw_04980,2154.9944063489024,1718.2499999999998,0.8977272727272727,474,12,42
draw_04981,2106.5670794622547,1747.2499999999998,0.9128787878787878,482,10,36
draw_04982,2151.42327594757,1685.6249999999998,0.8806818181818182,465,12,51
draw_04983,2118.2795176459463,1692.8749999999998,0.884469696969697,467,27,34
draw_04984,2215.1523355961585,1725.4999999999998,0.9015151515151515,476,12,40
draw_04985,2101.0503096169487,1678.3749999999998,0.8768939393939394,463,16,49
draw_04986,2003.2721117914261,1747.2499999999998,0.9128787878787878,482,11,35
draw_04987,2159.696669729708,1750.8749999999998,0.9147727272727273,483,15,30
draw_04988,2148.222458181449,1732.7499999999998,0.9053030303030303,478,9,41
draw_04989,2146.780776240915,1671.1249999999998,0.8731060606060606,461,16,51
draw_04990,2202.0320309144663,1750.8749999999998,0.9147727272727273,483,13,32
draw_04991,2332.7146699202635,1736.3749999999998,0.9071969696969697,479,13,36
draw_04992,2047.1746865790067,1714.6249999999998,0.8958333333333334,473,19,36
draw_04993,2356.0760021290703,1714.6249999999998,0.8958333333333334,473,19,36
draw_04994,2176.434867971448,1700.1249999999998,0.8882575757575758,469,16,43
draw_04995,2328.9371105660857,1761.7499999999998,0.9204545454545454,486,12,30
draw_04996,2241.0298075013498,1707.3749999999998,0.8920454545454546,471,15,42
draw_04997,2100.6406315415334,1649.3749999999998,0.8617424242424242,455,17,56
draw_04998,1967.7502959954204,1700.1249999999998,0.8882575757575758,469,15,44
draw_04999,2484.8429002491625,1754.4999999999998,0.9166666666666666,484,4,40
draw_05000,2287.73585580257,1732.7499999999998,0.9053030303030303,478,15,35
draw_05001,2219.1875834826624,1689.2499999999998,0.8825757575757576,466,23,39
draw_05002,2129.99638755342,1700.1249999999998,0.8882575757575758,469,17,42
draw_05003,2223.2143910388554,1739.9999999999998,0.9090909090909091,480,16,32
draw_05004,2268.240550226121,1714.6249999999998,0.8958333333333334,473,16,39
draw_05005,2156.434355211651,1761.7499999999998,0.9204545454545454,486,13,29
draw_05006,2281.3903973378733,1754.4999999999998,0.9166666666666666,484,13,31
draw_05007,2127.956294089594,1714.6249999999998,0.8958333333333334,473,14,41
draw_05008,2129.562886750611,1714.6249999999998,0.8958333333333334,473,14,41
draw_05009,2344.377570603713,1710.9999999999998,0.8939393939393939,472,19,37
draw_05010,2409.9834002488737,1714.6249999999998,0.8958333333333334,473,21,34
draw_05011,2125.041533119872,1616.7499999999998,0.8446969696969697,446,14,68
draw_05012,2197.968387064984,1725.4999999999998,0.9015151515151515,476,18,34
draw_05013,2229.203525467379,1736.3749999999998,0.9071969696969697,479,14,35
draw_05014,2426.166656163793,1721.8749999999998,0.8996212121212122,475,11,42
draw_05015,2284.306399027184,1725.4999999999998,0.9015151515151515,476,10,42
draw_05016,2300.9233684403716,1700.1249999999998,0.8882575757575758,469,17,42
draw_05017,1983.755131201451,1602.2499999999998,0.8371212121212122,442,26,60
draw_05018,2225.7477481485394,1700.1249999999998,0.8882575757575758,469,12,47
draw_05019,2225.524910753608,1750.8749999999998,0.9147727272727273,483,7,38
draw_05020,2221.1300758361754,1718.2499999999998,0.8977272727272727,474,7,47
draw_05021,2360.6356958261404,1794.3749999999998,0.9375,495,15,18
draw_05022,1871.6000240995768,1623.9999999999998,0.8484848484848485,448,21,59
draw_05023,2055.215684159884,1649.3749999999998,0.8617424242424242,455,22,51
draw_05024,2244.2163532074755,1739.9999999999998,0.9090909090909091,480,11,37
draw_05025,2120.705141241378,1623.9999999999998,0.8484848484848485,448,25,55
draw_05026,1989.7644733404936,1732.7499999999998,0.9053030303030303,478,15,35
draw_05027,2258.054761338877,1768.9999999999998,0.9242424242424242,488,13,27
draw_05028,2090.6712699957875,1692.8749999999998,0.884469696969697,467,9,52
draw_05029,2289.0876213820607,1783.4999999999998,0.9318181818181818,492,9,27
draw_05030,2220.864244501979,1710.9999999999998,0.8939393939393939,472,15,41
draw_05031,2159.6448525880323,1750.8749999999998,0.9147727272727273,483,8,37
draw_05032,2173.1355006771914,1685.6249999999998,0.8806818181818182,465,21,42
draw_05033,2152.2362811412595,1714.6249999999998,0.8958333333333334,473,13,42
draw_05034,2114.811573414951,1801.6249999999998,0.9412878787878788,497,7,24
draw_05035,2185.36052459357,1765.3749999999998,0.9223484848484849,487,14,27
draw_05036,2285.9327728582684,1725.4999999999998,0.9015151515151515,476,10,42
draw_05037,2210.0352811944267,1729.1249999999998,0.9034090909090909,477,12,39
draw_05038,2173.5723408525596,1736.3749999999998,0.9071969696969697,479,15,34
draw_05039,2196.4597523688635,1732.7499999999998,0.9053030303030303,478,16,34
draw_05040,2168.4396361246886,1812.4999999999998,0.946969696969697,500,10,18
draw_05041,2142.6944847006475,1743.6249999999998,0.9109848484848485,481,11,36
draw_05042,2040.3124432390346,1710.9999999999998,0.8939393939393939,472,13,43
draw_05043,1981.0620850914645,1681.9999999999998,0.8787878787878788,464,22,42
draw_05044,2051.712412694803,1696.4999999999998,0.8863636363636364,468,16,44
draw_05045,2256.966048367884,1747.2499999999998,0.9128787878787878,482,14,32
draw_05046,2141.048449381977,1758.1249999999998,0.9185606060606061,485,16,27
draw_05047,2240.9329158295072,1645.7499999999998,0.8598484848484849,454,21,53
draw_05048,2146.1797508990853,1681.9999999999998,0.8787878787878788,464,19,45
draw_05049,2277.2090596134944,1797.9999999999998,0.9393939393939394,496,11,21
draw_05050,2030.0423145837958,1660.2499999999998,0.8674242424242424,458,18,52
draw_05051,2066.2299670780076,1772.6249999999998,0.9261363636363636,489,4,35
draw_05052,2374.4428071004654,1707.3749999999998,0.8920454545454546,471,7,50
draw_05053,2371.734218471019,1747.2499999999998,0.9128787878787878,482,12,34
draw_05054,2307.9533084231157,1736.3749999999998,0.9071969696969697,479,13,36
draw_05055,2210.939753352496,1700.1249999999998,0.8882575757575758,469,17,42
draw_05056,2080.557923788627,1714.6249999999998,0.8958333333333334,473,11,44
draw_05057,2067.2825981343008,1725.4999999999998,0.9015151515151515,476,14,38
draw_05058,2120.126947832942,1765.3749999999998,0.9223484848484849,487,11,30
draw_05059,1998.8329670904347,1649.3749999999998,0.8617424242424242,455,21,52
draw_05060,2194.5928588925785,1678.3749999999998,0.8768939393939394,463,12,53
draw_05061,1958.3519661527966,1573.2499999999998,0.821969696969697,434,20,74
draw_05062,2317.0141019835114,1707.3749999999998,0.8920454545454546,471,21,36
draw_05063,2185.9423260292724,1754.4999999999998,0.9166666666666666,484,13,31
draw_05064,2272.011802915866,1642.1249999999998,0.8579545454545454,453,13,62
draw_05065,2219.0546116731716,1718.2499999999998,0.8977272727272727,474,16,38
draw_05066,2279.053522503407,1747.2499999999998,0.9128787878787878,482,9,37
draw_05067,2107.96829829641,1729.1249999999998,0.9034090909090909,477,10,41
draw_05068,2248.831799975051,1765.3749999999998,0.9223484848484849,487,17,24
draw_05069,2325.7836279381213,1750.8749999999998,0.9147727272727273,483,11,34
draw_05070,2173.5071749590797,1721.8749999999998,0.8996212121212122,475,18,35
draw_05071,2132.5054860572714,1750.8749999999998,0.9147727272727273,483,13,32
draw_05072,2249.9520865749155,1689.2499999999998,0.8825757575757576,466,21,41
draw_05073,2250.0511521453736,1823.3749999999998,0.9526515151515151,503,11,14
draw_05074,2210.1667461501993,1681.9999999999998,0.8787878787878788,464,22,42
draw_05075,2084.5166127429616,1721.8749999999998,0.8996212121212122,475,19,34
draw_05076,2294.3839039585205,1736.3749999999998,0.9071969696969697,479,21,28
draw_05077,2234.1903208474314,1761.7499999999998,0.9204545454545454,486,16,26
draw_05078,2221.2306144514732,1710.9999999999998,0.8939393939393939,472,16,40
draw_05079,2459.823544672147,1710.9999999999998,0.8939393939393939,472,22,34
draw_05080,2194.484082309272,1754.4999999999998,0.9166666666666666,484,12,32
draw_05081,2161.5618186709767,1710.9999999999998,0.8939393939393939,472,19,37
draw_05082,2251.863536098742,1776.2499999999998,0.928030303030303,490,11,27
draw_05083,2212.27763806317,1689.2499999999998,0.8825757575757576,466,17,45
draw_05084,2290.7415857110327,1834.2499999999998,0.9583333333333334,506,7,15
draw_05085,2379.3985273232256,1776.2499999999998,0.928030303030303,490,9,29
draw_05086,2313.7055517423514,1718.2499999999998,0.8977272727272727,474,19,35
draw_05087,1950.3661883180298,1602.2499999999998,0.8371212121212122,442,22,64
draw_05088,2073.130983636405,1638.4999999999998,0.8560606060606061,452,25,51
draw_05089,2026.4590715185573,1703.7499999999998,0.8901515151515151,470,11,47
draw_05090,2221.2474978706427,1743.6249999999998,0.9109848484848485,481,17,30
draw_05091,2303.5155452174204,1718.2499999999998,0.8977272727272727,474,19,35
draw_05092,2425.2560986538997,1743.6249999999998,0.9109848484848485,481,11,36
draw_05093,2190.8899494394173,1736.3749999999998,0.9071969696969697,479,17,32
draw_05094,2281.419552252279,1819.7499999999998,0.9507575757575758,502,5,21
draw_05095,2126.868412590773,1736.3749999999998,0.9071969696969697,479,18,31
draw_05096,2081.165313719551,1584.1249999999998,0.8276515151515151,437,20,71
draw_05097,2109.0649626469276,1761.7499999999998,0.9204545454545454,486,19,23
draw_05098,2336.9643552712123,1689.2499999999998,0.8825757575757576,466,15,47
draw_05099,2278.4628031163866,1652.9999999999998,0.8636363636363636,456,29,43
draw_05100,2369.052329603862,1707.3749999999998,0.8920454545454546,471,12,45
draw_05101,1940.6329132558033,1710.9999999999998,0.8939393939393939,472,23,33
draw_05102,2212.852506206404,1772.6249999999998,0.9261363636363636,489,11,28
draw_05103,2313.601754325494,1736.3749999999998,0.9071969696969697,479,10,39
draw_05104,2207.1036599942213,1729.1249999999998,0.9034090909090909,477,12,39
draw_05105,2169.912910349348,1714.6249999999998,0.8958333333333334,473,9,46
draw_05106,2322.221337192544,1816.1249999999998,0.9488636363636364,501,9,18
draw_05107,2410.889976244667,1801.6249999999998,0.9412878787878788,497,9,22
draw_05108,2092.0823259805984,1689.2499999999998,0.8825757575757576,466,6,56
draw_05109,2286.957682288588,1714.6249999999998,0.8958333333333334,473,10,45
draw_05110,2302.457898742933,1729.1249999999998,0.9034090909090909,477,7,44
draw_05111,2276.7564864212823,1805.2499999999998,0.9431818181818182,498,8,22
draw_05112,2339.949546102126,1776.2499999999998,0.928030303030303,490,8,30
draw_05113,2086.0690195453944,1674.7499999999998,0.875,462,15,51
draw_05114,2134.8771175667284,1776.2499999999998,0.928030303030303,490,6,32
draw_05115,2237.484740438755,1790.7499999999998,0.9356060606060606,494,7,27
draw_05116,2224.827270960709,1718.2499999999998,0.8977272727272727,474,5,49
draw_05117,2290.20712570428,1703.7499999999998,0.8901515151515151,470,12,46
draw_05118,2056.424824468954,1700.1249999999998,0.8882575757575758,469,19,40
draw_05119,2083.2355183960544,1660.2499999999998,0.8674242424242424,458,11,59
draw_05120,2184.873638749894,1710.9999999999998,0.8939393939393939,472,17,39
draw_05121,2283.386093870667,1765.3749999999998,0.9223484848484849,487,10,31
draw_05122,2274.195162087241,1660.2499999999998,0.8674242424242424,458,21,49
draw_05123,2327.867264790278,1739.9999999999998,0.9090909090909091,480,15,33
draw_05124,2140.726759950929,1671.1249999999998,0.8731060606060606,461,27,40
draw_05125,2004.3873534081335,1692.8749999999998,0.884469696969697,467,17,44
draw_05126,2179.2835890539277,1783.4999999999998,0.9318181818181818,492,8,28
draw_05127,2169.9406706392892,1710.9999999999998,0.8939393939393939,472,18,38
draw_05128,2176.5879769899543,1685.6249999999998,0.8806818181818182,465,10,53
draw_05129,2067.7148928249844,1710.9999999999998,0.8939393939393939,472,23,33
draw_05130,2155.9177525021482,1692.8749999999998,0.884469696969697,467,11,50
draw_05131,2097.652247050597,1681.9999999999998,0.8787878787878788,464,15,49
draw_05132,2135.632676187955,1696.4999999999998,0.8863636363636364,468,14,46
draw_05133,2201.7066022592553,1743.6249999999998,0.9109848484848485,481,7,40
draw_05134,2222.9477097610525,1718.2499999999998,0.8977272727272727,474,15,39
draw_05135,2262.163966907374,1685.6249999999998,0.8806818181818182,465,10,53
draw_05136,2382.3243393618604,1768.9999999999998,0.9242424242424242,488,18,22
draw_05137,2120.4361945658934,1718.2499999999998,0.8977272727272727,474,19,35
draw_05138,2390.2982779878007,1739.9999999999998,0.9090909090909091,480,21,27
draw_05139,2264.781659250294,1750.8749999999998,0.9147727272727273,483,7,38
draw_05140,2119.304982487276,1681.9999999999998,0.8787878787878788,464,16,48
draw_05141,2141.8812800883234,1739.9999999999998,0.9090909090909091,480,14,34
draw_05142,2098.1517490246893,1761.7499999999998,0.9204545454545454,486,17,25
draw_05143,1954.6128034779788,1678.3749999999998,0.8768939393939394,463,18,47
draw_05144,2241.896032628016,1743.6249999999998,0.9109848484848485,481,14,33
draw_05145,2144.051119030626,1739.9999999999998,0.9090909090909091,480,16,32
draw_05146,2327.3295825605287,1725.4999999999998,0.9015151515151515,476,11,41
draw_05147,2308.6320506207016,1830.6249999999998,0.9564393939393939,505,6,17
draw_05148,2135.8018547152565,1620.3749999999998,0.8465909090909091,447,12,69
draw_05149,2258.4127609929014,1681.9999999999998,0.8787878787878788,464,15,49
draw_05150,2135.009809523218,1750.8749999999998,0.9147727272727273,483,13,32
draw_05151,2098.9429494054607,1714.6249999999998,0.8958333333333334,473,17,38
draw_05152,1953.6475884755625,1634.8749999999998,0.8541666666666666,451,21,56
draw_05153,2160.432429358916,1783.4999999999998,0.9318181818181818,492,14,22
draw_05154,2194.760000899943,1696.4999999999998,0.8863636363636364,468,14,46
draw_05155,2053.321061336618,1678.3749999999998,0.8768939393939394,463,21,44
draw_05156,2196.9349374494664,1652.9999999999998,0.8636363636363636,456,18,54
draw_05157,2115.357502060216,1685.6249999999998,0.8806818181818182,465,21,42
draw_05158,2104.560444128541,1558.7499999999998,0.8143939393939394,430,25,73
draw_05159,2090.003514069931,1761.7499999999998,0.9204545454545454,486,13,29
draw_05160,2112.114980186909,1692.8749999999998,0.884469696969697,467,22,39
draw_05161,2069.360866280987,1692.8749999999998,0.884469696969697,467,16,45
draw_05162,1954.1412407897246,1739.9999999999998,0.9090909090909091,480,11,37
draw_05163,2093.295636532793,1721.8749999999998,0.8996212121212122,475,16,37
draw_05164,2175.020685895902,1739.9999999999998,0.9090909090909091,480,9,39
draw_05165,1995.6811349445995,1660.2499999999998,0.8674242424242424,458,23,47
draw_05166,2128.37906788027,1736.3749999999998,0.9071969696969697,479,14,35
draw_05167,2067.9764677510216,1681.9999999999998,0.8787878787878788,464,13,51
draw_05168,2293.1785887932124,1743.6249999999998,0.9109848484848485,481,18,29
draw_05169,2017.2097747463465,1620.3749999999998,0.8465909090909091,447,12,69
draw_05170,2369.628055467922,1710.9999999999998,0.8939393939393939,472,23,33
draw_05171,2113.47498897747,1616.7499999999998,0.8446969696969697,446,22,60
draw_05172,2240.5660905949744,1794.3749999999998,0.9375,495,16,17
draw_05173,2334.108756283815,1750.8749999999998,0.9147727272727273,483,10,35
draw_05174,2244.3270019070296,1721.8749999999998,0.8996212121212122,475,27,26
draw_05175,2117.220238595948,1700.1249999999998,0.8882575757575758,469,12,47
draw_05176,2150.181019860757,1747.2499999999998,0.9128787878787878,482,11,35
draw_05177,2104.693578890161,1718.2499999999998,0.8977272727272727,474,14,40
draw_05178,2041.448412978453,1689.2499999999998,0.8825757575757576,466,28,34
draw_05179,2222.313552170229,1696.4999999999998,0.8863636363636364,468,19,41
draw_05180,2199.9281561662683,1743.6249999999998,0.9109848484848485,481,16,31
draw_05181,2185.8504963626597,1729.1249999999998,0.9034090909090909,477,8,43
draw_05182,2215.515302924053,1765.3749999999998,0.9223484848484849,487,7,34
draw_05183,2179.335517014284,1700.1249999999998,0.8882575757575758,469,17,42
draw_05184,2199.531274747912,1768.9999999999998,0.9242424242424242,488,14,26
draw_05185,2101.753117038323,1703.7499999999998,0.8901515151515151,470,21,37
draw_05186,1990.9909521897212,1710.9999999999998,0.8939393939393939,472,24,32
draw_05187,2145.568545179032,1620.3749999999998,0.8465909090909091,447,16,65
draw_05188,2283.7033996786276,1739.9999999999998,0.9090909090909091,480,7,41
draw_05189,2078.3052037745515,1656.6249999999998,0.865530303030303,457,22,49
draw_05190,2291.5546107156238,1743.6249999999998,0.9109848484848485,481,11,36
draw_05191,2073.3198868362274,1692.8749999999998,0.884469696969697,467,16,45
draw_05192,2423.252977309972,1736.3749999999998,0.9071969696969697,479,20,29
draw_05193,2276.155012546802,1790.7499999999998,0.9356060606060606,494,5,29
draw_05194,2174.5601050466416,1739.9999999999998,0.9090909090909091,480,10,38
draw_05195,2293.1021084798763,1808.8749999999998,0.9450757575757576,499,3,26
draw_05196,2235.1081438143497,1736.3749999999998,0.9071969696969697,479,16,33
draw_05197,2285.4926522165365,1823.3749999999998,0.9526515151515151,503,10,15
draw_05198,2045.256877403337,1638.4999999999998,0.8560606060606061,452,19,57
draw_05199,2101.3126167726437,1761.7499999999998,0.9204545454545454,486,17,25
draw_05200,2329.5661648735827,1703.7499999999998,0.8901515151515151,470,21,37
draw_05201,2161.2226391402655,1805.2499999999998,0.9431818181818182,498,13,17
draw_05202,2122.1844475378557,1700.1249999999998,0.8882575757575758,469,22,37
draw_05203,2048.9899126131127,1758.1249999999998,0.9185606060606061,485,13,30
draw_05204,2376.859148267978,1703.7499999999998,0.8901515151515151,470,19,39
draw_05205,2252.4634390440838,1765.3749999999998,0.9223484848484849,487,13,28
draw_05206,2342.287709301803,1714.6249999999998,0.8958333333333334,473,13,42
draw_05207,2091.420919322645,1674.7499999999998,0.875,462,15,51
draw_05208,2094.289631396662,1685.6249999999998,0.8806818181818182,465,14,49
draw_05209,2108.018732334852,1710.9999999999998,0.8939393939393939,472,12,44
draw_05210,2087.581152363549,1707.3749999999998,0.8920454545454546,471,8,49
draw_05211,2173.9709958571248,1747.2499999999998,0.9128787878787878,482,13,33
draw_05212,2330.9934892123024,1732.7499999999998,0.9053030303030303,478,17,33
draw_05213,2170.1776160832123,1729.1249999999998,0.9034090909090909,477,22,29
draw_05214,2163.5386456962956,1714.6249999999998,0.8958333333333334,473,19,36
draw_05215,2274.013036191689,1696.4999999999998,0.8863636363636364,468,23,37
draw_05216,2226.4286982744534,1729.1249999999998,0.9034090909090909,477,10,41
draw_05217,2161.670387781596,1721.8749999999998,0.8996212121212122,475,13,40
draw_05218,2055.7103138914526,1725.4999999999998,0.9015151515151515,476,15,37
draw_05219,2335.69116285389,1805.2499999999998,0.9431818181818182,498,7,23
draw_05220,2215.2860898450117,1772.6249999999998,0.9261363636363636,489,23,16
draw_05221,2399.9573563137506,1750.8749999999998,0.9147727272727273,483,10,35
draw_05222,2241.994962794094,1725.4999999999998,0.9015151515151515,476,12,40
draw_05223,1935.3969234323802,1660.2499999999998,0.8674242424242424,458,12,58
draw_05224,2153.8795596299165,1714.6249999999998,0.8958333333333334,473,9,46
draw_05225,2113.418949837016,1707.3749999999998,0.8920454545454546,471,20,37
draw_05226,2108.3902057029104,1707.3749999999998,0.8920454545454546,471,21,36
draw_05227,2054.953702780487,1681.9999999999998,0.8787878787878788,464,22,42
draw_05228,2235.736269464269,1671.1249999999998,0.8731060606060606,461,15,52
draw_05229,2150.046182141165,1692.8749999999998,0.884469696969697,467,6,55
draw_05230,2535.8564000426413,1794.3749999999998,0.9375,495,10,23
draw_05231,2038.351531837746,1681.9999999999998,0.8787878787878788,464,19,45
draw_05232,2024.5340116204193,1732.7499999999998,0.9053030303030303,478,14,36
draw_05233,2220.226416698377,1689.2499999999998,0.8825757575757576,466,18,44
draw_05234,2194.220821059253,1602.2499999999998,0.8371212121212122,442,18,68
draw_05235,2222.140446556398,1729.1249999999998,0.9034090909090909,477,14,37
draw_05236,2167.695616804532,1667.4999999999998,0.8712121212121212,460,9,59
draw_05237,2284.45167423726,1826.9999999999998,0.9545454545454546,504,8,16
draw_05238,2211.2667886825325,1754.4999999999998,0.9166666666666666,484,11,33
draw_05239,2246.7810171971314,1750.8749999999998,0.9147727272727273,483,18,27
draw_05240,2355.416871455112,1765.3749999999998,0.9223484848484849,487,7,34
draw_05241,2206.430240624657,1714.6249999999998,0.8958333333333334,473,14,41
draw_05242,2313.6332069387067,1696.4999999999998,0.8863636363636364,468,18,42
draw_05243,2108.151333630252,1602.2499999999998,0.8371212121212122,442,16,70
draw_05244,2187.649252589165,1663.8749999999998,0.8693181818181818,459,11,58
draw_05245,2147.740175356941,1671.1249999999998,0.8731060606060606,461,18,49
draw_05246,2078.6101453345664,1714.6249999999998,0.8958333333333334,473,22,33
draw_05247,2264.4117038181485,1776.2499999999998,0.928030303030303,490,9,29
draw_05248,2134.1464413628973,1710.9999999999998,0.8939393939393939,472,11,45
draw_05249,2150.8505483577314,1667.4999999999998,0.8712121212121212,460,23,45
draw_05250,2022.4617249789878,1671.1249999999998,0.8731060606060606,461,16,51
draw_05251,2107.3516094246434,1747.2499999999998,0.9128787878787878,482,17,29
draw_05252,2194.6092924563773,1685.6249999999998,0.8806818181818182,465,17,46
draw_05253,2169.4433122915166,1721.8749999999998,0.8996212121212122,475,16,37
draw_05254,2042.6553610365631,1718.2499999999998,0.8977272727272727,474,20,34
draw_05255,2020.4839300796204,1660.2499999999998,0.8674242424242424,458,20,50
draw_05256,2211.7977657928514,1642.1249999999998,0.8579545454545454,453,26,49
draw_05257,2223.6100353616307,1776.2499999999998,0.928030303030303,490,11,27
draw_05258,2345.3786789086394,1743.6249999999998,0.9109848484848485,481,14,33
draw_05259,2366.2232530384563,1768.9999999999998,0.9242424242424242,488,7,33
draw_05260,2181.7497291248696,1674.7499999999998,0.875,462,20,46
draw_05261,2239.871951945829,1729.1249999999998,0.9034090909090909,477,11,40
draw_05262,2025.5849912239935,1609.4999999999998,0.8409090909090909,444,24,60
draw_05263,2231.7862190681017,1754.4999999999998,0.9166666666666666,484,15,29
draw_05264,2111.625397989987,1627.6249999999998,0.8503787878787878,449,17,62
draw_05265,2076.7822343952666,1736.3749999999998,0.9071969696969697,479,16,33
draw_05266,2221.286224215154,1700.1249999999998,0.8882575757575758,469,12,47
draw_05267,2091.885499358485,1667.4999999999998,0.8712121212121212,460,17,51
draw_05268,2219.2654731125795,1678.3749999999998,0.8768939393939394,463,27,38
draw_05269,2383.4549784089227,1620.3749999999998,0.8465909090909091,447,22,59
draw_05270,2105.2755968120055,1721.8749999999998,0.8996212121212122,475,15,38
draw_05271,2382.0058020100805,1758.1249999999998,0.9185606060606061,485,13,30
draw_05272,2173.776099687447,1725.4999999999998,0.9015151515151515,476,15,37
draw_05273,2368.60841361595,1779.8749999999998,0.9299242424242424,491,14,23
draw_05274,2271.369535561335,1732.7499999999998,0.9053030303030303,478,7,43
draw_05275,2121.1876205756043,1671.1249999999998,0.8731060606060606,461,16,51
draw_05276,2246.5970037795996,1685.6249999999998,0.8806818181818182,465,20,43
draw_05277,2270.0298560777183,1710.9999999999998,0.8939393939393939,472,10,46
draw_05278,2108.2735759761213,1710.9999999999998,0.8939393939393939,472,9,47
draw_05279,2101.9116244416355,1660.2499999999998,0.8674242424242424,458,21,49
draw_05280,2327.7229059814454,1721.8749999999998,0.8996212121212122,475,10,43
draw_05281,2237.749445452209,1739.9999999999998,0.9090909090909091,480,19,29
draw_05282,1988.7815640880303,1685.6249999999998,0.8806818181818182,465,24,39
draw_05283,2158.1464063449366,1678.3749999999998,0.8768939393939394,463,24,41
draw_05284,2069.305700856057,1758.1249999999998,0.9185606060606061,485,10,33
draw_05285,2091.591891586004,1714.6249999999998,0.8958333333333334,473,24,31
draw_05286,2194.6367650350685,1703.7499999999998,0.8901515151515151,470,9,49
draw_05287,2182.3024738572535,1732.7499999999998,0.9053030303030303,478,12,38
draw_05288,2163.368886064535,1667.4999999999998,0.8712121212121212,460,19,49
draw_05289,2133.79877026884,1627.6249999999998,0.8503787878787878,449,25,54
draw_05290,2110.8572865099004,1613.1249999999998,0.8428030303030303,445,14,69
draw_05291,2197.54207251104,1696.4999999999998,0.8863636363636364,468,15,45
draw_05292,2298.1397765920856,1743.6249999999998,0.9109848484848485,481,11,36
draw_05293,2056.723301061446,1700.1249999999998,0.8882575757575758,469,11,48
draw_05294,2222.1882146587163,1725.4999999999998,0.9015151515151515,476,5,47
draw_05295,1999.9062993522398,1627.6249999999998,0.8503787878787878,449,25,54
draw_05296,2205.662658214723,1696.4999999999998,0.8863636363636364,468,18,42
draw_05297,2306.1740730318224,1678.3749999999998,0.8768939393939394,463,14,51
draw_05298,1980.2260058562726,1671.1249999999998,0.8731060606060606,461,20,47
draw_05299,2336.383564341973,1710.9999999999998,0.8939393939393939,472,13,43
draw_05300,2446.990118573347,1747.2499999999998,0.9128787878787878,482,8,38
draw_05301,2279.736119640085,1729.1249999999998,0.9034090909090909,477,17,34
draw_05302,2305.1682157890746,1761.7499999999998,0.9204545454545454,486,8,34
draw_05303,2168.5981690955787,1700.1249999999998,0.8882575757575758,469,18,41
draw_05304,2110.892865562557,1710.9999999999998,0.8939393939393939,472,12,44
draw_05305,2153.0161982831814,1696.4999999999998,0.8863636363636364,468,9,51
draw_05306,2099.5604911896344,1674.7499999999998,0.875,462,20,46
draw_05307,2238.7837290936154,1656.6249999999998,0.865530303030303,457,13,58
draw_05308,2114.2401621575173,1725.4999999999998,0.9015151515151515,476,12,40
draw_05309,2223.394014304731,1725.4999999999998,0.9015151515151515,476,18,34
draw_05310,2044.9634537199934,1627.6249999999998,0.8503787878787878,449,17,62
draw_05311,2091.9025026379354,1681.9999999999998,0.8787878787878788,464,18,46
draw_05312,2161.213863073176,1692.8749999999998,0.884469696969697,467,19,42
draw_05313,2009.6748487903692,1663.8749999999998,0.8693181818181818,459,29,40
draw_05314,2092.8249401517437,1631.2499999999998,0.8522727272727273,450,22,56
draw_05315,2408.2469842920636,1750.8749999999998,0.9147727272727273,483,6,39
draw_05316,2074.9794480293626,1642.1249999999998,0.8579545454545454,453,20,55
draw_05317,2323.701557133016,1736.3749999999998,0.9071969696969697,479,24,25
draw_05318,2179.721382020787,1714.6249999999998,0.8958333333333334,473,14,41
draw_05319,1965.870544794167,1634.8749999999998,0.8541666666666666,451,26,51
draw_05320,2441.0461107308556,1768.9999999999998,0.9242424242424242,488,16,24
draw_05321,2070.17363474519,1721.8749999999998,0.8996212121212122,475,17,36
draw_05322,2259.9782548039516,1598.6249999999998,0.8352272727272727,441,21,66
draw_05323,2274.833138957793,1768.9999999999998,0.9242424242424242,488,16,24
draw_05324,2122.2052838348864,1674.7499999999998,0.875,462,13,53
draw_05325,2252.817058337911,1743.6249999999998,0.9109848484848485,481,17,30
draw_05326,2168.1895013934372,1710.9999999999998,0.8939393939393939,472,7,49
draw_05327,2162.1412724668944,1714.6249999999998,0.8958333333333334,473,18,37
draw_05328,2362.6862665840695,1721.8749999999998,0.8996212121212122,475,11,42
draw_05329,2027.1191022054495,1660.2499999999998,0.8674242424242424,458,20,50
draw_05330,2129.1837669739866,1681.9999999999998,0.8787878787878788,464,16,48
draw_05331,2202.2691155413936,1656.6249999999998,0.865530303030303,457,13,58
draw_05332,2176.271218062389,1710.9999999999998,0.8939393939393939,472,14,42
draw_05333,2247.067036428502,1700.1249999999998,0.8882575757575758,469,23,36
draw_05334,2425.3374390083263,1758.1249999999998,0.9185606060606061,485,17,26
draw_05335,2327.0151371755237,1761.7499999999998,0.9204545454545454,486,9,33
draw_05336,2270.080563915995,1645.7499999999998,0.8598484848484849,454,17,57
draw_05337,2115.561416001537,1598.6249999999998,0.8352272727272727,441,29,58
draw_05338,1951.087320359188,1634.8749999999998,0.8541666666666666,451,25,52
draw_05339,2066.5124592890347,1736.3749999999998,0.9071969696969697,479,22,27
draw_05340,2309.3298884631467,1765.3749999999998,0.9223484848484849,487,11,30
draw_05341,2291.87131946348,1768.9999999999998,0.9242424242424242,488,14,26
draw_05342,2020.6399576526178,1681.9999999999998,0.8787878787878788,464,18,46
draw_05343,2090.3817699361166,1750.8749999999998,0.9147727272727273,483,18,27
draw_05344,2141.8731166029506,1692.8749999999998,0.884469696969697,467,12,49
draw_05345,2333.127510608817,1681.9999999999998,0.8787878787878788,464,19,45
draw_05346,2297.148245181344,1823.3749999999998,0.9526515151515151,503,13,12
draw_05347,2083.2551265975753,1645.7499999999998,0.8598484848484849,454,17,57
draw_05348,2186.2153349487594,1710.9999999999998,0.8939393939393939,472,16,40
draw_05349,2305.6648757970397,1750.8749999999998,0.9147727272727273,483,12,33
draw_05350,2363.2600851619463,1736.3749999999998,0.9071969696969697,479,17,32
draw_05351,2250.7533101831914,1761.7499999999998,0.9204545454545454,486,9,33
draw_05352,2178.865687623795,1692.8749999999998,0.884469696969697,467,18,43
draw_05353,2165.9794895613427,1671.1249999999998,0.8731060606060606,461,15,52
draw_05354,2202.0934383879166,1732.7499999999998,0.9053030303030303,478,18,32
draw_05355,1978.0107263420418,1591.3749999999998,0.8314393939393939,439,24,65
draw_05356,2196.655925540793,1667.4999999999998,0.8712121212121212,460,18,50
draw_05357,2310.8961828537917,1696.4999999999998,0.8863636363636364,468,20,40
draw_05358,2134.94165350344,1743.6249999999998,0.9109848484848485,481,10,37
draw_05359,2161.519253252404,1729.1249999999998,0.9034090909090909,477,13,38
draw_05360,2271.639436004532,1725.4999999999998,0.9015151515151515,476,20,32
draw_05361,2034.1089406500928,1663.8749999999998,0.8693181818181818,459,23,46
draw_05362,2155.8475111534135,1678.3749999999998,0.8768939393939394,463,23,42
draw_05363,2350.1466559004457,1707.3749999999998,0.8920454545454546,471,16,41
draw_05364,1977.351532674027,1656.6249999999998,0.865530303030303,457,19,52
draw_05365,2151.6076744517354,1758.1249999999998,0.9185606060606061,485,12,31
draw_05366,2411.978295887182,1794.3749999999998,0.9375,495,14,19
draw_05367,2283.603513213484,1700.1249999999998,0.8882575757575758,469,15,44
draw_05368,2118.3689606336225,1700.1249999999998,0.8882575757575758,469,13,46
draw_05369,2369.254262526881,1761.7499999999998,0.9204545454545454,486,18,24
draw_05370,1957.2696387581993,1696.4999999999998,0.8863636363636364,468,19,41
draw_05371,2200.42470752812,1714.6249999999998,0.8958333333333334,473,8,47
draw_05372,2218.480837691759,1718.2499999999998,0.8977272727272727,474,15,39
draw_05373,2201.703111251003,1787.1249999999998,0.9337121212121212,493,8,27
draw_05374,2248.4517851216356,1772.6249999999998,0.9261363636363636,489,12,27
draw_05375,2169.363321736068,1718.2499999999998,0.8977272727272727,474,13,41
draw_05376,2288.8729055209333,1801.6249999999998,0.9412878787878788,497,16,15
draw_05377,2084.4684261088682,1721.8749999999998,0.8996212121212122,475,19,34
draw_05378,2058.0740321865865,1736.3749999999998,0.9071969696969697,479,13,36
draw_05379,2313.294348242445,1692.8749999999998,0.884469696969697,467,20,41
draw_05380,2004.376218084263,1721.8749999999998,0.8996212121212122,475,12,41
draw_05381,2023.7856022021188,1725.4999999999998,0.9015151515151515,476,14,38
draw_05382,2111.424687596115,1707.3749999999998,0.8920454545454546,471,22,35
draw_05383,2165.6772253103873,1736.3749999999998,0.9071969696969697,479,11,38
draw_05384,2037.104243987497,1674.7499999999998,0.875,462,24,42
draw_05385,2238.0147873720634,1743.6249999999998,0.9109848484848485,481,10,37
draw_05386,2196.2010213350477,1739.9999999999998,0.9090909090909091,480,16,32
draw_05387,2063.749720778866,1692.8749999999998,0.884469696969697,467,11,50
draw_05388,2338.412064653227,1797.9999999999998,0.9393939393939394,496,13,19
draw_05389,2245.2371134755917,1645.7499999999998,0.8598484848484849,454,25,49
draw_05390,2371.099442556675,1736.3749999999998,0.9071969696969697,479,9,40
draw_05391,2317.4529040090533,1678.3749999999998,0.8768939393939394,463,11,54
draw_05392,2207.684597215837,1725.4999999999998,0.9015151515151515,476,14,38
draw_05393,2078.7446744046197,1660.2499999999998,0.8674242424242424,458,14,56
draw_05394,2115.1877031326007,1634.8749999999998,0.8541666666666666,451,30,47
draw_05395,2299.369189367406,1700.1249999999998,0.8882575757575758,469,16,43
draw_05396,2189.616732630907,1707.3749999999998,0.8920454545454546,471,20,37
draw_05397,2197.4601241032346,1663.8749999999998,0.8693181818181818,459,21,48
draw_05398,2078.0220743079917,1692.8749999999998,0.884469696969697,467,21,40
draw_05399,2285.476831043578,1700.1249999999998,0.8882575757575758,469,14,45
draw_05400,2078.775545172231,1732.7499999999998,0.9053030303030303,478,19,31
draw_05401,2263.0515047800163,1692.8749999999998,0.884469696969697,467,16,45
draw_05402,2152.192386598778,1692.8749999999998,0.884469696969697,467,24,37
draw_05403,2359.3995988614824,1739.9999999999998,0.9090909090909091,480,13,35
draw_05404,2498.5252054422117,1790.7499999999998,0.9356060606060606,494,19,15
draw_05405,2242.06310554102,1761.7499999999998,0.9204545454545454,486,15,27
draw_05406,2109.4315776493513,1631.2499999999998,0.8522727272727273,450,10,68
draw_05407,2063.204644976169,1721.8749999999998,0.8996212121212122,475,21,32
draw_05408,2725.6721007734745,1794.3749999999998,0.9375,495,8,25
draw_05409,2318.5754552157546,1761.7499999999998,0.9204545454545454,486,10,32
draw_05410,2205.9836643688536,1729.1249999999998,0.9034090909090909,477,17,34
draw_05411,2080.7375957530917,1667.4999999999998,0.8712121212121212,460,21,47
draw_05412,2212.93319953076,1739.9999999999998,0.9090909090909091,480,11,37
draw_05413,2074.2825488530366,1696.4999999999998,0.8863636363636364,468,13,47
draw_05414,2452.4800632541114,1710.9999999999998,0.8939393939393939,472,19,37
draw_05415,2255.0802026105957,1772.6249999999998,0.9261363636363636,489,15,24
draw_05416,2003.9911684923725,1663.8749999999998,0.8693181818181818,459,14,55
draw_05417,2216.7252957095407,1700.1249999999998,0.8882575757575758,469,19,40
draw_05418,2440.434537851723,1750.8749999999998,0.9147727272727273,483,16,29
draw_05419,2046.5756100798385,1613.1249999999998,0.8428030303030303,445,18,65
draw_05420,2041.9659934624744,1732.7499999999998,0.9053030303030303,478,16,34
draw_05421,2305.86701839095,1830.6249999999998,0.9564393939393939,505,5,18
draw_05422,2264.4801408763433,1729.1249999999998,0.9034090909090909,477,13,38
draw_05423,2174.4178052408097,1754.4999999999998,0.9166666666666666,484,7,37
draw_05424,2156.692710514562,1718.2499999999998,0.8977272727272727,474,19,35
draw_05425,2372.3951128097924,1772.6249999999998,0.9261363636363636,489,16,23
draw_05426,2171.9372543190193,1696.4999999999998,0.8863636363636364,468,20,40
draw_05427,2204.2544167655747,1743.6249999999998,0.9109848484848485,481,7,40
draw_05428,2421.0870291923598,1776.2499999999998,0.928030303030303,490,12,26
draw_05429,2496.1997578960995,1732.7499999999998,0.9053030303030303,478,14,36
draw_05430,2133.62522769625,1685.6249999999998,0.8806818181818182,465,18,45
draw_05431,2318.9428947927295,1743.6249999999998,0.9109848484848485,481,8,39
draw_05432,2399.761577842011,1761.7499999999998,0.9204545454545454,486,10,32
draw_05433,2296.4011848234904,1703.7499999999998,0.8901515151515151,470,18,40
draw_05434,2177.949758466134,1703.7499999999998,0.8901515151515151,470,23,35
draw_05435,2318.8065578407254,1696.4999999999998,0.8863636363636364,468,10,50
draw_05436,2253.3791317707614,1732.7499999999998,0.9053030303030303,478,20,30
draw_05437,2412.7510883962777,1794.3749999999998,0.9375,495,8,25
draw_05438,2189.531721628277,1750.8749999999998,0.9147727272727273,483,9,36
draw_05439,2187.145574671865,1772.6249999999998,0.9261363636363636,489,10,29
draw_05440,1961.866883205761,1605.8749999999998,0.8390151515151515,443,16,69
draw_05441,2107.326908486054,1801.6249999999998,0.9412878787878788,497,5,26
draw_05442,2306.088344247007,1725.4999999999998,0.9015151515151515,476,7,45
draw_05443,2305.9864276479316,1776.2499999999998,0.928030303030303,490,11,27
draw_05444,2129.0217775698566,1754.4999999999998,0.9166666666666666,484,18,26
draw_05445,2165.600966239857,1772.6249999999998,0.9261363636363636,489,7,32
draw_05446,2191.6748923116115,1678.3749999999998,0.8768939393939394,463,19,46
draw_05447,2176.6737652813995,1700.1249999999998,0.8882575757575758,469,10,49
draw_05448,2082.61040191065,1685.6249999999998,0.8806818181818182,465,15,48
draw_05449,2325.2081933858194,1732.7499999999998,0.9053030303030303,478,23,27
draw_05450,2199.369489129794,1674.7499999999998,0.875,462,18,48
draw_05451,2150.25181188407,1642.1249999999998,0.8579545454545454,453,15,60
draw_05452,2041.570816528496,1638.4999999999998,0.8560606060606061,452,23,53
draw_05453,2071.3974003495237,1613.1249999999998,0.8428030303030303,445,30,53
draw_05454,1997.7706124978004,1652.9999999999998,0.8636363636363636,456,25,47
draw_05455,2036.827489233406,1732.7499999999998,0.9053030303030303,478,15,35
draw_05456,2242.173405803209,1692.8749999999998,0.884469696969697,467,16,45
draw_05457,2024.1119393048953,1649.3749999999998,0.8617424242424242,455,14,59
draw_05458,2402.6188782442596,1714.6249999999998,0.8958333333333334,473,19,36
draw_05459,2250.4828386997356,1732.7499999999998,0.9053030303030303,478,8,42
draw_05460,2166.5320411020107,1703.7499999999998,0.8901515151515151,470,13,45
draw_05461,2039.4804856990474,1700.1249999999998,0.8882575757575758,469,20,39
draw_05462,2195.9068703534977,1790.7499999999998,0.9356060606060606,494,7,27
draw_05463,2289.5472906156406,1729.1249999999998,0.9034090909090909,477,17,34
draw_05464,2209.0824675279428,1812.4999999999998,0.946969696969697,500,7,21
draw_05465,2286.9213804116303,1776.2499999999998,0.928030303030303,490,14,24
draw_05466,2311.6988877339877,1768.9999999999998,0.9242424242424242,488,12,28
draw_05467,2183.2599045718616,1678.3749999999998,0.8768939393939394,463,25,40
draw_05468,2240.577093764221,1718.2499999999998,0.8977272727272727,474,14,40
draw_05469,2173.338455281071,1700.1249999999998,0.8882575757575758,469,14,45
draw_05470,2239.241807065123,1678.3749999999998,0.8768939393939394,463,22,43
draw_05471,2286.757224683077,1790.7499999999998,0.9356060606060606,494,9,25
draw_05472,2442.696425099388,1765.3749999999998,0.9223484848484849,487,9,32
draw_05473,2082.7074740195962,1707.3749999999998,0.8920454545454546,471,14,43
draw_05474,2103.2763115314083,1645.7499999999998,0.8598484848484849,454,20,54
draw_05475,2156.737610975668,1667.4999999999998,0.8712121212121212,460,9,59
draw_05476,2129.957419116592,1729.1249999999998,0.9034090909090909,477,6,45
draw_05477,2261.9987932172535,1725.4999999999998,0.9015151515151515,476,13,39
draw_05478,2068.421937199004,1736.3749999999998,0.9071969696969697,479,22,27
draw_05479,2590.325138165261,1826.9999999999998,0.9545454545454546,504,3,21
draw_05480,2105.0354539529653,1696.4999999999998,0.8863636363636364,468,14,46
draw_05481,2354.295331284405,1725.4999999999998,0.9015151515151515,476,11,41
draw_05482,2160.6542563180537,1736.3749999999998,0.9071969696969697,479,16,33
draw_05483,2404.6655133577297,1747.2499999999998,0.9128787878787878,482,13,33
draw_05484,2008.5999445700954,1725.4999999999998,0.9015151515151515,476,11,41
draw_05485,2343.7903135436345,1776.2499999999998,0.928030303030303,490,17,21
draw_05486,2200.7965649802527,1681.9999999999998,0.8787878787878788,464,19,45
draw_05487,2374.9811783903615,1736.3749999999998,0.9071969696969697,479,15,34
draw_05488,2268.3347928752614,1707.3749999999998,0.8920454545454546,471,11,46
draw_05489,2257.9171500663247,1772.6249999999998,0.9261363636363636,489,7,32
draw_05490,2335.011068679509,1765.3749999999998,0.9223484848484849,487,11,30
draw_05491,2204.556474709415,1794.3749999999998,0.9375,495,7,26
draw_05492,2211.729481303957,1790.7499999999998,0.9356060606060606,494,12,22
draw_05493,2301.130390912259,1747.2499999999998,0.9128787878787878,482,20,26
draw_05494,2326.6243840720003,1721.8749999999998,0.8996212121212122,475,9,44
draw_05495,2245.979919305723,1652.9999999999998,0.8636363636363636,456,27,45
draw_05496,2228.766465366771,1761.7499999999998,0.9204545454545454,486,18,24
draw_05497,2255.8365723214647,1797.9999999999998,0.9393939393939394,496,6,26
draw_05498,2223.284816911995,1768.9999999999998,0.9242424242424242,488,13,27
draw_05499,2057.1566741989573,1747.2499999999998,0.9128787878787878,482,13,33
draw_05500,2422.0271506076097,1783.4999999999998,0.9318181818181818,492,16,20
draw_05501,2036.476861644072,1667.4999999999998,0.8712121212121212,460,25,43
draw_05502,2086.399633019972,1692.8749999999998,0.884469696969697,467,19,42
draw_05503,2203.4093182883043,1696.4999999999998,0.8863636363636364,468,25,35
draw_05504,1985.4150196351493,1710.9999999999998,0.8939393939393939,472,16,40
draw_05505,2289.925994618703,1700.1249999999998,0.8882575757575758,469,11,48
draw_05506,2343.7512801757866,1703.7499999999998,0.8901515151515151,470,13,45
draw_05507,2235.7443600684337,1689.2499999999998,0.8825757575757576,466,13,49
draw_05508,1881.544034810477,1609.4999999999998,0.8409090909090909,444,13,71
draw_05509,2279.321317524227,1692.8749999999998,0.884469696969697,467,21,40
draw_05510,2266.0265236650525,1656.6249999999998,0.865530303030303,457,21,50
draw_05511,2179.533332008442,1725.4999999999998,0.9015151515151515,476,14,38
draw_05512,2157.116165094086,1681.9999999999998,0.8787878787878788,464,17,47
draw_05513,2281.939153845964,1703.7499999999998,0.8901515151515151,470,15,43
draw_05514,2309.4690486157942,1638.4999999999998,0.8560606060606061,452,17,59
draw_05515,2054.840465679368,1700.1249999999998,0.8882575757575758,469,14,45
draw_05516,1939.8452186259435,1598.6249999999998,0.8352272727272727,441,24,63
draw_05517,2309.6413919931065,1797.9999999999998,0.9393939393939394,496,5,27
draw_05518,2126.960373226189,1671.1249999999998,0.8731060606060606,461,20,47
draw_05519,1967.764328572444,1692.8749999999998,0.884469696969697,467,20,41
draw_05520,2578.8610065671332,1750.8749999999998,0.9147727272727273,483,13,32
draw_05521,2206.8297445188045,1638.4999999999998,0.8560606060606061,452,16,60
draw_05522,2148.200449842479,1743.6249999999998,0.9109848484848485,481,19,28
draw_05523,2094.796008211723,1692.8749999999998,0.884469696969697,467,16,45
draw_05524,2110.291629403252,1685.6249999999998,0.8806818181818182,465,20,43
draw_05525,2042.1112053099157,1663.8749999999998,0.8693181818181818,459,14,55
draw_05526,2324.5519341130343,1703.7499999999998,0.8901515151515151,470,18,40
draw_05527,1968.8536373147042,1714.6249999999998,0.8958333333333334,473,17,38
draw_05528,2128.709699672324,1667.4999999999998,0.8712121212121212,460,20,48
draw_05529,2198.7940162075,1703.7499999999998,0.8901515151515151,470,15,43
draw_05530,2247.8424462908224,1696.4999999999998,0.8863636363636364,468,24,36
draw_05531,2297.5896081191913,1743.6249999999998,0.9109848484848485,481,11,36
draw_05532,2176.5668576788466,1718.2499999999998,0.8977272727272727,474,24,30
draw_05533,2379.2064986006712,1754.4999999999998,0.9166666666666666,484,9,35
draw_05534,2299.5359171116866,1765.3749999999998,0.9223484848484849,487,20,21
draw_05535,2182.5437378499337,1634.8749999999998,0.8541666666666666,451,20,57
draw_05536,2243.6244642881693,1743.6249999999998,0.9109848484848485,481,10,37
draw_05537,2179.038381020459,1663.8749999999998,0.8693181818181818,459,16,53
draw_05538,2159.3641388416254,1729.1249999999998,0.9034090909090909,477,15,36
draw_05539,2168.277911660602,1703.7499999999998,0.8901515151515151,470,18,40
draw_05540,2052.6362306164115,1620.3749999999998,0.8465909090909091,447,12,69
draw_05541,2212.1132509426784,1700.1249999999998,0.8882575757575758,469,17,42
draw_05542,2191.163501223204,1689.2499999999998,0.8825757575757576,466,14,48
draw_05543,2265.6820456728783,1787.1249999999998,0.9337121212121212,493,13,22
draw_05544,2397.1016093800927,1743.6249999999998,0.9109848484848485,481,11,36
draw_05545,2260.8785275004802,1638.4999999999998,0.8560606060606061,452,29,47
draw_05546,2402.0153993723698,1790.7499999999998,0.9356060606060606,494,11,23
draw_05547,1972.6214916988683,1678.3749999999998,0.8768939393939394,463,13,52
draw_05548,2222.1571237062367,1721.8749999999998,0.8996212121212122,475,9,44
draw_05549,2305.205080803474,1750.8749999999998,0.9147727272727273,483,8,37
draw_05550,2162.772681935278,1750.8749999999998,0.9147727272727273,483,14,31
draw_05551,2268.638101427579,1761.7499999999998,0.9204545454545454,486,13,29
draw_05552,2080.8314227098167,1700.1249999999998,0.8882575757575758,469,13,46
draw_05553,1998.9778090661762,1652.9999999999998,0.8636363636363636,456,20,52
draw_05554,2087.519065836746,1656.6249999999998,0.865530303030303,457,22,49
draw_05555,2129.9493335975108,1649.3749999999998,0.8617424242424242,455,15,58
draw_05556,2256.2591707628917,1725.4999999999998,0.9015151515151515,476,23,29
draw_05557,2379.5027996477133,1776.2499999999998,0.928030303030303,490,8,30
draw_05558,2131.674879802596,1620.3749999999998,0.8465909090909091,447,17,64
draw_05559,2140.171419425579,1696.4999999999998,0.8863636363636364,468,12,48
draw_05560,2250.219921562053,1703.7499999999998,0.8901515151515151,470,18,40
draw_05561,2311.557291966842,1736.3749999999998,0.9071969696969697,479,15,34
draw_05562,2149.1720285812326,1642.1249999999998,0.8579545454545454,453,20,55
draw_05563,2322.880687440634,1747.2499999999998,0.9128787878787878,482,8,38
draw_05564,2227.3229228107225,1674.7499999999998,0.875,462,12,54
draw_05565,2245.634275917326,1718.2499999999998,0.8977272727272727,474,24,30
draw_05566,2171.0752878928665,1681.9999999999998,0.8787878787878788,464,11,53
draw_05567,2333.2001717333305,1613.1249999999998,0.8428030303030303,445,23,60
draw_05568,2143.0047078365615,1783.4999999999998,0.9318181818181818,492,7,29
draw_05569,2100.691376939791,1674.7499999999998,0.875,462,16,50
draw_05570,2134.4083409088435,1663.8749999999998,0.8693181818181818,459,16,53
draw_05571,2337.860783767324,1750.8749999999998,0.9147727272727273,483,12,33
draw_05572,2225.996347468665,1718.2499999999998,0.8977272727272727,474,15,39
draw_05573,2111.767107300223,1685.6249999999998,0.8806818181818182,465,15,48
draw_05574,2074.1204440004813,1667.4999999999998,0.8712121212121212,460,18,50
draw_05575,2372.4043792981824,1768.9999999999998,0.9242424242424242,488,12,28
draw_05576,2282.7112498866086,1652.9999999999998,0.8636363636363636,456,18,54
draw_05577,2219.129891118609,1700.1249999999998,0.8882575757575758,469,15,44
draw_05578,2188.6172692981054,1758.1249999999998,0.9185606060606061,485,9,34
draw_05579,2076.8077665498313,1631.2499999999998,0.8522727272727273,450,21,57
draw_05580,2106.437335135825,1725.4999999999998,0.9015151515151515,476,15,37
draw_05581,1880.3695826608607,1645.7499999999998,0.8598484848484849,454,8,66
draw_05582,2129.9626654499957,1736.3749999999998,0.9071969696969697,479,16,33
draw_05583,2228.4340494600115,1678.3749999999998,0.8768939393939394,463,16,49
draw_05584,2263.191301668532,1750.8749999999998,0.9147727272727273,483,10,35
draw_05585,2337.577012299745,1747.2499999999998,0.9128787878787878,482,12,34
draw_05586,2095.910783443911,1685.6249999999998,0.8806818181818182,465,22,41
draw_05587,1999.289034789454,1707.3749999999998,0.8920454545454546,471,6,51
draw_05588,2327.9066934309517,1747.2499999999998,0.9128787878787878,482,12,34
draw_05589,2314.26891504195,1714.6249999999998,0.8958333333333334,473,14,41
draw_05590,2301.156380865653,1776.2499999999998,0.928030303030303,490,4,34
draw_05591,2376.013695835898,1714.6249999999998,0.8958333333333334,473,20,35
draw_05592,1999.12551463804,1674.7499999999998,0.875,462,25,41
draw_05593,2189.5930864661536,1747.2499999999998,0.9128787878787878,482,17,29
draw_05594,2053.652589865931,1631.2499999999998,0.8522727272727273,450,16,62
draw_05595,2407.047528782493,1710.9999999999998,0.8939393939393939,472,16,40
draw_05596,1964.4353658779512,1729.1249999999998,0.9034090909090909,477,21,30
draw_05597,1976.2554985984034,1652.9999999999998,0.8636363636363636,456,20,52
draw_05598,2284.1613098313237,1826.9999999999998,0.9545454545454546,504,5,19
draw_05599,2019.8244646976486,1696.4999999999998,0.8863636363636364,468,14,46
draw_05600,2169.0644363008196,1696.4999999999998,0.8863636363636364,468,11,49
draw_05601,2250.2905439074425,1819.7499999999998,0.9507575757575758,502,8,18
draw_05602,2255.311295302958,1663.8749999999998,0.8693181818181818,459,11,58
draw_05603,2157.1760793892236,1794.3749999999998,0.9375,495,13,20
draw_05604,2416.5984898655865,1754.4999999999998,0.9166666666666666,484,13,31
draw_05605,2118.376690218091,1714.6249999999998,0.8958333333333334,473,11,44
draw_05606,2077.6002107208637,1678.3749999999998,0.8768939393939394,463,20,45
draw_05607,2110.6023320768954,1801.6249999999998,0.9412878787878788,497,7,24
draw_05608,2287.458919025219,1761.7499999999998,0.9204545454545454,486,11,31
draw_05609,2277.500546751311,1761.7499999999998,0.9204545454545454,486,13,29
draw_05610,2180.780848604525,1681.9999999999998,0.8787878787878788,464,18,46
draw_05611,2364.584392994691,1768.9999999999998,0.9242424242424242,488,16,24
draw_05612,2248.9035740228524,1681.9999999999998,0.8787878787878788,464,19,45
draw_05613,2121.4741501611466,1750.8749999999998,0.9147727272727273,483,21,24
draw_05614,2205.595803663545,1703.7499999999998,0.8901515151515151,470,20,38
draw_05615,2349.8886345301903,1765.3749999999998,0.9223484848484849,487,12,29
draw_05616,2091.504010393662,1732.7499999999998,0.9053030303030303,478,17,33
draw_05617,2068.9800750388586,1663.8749999999998,0.8693181818181818,459,17,52
draw_05618,2205.300128437299,1689.2499999999998,0.8825757575757576,466,11,51
draw_05619,2131.998061531714,1681.9999999999998,0.8787878787878788,464,17,47
draw_05620,2205.4383981374663,1652.9999999999998,0.8636363636363636,456,31,41
draw_05621,2334.845049113057,1714.6249999999998,0.8958333333333334,473,14,41
draw_05622,2304.713823946833,1721.8749999999998,0.8996212121212122,475,22,31
draw_05623,2121.1370413380755,1725.4999999999998,0.9015151515151515,476,16,36
draw_05624,2263.569199206924,1783.4999999999998,0.9318181818181818,492,14,22
draw_05625,2362.9705763795673,1692.8749999999998,0.884469696969697,467,16,45
draw_05626,1956.1977493702163,1620.3749999999998,0.8465909090909091,447,14,67
draw_05627,2193.6716507000333,1729.1249999999998,0.9034090909090909,477,15,36
draw_05628,2153.4100271533734,1739.9999999999998,0.9090909090909091,480,9,39
draw_05629,2263.637757061401,1790.7499999999998,0.9356060606060606,494,13,21
draw_05630,2209.2848558233723,1750.8749999999998,0.9147727272727273,483,9,36
draw_05631,2328.1269898913133,1754.4999999999998,0.9166666666666666,484,18,26
draw_05632,2255.867916715901,1721.8749999999998,0.8996212121212122,475,11,42
draw_05633,2213.307235368128,1703.7499999999998,0.8901515151515151,470,17,41
draw_05634,2116.7532723678783,1736.3749999999998,0.9071969696969697,479,17,32
draw_05635,2225.9497131579324,1685.6249999999998,0.8806818181818182,465,12,51
draw_05636,2320.4126976708994,1703.7499999999998,0.8901515151515151,470,18,40
draw_05637,2117.841398852291,1555.1249999999998,0.8125,429,27,72
draw_05638,2019.872922016079,1660.2499999999998,0.8674242424242424,458,21,49
draw_05639,2006.282654708799,1703.7499999999998,0.8901515151515151,470,18,40
draw_05640,2063.25091601372,1627.6249999999998,0.8503787878787878,449,19,60
draw_05641,2464.6479168861315,1696.4999999999998,0.8863636363636364,468,25,35
draw_05642,2230.478151944553,1772.6249999999998,0.9261363636363636,489,13,26
draw_05643,2008.4856497683686,1605.8749999999998,0.8390151515151515,443,21,64
draw_05644,2198.2068831091283,1638.4999999999998,0.8560606060606061,452,18,58
draw_05645,2404.162898280613,1787.1249999999998,0.9337121212121212,493,16,19
draw_05646,2117.872561094125,1736.3749999999998,0.9071969696969697,479,19,30
draw_05647,2325.039450092331,1758.1249999999998,0.9185606060606061,485,9,34
draw_05648,2256.412299909578,1721.8749999999998,0.8996212121212122,475,10,43
draw_05649,2310.6536201941376,1808.8749999999998,0.9450757575757576,499,7,22
draw_05650,2303.4679177265175,1729.1249999999998,0.9034090909090909,477,19,32
draw_05651,2284.8241496356873,1696.4999999999998,0.8863636363636364,468,12,48
draw_05652,2175.578470808322,1681.9999999999998,0.8787878787878788,464,9,55
draw_05653,2127.783560966603,1710.9999999999998,0.8939393939393939,472,15,41
draw_05654,2166.4384602213563,1725.4999999999998,0.9015151515151515,476,8,44
draw_05655,2297.276254223097,1758.1249999999998,0.9185606060606061,485,6,37
draw_05656,2043.5274332537736,1634.8749999999998,0.8541666666666666,451,18,59
draw_05657,2323.892155316016,1732.7499999999998,0.9053030303030303,478,20,30
draw_05658,1991.4499559641158,1700.1249999999998,0.8882575757575758,469,20,39
draw_05659,2160.5834801887645,1696.4999999999998,0.8863636363636364,468,17,43
draw_05660,2147.751907429923,1700.1249999999998,0.8882575757575758,469,24,35
draw_05661,2237.1286906362643,1747.2499999999998,0.9128787878787878,482,13,33
draw_05662,1959.332868782547,1743.6249999999998,0.9109848484848485,481,15,32
draw_05663,2109.823826945859,1689.2499999999998,0.8825757575757576,466,10,52
draw_05664,1958.6007854056359,1642.1249999999998,0.8579545454545454,453,17,58
draw_05665,2224.01028890317,1729.1249999999998,0.9034090909090909,477,18,33
draw_05666,2294.5631560031643,1696.4999999999998,0.8863636363636364,468,6,54
draw_05667,2353.9513009068187,1768.9999999999998,0.9242424242424242,488,12,28
draw_05668,2034.3046599752613,1725.4999999999998,0.9015151515151515,476,11,41
draw_05669,2068.3252340174686,1692.8749999999998,0.884469696969697,467,27,34
draw_05670,2228.974736670546,1750.8749999999998,0.9147727272727273,483,13,32
draw_05671,2050.872382608353,1623.9999999999998,0.8484848484848485,448,31,49
draw_05672,2123.138785527573,1689.2499999999998,0.8825757575757576,466,32,30
draw_05673,2387.405793488806,1805.2499999999998,0.9431818181818182,498,9,21
draw_05674,2355.807785654628,1783.4999999999998,0.9318181818181818,492,7,29
draw_05675,2302.0140983046067,1685.6249999999998,0.8806818181818182,465,15,48
draw_05676,2299.6566992270778,1703.7499999999998,0.8901515151515151,470,18,40
draw_05677,2503.0020555709066,1797.9999999999998,0.9393939393939394,496,12,20
draw_05678,2553.0918623129946,1758.1249999999998,0.9185606060606061,485,12,31
draw_05679,2233.6951836200587,1739.9999999999998,0.9090909090909091,480,12,36
draw_05680,2249.826216821674,1652.9999999999998,0.8636363636363636,456,22,50
draw_05681,2042.8013207068784,1721.8749999999998,0.8996212121212122,475,12,41
draw_05682,1940.0589459476591,1660.2499999999998,0.8674242424242424,458,25,45
draw_05683,2222.424980045438,1700.1249999999998,0.8882575757575758,469,19,40
draw_05684,2160.558890220953,1707.3749999999998,0.8920454545454546,471,9,48
draw_05685,2225.803598762448,1729.1249999999998,0.9034090909090909,477,9,42
draw_05686,2120.7795235407643,1750.8749999999998,0.9147727272727273,483,6,39
draw_05687,2228.3479528749453,1721.8749999999998,0.8996212121212122,475,17,36
draw_05688,2047.2368514964733,1710.9999999999998,0.8939393939393939,472,23,33
draw_05689,2332.8792238117517,1754.4999999999998,0.9166666666666666,484,15,29
draw_05690,2376.6188013354026,1747.2499999999998,0.9128787878787878,482,10,36
draw_05691,2261.437031784233,1725.4999999999998,0.9015151515151515,476,12,40
draw_05692,2401.221732372676,1768.9999999999998,0.9242424242424242,488,15,25
draw_05693,2065.7089908505213,1627.6249999999998,0.8503787878787878,449,23,56
draw_05694,2257.5724353870173,1754.4999999999998,0.9166666666666666,484,19,25
draw_05695,2263.623619290174,1776.2499999999998,0.928030303030303,490,17,21
draw_05696,2028.1654264869953,1678.3749999999998,0.8768939393939394,463,17,48
draw_05697,2313.7073783479987,1761.7499999999998,0.9204545454545454,486,3,39
draw_05698,2212.271070394928,1743.6249999999998,0.9109848484848485,481,8,39
draw_05699,2235.7169185155153,1710.9999999999998,0.8939393939393939,472,18,38
draw_05700,2214.286765756693,1685.6249999999998,0.8806818181818182,465,13,50
draw_05701,2182.865896654318,1700.1249999999998,0.8882575757575758,469,26,33
draw_05702,2285.762339307181,1700.1249999999998,0.8882575757575758,469,27,32
draw_05703,2157.7605862907935,1718.2499999999998,0.8977272727272727,474,17,37
draw_05704,2366.440866044199,1776.2499999999998,0.928030303030303,490,12,26
draw_05705,2118.0535153377677,1710.9999999999998,0.8939393939393939,472,16,40
draw_05706,2432.8485859024026,1787.1249999999998,0.9337121212121212,493,8,27
draw_05707,2409.428099675466,1700.1249999999998,0.8882575757575758,469,21,38
draw_05708,2320.546362651237,1826.9999999999998,0.9545454545454546,504,14,10
draw_05709,2030.0068175369895,1656.6249999999998,0.865530303030303,457,20,51
draw_05710,2269.2933148807565,1674.7499999999998,0.875,462,12,54
draw_05711,2260.801052693158,1783.4999999999998,0.9318181818181818,492,10,26
draw_05712,2376.103620790119,1801.6249999999998,0.9412878787878788,497,14,17
draw_05713,2262.8730423412103,1710.9999999999998,0.8939393939393939,472,24,32
draw_05714,2122.2544691699172,1689.2499999999998,0.8825757575757576,466,15,47
draw_05715,2188.1486310940827,1703.7499999999998,0.8901515151515151,470,25,33
draw_05716,2370.5953944089383,1750.8749999999998,0.9147727272727273,483,10,35
draw_05717,1956.1727340696532,1663.8749999999998,0.8693181818181818,459,20,49
draw_05718,2284.6203369120904,1779.8749999999998,0.9299242424242424,491,11,26
draw_05719,2170.6086605354476,1703.7499999999998,0.8901515151515151,470,18,40
draw_05720,1963.461262612337,1631.2499999999998,0.8522727272727273,450,20,58
draw_05721,2268.9961938166944,1696.4999999999998,0.8863636363636364,468,15,45
draw_05722,2170.0932671376304,1739.9999999999998,0.9090909090909091,480,18,30
draw_05723,2321.307458475883,1718.2499999999998,0.8977272727272727,474,15,39
draw_05724,2228.119169153931,1750.8749999999998,0.9147727272727273,483,14,31
draw_05725,2320.1993191778606,1729.1249999999998,0.9034090909090909,477,17,34
draw_05726,2156.971130307393,1736.3749999999998,0.9071969696969697,479,13,36
draw_05727,2070.775170666683,1660.2499999999998,0.8674242424242424,458,19,51
draw_05728,2146.7028553135274,1725.4999999999998,0.9015151515151515,476,16,36
draw_05729,2323.217265868537,1736.3749999999998,0.9071969696969697,479,12,37
draw_05730,2169.1126180994643,1692.8749999999998,0.884469696969697,467,26,35
draw_05731,2294.4577619985116,1779.8749999999998,0.9299242424242424,491,23,14
draw_05732,2156.5562635978613,1696.4999999999998,0.8863636363636364,468,11,49
draw_05733,2337.10650144456,1732.7499999999998,0.9053030303030303,478,17,33
draw_05734,2237.1275866532924,1750.8749999999998,0.9147727272727273,483,20,25
draw_05735,2204.3251034811638,1732.7499999999998,0.9053030303030303,478,21,29
draw_05736,2412.246421672378,1772.6249999999998,0.9261363636363636,489,19,20
draw_05737,2057.325917631859,1616.7499999999998,0.8446969696969697,446,27,55
draw_05738,2335.7115376222896,1685.6249999999998,0.8806818181818182,465,12,51
draw_05739,2024.0934465641487,1700.1249999999998,0.8882575757575758,469,27,32
draw_05740,2203.7151318159263,1671.1249999999998,0.8731060606060606,461,18,49
draw_05741,2220.4413417638716,1714.6249999999998,0.8958333333333334,473,16,39
draw_05742,2378.174743811764,1819.7499999999998,0.9507575757575758,502,9,17
draw_05743,2128.122494719573,1649.3749999999998,0.8617424242424242,455,13,60
draw_05744,2220.7849937449514,1747.2499999999998,0.9128787878787878,482,14,32
draw_05745,2191.234944947916,1732.7499999999998,0.9053030303030303,478,14,36
draw_05746,1948.9058422481546,1645.7499999999998,0.8598484848484849,454,14,60
draw_05747,2117.4917861731465,1634.8749999999998,0.8541666666666666,451,19,58
draw_05748,2219.0253081955543,1674.7499999999998,0.875,462,12,54
draw_05749,2283.681132656117,1710.9999999999998,0.8939393939393939,472,18,38
draw_05750,1932.3537771317654,1674.7499999999998,0.875,462,20,46
draw_05751,2219.0448783639986,1768.9999999999998,0.9242424242424242,488,12,28
draw_05752,2108.1270264670675,1710.9999999999998,0.8939393939393939,472,19,37
draw_05753,2462.472336824316,1714.6249999999998,0.8958333333333334,473,17,38
draw_05754,2031.0164707341485,1609.4999999999998,0.8409090909090909,444,27,57
draw_05755,2251.140635507927,1736.3749999999998,0.9071969696969697,479,20,29
draw_05756,2068.9086458295587,1649.3749999999998,0.8617424242424242,455,20,53
draw_05757,2048.251714658887,1790.7499999999998,0.9356060606060606,494,7,27
draw_05758,2179.838044644176,1739.9999999999998,0.9090909090909091,480,16,32
draw_05759,2250.5634418927602,1779.8749999999998,0.9299242424242424,491,16,21
draw_05760,2331.8590504991553,1787.1249999999998,0.9337121212121212,493,10,25
draw_05761,2187.261779677986,1707.3749999999998,0.8920454545454546,471,17,40
draw_05762,2063.1485910435317,1663.8749999999998,0.8693181818181818,459,23,46
draw_05763,2175.455489439715,1768.9999999999998,0.9242424242424242,488,14,26
draw_05764,2239.883043959818,1747.2499999999998,0.9128787878787878,482,14,32
draw_05765,2336.0037697542925,1710.9999999999998,0.8939393939393939,472,12,44
draw_05766,2165.6044965147116,1758.1249999999998,0.9185606060606061,485,20,23
draw_05767,2157.329898938489,1808.8749999999998,0.9450757575757576,499,7,22
draw_05768,2031.9788769159259,1696.4999999999998,0.8863636363636364,468,22,38
draw_05769,2233.4863094084235,1667.4999999999998,0.8712121212121212,460,17,51
draw_05770,2556.053482879655,1772.6249999999998,0.9261363636363636,489,13,26
draw_05771,2176.8734684224464,1703.7499999999998,0.8901515151515151,470,24,34
draw_05772,2156.1282764138114,1718.2499999999998,0.8977272727272727,474,13,41
draw_05773,1976.2722232696728,1598.6249999999998,0.8352272727272727,441,23,64
draw_05774,2306.9699190886854,1776.2499999999998,0.928030303030303,490,6,32
draw_05775,2343.338456184568,1776.2499999999998,0.928030303030303,490,11,27
draw_05776,2331.1657192479497,1736.3749999999998,0.9071969696969697,479,14,35
draw_05777,2008.9864332394734,1768.9999999999998,0.9242424242424242,488,10,30
draw_05778,2059.9474589661895,1689.2499999999998,0.8825757575757576,466,15,47
draw_05779,2218.8138819437186,1729.1249999999998,0.9034090909090909,477,13,38
draw_05780,2336.4713906598804,1797.9999999999998,0.9393939393939394,496,14,18
draw_05781,2159.0460040488483,1732.7499999999998,0.9053030303030303,478,17,33
draw_05782,2338.467095361362,1721.8749999999998,0.8996212121212122,475,19,34
draw_05783,2167.2757748480076,1692.8749999999998,0.884469696969697,467,16,45
draw_05784,2338.8106545325077,1743.6249999999998,0.9109848484848485,481,13,34
draw_05785,2141.4028928994826,1743.6249999999998,0.9109848484848485,481,16,31
draw_05786,2147.148858642085,1652.9999999999998,0.8636363636363636,456,20,52
draw_05787,2313.25829099916,1739.9999999999998,0.9090909090909091,480,18,30
draw_05788,2209.0477838173006,1758.1249999999998,0.9185606060606061,485,11,32
draw_05789,2094.9529806148857,1634.8749999999998,0.8541666666666666,451,27,50
draw_05790,2128.619542137744,1692.8749999999998,0.884469696969697,467,16,45
draw_05791,2168.603534734054,1739.9999999999998,0.9090909090909091,480,21,27
draw_05792,2080.257741992958,1613.1249999999998,0.8428030303030303,445,16,67
draw_05793,2142.6435781086398,1642.1249999999998,0.8579545454545454,453,12,63
draw_05794,2313.027661940736,1681.9999999999998,0.8787878787878788,464,14,50
draw_05795,2168.429926126951,1703.7499999999998,0.8901515151515151,470,11,47
draw_05796,2244.8404656323414,1692.8749999999998,0.884469696969697,467,12,49
draw_05797,2306.196078681655,1805.2499999999998,0.9431818181818182,498,8,22
draw_05798,2311.5854552801943,1787.1249999999998,0.9337121212121212,493,11,24
draw_05799,2259.1683413979836,1747.2499999999998,0.9128787878787878,482,13,33
draw_05800,2278.2187266776723,1783.4999999999998,0.9318181818181818,492,12,24
draw_05801,2263.7537263413587,1700.1249999999998,0.8882575757575758,469,11,48
draw_05802,2073.1561841126268,1660.2499999999998,0.8674242424242424,458,21,49
draw_05803,2270.9858117901995,1692.8749999999998,0.884469696969697,467,10,51
draw_05804,2402.5003048151016,1696.4999999999998,0.8863636363636364,468,10,50
draw_05805,2161.7807686402566,1710.9999999999998,0.8939393939393939,472,21,35
draw_05806,2422.457263149708,1794.3749999999998,0.9375,495,16,17
draw_05807,2343.2142668393944,1826.9999999999998,0.9545454545454546,504,5,19
draw_05808,2073.5436671197613,1714.6249999999998,0.8958333333333334,473,16,39
draw_05809,2248.636379861448,1696.4999999999998,0.8863636363636364,468,20,40
draw_05810,2037.7020917642003,1729.1249999999998,0.9034090909090909,477,10,41
draw_05811,2279.1056650600794,1718.2499999999998,0.8977272727272727,474,21,33
draw_05812,2177.4533064583006,1674.7499999999998,0.875,462,31,35
draw_05813,2204.511526277188,1776.2499999999998,0.928030303030303,490,14,24
draw_05814,2203.813733859672,1743.6249999999998,0.9109848484848485,481,9,38
draw_05815,1941.2925482653438,1569.6249999999998,0.8200757575757576,433,27,68
draw_05816,2103.0946227082795,1674.7499999999998,0.875,462,25,41
draw_05817,2311.114148248707,1739.9999999999998,0.9090909090909091,480,15,33
draw_05818,2215.769937583346,1772.6249999999998,0.9261363636363636,489,7,32
draw_05819,2209.0210800298,1750.8749999999998,0.9147727272727273,483,14,31
draw_05820,2193.3716508133966,1689.2499999999998,0.8825757575757576,466,22,40
draw_05821,2116.927749051347,1663.8749999999998,0.8693181818181818,459,21,48
draw_05822,2116.3867650038956,1645.7499999999998,0.8598484848484849,454,24,50
draw_05823,2149.0632571555875,1714.6249999999998,0.8958333333333334,473,19,36
draw_05824,1932.3523304026676,1613.1249999999998,0.8428030303030303,445,20,63
draw_05825,2179.698767203702,1747.2499999999998,0.9128787878787878,482,13,33
draw_05826,2303.4473533984537,1830.6249999999998,0.9564393939393939,505,4,19
draw_05827,2554.163066246246,1772.6249999999998,0.9261363636363636,489,12,27
draw_05828,2268.8123255207142,1714.6249999999998,0.8958333333333334,473,12,43
draw_05829,2091.743478678456,1696.4999999999998,0.8863636363636364,468,14,46
draw_05830,2335.720577480614,1768.9999999999998,0.9242424242424242,488,14,26
draw_05831,2226.6658024335484,1747.2499999999998,0.9128787878787878,482,11,35
draw_05832,2159.0324234839013,1776.2499999999998,0.928030303030303,490,16,22
draw_05833,2156.761250540434,1721.8749999999998,0.8996212121212122,475,9,44
draw_05834,2133.1275381105684,1681.9999999999998,0.8787878787878788,464,5,59
draw_05835,2275.4858131270644,1754.4999999999998,0.9166666666666666,484,11,33
draw_05836,2330.0472797880607,1754.4999999999998,0.9166666666666666,484,8,36
draw_05837,2244.4548856495517,1721.8749999999998,0.8996212121212122,475,15,38
draw_05838,2181.712605903468,1685.6249999999998,0.8806818181818182,465,21,42
draw_05839,2257.3629099639957,1674.7499999999998,0.875,462,17,49
draw_05840,2155.75345403636,1750.8749999999998,0.9147727272727273,483,14,31
draw_05841,2219.2055651217534,1645.7499999999998,0.8598484848484849,454,16,58
draw_05842,2369.785637962775,1768.9999999999998,0.9242424242424242,488,16,24
draw_05843,2231.6301101086897,1729.1249999999998,0.9034090909090909,477,17,34
draw_05844,2213.287502017493,1754.4999999999998,0.9166666666666666,484,15,29
draw_05845,2108.4439383430504,1765.3749999999998,0.9223484848484849,487,13,28
draw_05846,2068.724528232374,1678.3749999999998,0.8768939393939394,463,17,48
draw_05847,2270.5618495374642,1787.1249999999998,0.9337121212121212,493,8,27
draw_05848,2191.0052715653437,1718.2499999999998,0.8977272727272727,474,27,27
draw_05849,2424.0451454474996,1758.1249999999998,0.9185606060606061,485,12,31
draw_05850,2012.2091715658344,1743.6249999999998,0.9109848484848485,481,10,37
draw_05851,2046.752737967435,1710.9999999999998,0.8939393939393939,472,15,41
draw_05852,2331.4538996136826,1772.6249999999998,0.9261363636363636,489,10,29
draw_05853,2240.805733621283,1758.1249999999998,0.9185606060606061,485,18,25
draw_05854,2310.949368880416,1779.8749999999998,0.9299242424242424,491,13,24
draw_05855,2173.491962364371,1761.7499999999998,0.9204545454545454,486,11,31
draw_05856,2265.6545222441673,1736.3749999999998,0.9071969696969697,479,13,36
draw_05857,2381.786356768266,1797.9999999999998,0.9393939393939394,496,10,22
draw_05858,2203.4604093432786,1714.6249999999998,0.8958333333333334,473,20,35
draw_05859,2190.542485296567,1725.4999999999998,0.9015151515151515,476,9,43
draw_05860,2153.5284588999875,1685.6249999999998,0.8806818181818182,465,9,54
draw_05861,2101.039325872453,1707.3749999999998,0.8920454545454546,471,13,44
draw_05862,2317.4735649234212,1754.4999999999998,0.9166666666666666,484,10,34
draw_05863,2148.6220790516645,1703.7499999999998,0.8901515151515151,470,12,46
draw_05864,2188.4188826637433,1754.4999999999998,0.9166666666666666,484,15,29
draw_05865,2090.2677631763354,1663.8749999999998,0.8693181818181818,459,22,47
draw_05866,2096.3441323453885,1681.9999999999998,0.8787878787878788,464,9,55
draw_05867,2190.9978240548885,1692.8749999999998,0.884469696969697,467,19,42
draw_05868,2426.1104892289754,1747.2499999999998,0.9128787878787878,482,18,28
draw_05869,2181.60017505996,1714.6249999999998,0.8958333333333334,473,17,38
draw_05870,2144.4023892140863,1681.9999999999998,0.8787878787878788,464,18,46
draw_05871,2099.6505522353636,1602.2499999999998,0.8371212121212122,442,30,56
draw_05872,2119.359174476116,1692.8749999999998,0.884469696969697,467,22,39
draw_05873,2201.0558472364437,1696.4999999999998,0.8863636363636364,468,13,47
draw_05874,2251.2400667585043,1696.4999999999998,0.8863636363636364,468,17,43
draw_05875,2244.452459683927,1649.3749999999998,0.8617424242424242,455,20,53
draw_05876,2105.181429020385,1754.4999999999998,0.9166666666666666,484,12,32
draw_05877,2362.9541582256497,1768.9999999999998,0.9242424242424242,488,18,22
draw_05878,2209.9637674310484,1732.7499999999998,0.9053030303030303,478,12,38
draw_05879,2370.7047693609597,1768.9999999999998,0.9242424242424242,488,15,25
draw_05880,2241.5567751032454,1700.1249999999998,0.8882575757575758,469,21,38
draw_05881,2524.782282148287,1743.6249999999998,0.9109848484848485,481,13,34
draw_05882,2239.3327756606755,1703.7499999999998,0.8901515151515151,470,14,44
draw_05883,2343.0316134527643,1758.1249999999998,0.9185606060606061,485,19,24
draw_05884,1935.814203735089,1671.1249999999998,0.8731060606060606,461,21,46
draw_05885,2408.970613210451,1718.2499999999998,0.8977272727272727,474,18,36
draw_05886,2132.9755999828,1721.8749999999998,0.8996212121212122,475,9,44
draw_05887,2281.6926082987047,1736.3749999999998,0.9071969696969697,479,13,36
draw_05888,2025.5665707718583,1703.7499999999998,0.8901515151515151,470,24,34
draw_05889,2160.4006681579217,1736.3749999999998,0.9071969696969697,479,14,35
draw_05890,2252.4258564801344,1689.2499999999998,0.8825757575757576,466,20,42
draw_05891,2139.800348091806,1703.7499999999998,0.8901515151515151,470,13,45
draw_05892,2255.7776584720746,1779.8749999999998,0.9299242424242424,491,5,32
draw_05893,2054.435367841068,1616.7499999999998,0.8446969696969697,446,18,64
draw_05894,2456.705338369163,1765.3749999999998,0.9223484848484849,487,21,20
draw_05895,2163.76229908977,1685.6249999999998,0.8806818181818182,465,23,40
draw_05896,2155.478548109077,1700.1249999999998,0.8882575757575758,469,27,32
draw_05897,1973.5466593276496,1616.7499999999998,0.8446969696969697,446,25,57
draw_05898,2060.46607589188,1700.1249999999998,0.8882575757575758,469,16,43
draw_05899,2251.6578766971597,1758.1249999999998,0.9185606060606061,485,12,31
draw_05900,2009.3034400158458,1689.2499999999998,0.8825757575757576,466,13,49
draw_05901,2331.461194014704,1714.6249999999998,0.8958333333333334,473,7,48
draw_05902,2133.1262833106857,1620.3749999999998,0.8465909090909091,447,23,58
draw_05903,1995.7053047962816,1689.2499999999998,0.8825757575757576,466,20,42
draw_05904,2247.9812742390845,1758.1249999999998,0.9185606060606061,485,8,35
draw_05905,2280.2579872931174,1772.6249999999998,0.9261363636363636,489,11,28
draw_05906,2175.325521772049,1768.9999999999998,0.9242424242424242,488,18,22
draw_05907,1991.798160262634,1660.2499999999998,0.8674242424242424,458,22,48
draw_05908,1982.422249570719,1645.7499999999998,0.8598484848484849,454,15,59
draw_05909,2110.5770136801934,1725.4999999999998,0.9015151515151515,476,7,45
draw_05910,2085.5433368363424,1729.1249999999998,0.9034090909090909,477,9,42
draw_05911,2005.627481445084,1685.6249999999998,0.8806818181818182,465,11,52
draw_05912,2163.27486772212,1714.6249999999998,0.8958333333333334,473,18,37
draw_05913,2241.1525048625776,1692.8749999999998,0.884469696969697,467,22,39
draw_05914,2288.0516385326487,1718.2499999999998,0.8977272727272727,474,23,31
draw_05915,2430.163050775411,1816.1249999999998,0.9488636363636364,501,9,18
draw_05916,2136.1193309166756,1743.6249999999998,0.9109848484848485,481,13,34
draw_05917,2101.877306574177,1721.8749999999998,0.8996212121212122,475,11,42
draw_05918,2082.3422032799403,1754.4999999999998,0.9166666666666666,484,14,30
draw_05919,2209.3455696258566,1714.6249999999998,0.8958333333333334,473,18,37
draw_05920,2204.9649412140398,1736.3749999999998,0.9071969696969697,479,17,32
draw_05921,2299.2638097892905,1826.9999999999998,0.9545454545454546,504,7,17
draw_05922,2055.634524841112,1725.4999999999998,0.9015151515151515,476,11,41
draw_05923,2429.20146303979,1649.3749999999998,0.8617424242424242,455,20,53
draw_05924,2388.0491476398765,1725.4999999999998,0.9015151515151515,476,18,34
draw_05925,2077.4170881396262,1692.8749999999998,0.884469696969697,467,19,42
draw_05926,2164.5082228639662,1768.9999999999998,0.9242424242424242,488,15,25
draw_05927,2201.3975727007933,1743.6249999999998,0.9109848484848485,481,13,34
draw_05928,2179.4233335008853,1732.7499999999998,0.9053030303030303,478,21,29
draw_05929,1925.569408642131,1544.2499999999998,0.8068181818181818,426,25,77
draw_05930,2143.9898917439305,1696.4999999999998,0.8863636363636364,468,19,41
draw_05931,2369.6677827220547,1765.3749999999998,0.9223484848484849,487,9,32
draw_05932,2233.4799707209827,1736.3749999999998,0.9071969696969697,479,8,41
draw_05933,2125.889803743229,1758.1249999999998,0.9185606060606061,485,13,30
draw_05934,2196.102566894748,1725.4999999999998,0.9015151515151515,476,15,37
draw_05935,2217.9514790511726,1729.1249999999998,0.9034090909090909,477,14,37
draw_05936,2319.7328035610035,1736.3749999999998,0.9071969696969697,479,20,29
draw_05937,2260.8662334613814,1685.6249999999998,0.8806818181818182,465,14,49
draw_05938,2415.7050219359962,1779.8749999999998,0.9299242424242424,491,12,25
draw_05939,2214.7791720533664,1674.7499999999998,0.875,462,19,47
draw_05940,2323.6423622872403,1747.2499999999998,0.9128787878787878,482,13,33
draw_05941,2259.142553242488,1696.4999999999998,0.8863636363636364,468,18,42
draw_05942,1873.9712614660405,1573.2499999999998,0.821969696969697,434,23,71
draw_05943,2166.801996871277,1797.9999999999998,0.9393939393939394,496,11,21
draw_05944,2131.7233041103054,1714.6249999999998,0.8958333333333334,473,24,31
draw_05945,2125.9950406435823,1681.9999999999998,0.8787878787878788,464,18,46
draw_05946,2175.697332434633,1692.8749999999998,0.884469696969697,467,11,50
draw_05947,2214.410734388873,1703.7499999999998,0.8901515151515151,470,15,43
draw_05948,2206.0919408150885,1761.7499999999998,0.9204545454545454,486,11,31
draw_05949,2203.418789805388,1692.8749999999998,0.884469696969697,467,19,42
draw_05950,2069.8196156589,1678.3749999999998,0.8768939393939394,463,27,38
draw_05951,2292.1211094669857,1758.1249999999998,0.9185606060606061,485,15,28
draw_05952,2334.72174970969,1689.2499999999998,0.8825757575757576,466,19,43
draw_05953,2169.548363488918,1754.4999999999998,0.9166666666666666,484,18,26
draw_05954,2344.974841728039,1816.1249999999998,0.9488636363636364,501,11,16
draw_05955,2152.829967504817,1750.8749999999998,0.9147727272727273,483,17,28
draw_05956,2050.2006340429703,1649.3749999999998,0.8617424242424242,455,22,51
draw_05957,2255.357954124924,1750.8749999999998,0.9147727272727273,483,10,35
draw_05958,2138.3731580991234,1663.8749999999998,0.8693181818181818,459,24,45
draw_05959,2197.532532567602,1787.1249999999998,0.9337121212121212,493,21,14
draw_05960,2239.8976906635285,1736.3749999999998,0.9071969696969697,479,22,27
draw_05961,2290.3841053830256,1714.6249999999998,0.8958333333333334,473,18,37
draw_05962,2239.6110671231927,1700.1249999999998,0.8882575757575758,469,19,40
draw_05963,2180.1728188006005,1663.8749999999998,0.8693181818181818,459,28,41
draw_05964,2085.2090941261204,1674.7499999999998,0.875,462,24,42
draw_05965,2174.7823756175094,1656.6249999999998,0.865530303030303,457,22,49
draw_05966,2221.8410441959377,1768.9999999999998,0.9242424242424242,488,9,31
draw_05967,2194.167657847986,1739.9999999999998,0.9090909090909091,480,12,36
draw_05968,2009.6899548048023,1736.3749999999998,0.9071969696969697,479,16,33
draw_05969,2185.03071925008,1678.3749999999998,0.8768939393939394,463,14,51
draw_05970,2155.444309663904,1620.3749999999998,0.8465909090909091,447,25,56
draw_05971,2482.6111550327964,1790.7499999999998,0.9356060606060606,494,13,21
draw_05972,2400.000027460931,1743.6249999999998,0.9109848484848485,481,13,34
draw_05973,2140.2431083412635,1768.9999999999998,0.9242424242424242,488,13,27
draw_05974,2334.0085683164575,1725.4999999999998,0.9015151515151515,476,19,33
draw_05975,2155.988535407976,1710.9999999999998,0.8939393939393939,472,13,43
draw_05976,2216.0858703992476,1721.8749999999998,0.8996212121212122,475,19,34
draw_05977,2143.420438056486,1678.3749999999998,0.8768939393939394,463,10,55
draw_05978,2138.225393573645,1765.3749999999998,0.9223484848484849,487,10,31
draw_05979,2071.2701883026734,1667.4999999999998,0.8712121212121212,460,13,55
draw_05980,2204.0353116839588,1627.6249999999998,0.8503787878787878,449,17,62
draw_05981,2342.5933317589634,1768.9999999999998,0.9242424242424242,488,10,30
draw_05982,2328.710760315668,1721.8749999999998,0.8996212121212122,475,16,37
draw_05983,2392.59673469614,1761.7499999999998,0.9204545454545454,486,10,32
draw_05984,2042.3801782689611,1663.8749999999998,0.8693181818181818,459,26,43
draw_05985,2071.978764000592,1681.9999999999998,0.8787878787878788,464,11,53
draw_05986,2401.6500490717713,1783.4999999999998,0.9318181818181818,492,8,28
draw_05987,2256.993452794064,1768.9999999999998,0.9242424242424242,488,14,26
draw_05988,2197.9370508630136,1765.3749999999998,0.9223484848484849,487,11,30
draw_05989,2294.871278078625,1812.4999999999998,0.946969696969697,500,10,18
draw_05990,2097.989624003134,1685.6249999999998,0.8806818181818182,465,22,41
draw_05991,2207.9961728056314,1652.9999999999998,0.8636363636363636,456,15,57
draw_05992,2230.506109619609,1718.2499999999998,0.8977272727272727,474,12,42
draw_05993,2338.538192642117,1685.6249999999998,0.8806818181818182,465,21,42
draw_05994,2115.2810301244363,1667.4999999999998,0.8712121212121212,460,26,42
draw_05995,1985.7114377363778,1692.8749999999998,0.884469696969697,467,12,49
draw_05996,2107.020564806841,1689.2499999999998,0.8825757575757576,466,21,41
draw_05997,2085.7342158524007,1681.9999999999998,0.8787878787878788,464,16,48
draw_05998,2432.5520062845744,1758.1249999999998,0.9185606060606061,485,12,31
draw_05999,2197.881028717652,1758.1249999999998,0.9185606060606061,485,11,32
draw_06000,2263.165200840388,1739.9999999999998,0.9090909090909091,480,20,28
draw_06001,2103.97123909159,1707.3749999999998,0.8920454545454546,471,12,45
draw_06002,2336.9991397643203,1758.1249999999998,0.9185606060606061,485,12,31
draw_06003,2231.652520977912,1732.7499999999998,0.9053030303030303,478,17,33
draw_06004,2018.4571731532133,1703.7499999999998,0.8901515151515151,470,18,40
draw_06005,2191.2537234584333,1754.4999999999998,0.9166666666666666,484,10,34
draw_06006,2235.4081310165575,1718.2499999999998,0.8977272727272727,474,15,39
draw_06007,2134.649186574497,1645.7499999999998,0.8598484848484849,454,19,55
draw_06008,2090.3714628205544,1714.6249999999998,0.8958333333333334,473,21,34
draw_06009,2435.656190542598,1787.1249999999998,0.9337121212121212,493,9,26
draw_06010,1987.0878786863627,1681.9999999999998,0.8787878787878788,464,17,47
draw_06011,2243.393848738335,1761.7499999999998,0.9204545454545454,486,11,31
draw_06012,2172.058959752573,1725.4999999999998,0.9015151515151515,476,13,39
draw_06013,2025.8923252935679,1750.8749999999998,0.9147727272727273,483,19,26
draw_06014,2125.1904318400093,1754.4999999999998,0.9166666666666666,484,17,27
draw_06015,2095.7842816971192,1700.1249999999998,0.8882575757575758,469,14,45
draw_06016,2337.9853150076806,1718.2499999999998,0.8977272727272727,474,13,41
draw_06017,2069.7089164554945,1649.3749999999998,0.8617424242424242,455,18,55
draw_06018,2268.299237294852,1776.2499999999998,0.928030303030303,490,15,23
draw_06019,2143.8555994100125,1725.4999999999998,0.9015151515151515,476,17,35
draw_06020,1934.9033482975303,1580.4999999999998,0.8257575757575758,436,21,71
draw_06021,2322.9775109897732,1750.8749999999998,0.9147727272727273,483,23,22
draw_06022,2247.4676193920855,1710.9999999999998,0.8939393939393939,472,17,39
draw_06023,2146.8214524404125,1681.9999999999998,0.8787878787878788,464,16,48
draw_06024,2173.4820554182484,1656.6249999999998,0.865530303030303,457,21,50
draw_06025,2101.7778527314085,1761.7499999999998,0.9204545454545454,486,6,36
draw_06026,1883.386126306747,1660.2499999999998,0.8674242424242424,458,23,47
draw_06027,1971.4350429687277,1747.2499999999998,0.9128787878787878,482,8,38
draw_06028,2123.388901541103,1718.2499999999998,0.8977272727272727,474,10,44
draw_06029,2259.0429588126713,1721.8749999999998,0.8996212121212122,475,13,40
draw_06030,2201.9788247792817,1758.1249999999998,0.9185606060606061,485,4,39
draw_06031,2134.900046820025,1732.7499999999998,0.9053030303030303,478,8,42
draw_06032,2345.3832688974353,1772.6249999999998,0.9261363636363636,489,13,26
draw_06033,2143.330803642357,1721.8749999999998,0.8996212121212122,475,11,42
draw_06034,2295.2634252594667,1739.9999999999998,0.9090909090909091,480,14,34
draw_06035,2047.7645781517633,1678.3749999999998,0.8768939393939394,463,12,53
draw_06036,2310.5337686771345,1750.8749999999998,0.9147727272727273,483,14,31
draw_06037,2403.6579543723833,1808.8749999999998,0.9450757575757576,499,7,22
draw_06038,2523.933643657296,1681.9999999999998,0.8787878787878788,464,10,54
draw_06039,2041.3157238059596,1613.1249999999998,0.8428030303030303,445,16,67
draw_06040,2177.35829458082,1761.7499999999998,0.9204545454545454,486,14,28
draw_06041,2075.1409444708747,1652.9999999999998,0.8636363636363636,456,21,51
draw_06042,2169.751472870303,1725.4999999999998,0.9015151515151515,476,8,44
draw_06043,2183.2051960163644,1743.6249999999998,0.9109848484848485,481,15,32
draw_06044,2338.3077665097876,1710.9999999999998,0.8939393939393939,472,9,47
draw_06045,2413.521380963103,1700.1249999999998,0.8882575757575758,469,25,34
draw_06046,2261.6206987737496,1765.3749999999998,0.9223484848484849,487,14,27
draw_06047,2216.2975527447084,1754.4999999999998,0.9166666666666666,484,15,29
draw_06048,2452.541598402677,1710.9999999999998,0.8939393939393939,472,13,43
draw_06049,2338.302268749736,1707.3749999999998,0.8920454545454546,471,16,41
draw_06050,2192.624182107416,1754.4999999999998,0.9166666666666666,484,7,37
draw_06051,2021.0389400802108,1692.8749999999998,0.884469696969697,467,13,48
draw_06052,1838.4311571479745,1616.7499999999998,0.8446969696969697,446,21,61
draw_06053,2311.852770549597,1692.8749999999998,0.884469696969697,467,21,40
draw_06054,2466.4938334306435,1725.4999999999998,0.9015151515151515,476,15,37
draw_06055,2197.517625800493,1729.1249999999998,0.9034090909090909,477,15,36
draw_06056,2038.2389211948519,1576.8749999999998,0.8238636363636364,435,27,66
draw_06057,2292.8429609822592,1725.4999999999998,0.9015151515151515,476,13,39
draw_06058,2149.065493273527,1747.2499999999998,0.9128787878787878,482,11,35
draw_06059,2185.5112939446917,1750.8749999999998,0.9147727272727273,483,15,30
draw_06060,2342.271992312197,1765.3749999999998,0.9223484848484849,487,13,28
draw_06061,2130.183008307978,1703.7499999999998,0.8901515151515151,470,16,42
draw_06062,2091.4709151014326,1725.4999999999998,0.9015151515151515,476,13,39
draw_06063,2245.5971188095086,1754.4999999999998,0.9166666666666666,484,5,39
draw_06064,2022.9498810983089,1634.8749999999998,0.8541666666666666,451,17,60
draw_06065,2092.7637927540654,1794.3749999999998,0.9375,495,11,22
draw_06066,2239.4290917679327,1736.3749999999998,0.9071969696969697,479,14,35
draw_06067,2167.966793008442,1700.1249999999998,0.8882575757575758,469,10,49
draw_06068,2018.4608573687067,1638.4999999999998,0.8560606060606061,452,22,54
draw_06069,2082.048339489806,1721.8749999999998,0.8996212121212122,475,13,40
draw_06070,2193.4778474090776,1703.7499999999998,0.8901515151515151,470,16,42
draw_06071,2426.5666524191756,1718.2499999999998,0.8977272727272727,474,14,40
draw_06072,2299.4364006965425,1747.2499999999998,0.9128787878787878,482,8,38
draw_06073,2196.347405790811,1779.8749999999998,0.9299242424242424,491,10,27
draw_06074,2273.323985378604,1685.6249999999998,0.8806818181818182,465,9,54
draw_06075,2432.250154750503,1714.6249999999998,0.8958333333333334,473,6,49
draw_06076,2323.1291153824577,1631.2499999999998,0.8522727272727273,450,32,46
draw_06077,2212.8777168877064,1736.3749999999998,0.9071969696969697,479,10,39
draw_06078,2101.8086766101123,1739.9999999999998,0.9090909090909091,480,11,37
draw_06079,2301.1817509980856,1692.8749999999998,0.884469696969697,467,13,48
draw_06080,2079.301849508796,1754.4999999999998,0.9166666666666666,484,13,31
draw_06081,2124.154850175531,1739.9999999999998,0.9090909090909091,480,17,31
draw_06082,2170.2997411905267,1707.3749999999998,0.8920454545454546,471,14,43
draw_06083,2254.877030380983,1721.8749999999998,0.8996212121212122,475,7,46
draw_06084,2267.709328383308,1729.1249999999998,0.9034090909090909,477,22,29
draw_06085,2097.0399665216232,1710.9999999999998,0.8939393939393939,472,13,43
draw_06086,2060.371607367427,1678.3749999999998,0.8768939393939394,463,9,56
draw_06087,2414.2509577245883,1790.7499999999998,0.9356060606060606,494,10,24
draw_06088,2048.469508745981,1660.2499999999998,0.8674242424242424,458,14,56
draw_06089,2325.9472596315672,1732.7499999999998,0.9053030303030303,478,15,35
draw_06090,2339.9668420721764,1714.6249999999998,0.8958333333333334,473,20,35
draw_06091,2287.8606452186064,1743.6249999999998,0.9109848484848485,481,10,37
draw_06092,2172.4712409482427,1743.6249999999998,0.9109848484848485,481,12,35
draw_06093,2381.874366433177,1747.2499999999998,0.9128787878787878,482,9,37
draw_06094,2302.8315323344154,1714.6249999999998,0.8958333333333334,473,25,30
draw_06095,2261.721338818406,1761.7499999999998,0.9204545454545454,486,10,32
draw_06096,2293.039352436124,1692.8749999999998,0.884469696969697,467,20,41
draw_06097,2092.182472562494,1736.3749999999998,0.9071969696969697,479,5,44
draw_06098,2288.983706746753,1700.1249999999998,0.8882575757575758,469,11,48
draw_06099,1910.3575195414896,1580.4999999999998,0.8257575757575758,436,24,68
draw_06100,2240.8366842920705,1739.9999999999998,0.9090909090909091,480,9,39
draw_06101,2135.9314282070973,1747.2499999999998,0.9128787878787878,482,12,34
draw_06102,2104.5124146923877,1692.8749999999998,0.884469696969697,467,21,40
draw_06103,2063.0803563403947,1652.9999999999998,0.8636363636363636,456,14,58
draw_06104,2036.6493220009304,1649.3749999999998,0.8617424242424242,455,21,52
draw_06105,2237.787440585881,1765.3749999999998,0.9223484848484849,487,17,24
draw_06106,2151.2538310836294,1703.7499999999998,0.8901515151515151,470,19,39
draw_06107,2248.6246268206987,1620.3749999999998,0.8465909090909091,447,20,61
draw_06108,2096.882399299635,1732.7499999999998,0.9053030303030303,478,6,44
draw_06109,2141.3047260265434,1634.8749999999998,0.8541666666666666,451,14,63
draw_06110,2201.999326213802,1754.4999999999998,0.9166666666666666,484,10,34
draw_06111,2065.714710164358,1681.9999999999998,0.8787878787878788,464,19,45
draw_06112,2186.279699623256,1725.4999999999998,0.9015151515151515,476,13,39
draw_06113,2390.7615662012468,1754.4999999999998,0.9166666666666666,484,18,26
draw_06114,2361.2128629612266,1768.9999999999998,0.9242424242424242,488,12,28
draw_06115,2123.3119071897413,1623.9999999999998,0.8484848484848485,448,18,62
draw_06116,2007.9622077953288,1703.7499999999998,0.8901515151515151,470,15,43
draw_06117,2129.226326451688,1714.6249999999998,0.8958333333333334,473,21,34
draw_06118,1963.7630304093339,1652.9999999999998,0.8636363636363636,456,29,43
draw_06119,2105.0618845826893,1725.4999999999998,0.9015151515151515,476,24,28
draw_06120,2229.897217715282,1732.7499999999998,0.9053030303030303,478,19,31
draw_06121,2103.326213174424,1710.9999999999998,0.8939393939393939,472,28,28
draw_06122,2174.1041168013307,1758.1249999999998,0.9185606060606061,485,10,33
draw_06123,2163.9677905061885,1609.4999999999998,0.8409090909090909,444,31,53
draw_06124,2058.42184535089,1696.4999999999998,0.8863636363636364,468,15,45
draw_06125,2265.7044286485966,1714.6249999999998,0.8958333333333334,473,9,46
draw_06126,2169.292924148772,1729.1249999999998,0.9034090909090909,477,7,44
draw_06127,2151.837045643952,1656.6249999999998,0.865530303030303,457,14,57
draw_06128,2164.2772742076213,1660.2499999999998,0.8674242424242424,458,14,56
draw_06129,2148.740563506563,1689.2499999999998,0.8825757575757576,466,16,46
draw_06130,2116.0170764410764,1808.8749999999998,0.9450757575757576,499,14,15
draw_06131,2166.1691724758994,1613.1249999999998,0.8428030303030303,445,25,58
draw_06132,2123.324582555575,1696.4999999999998,0.8863636363636364,468,26,34
draw_06133,2179.355866114307,1743.6249999999998,0.9109848484848485,481,14,33
draw_06134,2128.446872095212,1678.3749999999998,0.8768939393939394,463,28,37
draw_06135,2062.986009227705,1729.1249999999998,0.9034090909090909,477,20,31
draw_06136,2237.0472903557684,1787.1249999999998,0.9337121212121212,493,18,17
draw_06137,2145.7663305029605,1667.4999999999998,0.8712121212121212,460,15,53
draw_06138,2125.3073832974696,1642.1249999999998,0.8579545454545454,453,15,60
draw_06139,2182.6438551916,1750.8749999999998,0.9147727272727273,483,15,30
draw_06140,2222.1679129091717,1718.2499999999998,0.8977272727272727,474,17,37
draw_06141,2068.744875810565,1729.1249999999998,0.9034090909090909,477,15,36
draw_06142,2145.920091027021,1743.6249999999998,0.9109848484848485,481,19,28
draw_06143,2036.9755149612033,1739.9999999999998,0.9090909090909091,480,28,20
draw_06144,2161.0181424487578,1700.1249999999998,0.8882575757575758,469,37,22
draw_06145,2121.31298177273,1721.8749999999998,0.8996212121212122,475,16,37
draw_06146,2124.9111551641554,1721.8749999999998,0.8996212121212122,475,14,39
draw_06147,2304.6619311246427,1743.6249999999998,0.9109848484848485,481,14,33
draw_06148,2311.473509133353,1718.2499999999998,0.8977272727272727,474,10,44
draw_06149,2244.935175010256,1671.1249999999998,0.8731060606060606,461,15,52
draw_06150,2231.252448031275,1736.3749999999998,0.9071969696969697,479,19,30
draw_06151,2443.1055341643864,1732.7499999999998,0.9053030303030303,478,16,34
draw_06152,2443.6310491869394,1776.2499999999998,0.928030303030303,490,7,31
draw_06153,2351.2851971744362,1707.3749999999998,0.8920454545454546,471,11,46
draw_06154,2130.8794568592475,1790.7499999999998,0.9356060606060606,494,8,26
draw_06155,2046.2310939340275,1714.6249999999998,0.8958333333333334,473,15,40
draw_06156,2148.4174818995257,1696.4999999999998,0.8863636363636364,468,9,51
draw_06157,2168.900426349112,1747.2499999999998,0.9128787878787878,482,29,17
draw_06158,2236.329087912391,1714.6249999999998,0.8958333333333334,473,18,37
draw_06159,2019.3253748967788,1660.2499999999998,0.8674242424242424,458,15,55
draw_06160,2338.2643593041817,1652.9999999999998,0.8636363636363636,456,25,47
draw_06161,2205.5335369315303,1750.8749999999998,0.9147727272727273,483,14,31
draw_06162,1956.2181344380467,1613.1249999999998,0.8428030303030303,445,17,66
draw_06163,2017.776946012453,1747.2499999999998,0.9128787878787878,482,12,34
draw_06164,2240.6130254726363,1750.8749999999998,0.9147727272727273,483,17,28
draw_06165,2287.6731328791298,1696.4999999999998,0.8863636363636364,468,23,37
draw_06166,2274.5750159549716,1794.3749999999998,0.9375,495,8,25
draw_06167,2161.4140920618697,1776.2499999999998,0.928030303030303,490,5,33
draw_06168,2267.7372527704715,1696.4999999999998,0.8863636363636364,468,13,47
draw_06169,2190.772240666565,1714.6249999999998,0.8958333333333334,473,17,38
draw_06170,1934.4407339456113,1667.4999999999998,0.8712121212121212,460,13,55
draw_06171,2016.1708191820014,1613.1249999999998,0.8428030303030303,445,21,62
draw_06172,2045.2085809420983,1645.7499999999998,0.8598484848484849,454,25,49
draw_06173,2004.0052026146486,1721.8749999999998,0.8996212121212122,475,18,35
draw_06174,2253.974102966066,1776.2499999999998,0.928030303030303,490,18,20
draw_06175,2292.5048546453536,1739.9999999999998,0.9090909090909091,480,5,43
draw_06176,2456.8464850933747,1801.6249999999998,0.9412878787878788,497,14,17
draw_06177,2281.4510393154237,1736.3749999999998,0.9071969696969697,479,16,33
draw_06178,2158.656746635428,1736.3749999999998,0.9071969696969697,479,12,37
draw_06179,2251.828750792168,1718.2499999999998,0.8977272727272727,474,8,46
draw_06180,2292.998359089377,1750.8749999999998,0.9147727272727273,483,18,27
draw_06181,2289.6118164797663,1743.6249999999998,0.9109848484848485,481,16,31
draw_06182,2207.0106429479038,1721.8749999999998,0.8996212121212122,475,12,41
draw_06183,2221.9339985598513,1678.3749999999998,0.8768939393939394,463,19,46
draw_06184,2052.6357414979884,1696.4999999999998,0.8863636363636364,468,13,47
draw_06185,2181.1011524808087,1700.1249999999998,0.8882575757575758,469,18,41
draw_06186,2152.541494597757,1758.1249999999998,0.9185606060606061,485,16,27
draw_06187,2072.402858662428,1707.3749999999998,0.8920454545454546,471,14,43
draw_06188,1952.6574840680396,1634.8749999999998,0.8541666666666666,451,22,55
draw_06189,2264.122424301116,1671.1249999999998,0.8731060606060606,461,14,53
draw_06190,2022.3703873494644,1649.3749999999998,0.8617424242424242,455,17,56
draw_06191,2323.0246643699315,1747.2499999999998,0.9128787878787878,482,19,27
draw_06192,2298.9412700659695,1721.8749999999998,0.8996212121212122,475,13,40
draw_06193,2154.5402792462023,1700.1249999999998,0.8882575757575758,469,9,50
draw_06194,2202.5603393398965,1638.4999999999998,0.8560606060606061,452,18,58
draw_06195,2371.711636363456,1790.7499999999998,0.9356060606060606,494,8,26
draw_06196,2271.9945539529413,1674.7499999999998,0.875,462,20,46
draw_06197,2239.9751204343634,1743.6249999999998,0.9109848484848485,481,14,33
draw_06198,2176.713863771664,1732.7499999999998,0.9053030303030303,478,13,37
draw_06199,2184.286944591122,1685.6249999999998,0.8806818181818182,465,18,45
draw_06200,2144.8994230277326,1689.2499999999998,0.8825757575757576,466,20,42
draw_06201,2333.619029984586,1772.6249999999998,0.9261363636363636,489,12,27
draw_06202,2415.4274373198105,1768.9999999999998,0.9242424242424242,488,17,23
draw_06203,2250.697527046603,1743.6249999999998,0.9109848484848485,481,24,23
draw_06204,2437.9736048258724,1743.6249999999998,0.9109848484848485,481,10,37
draw_06205,2185.510409487788,1729.1249999999998,0.9034090909090909,477,9,42
draw_06206,2288.247952165175,1729.1249999999998,0.9034090909090909,477,16,35
draw_06207,2423.3776950831757,1747.2499999999998,0.9128787878787878,482,14,32
draw_06208,2196.0257653863973,1743.6249999999998,0.9109848484848485,481,19,28
draw_06209,2070.6909309427983,1707.3749999999998,0.8920454545454546,471,20,37
draw_06210,2132.7521790420624,1674.7499999999998,0.875,462,12,54
draw_06211,2182.0554630569354,1692.8749999999998,0.884469696969697,467,11,50
draw_06212,2146.3710959052014,1714.6249999999998,0.8958333333333334,473,16,39
draw_06213,2198.4631427161253,1663.8749999999998,0.8693181818181818,459,30,39
draw_06214,2197.9268933946505,1790.7499999999998,0.9356060606060606,494,18,16
draw_06215,2313.492809971304,1747.2499999999998,0.9128787878787878,482,11,35
draw_06216,2164.2997260888546,1663.8749999999998,0.8693181818181818,459,24,45
draw_06217,2273.690901992045,1787.1249999999998,0.9337121212121212,493,7,28
draw_06218,2216.5304202909037,1623.9999999999998,0.8484848484848485,448,30,50
draw_06219,2125.314500694382,1696.4999999999998,0.8863636363636364,468,26,34
draw_06220,2024.1455084273603,1714.6249999999998,0.8958333333333334,473,14,41
draw_06221,2233.4715318407443,1656.6249999999998,0.865530303030303,457,20,51
draw_06222,2071.6069666864314,1732.7499999999998,0.9053030303030303,478,20,30
draw_06223,2160.540560045785,1634.8749999999998,0.8541666666666666,451,18,59
draw_06224,2162.747349724792,1703.7499999999998,0.8901515151515151,470,17,41
draw_06225,2158.8523726690196,1631.2499999999998,0.8522727272727273,450,22,56
draw_06226,2210.2044286991713,1768.9999999999998,0.9242424242424242,488,20,20
draw_06227,2229.2488373162596,1656.6249999999998,0.865530303030303,457,21,50
draw_06228,2190.1749830679432,1692.8749999999998,0.884469696969697,467,15,46
draw_06229,2161.031867153317,1689.2499999999998,0.8825757575757576,466,11,51
draw_06230,2119.545400567343,1656.6249999999998,0.865530303030303,457,16,55
draw_06231,2297.008851951257,1725.4999999999998,0.9015151515151515,476,18,34
draw_06232,2466.097213317617,1779.8749999999998,0.9299242424242424,491,12,25
draw_06233,1993.2425235001024,1667.4999999999998,0.8712121212121212,460,15,53
draw_06234,2254.696288965634,1736.3749999999998,0.9071969696969697,479,13,36
draw_06235,1973.6592730484497,1671.1249999999998,0.8731060606060606,461,25,42
draw_06236,2126.672008530937,1714.6249999999998,0.8958333333333334,473,12,43
draw_06237,2166.757056257164,1674.7499999999998,0.875,462,17,49
draw_06238,2069.860390921746,1623.9999999999998,0.8484848484848485,448,16,64
draw_06239,2220.4815893751984,1758.1249999999998,0.9185606060606061,485,14,29
draw_06240,2184.310328732692,1765.3749999999998,0.9223484848484849,487,13,28
draw_06241,2419.5336442452804,1812.4999999999998,0.946969696969697,500,6,22
draw_06242,2318.6035537839994,1790.7499999999998,0.9356060606060606,494,11,23
draw_06243,2050.623642822487,1652.9999999999998,0.8636363636363636,456,15,57
draw_06244,2403.4387580875537,1707.3749999999998,0.8920454545454546,471,16,41
draw_06245,2257.859509331913,1729.1249999999998,0.9034090909090909,477,15,36
draw_06246,2140.9563024047034,1729.1249999999998,0.9034090909090909,477,15,36
draw_06247,2049.648249989143,1692.8749999999998,0.884469696969697,467,17,44
draw_06248,2201.0957728596686,1761.7499999999998,0.9204545454545454,486,8,34
draw_06249,2218.5968344530584,1768.9999999999998,0.9242424242424242,488,10,30
draw_06250,2185.733076604019,1707.3749999999998,0.8920454545454546,471,13,44
draw_06251,2178.839727271171,1732.7499999999998,0.9053030303030303,478,10,40
draw_06252,2110.382594660084,1710.9999999999998,0.8939393939393939,472,9,47
draw_06253,2214.313847411743,1787.1249999999998,0.9337121212121212,493,10,25
draw_06254,2309.0607062660665,1743.6249999999998,0.9109848484848485,481,10,37
draw_06255,2212.7660005925286,1779.8749999999998,0.9299242424242424,491,12,25
draw_06256,2290.9780331318543,1772.6249999999998,0.9261363636363636,489,8,31
draw_06257,2186.5438181907584,1663.8749999999998,0.8693181818181818,459,16,53
draw_06258,2314.840124067666,1681.9999999999998,0.8787878787878788,464,20,44
draw_06259,2269.738267049774,1772.6249999999998,0.9261363636363636,489,9,30
draw_06260,2097.7117953706484,1754.4999999999998,0.9166666666666666,484,22,22
draw_06261,2039.7975979658354,1681.9999999999998,0.8787878787878788,464,20,44
draw_06262,2306.7787176810125,1736.3749999999998,0.9071969696969697,479,18,31
draw_06263,2124.054048273271,1703.7499999999998,0.8901515151515151,470,24,34
draw_06264,2405.323659911189,1747.2499999999998,0.9128787878787878,482,13,33
draw_06265,1977.2318419614362,1718.2499999999998,0.8977272727272727,474,23,31
draw_06266,2200.28932172695,1689.2499999999998,0.8825757575757576,466,17,45
draw_06267,1985.2062511811114,1667.4999999999998,0.8712121212121212,460,22,46
draw_06268,2202.60457787357,1652.9999999999998,0.8636363636363636,456,15,57
draw_06269,2289.6289745637628,1794.3749999999998,0.9375,495,8,25
draw_06270,2396.594572517935,1707.3749999999998,0.8920454545454546,471,14,43
draw_06271,2061.2152772082004,1627.6249999999998,0.8503787878787878,449,21,58
draw_06272,2162.285517060668,1725.4999999999998,0.9015151515151515,476,11,41
draw_06273,2288.54599732739,1758.1249999999998,0.9185606060606061,485,14,29
draw_06274,2109.6538136048707,1768.9999999999998,0.9242424242424242,488,11,29
draw_06275,2240.382798133982,1761.7499999999998,0.9204545454545454,486,7,35
draw_06276,2326.3405793353418,1721.8749999999998,0.8996212121212122,475,21,32
draw_06277,1956.528115870166,1627.6249999999998,0.8503787878787878,449,19,60
draw_06278,2144.4613567068063,1758.1249999999998,0.9185606060606061,485,16,27
draw_06279,2205.588852549219,1645.7499999999998,0.8598484848484849,454,23,51
draw_06280,2347.007863580862,1801.6249999999998,0.9412878787878788,497,7,24
draw_06281,2024.1361444520246,1591.3749999999998,0.8314393939393939,439,19,70
draw_06282,2180.0827364391566,1750.8749999999998,0.9147727272727273,483,8,37
draw_06283,2177.4401604893637,1638.4999999999998,0.8560606060606061,452,11,65
draw_06284,2167.6928473294724,1703.7499999999998,0.8901515151515151,470,21,37
draw_06285,2225.1680950998666,1721.8749999999998,0.8996212121212122,475,16,37
draw_06286,2087.626598589797,1801.6249999999998,0.9412878787878788,497,13,18
draw_06287,2141.1397964960074,1681.9999999999998,0.8787878787878788,464,18,46
draw_06288,2384.9185302110973,1736.3749999999998,0.9071969696969697,479,15,34
draw_06289,2264.4067534694072,1725.4999999999998,0.9015151515151515,476,14,38
draw_06290,2025.537675770851,1703.7499999999998,0.8901515151515151,470,14,44
draw_06291,2136.78064964631,1627.6249999999998,0.8503787878787878,449,31,48
draw_06292,2194.8442625685134,1797.9999999999998,0.9393939393939394,496,10,22
draw_06293,2231.005336073044,1761.7499999999998,0.9204545454545454,486,12,30
draw_06294,2240.3163149277134,1823.3749999999998,0.9526515151515151,503,11,14
draw_06295,2174.4194760754303,1689.2499999999998,0.8825757575757576,466,24,38
draw_06296,1967.2769469938094,1598.6249999999998,0.8352272727272727,441,21,66
draw_06297,2026.241414647375,1729.1249999999998,0.9034090909090909,477,17,34
draw_06298,2276.89739100195,1729.1249999999998,0.9034090909090909,477,12,39
draw_06299,1942.623230897422,1638.4999999999998,0.8560606060606061,452,18,58
draw_06300,2073.7734171929774,1703.7499999999998,0.8901515151515151,470,17,41
draw_06301,2084.1963936732473,1754.4999999999998,0.9166666666666666,484,14,30
draw_06302,2291.561044980084,1772.6249999999998,0.9261363636363636,489,14,25
draw_06303,2253.9817769578676,1743.6249999999998,0.9109848484848485,481,16,31
draw_06304,2388.436205935366,1743.6249999999998,0.9109848484848485,481,15,32
draw_06305,2331.261688141047,1736.3749999999998,0.9071969696969697,479,18,31
draw_06306,2270.497701670293,1732.7499999999998,0.9053030303030303,478,10,40
draw_06307,2211.1636787373013,1772.6249999999998,0.9261363636363636,489,14,25
draw_06308,2270.8390386819515,1794.3749999999998,0.9375,495,9,24
draw_06309,2434.9214173195833,1758.1249999999998,0.9185606060606061,485,10,33
draw_06310,2094.403057662155,1787.1249999999998,0.9337121212121212,493,8,27
draw_06311,2310.058916868602,1761.7499999999998,0.9204545454545454,486,12,30
draw_06312,2190.010088598758,1729.1249999999998,0.9034090909090909,477,11,40
draw_06313,2148.9820374103924,1692.8749999999998,0.884469696969697,467,21,40
draw_06314,2129.3622262743424,1797.9999999999998,0.9393939393939394,496,11,21
draw_06315,2129.6534519298984,1696.4999999999998,0.8863636363636364,468,10,50
draw_06316,2158.9572719557136,1692.8749999999998,0.884469696969697,467,14,47
draw_06317,2205.9892114466766,1725.4999999999998,0.9015151515151515,476,10,42
draw_06318,2263.966572538769,1779.8749999999998,0.9299242424242424,491,9,28
draw_06319,2383.3962780246366,1743.6249999999998,0.9109848484848485,481,18,29
draw_06320,2037.9684943943287,1743.6249999999998,0.9109848484848485,481,10,37
draw_06321,2050.7634364403793,1718.2499999999998,0.8977272727272727,474,26,28
draw_06322,2223.85941460298,1783.4999999999998,0.9318181818181818,492,10,26
draw_06323,2465.1718199167285,1743.6249999999998,0.9109848484848485,481,18,29
draw_06324,2120.45695894722,1739.9999999999998,0.9090909090909091,480,21,27
draw_06325,2345.4168584315375,1747.2499999999998,0.9128787878787878,482,12,34
draw_06326,2134.793216493619,1754.4999999999998,0.9166666666666666,484,11,33
draw_06327,1917.8611689948743,1674.7499999999998,0.875,462,21,45
draw_06328,2175.9279817034867,1656.6249999999998,0.865530303030303,457,19,52
draw_06329,2159.1199000489382,1739.9999999999998,0.9090909090909091,480,20,28
draw_06330,2345.2208113409224,1736.3749999999998,0.9071969696969697,479,6,43
draw_06331,2245.7120871753114,1747.2499999999998,0.9128787878787878,482,10,36
draw_06332,2229.256306751185,1721.8749999999998,0.8996212121212122,475,21,32
draw_06333,2310.883090857509,1801.6249999999998,0.9412878787878788,497,12,19
draw_06334,2320.105535614353,1787.1249999999998,0.9337121212121212,493,10,25
draw_06335,2219.946741087278,1725.4999999999998,0.9015151515151515,476,17,35
draw_06336,2171.825592403999,1667.4999999999998,0.8712121212121212,460,23,45
draw_06337,2391.165638918119,1765.3749999999998,0.9223484848484849,487,8,33
draw_06338,2137.2357402326,1718.2499999999998,0.8977272727272727,474,16,38
draw_06339,2180.303444450376,1765.3749999999998,0.9223484848484849,487,13,28
draw_06340,2107.6838040069274,1750.8749999999998,0.9147727272727273,483,7,38
draw_06341,2151.6705997912322,1710.9999999999998,0.8939393939393939,472,13,43
draw_06342,2260.8428573833207,1805.2499999999998,0.9431818181818182,498,15,15
draw_06343,2129.948186144106,1739.9999999999998,0.9090909090909091,480,15,33
draw_06344,2140.781181234824,1801.6249999999998,0.9412878787878788,497,17,14
draw_06345,2124.3549522261815,1678.3749999999998,0.8768939393939394,463,15,50
draw_06346,2241.2683500943217,1667.4999999999998,0.8712121212121212,460,24,44
draw_06347,2129.556631676861,1710.9999999999998,0.8939393939393939,472,17,39
draw_06348,2043.7141647790743,1674.7499999999998,0.875,462,23,43
draw_06349,2270.1984572543647,1739.9999999999998,0.9090909090909091,480,22,26
draw_06350,1952.9788531870558,1772.6249999999998,0.9261363636363636,489,9,30
draw_06351,2303.925400198434,1790.7499999999998,0.9356060606060606,494,10,24
draw_06352,2087.9897398187713,1663.8749999999998,0.8693181818181818,459,14,55
draw_06353,2226.9297208887338,1667.4999999999998,0.8712121212121212,460,23,45
draw_06354,2256.709408307926,1750.8749999999998,0.9147727272727273,483,10,35
draw_06355,2136.869076710395,1634.8749999999998,0.8541666666666666,451,19,58
draw_06356,2051.9044376250995,1689.2499999999998,0.8825757575757576,466,13,49
draw_06357,2137.06705942207,1750.8749999999998,0.9147727272727273,483,9,36
draw_06358,2349.2856087995224,1703.7499999999998,0.8901515151515151,470,14,44
draw_06359,2376.4940708103936,1736.3749999999998,0.9071969696969697,479,11,38
draw_06360,2147.5854682555705,1689.2499999999998,0.8825757575757576,466,14,48
draw_06361,2198.7497885832604,1714.6249999999998,0.8958333333333334,473,17,38
draw_06362,2171.9133428085743,1739.9999999999998,0.9090909090909091,480,19,29
draw_06363,2317.591678895098,1696.4999999999998,0.8863636363636364,468,14,46
draw_06364,2217.5538739924755,1797.9999999999998,0.9393939393939394,496,9,23
draw_06365,2020.610748757398,1674.7499999999998,0.875,462,18,48
draw_06366,2084.992032603296,1729.1249999999998,0.9034090909090909,477,24,27
draw_06367,2131.1932932877435,1743.6249999999998,0.9109848484848485,481,12,35
draw_06368,2250.322109868764,1642.1249999999998,0.8579545454545454,453,28,47
draw_06369,1990.467012147811,1681.9999999999998,0.8787878787878788,464,16,48
draw_06370,2311.943937049293,1714.6249999999998,0.8958333333333334,473,16,39
draw_06371,2145.7121374061394,1718.2499999999998,0.8977272727272727,474,11,43
draw_06372,2178.5716714513615,1721.8749999999998,0.8996212121212122,475,14,39
draw_06373,2281.439021097255,1696.4999999999998,0.8863636363636364,468,23,37
draw_06374,2263.2683241046834,1750.8749999999998,0.9147727272727273,483,8,37
draw_06375,2355.9072070988063,1794.3749999999998,0.9375,495,13,20
draw_06376,2148.679637768413,1732.7499999999998,0.9053030303030303,478,13,37
draw_06377,2040.2225194649357,1638.4999999999998,0.8560606060606061,452,21,55
draw_06378,2136.076845460963,1678.3749999999998,0.8768939393939394,463,29,36
draw_06379,2314.366188460304,1743.6249999999998,0.9109848484848485,481,15,32
draw_06380,2119.3430912635376,1692.8749999999998,0.884469696969697,467,19,42
draw_06381,2235.3947208794157,1714.6249999999998,0.8958333333333334,473,21,34
draw_06382,2014.667484972878,1649.3749999999998,0.8617424242424242,455,17,56
draw_06383,2222.8612670383545,1703.7499999999998,0.8901515151515151,470,22,36
draw_06384,2335.7564655899982,1779.8749999999998,0.9299242424242424,491,17,20
draw_06385,2085.1643101731015,1638.4999999999998,0.8560606060606061,452,29,47
draw_06386,2068.0666350507586,1710.9999999999998,0.8939393939393939,472,13,43
draw_06387,2330.5102679284505,1805.2499999999998,0.9431818181818182,498,10,20
draw_06388,2310.1352654643633,1772.6249999999998,0.9261363636363636,489,12,27
draw_06389,2252.342494551933,1667.4999999999998,0.8712121212121212,460,13,55
draw_06390,2244.342799703257,1739.9999999999998,0.9090909090909091,480,26,22
draw_06391,2241.4860788745723,1703.7499999999998,0.8901515151515151,470,16,42
draw_06392,2220.255272987479,1692.8749999999998,0.884469696969697,467,17,44
draw_06393,2399.1243235750785,1739.9999999999998,0.9090909090909091,480,15,33
draw_06394,2311.7600111410666,1718.2499999999998,0.8977272727272727,474,13,41
draw_06395,2091.305943278987,1718.2499999999998,0.8977272727272727,474,11,43
draw_06396,2333.793051964808,1783.4999999999998,0.9318181818181818,492,8,28
draw_06397,2230.2369904136367,1649.3749999999998,0.8617424242424242,455,25,48
draw_06398,2140.7499434733645,1652.9999999999998,0.8636363636363636,456,29,43
draw_06399,2242.6187704077856,1710.9999999999998,0.8939393939393939,472,16,40
draw_06400,1999.4006382140603,1681.9999999999998,0.8787878787878788,464,22,42
draw_06401,2243.0721199965915,1779.8749999999998,0.9299242424242424,491,10,27
draw_06402,2009.4082989608007,1609.4999999999998,0.8409090909090909,444,24,60
draw_06403,2243.450339299084,1747.2499999999998,0.9128787878787878,482,12,34
draw_06404,1990.1185584647314,1616.7499999999998,0.8446969696969697,446,8,74
draw_06405,2187.2535446638904,1787.1249999999998,0.9337121212121212,493,11,24
draw_06406,2207.4520286554502,1656.6249999999998,0.865530303030303,457,15,56
draw_06407,2211.1677301141895,1703.7499999999998,0.8901515151515151,470,17,41
draw_06408,2165.2862924489136,1656.6249999999998,0.865530303030303,457,16,55
draw_06409,2471.379431383517,1758.1249999999998,0.9185606060606061,485,7,36
draw_06410,2169.5469161384062,1707.3749999999998,0.8920454545454546,471,10,47
draw_06411,2033.3101252209929,1660.2499999999998,0.8674242424242424,458,18,52
draw_06412,2043.5648228195303,1649.3749999999998,0.8617424242424242,455,18,55
draw_06413,2450.4108634607846,1834.2499999999998,0.9583333333333334,506,5,17
draw_06414,2190.6747812263125,1718.2499999999998,0.8977272727272727,474,16,38
draw_06415,2129.9244669201707,1707.3749999999998,0.8920454545454546,471,10,47
draw_06416,2150.172777241398,1652.9999999999998,0.8636363636363636,456,17,55
draw_06417,1991.7956154963704,1700.1249999999998,0.8882575757575758,469,21,38
draw_06418,2467.6236319016025,1718.2499999999998,0.8977272727272727,474,26,28
draw_06419,1923.8825693856793,1656.6249999999998,0.865530303030303,457,27,44
draw_06420,1917.17637139676,1649.3749999999998,0.8617424242424242,455,19,54
draw_06421,2188.5456934659273,1721.8749999999998,0.8996212121212122,475,16,37
draw_06422,2300.582759001869,1732.7499999999998,0.9053030303030303,478,12,38
draw_06423,2215.152203148538,1681.9999999999998,0.8787878787878788,464,17,47
draw_06424,2187.1401043228043,1765.3749999999998,0.9223484848484849,487,18,23
draw_06425,2193.228956166747,1623.9999999999998,0.8484848484848485,448,22,58
draw_06426,2084.3731286906486,1689.2499999999998,0.8825757575757576,466,13,49
draw_06427,2187.001805791044,1761.7499999999998,0.9204545454545454,486,15,27
draw_06428,2162.8601614390845,1707.3749999999998,0.8920454545454546,471,13,44
draw_06429,2146.8310185678333,1656.6249999999998,0.865530303030303,457,19,52
draw_06430,2127.405213497881,1692.8749999999998,0.884469696969697,467,19,42
draw_06431,2236.5987630917175,1761.7499999999998,0.9204545454545454,486,12,30
draw_06432,2285.6446256088325,1721.8749999999998,0.8996212121212122,475,15,38
draw_06433,2170.7887649125887,1729.1249999999998,0.9034090909090909,477,20,31
draw_06434,2112.0166935596685,1685.6249999999998,0.8806818181818182,465,15,48
draw_06435,2345.184036452106,1776.2499999999998,0.928030303030303,490,10,28
draw_06436,2095.8280797984235,1692.8749999999998,0.884469696969697,467,12,49
draw_06437,2338.313240390705,1685.6249999999998,0.8806818181818182,465,21,42
draw_06438,2210.013226779815,1768.9999999999998,0.9242424242424242,488,10,30
draw_06439,2271.15181867234,1739.9999999999998,0.9090909090909091,480,13,35
draw_06440,2218.2027410477394,1721.8749999999998,0.8996212121212122,475,8,45
draw_06441,2207.509495653847,1768.9999999999998,0.9242424242424242,488,7,33
draw_06442,2263.213925919897,1743.6249999999998,0.9109848484848485,481,15,32
draw_06443,2261.949211164162,1779.8749999999998,0.9299242424242424,491,11,26
draw_06444,2320.908165966875,1710.9999999999998,0.8939393939393939,472,19,37
draw_06445,2344.2537921252156,1739.9999999999998,0.9090909090909091,480,9,39
draw_06446,2009.8326092291172,1587.7499999999998,0.8295454545454546,438,30,60
draw_06447,2079.248999073427,1729.1249999999998,0.9034090909090909,477,16,35
draw_06448,2245.971508990029,1714.6249999999998,0.8958333333333334,473,7,48
draw_06449,2294.5084581179117,1649.3749999999998,0.8617424242424242,455,31,42
draw_06450,2321.0123919238113,1729.1249999999998,0.9034090909090909,477,14,37
draw_06451,2047.6508537736602,1652.9999999999998,0.8636363636363636,456,12,60
draw_06452,2328.433323413357,1718.2499999999998,0.8977272727272727,474,23,31
draw_06453,2270.6686483434805,1707.3749999999998,0.8920454545454546,471,13,44
draw_06454,2357.90076047614,1772.6249999999998,0.9261363636363636,489,6,33
draw_06455,2458.236152749299,1776.2499999999998,0.928030303030303,490,10,28
draw_06456,2052.55930775537,1739.9999999999998,0.9090909090909091,480,9,39
draw_06457,2234.984486402894,1729.1249999999998,0.9034090909090909,477,14,37
draw_06458,2108.4190534124286,1631.2499999999998,0.8522727272727273,450,22,56
draw_06459,2089.469162115712,1736.3749999999998,0.9071969696969697,479,18,31
draw_06460,2155.720876758463,1634.8749999999998,0.8541666666666666,451,23,54
draw_06461,2501.4770763702527,1739.9999999999998,0.9090909090909091,480,11,37
draw_06462,2237.615538926347,1660.2499999999998,0.8674242424242424,458,24,46
draw_06463,2111.1648129020045,1812.4999999999998,0.946969696969697,500,16,12
draw_06464,2117.449679478176,1678.3749999999998,0.8768939393939394,463,14,51
draw_06465,2278.137152954807,1750.8749999999998,0.9147727272727273,483,20,25
draw_06466,2097.623565600803,1634.8749999999998,0.8541666666666666,451,18,59
draw_06467,2216.447180472828,1721.8749999999998,0.8996212121212122,475,17,36
draw_06468,2158.6217701558785,1747.2499999999998,0.9128787878787878,482,7,39
draw_06469,2029.1092884432865,1700.1249999999998,0.8882575757575758,469,14,45
draw_06470,2202.484461865584,1750.8749999999998,0.9147727272727273,483,16,29
draw_06471,2495.8613622446114,1805.2499999999998,0.9431818181818182,498,6,24
draw_06472,2202.2341974045125,1689.2499999999998,0.8825757575757576,466,14,48
draw_06473,2043.4247478709221,1710.9999999999998,0.8939393939393939,472,24,32
draw_06474,2128.6963733681673,1758.1249999999998,0.9185606060606061,485,8,35
draw_06475,2367.6139120398043,1750.8749999999998,0.9147727272727273,483,10,35
draw_06476,2328.5164268601657,1790.7499999999998,0.9356060606060606,494,10,24
draw_06477,2428.230425418027,1776.2499999999998,0.928030303030303,490,20,18
draw_06478,2166.568984332454,1761.7499999999998,0.9204545454545454,486,17,25
draw_06479,2155.35753984477,1652.9999999999998,0.8636363636363636,456,17,55
draw_06480,2353.2316831412613,1750.8749999999998,0.9147727272727273,483,23,22
draw_06481,1993.1950355855402,1678.3749999999998,0.8768939393939394,463,11,54
draw_06482,2299.9047589275706,1739.9999999999998,0.9090909090909091,480,16,32
draw_06483,2191.465998286984,1707.3749999999998,0.8920454545454546,471,16,41
draw_06484,2458.609112203608,1794.3749999999998,0.9375,495,17,16
draw_06485,2078.159464661676,1758.1249999999998,0.9185606060606061,485,6,37
draw_06486,2147.753095123357,1710.9999999999998,0.8939393939393939,472,15,41
draw_06487,2139.21943733606,1729.1249999999998,0.9034090909090909,477,16,35
draw_06488,2209.8756883362075,1671.1249999999998,0.8731060606060606,461,20,47
draw_06489,2144.2095805810313,1681.9999999999998,0.8787878787878788,464,20,44
draw_06490,1956.465688060151,1576.8749999999998,0.8238636363636364,435,16,77
draw_06491,2222.4827095392043,1721.8749999999998,0.8996212121212122,475,15,38
draw_06492,2097.613232934152,1725.4999999999998,0.9015151515151515,476,12,40
draw_06493,2159.832550925987,1692.8749999999998,0.884469696969697,467,13,48
draw_06494,2019.2657796819922,1631.2499999999998,0.8522727272727273,450,17,61
draw_06495,2340.1605970636733,1718.2499999999998,0.8977272727272727,474,10,44
draw_06496,2174.8106045667028,1736.3749999999998,0.9071969696969697,479,17,32
draw_06497,2482.6942529941352,1721.8749999999998,0.8996212121212122,475,16,37
draw_06498,2456.8804393288506,1812.4999999999998,0.946969696969697,500,7,21
draw_06499,2085.7485659252143,1642.1249999999998,0.8579545454545454,453,19,56
draw_06500,2286.948580531862,1718.2499999999998,0.8977272727272727,474,18,36
draw_06501,2211.401815954244,1732.7499999999998,0.9053030303030303,478,9,41
draw_06502,2147.288496084023,1649.3749999999998,0.8617424242424242,455,17,56
draw_06503,2042.39045045064,1685.6249999999998,0.8806818181818182,465,9,54
draw_06504,2087.9893304977254,1667.4999999999998,0.8712121212121212,460,10,58
draw_06505,2174.351048198205,1689.2499999999998,0.8825757575757576,466,19,43
draw_06506,2053.092806338154,1685.6249999999998,0.8806818181818182,465,16,47
draw_06507,2323.789340102765,1714.6249999999998,0.8958333333333334,473,22,33
draw_06508,2200.984872144646,1696.4999999999998,0.8863636363636364,468,17,43
draw_06509,2051.2475531999294,1667.4999999999998,0.8712121212121212,460,25,43
draw_06510,2202.4973242054266,1754.4999999999998,0.9166666666666666,484,14,30
draw_06511,1996.9712050060846,1703.7499999999998,0.8901515151515151,470,21,37
draw_06512,2018.8128658500993,1584.1249999999998,0.8276515151515151,437,19,72
draw_06513,2437.875880265244,1768.9999999999998,0.9242424242424242,488,14,26
draw_06514,2233.3780878860125,1707.3749999999998,0.8920454545454546,471,11,46
draw_06515,2384.487194443472,1743.6249999999998,0.9109848484848485,481,10,37
draw_06516,2181.6806570911563,1710.9999999999998,0.8939393939393939,472,10,46
draw_06517,2011.8858768178015,1671.1249999999998,0.8731060606060606,461,10,57
draw_06518,2240.171333259259,1692.8749999999998,0.884469696969697,467,18,43
draw_06519,2154.9215990334933,1678.3749999999998,0.8768939393939394,463,20,45
draw_06520,2050.2176312775277,1660.2499999999998,0.8674242424242424,458,23,47
draw_06521,1925.0410739031577,1692.8749999999998,0.884469696969697,467,15,46
draw_06522,2276.55376413569,1750.8749999999998,0.9147727272727273,483,18,27
draw_06523,2281.7956521690703,1736.3749999999998,0.9071969696969697,479,15,34
draw_06524,2323.0797043640614,1772.6249999999998,0.9261363636363636,489,16,23
draw_06525,2282.3930571558403,1703.7499999999998,0.8901515151515151,470,26,32
draw_06526,2179.4455482440176,1689.2499999999998,0.8825757575757576,466,36,26
draw_06527,1901.823753395356,1613.1249999999998,0.8428030303030303,445,32,51
draw_06528,2292.090056664736,1761.7499999999998,0.9204545454545454,486,14,28
draw_06529,2120.3676684298102,1743.6249999999998,0.9109848484848485,481,15,32
draw_06530,2409.0858925390426,1725.4999999999998,0.9015151515151515,476,18,34
draw_06531,2333.0319262518437,1743.6249999999998,0.9109848484848485,481,18,29
draw_06532,2133.636604155117,1761.7499999999998,0.9204545454545454,486,7,35
draw_06533,2256.7078103848603,1750.8749999999998,0.9147727272727273,483,9,36
draw_06534,2357.434162445302,1714.6249999999998,0.8958333333333334,473,8,47
draw_06535,2134.6703266364307,1700.1249999999998,0.8882575757575758,469,17,42
draw_06536,2114.1199997428826,1652.9999999999998,0.8636363636363636,456,21,51
draw_06537,1939.7140300136607,1703.7499999999998,0.8901515151515151,470,12,46
draw_06538,2196.5505653137952,1689.2499999999998,0.8825757575757576,466,20,42
draw_06539,1970.4997496887133,1605.8749999999998,0.8390151515151515,443,36,49
draw_06540,2153.9563765720322,1707.3749999999998,0.8920454545454546,471,20,37
draw_06541,2301.3560616927216,1671.1249999999998,0.8731060606060606,461,17,50
draw_06542,2086.435859767463,1620.3749999999998,0.8465909090909091,447,20,61
draw_06543,2368.2058983755496,1714.6249999999998,0.8958333333333334,473,12,43
draw_06544,2200.5843712248475,1750.8749999999998,0.9147727272727273,483,9,36
draw_06545,2184.4047784884447,1750.8749999999998,0.9147727272727273,483,16,29
draw_06546,1968.1175074654702,1652.9999999999998,0.8636363636363636,456,20,52
draw_06547,2192.2981117566947,1750.8749999999998,0.9147727272727273,483,10,35
draw_06548,2206.5307897981015,1743.6249999999998,0.9109848484848485,481,17,30
draw_06549,2253.713998052434,1732.7499999999998,0.9053030303030303,478,14,36
draw_06550,2162.5109852374494,1732.7499999999998,0.9053030303030303,478,8,42
draw_06551,2311.263669476602,1765.3749999999998,0.9223484848484849,487,14,27
draw_06552,2144.559860353546,1656.6249999999998,0.865530303030303,457,15,56
draw_06553,2395.3273419749744,1758.1249999999998,0.9185606060606061,485,16,27
draw_06554,2390.4613495185613,1761.7499999999998,0.9204545454545454,486,9,33
draw_06555,2212.96768671269,1700.1249999999998,0.8882575757575758,469,14,45
draw_06556,2305.861744931001,1739.9999999999998,0.9090909090909091,480,15,33
draw_06557,2101.213283429867,1598.6249999999998,0.8352272727272727,441,22,65
draw_06558,2248.3169711855844,1761.7499999999998,0.9204545454545454,486,11,31
draw_06559,2341.7039466864458,1739.9999999999998,0.9090909090909091,480,16,32
draw_06560,2216.618530577518,1700.1249999999998,0.8882575757575758,469,22,37
draw_06561,1970.3549621015277,1725.4999999999998,0.9015151515151515,476,19,33
draw_06562,2178.2102820375776,1725.4999999999998,0.9015151515151515,476,11,41
draw_06563,2227.3304877632745,1725.4999999999998,0.9015151515151515,476,16,36
draw_06564,2178.906984796577,1598.6249999999998,0.8352272727272727,441,20,67
draw_06565,2219.426442906197,1652.9999999999998,0.8636363636363636,456,10,62
draw_06566,2280.1263645319073,1797.9999999999998,0.9393939393939394,496,9,23
draw_06567,2396.204070151774,1768.9999999999998,0.9242424242424242,488,13,27
draw_06568,2117.5271552838017,1685.6249999999998,0.8806818181818182,465,18,45
draw_06569,2178.0555371674136,1707.3749999999998,0.8920454545454546,471,5,52
draw_06570,2207.8223125037407,1750.8749999999998,0.9147727272727273,483,17,28
draw_06571,2304.7285542581217,1801.6249999999998,0.9412878787878788,497,8,23
draw_06572,2125.5138060808595,1736.3749999999998,0.9071969696969697,479,14,35
draw_06573,2197.8923030913625,1729.1249999999998,0.9034090909090909,477,22,29
draw_06574,2342.374892184496,1758.1249999999998,0.9185606060606061,485,10,33
draw_06575,2093.806786369759,1627.6249999999998,0.8503787878787878,449,24,55
draw_06576,1973.0296361328358,1674.7499999999998,0.875,462,13,53
draw_06577,2249.0576953505547,1736.3749999999998,0.9071969696969697,479,13,36
draw_06578,2241.019699184719,1681.9999999999998,0.8787878787878788,464,25,39
draw_06579,2145.842464645238,1696.4999999999998,0.8863636363636364,468,14,46
draw_06580,2161.053925988605,1747.2499999999998,0.9128787878787878,482,6,40
draw_06581,2168.8933463026697,1729.1249999999998,0.9034090909090909,477,8,43
draw_06582,2161.498714217369,1692.8749999999998,0.884469696969697,467,16,45
draw_06583,2191.0841736206553,1710.9999999999998,0.8939393939393939,472,12,44
draw_06584,2201.2311233682462,1721.8749999999998,0.8996212121212122,475,10,43
draw_06585,2311.6163648818897,1736.3749999999998,0.9071969696969697,479,23,26
draw_06586,1896.6861371423106,1620.3749999999998,0.8465909090909091,447,19,62
draw_06587,1989.8887319224643,1623.9999999999998,0.8484848484848485,448,23,57
draw_06588,2271.601446634953,1725.4999999999998,0.9015151515151515,476,7,45
draw_06589,2311.574390342534,1660.2499999999998,0.8674242424242424,458,9,61
draw_06590,2309.853180858953,1743.6249999999998,0.9109848484848485,481,11,36
draw_06591,2201.350644870758,1703.7499999999998,0.8901515151515151,470,16,42
draw_06592,2311.6111662162725,1638.4999999999998,0.8560606060606061,452,17,59
draw_06593,2201.0487831746427,1750.8749999999998,0.9147727272727273,483,11,34
draw_06594,2303.445087500487,1696.4999999999998,0.8863636363636364,468,20,40
draw_06595,2322.7364217856243,1747.2499999999998,0.9128787878787878,482,14,32
draw_06596,1969.1964945732293,1613.1249999999998,0.8428030303030303,445,28,55
draw_06597,2418.194630121526,1667.4999999999998,0.8712121212121212,460,13,55
draw_06598,2038.9789864705374,1602.2499999999998,0.8371212121212122,442,17,69
draw_06599,2209.133991574098,1649.3749999999998,0.8617424242424242,455,11,62
draw_06600,2297.5101903715554,1754.4999999999998,0.9166666666666666,484,13,31
draw_06601,2267.531969559871,1848.7499999999998,0.9659090909090909,510,7,11
draw_06602,2247.879448477011,1747.2499999999998,0.9128787878787878,482,15,31
draw_06603,2065.16330782411,1652.9999999999998,0.8636363636363636,456,22,50
draw_06604,2209.9551847853686,1772.6249999999998,0.9261363636363636,489,9,30
draw_06605,2231.0551481332955,1808.8749999999998,0.9450757575757576,499,10,19
draw_06606,1935.9452915918162,1631.2499999999998,0.8522727272727273,450,24,54
draw_06607,2286.0180087991043,1779.8749999999998,0.9299242424242424,491,12,25
draw_06608,2264.640250885487,1707.3749999999998,0.8920454545454546,471,17,40
draw_06609,2218.8939067586184,1721.8749999999998,0.8996212121212122,475,12,41
draw_06610,2055.747001900043,1652.9999999999998,0.8636363636363636,456,16,56
draw_06611,2210.037472960187,1718.2499999999998,0.8977272727272727,474,17,37
draw_06612,1920.2033083945544,1573.2499999999998,0.821969696969697,434,28,66
draw_06613,2198.0286105236582,1700.1249999999998,0.8882575757575758,469,18,41
draw_06614,2132.355874056128,1660.2499999999998,0.8674242424242424,458,20,50
draw_06615,2230.6756261556507,1678.3749999999998,0.8768939393939394,463,24,41
draw_06616,2143.3765241286674,1681.9999999999998,0.8787878787878788,464,23,41
draw_06617,2372.9801595903873,1729.1249999999998,0.9034090909090909,477,15,36
draw_06618,2143.220770068022,1739.9999999999998,0.9090909090909091,480,6,42
draw_06619,2340.511019201156,1710.9999999999998,0.8939393939393939,472,15,41
draw_06620,2404.8465086762258,1714.6249999999998,0.8958333333333334,473,28,27
draw_06621,2218.967864152881,1663.8749999999998,0.8693181818181818,459,24,45
draw_06622,2296.4519493259977,1812.4999999999998,0.946969696969697,500,16,12
draw_06623,2195.361794404622,1674.7499999999998,0.875,462,21,45
draw_06624,2196.0058062850917,1667.4999999999998,0.8712121212121212,460,17,51
draw_06625,2194.84593830108,1736.3749999999998,0.9071969696969697,479,11,38
draw_06626,2219.702399035115,1747.2499999999998,0.9128787878787878,482,11,35
draw_06627,2219.64605094591,1776.2499999999998,0.928030303030303,490,13,25
draw_06628,2369.9042846201373,1801.6249999999998,0.9412878787878788,497,15,16
draw_06629,2098.34099055243,1736.3749999999998,0.9071969696969697,479,14,35
draw_06630,2218.760611629969,1761.7499999999998,0.9204545454545454,486,12,30
draw_06631,2259.4463704972245,1747.2499999999998,0.9128787878787878,482,8,38
draw_06632,1839.5630143514181,1540.6249999999998,0.8049242424242424,425,33,70
draw_06633,2099.386261535151,1710.9999999999998,0.8939393939393939,472,9,47
draw_06634,2220.5295834799244,1671.1249999999998,0.8731060606060606,461,21,46
draw_06635,2180.2631533715553,1671.1249999999998,0.8731060606060606,461,14,53
draw_06636,2166.6600554651827,1747.2499999999998,0.9128787878787878,482,14,32
draw_06637,2245.5193152603338,1652.9999999999998,0.8636363636363636,456,14,58
draw_06638,2332.374789437606,1758.1249999999998,0.9185606060606061,485,14,29
draw_06639,2389.0469092526814,1671.1249999999998,0.8731060606060606,461,18,49
draw_06640,2198.843964036384,1743.6249999999998,0.9109848484848485,481,16,31
draw_06641,2185.6145899056005,1703.7499999999998,0.8901515151515151,470,18,40
draw_06642,2296.7592434011426,1743.6249999999998,0.9109848484848485,481,12,35
draw_06643,2327.926322715325,1790.7499999999998,0.9356060606060606,494,7,27
draw_06644,2300.6385366646655,1663.8749999999998,0.8693181818181818,459,22,47
draw_06645,2024.5079021048277,1645.7499999999998,0.8598484848484849,454,23,51
draw_06646,2285.579961063543,1736.3749999999998,0.9071969696969697,479,19,30
draw_06647,2147.290640911349,1736.3749999999998,0.9071969696969697,479,11,38
draw_06648,2172.3902769711854,1736.3749999999998,0.9071969696969697,479,13,36
draw_06649,2216.0731707702657,1739.9999999999998,0.9090909090909091,480,9,39
draw_06650,2121.6209350939826,1602.2499999999998,0.8371212121212122,442,36,50
draw_06651,2168.88721052056,1772.6249999999998,0.9261363636363636,489,7,32
draw_06652,2243.8739649723184,1739.9999999999998,0.9090909090909091,480,11,37
draw_06653,2320.9588378512562,1747.2499999999998,0.9128787878787878,482,10,36
draw_06654,2076.073310733363,1660.2499999999998,0.8674242424242424,458,28,42
draw_06655,2250.0815030687063,1656.6249999999998,0.865530303030303,457,19,52
draw_06656,2234.2885660863376,1747.2499999999998,0.9128787878787878,482,23,23
draw_06657,2386.627423350974,1747.2499999999998,0.9128787878787878,482,7,39
draw_06658,2241.1026405614416,1674.7499999999998,0.875,462,19,47
draw_06659,2422.9137682061837,1819.7499999999998,0.9507575757575758,502,8,18
draw_06660,2348.9063142331484,1790.7499999999998,0.9356060606060606,494,14,20
draw_06661,2052.8221852840356,1729.1249999999998,0.9034090909090909,477,9,42
draw_06662,2198.640595792692,1642.1249999999998,0.8579545454545454,453,15,60
draw_06663,2151.9681083573114,1678.3749999999998,0.8768939393939394,463,14,51
draw_06664,2115.65201060605,1609.4999999999998,0.8409090909090909,444,20,64
draw_06665,1896.3802504508242,1642.1249999999998,0.8579545454545454,453,16,59
draw_06666,2142.3181001357216,1663.8749999999998,0.8693181818181818,459,17,52
draw_06667,2322.6473297814323,1732.7499999999998,0.9053030303030303,478,14,36
draw_06668,2190.88178387059,1783.4999999999998,0.9318181818181818,492,11,25
draw_06669,2142.472823864608,1696.4999999999998,0.8863636363636364,468,22,38
draw_06670,2211.2802894970573,1663.8749999999998,0.8693181818181818,459,9,60
draw_06671,2115.6803585751945,1696.4999999999998,0.8863636363636364,468,29,31
draw_06672,2036.2607234052728,1696.4999999999998,0.8863636363636364,468,17,43
draw_06673,2352.98776035888,1772.6249999999998,0.9261363636363636,489,14,25
draw_06674,2390.5359148160064,1736.3749999999998,0.9071969696969697,479,7,42
draw_06675,2085.618412252779,1671.1249999999998,0.8731060606060606,461,15,52
draw_06676,2192.240614416305,1700.1249999999998,0.8882575757575758,469,16,43
draw_06677,2006.6018199329046,1642.1249999999998,0.8579545454545454,453,33,42
draw_06678,2101.341091495216,1714.6249999999998,0.8958333333333334,473,10,45
draw_06679,2117.562366865865,1681.9999999999998,0.8787878787878788,464,20,44
draw_06680,2164.909010230161,1779.8749999999998,0.9299242424242424,491,14,23
draw_06681,2246.0122181915394,1645.7499999999998,0.8598484848484849,454,25,49
draw_06682,2234.5699388060816,1732.7499999999998,0.9053030303030303,478,10,40
draw_06683,2213.88326362944,1642.1249999999998,0.8579545454545454,453,21,54
draw_06684,2054.7413932435716,1689.2499999999998,0.8825757575757576,466,28,34
draw_06685,2082.8408005369715,1631.2499999999998,0.8522727272727273,450,15,63
draw_06686,2264.4231187347264,1700.1249999999998,0.8882575757575758,469,15,44
draw_06687,2188.030840936486,1801.6249999999998,0.9412878787878788,497,11,20
draw_06688,2257.0414668597828,1605.8749999999998,0.8390151515151515,443,20,65
draw_06689,2268.6991581265956,1779.8749999999998,0.9299242424242424,491,9,28
draw_06690,2279.02152944417,1779.8749999999998,0.9299242424242424,491,13,24
draw_06691,2259.4351844905173,1765.3749999999998,0.9223484848484849,487,13,28
draw_06692,2026.932535108104,1638.4999999999998,0.8560606060606061,452,15,61
draw_06693,2105.600656022189,1703.7499999999998,0.8901515151515151,470,12,46
draw_06694,1986.406485894309,1645.7499999999998,0.8598484848484849,454,17,57
draw_06695,2117.494374110573,1689.2499999999998,0.8825757575757576,466,11,51
draw_06696,2250.7017331032166,1747.2499999999998,0.9128787878787878,482,9,37
draw_06697,2241.646276449506,1750.8749999999998,0.9147727272727273,483,23,22
draw_06698,2241.5560953896775,1707.3749999999998,0.8920454545454546,471,19,38
draw_06699,2232.364882496697,1794.3749999999998,0.9375,495,16,17
draw_06700,2023.9480941064369,1718.2499999999998,0.8977272727272727,474,14,40
draw_06701,2409.4641063452336,1721.8749999999998,0.8996212121212122,475,15,38
draw_06702,2235.1620178684184,1718.2499999999998,0.8977272727272727,474,18,36
draw_06703,2071.104358575752,1634.8749999999998,0.8541666666666666,451,21,56
draw_06704,1983.2780353873707,1656.6249999999998,0.865530303030303,457,28,43
draw_06705,2187.4335996585446,1707.3749999999998,0.8920454545454546,471,18,39
draw_06706,2087.9958989340994,1652.9999999999998,0.8636363636363636,456,33,39
draw_06707,2241.6231684366912,1729.1249999999998,0.9034090909090909,477,16,35
draw_06708,2332.260690442644,1747.2499999999998,0.9128787878787878,482,8,38
draw_06709,2156.1058980567045,1656.6249999999998,0.865530303030303,457,15,56
draw_06710,2181.9892052774094,1642.1249999999998,0.8579545454545454,453,13,62
draw_06711,2027.0460048421064,1732.7499999999998,0.9053030303030303,478,15,35
draw_06712,2320.8292076394437,1779.8749999999998,0.9299242424242424,491,10,27
draw_06713,2300.3323424776245,1758.1249999999998,0.9185606060606061,485,8,35
draw_06714,2164.0574834062804,1736.3749999999998,0.9071969696969697,479,10,39
draw_06715,2245.9712688555924,1710.9999999999998,0.8939393939393939,472,9,47
draw_06716,2156.7331544105177,1787.1249999999998,0.9337121212121212,493,14,21
draw_06717,2077.725290077005,1779.8749999999998,0.9299242424242424,491,6,31
draw_06718,2316.1535630582525,1772.6249999999998,0.9261363636363636,489,14,25
draw_06719,2038.6731307219227,1667.4999999999998,0.8712121212121212,460,20,48
draw_06720,2191.559883871879,1736.3749999999998,0.9071969696969697,479,16,33
draw_06721,2226.9873055790276,1696.4999999999998,0.8863636363636364,468,16,44
draw_06722,2398.8456312708613,1797.9999999999998,0.9393939393939394,496,9,23
draw_06723,2134.604397308343,1714.6249999999998,0.8958333333333334,473,12,43
draw_06724,2125.3016877376635,1649.3749999999998,0.8617424242424242,455,12,61
draw_06725,2407.6114720718633,1758.1249999999998,0.9185606060606061,485,12,31
draw_06726,2152.1931266257543,1685.6249999999998,0.8806818181818182,465,18,45
draw_06727,2218.487384414342,1681.9999999999998,0.8787878787878788,464,23,41
draw_06728,2111.049940586855,1747.2499999999998,0.9128787878787878,482,9,37
draw_06729,2012.5303202523926,1627.6249999999998,0.8503787878787878,449,16,63
draw_06730,2039.2769809524357,1743.6249999999998,0.9109848484848485,481,17,30
draw_06731,2054.514488509804,1703.7499999999998,0.8901515151515151,470,23,35
draw_06732,2112.792873426313,1685.6249999999998,0.8806818181818182,465,17,46
draw_06733,2121.0252467369373,1703.7499999999998,0.8901515151515151,470,21,37
draw_06734,2162.424010797358,1667.4999999999998,0.8712121212121212,460,29,39
draw_06735,2259.565366320045,1739.9999999999998,0.9090909090909091,480,16,32
draw_06736,2268.324759218836,1787.1249999999998,0.9337121212121212,493,8,27
draw_06737,2188.4151031411084,1718.2499999999998,0.8977272727272727,474,14,40
draw_06738,2334.0678915754374,1794.3749999999998,0.9375,495,7,26
draw_06739,2134.4154719101875,1634.8749999999998,0.8541666666666666,451,12,65
draw_06740,2172.1657681612337,1718.2499999999998,0.8977272727272727,474,16,38
draw_06741,2105.8865392314583,1689.2499999999998,0.8825757575757576,466,23,39
draw_06742,2199.4410356631447,1765.3749999999998,0.9223484848484849,487,14,27
draw_06743,2271.8151272413784,1739.9999999999998,0.9090909090909091,480,12,36
draw_06744,2167.2526752956533,1645.7499999999998,0.8598484848484849,454,31,43
draw_06745,2125.924551936939,1696.4999999999998,0.8863636363636364,468,19,41
draw_06746,2289.55988318342,1808.8749999999998,0.9450757575757576,499,10,19
draw_06747,2010.9886127758384,1721.8749999999998,0.8996212121212122,475,23,30
draw_06748,1861.6974214962836,1616.7499999999998,0.8446969696969697,446,28,54
draw_06749,2193.0185146103718,1736.3749999999998,0.9071969696969697,479,17,32
draw_06750,2349.7817588597104,1685.6249999999998,0.8806818181818182,465,13,50
draw_06751,2117.503010098209,1681.9999999999998,0.8787878787878788,464,15,49
draw_06752,2430.3848238775563,1732.7499999999998,0.9053030303030303,478,13,37
draw_06753,2439.2953988399913,1823.3749999999998,0.9526515151515151,503,9,16
draw_06754,2125.212643490998,1700.1249999999998,0.8882575757575758,469,18,41
draw_06755,2115.0942544851637,1667.4999999999998,0.8712121212121212,460,15,53
draw_06756,2314.5648324323124,1808.8749999999998,0.9450757575757576,499,10,19
draw_06757,2195.3962777960137,1710.9999999999998,0.8939393939393939,472,10,46
draw_06758,2257.757520294332,1736.3749999999998,0.9071969696969697,479,10,39
draw_06759,2032.2291046932546,1627.6249999999998,0.8503787878787878,449,27,52
draw_06760,2417.5304069775816,1743.6249999999998,0.9109848484848485,481,7,40
draw_06761,1974.2038438300033,1685.6249999999998,0.8806818181818182,465,18,45
draw_06762,2309.34200148845,1725.4999999999998,0.9015151515151515,476,13,39
draw_06763,2311.1489742022886,1703.7499999999998,0.8901515151515151,470,23,35
draw_06764,2415.0335327791613,1801.6249999999998,0.9412878787878788,497,7,24
draw_06765,2153.187265753883,1739.9999999999998,0.9090909090909091,480,13,35
draw_06766,2252.1163498854626,1747.2499999999998,0.9128787878787878,482,12,34
draw_06767,2201.5948301330864,1725.4999999999998,0.9015151515151515,476,17,35
draw_06768,2365.6821328467922,1787.1249999999998,0.9337121212121212,493,9,26
draw_06769,2191.779374314516,1692.8749999999998,0.884469696969697,467,20,41
draw_06770,2071.962502483416,1631.2499999999998,0.8522727272727273,450,30,48
draw_06771,2260.4944578085338,1638.4999999999998,0.8560606060606061,452,14,62
draw_06772,2084.235253939083,1696.4999999999998,0.8863636363636364,468,10,50
draw_06773,2262.61749761649,1794.3749999999998,0.9375,495,13,20
draw_06774,2246.4668549897588,1750.8749999999998,0.9147727272727273,483,20,25
draw_06775,2245.7711965656977,1761.7499999999998,0.9204545454545454,486,19,23
draw_06776,2235.4612710406213,1710.9999999999998,0.8939393939393939,472,10,46
draw_06777,2234.5200646171497,1747.2499999999998,0.9128787878787878,482,6,40
draw_06778,2390.1908139082548,1747.2499999999998,0.9128787878787878,482,18,28
draw_06779,2230.505495597958,1790.7499999999998,0.9356060606060606,494,9,25
draw_06780,2242.2958069690217,1750.8749999999998,0.9147727272727273,483,15,30
draw_06781,2268.5839271340246,1765.3749999999998,0.9223484848484849,487,17,24
draw_06782,2109.740381435185,1714.6249999999998,0.8958333333333334,473,10,45
draw_06783,2235.046512104705,1739.9999999999998,0.9090909090909091,480,12,36
draw_06784,2376.2826234136487,1787.1249999999998,0.9337121212121212,493,6,29
draw_06785,2413.9420716222508,1758.1249999999998,0.9185606060606061,485,19,24
draw_06786,2135.7063693555338,1634.8749999999998,0.8541666666666666,451,17,60
draw_06787,2156.010434895909,1620.3749999999998,0.8465909090909091,447,14,67
draw_06788,2101.6461635132196,1681.9999999999998,0.8787878787878788,464,18,46
draw_06789,2104.8242889990415,1652.9999999999998,0.8636363636363636,456,19,53
draw_06790,2072.3664589737355,1660.2499999999998,0.8674242424242424,458,20,50
draw_06791,2223.1865873518955,1787.1249999999998,0.9337121212121212,493,16,19
draw_06792,2007.950093148091,1645.7499999999998,0.8598484848484849,454,10,64
draw_06793,1913.8788722988581,1551.4999999999998,0.8106060606060606,428,20,80
draw_06794,2164.821006368284,1725.4999999999998,0.9015151515151515,476,17,35
draw_06795,2383.178858949971,1808.8749999999998,0.9450757575757576,499,6,23
draw_06796,2103.224533175742,1696.4999999999998,0.8863636363636364,468,15,45
draw_06797,2309.5500011196077,1732.7499999999998,0.9053030303030303,478,30,20
draw_06798,2086.974754012439,1667.4999999999998,0.8712121212121212,460,21,47
draw_06799,2277.889291544483,1805.2499999999998,0.9431818181818182,498,5,25
draw_06800,2301.628549895394,1776.2499999999998,0.928030303030303,490,11,27
draw_06801,2060.696845575116,1739.9999999999998,0.9090909090909091,480,16,32
draw_06802,1970.252107496938,1602.2499999999998,0.8371212121212122,442,32,54
draw_06803,2082.2068873973603,1649.3749999999998,0.8617424242424242,455,17,56
draw_06804,2359.745951273092,1779.8749999999998,0.9299242424242424,491,9,28
draw_06805,2403.548748398182,1794.3749999999998,0.9375,495,6,27
draw_06806,2162.289566825513,1685.6249999999998,0.8806818181818182,465,14,49
draw_06807,2286.8640904672834,1725.4999999999998,0.9015151515151515,476,15,37
draw_06808,2079.0822460239974,1721.8749999999998,0.8996212121212122,475,14,39
draw_06809,2047.0428332195456,1754.4999999999998,0.9166666666666666,484,24,20
draw_06810,2018.5125052154935,1721.8749999999998,0.8996212121212122,475,11,42
draw_06811,2174.8530087781974,1667.4999999999998,0.8712121212121212,460,21,47
draw_06812,2113.914303872051,1765.3749999999998,0.9223484848484849,487,13,28
draw_06813,2217.0449978770075,1754.4999999999998,0.9166666666666666,484,14,30
draw_06814,1943.5813603171846,1681.9999999999998,0.8787878787878788,464,20,44
draw_06815,2232.4684212262023,1652.9999999999998,0.8636363636363636,456,16,56
draw_06816,1974.3232646253625,1663.8749999999998,0.8693181818181818,459,17,52
draw_06817,2043.9212694655741,1772.6249999999998,0.9261363636363636,489,12,27
draw_06818,2309.032636428783,1736.3749999999998,0.9071969696969697,479,13,36
draw_06819,2150.4442422567276,1721.8749999999998,0.8996212121212122,475,23,30
draw_06820,2065.018857357122,1620.3749999999998,0.8465909090909091,447,25,56
draw_06821,2230.7710442656603,1660.2499999999998,0.8674242424242424,458,16,54
draw_06822,2437.2749132998665,1776.2499999999998,0.928030303030303,490,19,19
draw_06823,2040.490265259299,1656.6249999999998,0.865530303030303,457,11,60
draw_06824,2116.9369520916753,1783.4999999999998,0.9318181818181818,492,16,20
draw_06825,2326.7972854430564,1761.7499999999998,0.9204545454545454,486,10,32
draw_06826,2066.141603091204,1634.8749999999998,0.8541666666666666,451,16,61
draw_06827,2252.7626375388363,1718.2499999999998,0.8977272727272727,474,18,36
draw_06828,2201.033634048396,1642.1249999999998,0.8579545454545454,453,21,54
draw_06829,2199.59275379659,1620.3749999999998,0.8465909090909091,447,22,59
draw_06830,2404.804233904335,1761.7499999999998,0.9204545454545454,486,9,33
draw_06831,2000.6893716822178,1721.8749999999998,0.8996212121212122,475,10,43
draw_06832,2247.080813760833,1714.6249999999998,0.8958333333333334,473,11,44
draw_06833,2327.1759686559926,1667.4999999999998,0.8712121212121212,460,15,53
draw_06834,2212.806022285084,1703.7499999999998,0.8901515151515151,470,14,44
draw_06835,2124.9875489024907,1736.3749999999998,0.9071969696969697,479,14,35
draw_06836,2311.5637730600906,1689.2499999999998,0.8825757575757576,466,19,43
draw_06837,2096.4449292987833,1747.2499999999998,0.9128787878787878,482,15,31
draw_06838,2500.0635353848315,1768.9999999999998,0.9242424242424242,488,14,26
draw_06839,2235.7226105815594,1736.3749999999998,0.9071969696969697,479,10,39
draw_06840,2173.7550041279237,1700.1249999999998,0.8882575757575758,469,15,44
draw_06841,2316.6577737750667,1700.1249999999998,0.8882575757575758,469,12,47
draw_06842,2141.2475498472845,1718.2499999999998,0.8977272727272727,474,10,44
draw_06843,2163.17713221862,1623.9999999999998,0.8484848484848485,448,27,53
draw_06844,2149.0374901734904,1714.6249999999998,0.8958333333333334,473,17,38
draw_06845,2171.431853974769,1732.7499999999998,0.9053030303030303,478,11,39
draw_06846,2408.1001416311124,1747.2499999999998,0.9128787878787878,482,18,28
draw_06847,2263.812550692285,1649.3749999999998,0.8617424242424242,455,10,63
draw_06848,1878.0801079372004,1602.2499999999998,0.8371212121212122,442,17,69
draw_06849,2233.935368268414,1689.2499999999998,0.8825757575757576,466,14,48
draw_06850,2064.6573587162566,1663.8749999999998,0.8693181818181818,459,23,46
draw_06851,2393.3868293489504,1783.4999999999998,0.9318181818181818,492,12,24
draw_06852,2123.725874183004,1649.3749999999998,0.8617424242424242,455,32,41
draw_06853,2041.3559421627217,1671.1249999999998,0.8731060606060606,461,25,42
draw_06854,2140.791818140902,1696.4999999999998,0.8863636363636364,468,19,41
draw_06855,2102.3862609504176,1736.3749999999998,0.9071969696969697,479,18,31
draw_06856,2308.5108122553247,1645.7499999999998,0.8598484848484849,454,23,51
draw_06857,2023.9972576453174,1652.9999999999998,0.8636363636363636,456,21,51
draw_06858,2282.879825024956,1700.1249999999998,0.8882575757575758,469,12,47
draw_06859,1981.344564045918,1710.9999999999998,0.8939393939393939,472,5,51
draw_06860,2219.8137072598875,1689.2499999999998,0.8825757575757576,466,13,49
draw_06861,2225.3225295852626,1710.9999999999998,0.8939393939393939,472,17,39
draw_06862,2322.4053138454733,1725.4999999999998,0.9015151515151515,476,10,42
draw_06863,2446.472193912114,1790.7499999999998,0.9356060606060606,494,8,26
draw_06864,2115.058143588761,1703.7499999999998,0.8901515151515151,470,20,38
draw_06865,2099.78046399657,1776.2499999999998,0.928030303030303,490,12,26
draw_06866,2242.2174593442624,1729.1249999999998,0.9034090909090909,477,14,37
draw_06867,2101.234148602326,1747.2499999999998,0.9128787878787878,482,12,34
draw_06868,2074.213181779035,1725.4999999999998,0.9015151515151515,476,11,41
draw_06869,2345.6341691247744,1732.7499999999998,0.9053030303030303,478,18,32
draw_06870,2294.330251377751,1660.2499999999998,0.8674242424242424,458,28,42
draw_06871,2298.8534963229595,1750.8749999999998,0.9147727272727273,483,18,27
draw_06872,2413.191297687056,1841.4999999999998,0.9621212121212122,508,2,18
draw_06873,1931.9731286982592,1627.6249999999998,0.8503787878787878,449,26,53
draw_06874,2095.745064180688,1721.8749999999998,0.8996212121212122,475,14,39
draw_06875,1930.1249358086607,1696.4999999999998,0.8863636363636364,468,9,51
draw_06876,2142.2966282968264,1692.8749999999998,0.884469696969697,467,16,45
draw_06877,2182.151747101412,1710.9999999999998,0.8939393939393939,472,10,46
draw_06878,2234.700260019202,1700.1249999999998,0.8882575757575758,469,19,40
draw_06879,2137.030993593839,1758.1249999999998,0.9185606060606061,485,8,35
draw_06880,1797.3535849476643,1482.6249999999998,0.7746212121212122,409,22,97
draw_06881,2191.727980914214,1696.4999999999998,0.8863636363636364,468,17,43
draw_06882,2043.8372223558179,1656.6249999999998,0.865530303030303,457,17,54
draw_06883,2456.046574673675,1768.9999999999998,0.9242424242424242,488,4,36
draw_06884,2301.507436660548,1714.6249999999998,0.8958333333333334,473,14,41
draw_06885,2035.9060966749973,1743.6249999999998,0.9109848484848485,481,18,29
draw_06886,2318.2888434321344,1816.1249999999998,0.9488636363636364,501,9,18
draw_06887,2244.2438933598087,1714.6249999999998,0.8958333333333334,473,7,48
draw_06888,2316.373718055528,1758.1249999999998,0.9185606060606061,485,15,28
draw_06889,2149.416758158783,1710.9999999999998,0.8939393939393939,472,21,35
draw_06890,2001.2293942555968,1692.8749999999998,0.884469696969697,467,18,43
draw_06891,2225.989231106903,1710.9999999999998,0.8939393939393939,472,10,46
draw_06892,2256.2526753629536,1743.6249999999998,0.9109848484848485,481,12,35
draw_06893,2226.918587696623,1768.9999999999998,0.9242424242424242,488,16,24
draw_06894,2156.8246952293553,1671.1249999999998,0.8731060606060606,461,28,39
draw_06895,2182.490060333211,1758.1249999999998,0.9185606060606061,485,9,34
draw_06896,2197.7461108950442,1663.8749999999998,0.8693181818181818,459,28,41
draw_06897,2169.033485641009,1707.3749999999998,0.8920454545454546,471,12,45
draw_06898,2116.193484970551,1750.8749999999998,0.9147727272727273,483,8,37
draw_06899,1990.8681160871643,1681.9999999999998,0.8787878787878788,464,20,44
draw_06900,2134.3361086449036,1707.3749999999998,0.8920454545454546,471,17,40
draw_06901,2321.0205049752362,1681.9999999999998,0.8787878787878788,464,24,40
draw_06902,2142.9167384098946,1758.1249999999998,0.9185606060606061,485,9,34
draw_06903,2409.7533763111232,1714.6249999999998,0.8958333333333334,473,9,46
draw_06904,2198.1386882886554,1718.2499999999998,0.8977272727272727,474,15,39
draw_06905,2188.2341693174653,1696.4999999999998,0.8863636363636364,468,16,44
draw_06906,2302.263028842942,1692.8749999999998,0.884469696969697,467,16,45
draw_06907,2210.330519763188,1732.7499999999998,0.9053030303030303,478,12,38
draw_06908,2220.0529881807697,1674.7499999999998,0.875,462,14,52
draw_06909,2190.578675400831,1685.6249999999998,0.8806818181818182,465,14,49
draw_06910,2144.5300028354445,1696.4999999999998,0.8863636363636364,468,15,45
draw_06911,2319.7171983730464,1794.3749999999998,0.9375,495,9,24
draw_06912,2566.660080950887,1747.2499999999998,0.9128787878787878,482,17,29
draw_06913,2184.156582467343,1678.3749999999998,0.8768939393939394,463,13,52
draw_06914,2114.852700415886,1674.7499999999998,0.875,462,24,42
draw_06915,1898.4676692192138,1645.7499999999998,0.8598484848484849,454,19,55
draw_06916,2186.5123923636133,1707.3749999999998,0.8920454545454546,471,20,37
draw_06917,2034.718538151997,1634.8749999999998,0.8541666666666666,451,22,55
draw_06918,2297.852598496734,1765.3749999999998,0.9223484848484849,487,12,29
draw_06919,2365.0817385088094,1750.8749999999998,0.9147727272727273,483,12,33
draw_06920,2190.381308740234,1768.9999999999998,0.9242424242424242,488,14,26
draw_06921,2141.724005434229,1663.8749999999998,0.8693181818181818,459,23,46
draw_06922,2145.6023718941747,1772.6249999999998,0.9261363636363636,489,9,30
draw_06923,2121.1723138509456,1652.9999999999998,0.8636363636363636,456,20,52
draw_06924,2027.1977949639247,1696.4999999999998,0.8863636363636364,468,11,49
draw_06925,2320.251361509899,1714.6249999999998,0.8958333333333334,473,7,48
draw_06926,2411.3389518556883,1783.4999999999998,0.9318181818181818,492,8,28
draw_06927,2026.3593299036334,1681.9999999999998,0.8787878787878788,464,22,42
draw_06928,2177.8110264128227,1710.9999999999998,0.8939393939393939,472,19,37
draw_06929,2195.663202849551,1692.8749999999998,0.884469696969697,467,10,51
draw_06930,2458.7713934289045,1768.9999999999998,0.9242424242424242,488,15,25
draw_06931,2347.4293870846163,1754.4999999999998,0.9166666666666666,484,12,32
draw_06932,2062.610408211608,1725.4999999999998,0.9015151515151515,476,11,41
draw_06933,2278.3244122005685,1779.8749999999998,0.9299242424242424,491,13,24
draw_06934,2034.9460588524862,1616.7499999999998,0.8446969696969697,446,25,57
draw_06935,2057.681113390767,1609.4999999999998,0.8409090909090909,444,22,62
draw_06936,2080.505360135599,1703.7499999999998,0.8901515151515151,470,21,37
draw_06937,2311.9582495337168,1823.3749999999998,0.9526515151515151,503,11,14
draw_06938,2189.98128159828,1692.8749999999998,0.884469696969697,467,10,51
draw_06939,2113.658024385027,1667.4999999999998,0.8712121212121212,460,12,56
draw_06940,2230.483043328543,1710.9999999999998,0.8939393939393939,472,17,39
draw_06941,2289.249954784572,1845.1249999999998,0.9640151515151515,509,3,16
draw_06942,2365.7350610074623,1707.3749999999998,0.8920454545454546,471,19,38
draw_06943,2080.783476727401,1703.7499999999998,0.8901515151515151,470,9,49
draw_06944,2363.14625838404,1768.9999999999998,0.9242424242424242,488,9,31
draw_06945,2128.665589519171,1678.3749999999998,0.8768939393939394,463,28,37
draw_06946,2212.343774993848,1819.7499999999998,0.9507575757575758,502,15,11
draw_06947,1985.9169289624976,1678.3749999999998,0.8768939393939394,463,17,48
draw_06948,2203.8756047752818,1678.3749999999998,0.8768939393939394,463,12,53
draw_06949,2215.8150673431974,1685.6249999999998,0.8806818181818182,465,16,47
draw_06950,2244.1947294162046,1703.7499999999998,0.8901515151515151,470,13,45
draw_06951,2210.256567168444,1721.8749999999998,0.8996212121212122,475,20,33
draw_06952,2181.872401363771,1710.9999999999998,0.8939393939393939,472,7,49
draw_06953,2349.00617354846,1729.1249999999998,0.9034090909090909,477,11,40
draw_06954,2253.0337245061532,1710.9999999999998,0.8939393939393939,472,17,39
draw_06955,2332.692069139786,1790.7499999999998,0.9356060606060606,494,16,18
draw_06956,2137.322731742538,1758.1249999999998,0.9185606060606061,485,15,28
draw_06957,2214.8014823853987,1718.2499999999998,0.8977272727272727,474,21,33
draw_06958,2142.038057006888,1714.6249999999998,0.8958333333333334,473,14,41
draw_06959,2168.6291508682593,1667.4999999999998,0.8712121212121212,460,19,49
draw_06960,2171.4701727051283,1772.6249999999998,0.9261363636363636,489,14,25
draw_06961,2221.478922297506,1747.2499999999998,0.9128787878787878,482,18,28
draw_06962,2459.475811071045,1794.3749999999998,0.9375,495,6,27
draw_06963,2240.7138289382083,1689.2499999999998,0.8825757575757576,466,17,45
draw_06964,2209.6149790031996,1689.2499999999998,0.8825757575757576,466,23,39
draw_06965,2076.0572807107924,1703.7499999999998,0.8901515151515151,470,8,50
draw_06966,2048.5733281154457,1714.6249999999998,0.8958333333333334,473,24,31
draw_06967,2450.8484134549267,1754.4999999999998,0.9166666666666666,484,6,38
draw_06968,2359.2559666447114,1703.7499999999998,0.8901515151515151,470,12,46
draw_06969,2139.3898420319733,1678.3749999999998,0.8768939393939394,463,17,48
draw_06970,2500.1293249057644,1805.2499999999998,0.9431818181818182,498,10,20
draw_06971,2151.8123980655528,1718.2499999999998,0.8977272727272727,474,27,27
draw_06972,2276.7660100630437,1790.7499999999998,0.9356060606060606,494,10,24
draw_06973,1971.72660748599,1555.1249999999998,0.8125,429,23,76
draw_06974,2310.1194631546223,1718.2499999999998,0.8977272727272727,474,9,45
draw_06975,2497.9387457519447,1779.8749999999998,0.9299242424242424,491,14,23
draw_06976,2397.018722944521,1794.3749999999998,0.9375,495,11,22
draw_06977,2240.7523365850325,1750.8749999999998,0.9147727272727273,483,8,37
draw_06978,1961.6392881583752,1645.7499999999998,0.8598484848484849,454,14,60
draw_06979,2326.912284628401,1765.3749999999998,0.9223484848484849,487,5,36
draw_06980,2323.7616327660994,1776.2499999999998,0.928030303030303,490,10,28
draw_06981,2176.1494884016893,1671.1249999999998,0.8731060606060606,461,15,52
draw_06982,2336.4628202263398,1768.9999999999998,0.9242424242424242,488,18,22
draw_06983,2245.729698024228,1768.9999999999998,0.9242424242424242,488,5,35
draw_06984,2186.0658212248973,1736.3749999999998,0.9071969696969697,479,16,33
draw_06985,2320.5614683273197,1750.8749999999998,0.9147727272727273,483,15,30
draw_06986,2144.189861850228,1678.3749999999998,0.8768939393939394,463,18,47
draw_06987,2196.7663235587743,1743.6249999999998,0.9109848484848485,481,23,24
draw_06988,2113.2324338185035,1649.3749999999998,0.8617424242424242,455,15,58
draw_06989,2174.8088119835625,1685.6249999999998,0.8806818181818182,465,8,55
draw_06990,2087.1413557681726,1700.1249999999998,0.8882575757575758,469,13,46
draw_06991,1954.8296812622773,1663.8749999999998,0.8693181818181818,459,21,48
draw_06992,2354.620105334834,1790.7499999999998,0.9356060606060606,494,7,27
draw_06993,2179.733011262439,1663.8749999999998,0.8693181818181818,459,8,61
draw_06994,2150.4165649262222,1779.8749999999998,0.9299242424242424,491,7,30
draw_06995,2018.132818615437,1739.9999999999998,0.9090909090909091,480,8,40
draw_06996,2173.959569820741,1761.7499999999998,0.9204545454545454,486,16,26
draw_06997,2050.715649300692,1710.9999999999998,0.8939393939393939,472,13,43
draw_06998,2287.3790427334784,1703.7499999999998,0.8901515151515151,470,15,43
draw_06999,2330.22649022187,1732.7499999999998,0.9053030303030303,478,13,37
draw_07000,2155.7555584132033,1743.6249999999998,0.9109848484848485,481,8,39
draw_07001,2225.380245158617,1663.8749999999998,0.8693181818181818,459,23,46
draw_07002,2375.932566091398,1732.7499999999998,0.9053030303030303,478,21,29
draw_07003,2261.3753644129374,1787.1249999999998,0.9337121212121212,493,11,24
draw_07004,2024.9908282745484,1667.4999999999998,0.8712121212121212,460,31,37
draw_07005,2303.4863820760024,1663.8749999999998,0.8693181818181818,459,16,53
draw_07006,2198.5360172179853,1700.1249999999998,0.8882575757575758,469,24,35
draw_07007,2225.8210448330847,1710.9999999999998,0.8939393939393939,472,21,35
draw_07008,2050.7777191337404,1645.7499999999998,0.8598484848484849,454,24,50
draw_07009,2151.180757634532,1703.7499999999998,0.8901515151515151,470,13,45
draw_07010,2299.1113781530294,1714.6249999999998,0.8958333333333334,473,20,35
draw_07011,2388.4735648836017,1739.9999999999998,0.9090909090909091,480,11,37
draw_07012,1969.1327222839761,1685.6249999999998,0.8806818181818182,465,27,36
draw_07013,2328.993214261478,1772.6249999999998,0.9261363636363636,489,16,23
draw_07014,2031.7873846773903,1631.2499999999998,0.8522727272727273,450,22,56
draw_07015,2143.3888788300524,1685.6249999999998,0.8806818181818182,465,15,48
draw_07016,2386.179141560954,1768.9999999999998,0.9242424242424242,488,10,30
draw_07017,2156.2327555887377,1732.7499999999998,0.9053030303030303,478,12,38
draw_07018,2153.636464012678,1667.4999999999998,0.8712121212121212,460,16,52
draw_07019,2334.0893307436295,1703.7499999999998,0.8901515151515151,470,14,44
draw_07020,2181.8886167214882,1768.9999999999998,0.9242424242424242,488,16,24
draw_07021,2155.142229580942,1761.7499999999998,0.9204545454545454,486,18,24
draw_07022,2229.035106932149,1616.7499999999998,0.8446969696969697,446,35,47
draw_07023,2207.40296841352,1707.3749999999998,0.8920454545454546,471,10,47
draw_07024,2294.901977925045,1721.8749999999998,0.8996212121212122,475,18,35
draw_07025,2056.5660811269922,1681.9999999999998,0.8787878787878788,464,21,43
draw_07026,2186.3210170634748,1721.8749999999998,0.8996212121212122,475,10,43
draw_07027,2171.7867950373825,1689.2499999999998,0.8825757575757576,466,9,53
draw_07028,2305.9801087808155,1729.1249999999998,0.9034090909090909,477,13,38
draw_07029,2341.4424136382386,1674.7499999999998,0.875,462,21,45
draw_07030,2132.6956249284403,1721.8749999999998,0.8996212121212122,475,30,23
draw_07031,2190.492040335279,1710.9999999999998,0.8939393939393939,472,19,37
draw_07032,2396.112183037607,1714.6249999999998,0.8958333333333334,473,25,30
draw_07033,2197.36805469233,1765.3749999999998,0.9223484848484849,487,12,29
draw_07034,2265.3797553498107,1685.6249999999998,0.8806818181818182,465,16,47
draw_07035,2315.200012981698,1776.2499999999998,0.928030303030303,490,13,25
draw_07036,2341.324079993835,1743.6249999999998,0.9109848484848485,481,22,25
draw_07037,2258.0359687210766,1627.6249999999998,0.8503787878787878,449,13,66
draw_07038,2032.6332417643534,1736.3749999999998,0.9071969696969697,479,8,41
draw_07039,2184.7336628517596,1779.8749999999998,0.9299242424242424,491,6,31
draw_07040,2359.3331365913873,1736.3749999999998,0.9071969696969697,479,16,33
draw_07041,2146.194184391201,1703.7499999999998,0.8901515151515151,470,13,45
draw_07042,1853.715022093818,1609.4999999999998,0.8409090909090909,444,13,71
draw_07043,2272.6026891085576,1725.4999999999998,0.9015151515151515,476,8,44
draw_07044,2091.3330709070724,1714.6249999999998,0.8958333333333334,473,17,38
draw_07045,2416.546825333155,1779.8749999999998,0.9299242424242424,491,12,25
draw_07046,2041.5528168580483,1642.1249999999998,0.8579545454545454,453,12,63
draw_07047,2059.88373433693,1663.8749999999998,0.8693181818181818,459,21,48
draw_07048,2058.0227703977534,1710.9999999999998,0.8939393939393939,472,13,43
draw_07049,2172.0145197324573,1794.3749999999998,0.9375,495,11,22
draw_07050,2148.893516706362,1710.9999999999998,0.8939393939393939,472,21,35
draw_07051,2217.8059978417377,1736.3749999999998,0.9071969696969697,479,8,41
draw_07052,2329.534105222884,1725.4999999999998,0.9015151515151515,476,20,32
draw_07053,2072.4725939653035,1703.7499999999998,0.8901515151515151,470,17,41
draw_07054,2164.561875644074,1739.9999999999998,0.9090909090909091,480,13,35
draw_07055,2181.964685081965,1725.4999999999998,0.9015151515151515,476,16,36
draw_07056,2212.693033384511,1700.1249999999998,0.8882575757575758,469,14,45
draw_07057,2140.8072678169674,1743.6249999999998,0.9109848484848485,481,13,34
draw_07058,2069.0049710333165,1732.7499999999998,0.9053030303030303,478,20,30
draw_07059,2209.906266429667,1743.6249999999998,0.9109848484848485,481,11,36
draw_07060,2331.2945681039046,1721.8749999999998,0.8996212121212122,475,19,34
draw_07061,2204.378375094456,1707.3749999999998,0.8920454545454546,471,18,39
draw_07062,2211.759466545754,1652.9999999999998,0.8636363636363636,456,18,54
draw_07063,2368.7551999880893,1714.6249999999998,0.8958333333333334,473,13,42
draw_07064,1866.1014985453203,1652.9999999999998,0.8636363636363636,456,22,50
draw_07065,1982.2197621773414,1645.7499999999998,0.8598484848484849,454,21,53
draw_07066,2387.6806250965733,1736.3749999999998,0.9071969696969697,479,19,30
draw_07067,2426.409362747325,1714.6249999999998,0.8958333333333334,473,18,37
draw_07068,2483.815838592257,1736.3749999999998,0.9071969696969697,479,20,29
draw_07069,2027.280934832265,1667.4999999999998,0.8712121212121212,460,19,49
draw_07070,2088.423293926372,1721.8749999999998,0.8996212121212122,475,6,47
draw_07071,2151.926066936734,1710.9999999999998,0.8939393939393939,472,6,50
draw_07072,2286.140702439859,1649.3749999999998,0.8617424242424242,455,11,62
draw_07073,2248.2949060099113,1743.6249999999998,0.9109848484848485,481,11,36
draw_07074,2375.445407003688,1729.1249999999998,0.9034090909090909,477,9,42
draw_07075,2217.404212069086,1660.2499999999998,0.8674242424242424,458,28,42
draw_07076,2228.6063612117177,1714.6249999999998,0.8958333333333334,473,17,38
draw_07077,2471.3901517167756,1758.1249999999998,0.9185606060606061,485,15,28
draw_07078,2136.8113978206875,1758.1249999999998,0.9185606060606061,485,10,33
draw_07079,2483.527171710779,1816.1249999999998,0.9488636363636364,501,13,14
draw_07080,2345.6929235109737,1776.2499999999998,0.928030303030303,490,12,26
draw_07081,2238.566591699152,1732.7499999999998,0.9053030303030303,478,8,42
draw_07082,2362.3488292783113,1754.4999999999998,0.9166666666666666,484,10,34
draw_07083,2184.436547340937,1714.6249999999998,0.8958333333333334,473,19,36
draw_07084,2282.7677741974717,1703.7499999999998,0.8901515151515151,470,11,47
draw_07085,2211.8578867735077,1758.1249999999998,0.9185606060606061,485,10,33
draw_07086,2045.6120910697516,1732.7499999999998,0.9053030303030303,478,15,35
draw_07087,1956.870445871942,1649.3749999999998,0.8617424242424242,455,25,48
draw_07088,2053.7680498086997,1678.3749999999998,0.8768939393939394,463,22,43
draw_07089,2279.915551112309,1739.9999999999998,0.9090909090909091,480,11,37
draw_07090,2111.4915235653043,1707.3749999999998,0.8920454545454546,471,15,42
draw_07091,2240.307623371,1736.3749999999998,0.9071969696969697,479,11,38
draw_07092,2100.691463184668,1652.9999999999998,0.8636363636363636,456,20,52
draw_07093,2340.2112520417436,1743.6249999999998,0.9109848484848485,481,13,34
draw_07094,2334.280936900397,1725.4999999999998,0.9015151515151515,476,17,35
draw_07095,2040.1963914261266,1551.4999999999998,0.8106060606060606,428,24,76
draw_07096,1971.4613633411186,1671.1249999999998,0.8731060606060606,461,20,47
draw_07097,1891.668365923086,1627.6249999999998,0.8503787878787878,449,27,52
draw_07098,2083.437591740274,1703.7499999999998,0.8901515151515151,470,22,36
draw_07099,2154.88989422846,1743.6249999999998,0.9109848484848485,481,16,31
draw_07100,2203.9776663556313,1750.8749999999998,0.9147727272727273,483,14,31
draw_07101,2028.5030234678075,1765.3749999999998,0.9223484848484849,487,10,31
draw_07102,2154.6314660238017,1707.3749999999998,0.8920454545454546,471,18,39
draw_07103,2245.431180971019,1750.8749999999998,0.9147727272727273,483,12,33
draw_07104,2100.295975811735,1652.9999999999998,0.8636363636363636,456,21,51
draw_07105,2207.4989484746184,1685.6249999999998,0.8806818181818182,465,10,53
draw_07106,2208.54973185043,1638.4999999999998,0.8560606060606061,452,22,54
draw_07107,2068.5616219499943,1681.9999999999998,0.8787878787878788,464,17,47
draw_07108,2343.232128233664,1754.4999999999998,0.9166666666666666,484,14,30
draw_07109,2139.21124213869,1776.2499999999998,0.928030303030303,490,10,28
draw_07110,2147.6882108780746,1801.6249999999998,0.9412878787878788,497,9,22
draw_07111,2262.3921626068686,1776.2499999999998,0.928030303030303,490,8,30
draw_07112,2250.31880051173,1732.7499999999998,0.9053030303030303,478,16,34
draw_07113,2313.7902440527396,1692.8749999999998,0.884469696969697,467,8,53
draw_07114,2351.628525401278,1776.2499999999998,0.928030303030303,490,8,30
draw_07115,2149.4295521045005,1725.4999999999998,0.9015151515151515,476,18,34
draw_07116,2021.4018003223766,1620.3749999999998,0.8465909090909091,447,21,60
draw_07117,2261.0123467647536,1710.9999999999998,0.8939393939393939,472,9,47
draw_07118,2222.5834018982378,1725.4999999999998,0.9015151515151515,476,18,34
draw_07119,2151.1719175164912,1747.2499999999998,0.9128787878787878,482,14,32
draw_07120,2088.624873168581,1660.2499999999998,0.8674242424242424,458,13,57
draw_07121,2113.781732866121,1787.1249999999998,0.9337121212121212,493,13,22
draw_07122,2264.8676832062247,1754.4999999999998,0.9166666666666666,484,15,29
draw_07123,2369.007089354468,1739.9999999999998,0.9090909090909091,480,14,34
draw_07124,2355.1304626182578,1863.2499999999998,0.9734848484848485,514,3,11
draw_07125,2455.994061250442,1837.8749999999998,0.9602272727272727,507,2,19
draw_07126,2291.42329187632,1674.7499999999998,0.875,462,18,48
draw_07127,1880.810440274895,1660.2499999999998,0.8674242424242424,458,17,53
draw_07128,2059.15471174392,1696.4999999999998,0.8863636363636364,468,13,47
draw_07129,2069.6200514393727,1671.1249999999998,0.8731060606060606,461,24,43
draw_07130,2215.4967820868483,1721.8749999999998,0.8996212121212122,475,22,31
draw_07131,2266.7225783573385,1703.7499999999998,0.8901515151515151,470,14,44
draw_07132,2019.177623989345,1656.6249999999998,0.865530303030303,457,21,50
draw_07133,2205.5214133333207,1743.6249999999998,0.9109848484848485,481,17,30
draw_07134,2326.435109434446,1801.6249999999998,0.9412878787878788,497,3,28
draw_07135,2042.6344009479674,1787.1249999999998,0.9337121212121212,493,11,24
draw_07136,2054.888726286362,1696.4999999999998,0.8863636363636364,468,25,35
draw_07137,2174.603028005005,1725.4999999999998,0.9015151515151515,476,19,33
draw_07138,2115.9548226392285,1678.3749999999998,0.8768939393939394,463,12,53
draw_07139,2090.8470656977856,1714.6249999999998,0.8958333333333334,473,14,41
draw_07140,2063.777621186521,1714.6249999999998,0.8958333333333334,473,9,46
draw_07141,2067.6538224811975,1714.6249999999998,0.8958333333333334,473,20,35
draw_07142,2206.637747487965,1747.2499999999998,0.9128787878787878,482,18,28
draw_07143,1958.2638279053283,1634.8749999999998,0.8541666666666666,451,17,60
draw_07144,2049.190145047967,1710.9999999999998,0.8939393939393939,472,8,48
draw_07145,2363.3539406125274,1743.6249999999998,0.9109848484848485,481,14,33
draw_07146,2012.1543636100866,1725.4999999999998,0.9015151515151515,476,9,43
draw_07147,2146.965970042413,1602.2499999999998,0.8371212121212122,442,25,61
draw_07148,2197.9052682452016,1747.2499999999998,0.9128787878787878,482,13,33
draw_07149,2068.7844715809274,1743.6249999999998,0.9109848484848485,481,10,37
draw_07150,2322.289506336076,1739.9999999999998,0.9090909090909091,480,18,30
draw_07151,2125.5747436606125,1681.9999999999998,0.8787878787878788,464,23,41
draw_07152,2140.9671395105543,1652.9999999999998,0.8636363636363636,456,18,54
draw_07153,2133.2126680330375,1649.3749999999998,0.8617424242424242,455,22,51
draw_07154,2016.9852493804508,1714.6249999999998,0.8958333333333334,473,18,37
draw_07155,2223.580377083856,1761.7499999999998,0.9204545454545454,486,18,24
draw_07156,2033.893376880481,1652.9999999999998,0.8636363636363636,456,18,54
draw_07157,2309.822677048175,1725.4999999999998,0.9015151515151515,476,15,37
draw_07158,2170.0194498025126,1703.7499999999998,0.8901515151515151,470,18,40
draw_07159,2145.093615085221,1652.9999999999998,0.8636363636363636,456,22,50
draw_07160,2242.1144968932695,1707.3749999999998,0.8920454545454546,471,19,38
draw_07161,2280.087116766461,1779.8749999999998,0.9299242424242424,491,12,25
draw_07162,2384.3972160445883,1805.2499999999998,0.9431818181818182,498,12,18
draw_07163,2322.635439745204,1707.3749999999998,0.8920454545454546,471,12,45
draw_07164,2003.0995978046049,1587.7499999999998,0.8295454545454546,438,26,64
draw_07165,2038.1954042718398,1660.2499999999998,0.8674242424242424,458,15,55
draw_07166,2172.7246873361096,1700.1249999999998,0.8882575757575758,469,25,34
draw_07167,2029.3348063481951,1602.2499999999998,0.8371212121212122,442,23,63
draw_07168,2131.1863097229666,1718.2499999999998,0.8977272727272727,474,17,37
draw_07169,2143.0169384985775,1718.2499999999998,0.8977272727272727,474,18,36
draw_07170,2000.4115470442803,1660.2499999999998,0.8674242424242424,458,18,52
draw_07171,2157.4244475396085,1674.7499999999998,0.875,462,17,49
draw_07172,2330.7705264120414,1685.6249999999998,0.8806818181818182,465,19,44
draw_07173,2344.8592232861206,1783.4999999999998,0.9318181818181818,492,10,26
draw_07174,2122.089594399998,1681.9999999999998,0.8787878787878788,464,18,46
draw_07175,2223.3123957488524,1703.7499999999998,0.8901515151515151,470,16,42
draw_07176,2181.8905168992787,1729.1249999999998,0.9034090909090909,477,16,35
draw_07177,2183.2373555678228,1703.7499999999998,0.8901515151515151,470,26,32
draw_07178,2180.3367978591496,1700.1249999999998,0.8882575757575758,469,12,47
draw_07179,2361.054445341867,1725.4999999999998,0.9015151515151515,476,16,36
draw_07180,2141.227494530647,1681.9999999999998,0.8787878787878788,464,19,45
draw_07181,1993.83473469323,1620.3749999999998,0.8465909090909091,447,18,63
draw_07182,2337.8443309314425,1765.3749999999998,0.9223484848484849,487,8,33
draw_07183,2190.261441658944,1714.6249999999998,0.8958333333333334,473,11,44
draw_07184,2072.8551770080758,1718.2499999999998,0.8977272727272727,474,10,44
draw_07185,2132.3096548180965,1710.9999999999998,0.8939393939393939,472,15,41
draw_07186,2183.7820767480594,1660.2499999999998,0.8674242424242424,458,25,45
draw_07187,2156.7993108723267,1736.3749999999998,0.9071969696969697,479,12,37
draw_07188,2302.6647034497023,1739.9999999999998,0.9090909090909091,480,19,29
draw_07189,2273.451207931686,1758.1249999999998,0.9185606060606061,485,19,24
draw_07190,2116.431278741205,1674.7499999999998,0.875,462,15,51
draw_07191,2195.4131312998366,1761.7499999999998,0.9204545454545454,486,15,27
draw_07192,2073.165545115446,1660.2499999999998,0.8674242424242424,458,26,44
draw_07193,2160.883675842431,1707.3749999999998,0.8920454545454546,471,20,37
draw_07194,2387.965608040124,1783.4999999999998,0.9318181818181818,492,9,27
draw_07195,2398.8462995999657,1714.6249999999998,0.8958333333333334,473,14,41
draw_07196,2208.703511717102,1667.4999999999998,0.8712121212121212,460,14,54
draw_07197,2337.3785643801957,1620.3749999999998,0.8465909090909091,447,22,59
draw_07198,2177.9702698192978,1714.6249999999998,0.8958333333333334,473,16,39
draw_07199,2153.4849157309563,1732.7499999999998,0.9053030303030303,478,13,37
draw_07200,2146.5103032782877,1714.6249999999998,0.8958333333333334,473,12,43
draw_07201,2062.2734790771924,1739.9999999999998,0.9090909090909091,480,5,43
draw_07202,2359.4856833873687,1689.2499999999998,0.8825757575757576,466,16,46
draw_07203,2155.7673266545617,1710.9999999999998,0.8939393939393939,472,22,34
draw_07204,2186.309805735371,1725.4999999999998,0.9015151515151515,476,14,38
draw_07205,2016.2998934593572,1613.1249999999998,0.8428030303030303,445,26,57
draw_07206,2191.651224622976,1692.8749999999998,0.884469696969697,467,16,45
draw_07207,2305.5213135975537,1783.4999999999998,0.9318181818181818,492,6,30
draw_07208,2281.958824902032,1710.9999999999998,0.8939393939393939,472,19,37
draw_07209,2221.0140961935995,1736.3749999999998,0.9071969696969697,479,14,35
draw_07210,2262.1738488636306,1620.3749999999998,0.8465909090909091,447,27,54
draw_07211,2106.4537787957993,1761.7499999999998,0.9204545454545454,486,7,35
draw_07212,2025.6435736553337,1772.6249999999998,0.9261363636363636,489,15,24
draw_07213,2039.170524464265,1732.7499999999998,0.9053030303030303,478,22,28
draw_07214,2192.2673098846067,1743.6249999999998,0.9109848484848485,481,14,33
draw_07215,2109.3449003990236,1700.1249999999998,0.8882575757575758,469,15,44
draw_07216,2469.8409640907153,1787.1249999999998,0.9337121212121212,493,8,27
draw_07217,2189.6562850133832,1700.1249999999998,0.8882575757575758,469,16,43
draw_07218,2088.093201205807,1689.2499999999998,0.8825757575757576,466,14,48
draw_07219,1933.7358333075638,1660.2499999999998,0.8674242424242424,458,16,54
draw_07220,2098.8006430959513,1602.2499999999998,0.8371212121212122,442,18,68
draw_07221,2120.1587919931762,1667.4999999999998,0.8712121212121212,460,17,51
draw_07222,2150.988463227191,1685.6249999999998,0.8806818181818182,465,27,36
draw_07223,2292.671013913821,1768.9999999999998,0.9242424242424242,488,5,35
draw_07224,2040.936637211053,1696.4999999999998,0.8863636363636364,468,13,47
draw_07225,2049.2530796894553,1685.6249999999998,0.8806818181818182,465,20,43
draw_07226,2224.632639236992,1772.6249999999998,0.9261363636363636,489,18,21
draw_07227,2189.257957257996,1649.3749999999998,0.8617424242424242,455,14,59
draw_07228,2043.6905025250092,1678.3749999999998,0.8768939393939394,463,21,44
draw_07229,2310.1855332442337,1729.1249999999998,0.9034090909090909,477,24,27
draw_07230,2277.579101871767,1790.7499999999998,0.9356060606060606,494,9,25
draw_07231,2139.305451933025,1692.8749999999998,0.884469696969697,467,22,39
draw_07232,2229.4215842463136,1696.4999999999998,0.8863636363636364,468,14,46
draw_07233,2218.291075044912,1750.8749999999998,0.9147727272727273,483,7,38
draw_07234,2079.1781445159054,1714.6249999999998,0.8958333333333334,473,8,47
draw_07235,2022.0548305440825,1649.3749999999998,0.8617424242424242,455,18,55
draw_07236,2294.3320806065376,1739.9999999999998,0.9090909090909091,480,3,45
draw_07237,2234.591316269289,1761.7499999999998,0.9204545454545454,486,19,23
draw_07238,2186.594433163998,1729.1249999999998,0.9034090909090909,477,16,35
draw_07239,1998.1365808741723,1776.2499999999998,0.928030303030303,490,12,26
draw_07240,2335.7437362529417,1750.8749999999998,0.9147727272727273,483,18,27
draw_07241,2326.145020949544,1772.6249999999998,0.9261363636363636,489,14,25
draw_07242,2064.668136698989,1729.1249999999998,0.9034090909090909,477,13,38
draw_07243,2347.602653472933,1772.6249999999998,0.9261363636363636,489,16,23
draw_07244,1902.398657350534,1536.9999999999998,0.803030303030303,424,32,72
draw_07245,2005.4619267116361,1678.3749999999998,0.8768939393939394,463,8,57
draw_07246,2094.9571731460833,1692.8749999999998,0.884469696969697,467,22,39
draw_07247,2361.4320937448592,1667.4999999999998,0.8712121212121212,460,17,51
draw_07248,2405.101392945345,1710.9999999999998,0.8939393939393939,472,19,37
draw_07249,2280.791847293102,1787.1249999999998,0.9337121212121212,493,6,29
draw_07250,2283.4711295663396,1681.9999999999998,0.8787878787878788,464,20,44
draw_07251,1889.228921385363,1511.6249999999998,0.7897727272727273,417,40,71
draw_07252,2268.0833895003907,1776.2499999999998,0.928030303030303,490,9,29
draw_07253,2233.622015921343,1714.6249999999998,0.8958333333333334,473,16,39
draw_07254,2282.2023821340417,1718.2499999999998,0.8977272727272727,474,7,47
draw_07255,2293.8733518261397,1779.8749999999998,0.9299242424242424,491,10,27
draw_07256,2158.2105719297087,1725.4999999999998,0.9015151515151515,476,16,36
draw_07257,2093.940965449755,1747.2499999999998,0.9128787878787878,482,18,28
draw_07258,2192.2093214164624,1750.8749999999998,0.9147727272727273,483,16,29
draw_07259,2316.225484955841,1758.1249999999998,0.9185606060606061,485,13,30
draw_07260,2077.526816176934,1729.1249999999998,0.9034090909090909,477,15,36
draw_07261,2321.034205711599,1707.3749999999998,0.8920454545454546,471,15,42
draw_07262,2282.953492037781,1685.6249999999998,0.8806818181818182,465,16,47
draw_07263,2212.1143448731023,1649.3749999999998,0.8617424242424242,455,15,58
draw_07264,1990.1682392357532,1703.7499999999998,0.8901515151515151,470,18,40
draw_07265,2119.4847110762357,1707.3749999999998,0.8920454545454546,471,14,43
draw_07266,2220.3299306831464,1732.7499999999998,0.9053030303030303,478,19,31
draw_07267,2039.5172038822923,1714.6249999999998,0.8958333333333334,473,13,42
draw_07268,2356.405449420993,1841.4999999999998,0.9621212121212122,508,7,13
draw_07269,2240.1452347002923,1772.6249999999998,0.9261363636363636,489,14,25
draw_07270,2162.3951513468587,1718.2499999999998,0.8977272727272727,474,16,38
draw_07271,2361.6180558344513,1732.7499999999998,0.9053030303030303,478,17,33
draw_07272,2200.6891057584753,1671.1249999999998,0.8731060606060606,461,13,54
draw_07273,2077.540565443493,1660.2499999999998,0.8674242424242424,458,19,51
draw_07274,2255.4921747560625,1732.7499999999998,0.9053030303030303,478,22,28
draw_07275,2014.5739694102645,1660.2499999999998,0.8674242424242424,458,27,43
draw_07276,2219.237126246677,1703.7499999999998,0.8901515151515151,470,22,36
draw_07277,2382.6054627283493,1739.9999999999998,0.9090909090909091,480,6,42
draw_07278,1981.053429783525,1696.4999999999998,0.8863636363636364,468,12,48
draw_07279,2239.527535430752,1754.4999999999998,0.9166666666666666,484,12,32
draw_07280,2317.867001360017,1678.3749999999998,0.8768939393939394,463,18,47
draw_07281,2459.3094204244544,1721.8749999999998,0.8996212121212122,475,18,35
draw_07282,2311.148168422454,1776.2499999999998,0.928030303030303,490,8,30
draw_07283,2194.6276604783548,1768.9999999999998,0.9242424242424242,488,18,22
draw_07284,2285.2381796176696,1656.6249999999998,0.865530303030303,457,11,60
draw_07285,2250.623142677019,1700.1249999999998,0.8882575757575758,469,18,41
draw_07286,2236.9536576781097,1808.8749999999998,0.9450757575757576,499,13,16
draw_07287,2154.7679852993733,1743.6249999999998,0.9109848484848485,481,10,37
draw_07288,2208.3971426605804,1692.8749999999998,0.884469696969697,467,17,44
draw_07289,2304.1143455674182,1739.9999999999998,0.9090909090909091,480,11,37
draw_07290,2108.202361840892,1703.7499999999998,0.8901515151515151,470,14,44
draw_07291,2165.2672903070397,1671.1249999999998,0.8731060606060606,461,19,48
draw_07292,2208.861281626102,1663.8749999999998,0.8693181818181818,459,14,55
draw_07293,1986.6668751763902,1674.7499999999998,0.875,462,17,49
draw_07294,2342.649880465614,1667.4999999999998,0.8712121212121212,460,16,52
draw_07295,2269.584377933159,1707.3749999999998,0.8920454545454546,471,16,41
draw_07296,2136.5522136963,1663.8749999999998,0.8693181818181818,459,13,56
draw_07297,2210.9746667296267,1729.1249999999998,0.9034090909090909,477,19,32
draw_07298,2301.8764329580536,1768.9999999999998,0.9242424242424242,488,8,32
draw_07299,2072.114152532172,1645.7499999999998,0.8598484848484849,454,16,58
draw_07300,2114.6720107986384,1678.3749999999998,0.8768939393939394,463,15,50
draw_07301,2061.858030378231,1689.2499999999998,0.8825757575757576,466,31,31
draw_07302,1985.7903867585453,1703.7499999999998,0.8901515151515151,470,14,44
draw_07303,2071.5170543655954,1671.1249999999998,0.8731060606060606,461,28,39
draw_07304,2008.0577243905636,1805.2499999999998,0.9431818181818182,498,8,22
draw_07305,2340.3404165603,1700.1249999999998,0.8882575757575758,469,10,49
draw_07306,2076.9386222472817,1700.1249999999998,0.8882575757575758,469,17,42
draw_07307,2350.664913331024,1736.3749999999998,0.9071969696969697,479,10,39
draw_07308,2009.9972118017727,1678.3749999999998,0.8768939393939394,463,8,57
draw_07309,2082.605054769832,1642.1249999999998,0.8579545454545454,453,17,58
draw_07310,2240.7963231546814,1747.2499999999998,0.9128787878787878,482,10,36
draw_07311,2340.8362175093775,1700.1249999999998,0.8882575757575758,469,20,39
draw_07312,2051.8307740449145,1660.2499999999998,0.8674242424242424,458,29,41
draw_07313,2133.4413571549103,1685.6249999999998,0.8806818181818182,465,18,45
draw_07314,2248.5396315169246,1710.9999999999998,0.8939393939393939,472,16,40
draw_07315,2110.6339595273384,1678.3749999999998,0.8768939393939394,463,12,53
draw_07316,2222.911668253938,1732.7499999999998,0.9053030303030303,478,17,33
draw_07317,2017.5889721831347,1616.7499999999998,0.8446969696969697,446,16,66
draw_07318,2226.0045594360768,1729.1249999999998,0.9034090909090909,477,8,43
draw_07319,1977.451375625175,1663.8749999999998,0.8693181818181818,459,18,51
draw_07320,2166.0737285230907,1721.8749999999998,0.8996212121212122,475,19,34
draw_07321,2023.7343378956377,1692.8749999999998,0.884469696969697,467,17,44
draw_07322,2228.0590012229104,1732.7499999999998,0.9053030303030303,478,13,37
draw_07323,2166.745363994378,1718.2499999999998,0.8977272727272727,474,11,43
draw_07324,2128.6964955435715,1747.2499999999998,0.9128787878787878,482,16,30
draw_07325,2057.4538249796283,1678.3749999999998,0.8768939393939394,463,10,55
draw_07326,2167.800463452538,1787.1249999999998,0.9337121212121212,493,7,28
draw_07327,2154.571391815381,1732.7499999999998,0.9053030303030303,478,12,38
draw_07328,2171.6076137645236,1736.3749999999998,0.9071969696969697,479,23,26
draw_07329,1929.9477330447703,1681.9999999999998,0.8787878787878788,464,19,45
draw_07330,2284.237909652477,1790.7499999999998,0.9356060606060606,494,13,21
draw_07331,2208.438512483034,1696.4999999999998,0.8863636363636364,468,17,43
draw_07332,2126.4858623434357,1721.8749999999998,0.8996212121212122,475,10,43
draw_07333,2430.0263309142647,1819.7499999999998,0.9507575757575758,502,9,17
draw_07334,2262.02523609679,1754.4999999999998,0.9166666666666666,484,14,30
draw_07335,2147.005635208586,1605.8749999999998,0.8390151515151515,443,15,70
draw_07336,2180.568022994763,1707.3749999999998,0.8920454545454546,471,16,41
draw_07337,2213.280448964065,1660.2499999999998,0.8674242424242424,458,27,43
draw_07338,2099.6110331729733,1710.9999999999998,0.8939393939393939,472,20,36
draw_07339,2180.9105020332477,1747.2499999999998,0.9128787878787878,482,16,30
draw_07340,1971.7246525302282,1667.4999999999998,0.8712121212121212,460,26,42
draw_07341,2000.2905215917242,1660.2499999999998,0.8674242424242424,458,24,46
draw_07342,1998.578275055044,1642.1249999999998,0.8579545454545454,453,16,59
draw_07343,2149.4039022007605,1710.9999999999998,0.8939393939393939,472,17,39
draw_07344,2192.238730987301,1758.1249999999998,0.9185606060606061,485,7,36
draw_07345,2179.8146390424495,1765.3749999999998,0.9223484848484849,487,19,22
draw_07346,2165.7735189607356,1739.9999999999998,0.9090909090909091,480,15,33
draw_07347,2187.4140336286487,1747.2499999999998,0.9128787878787878,482,16,30
draw_07348,2054.4233158801962,1678.3749999999998,0.8768939393939394,463,16,49
draw_07349,2223.124991460244,1714.6249999999998,0.8958333333333334,473,15,40
draw_07350,2326.781811377845,1758.1249999999998,0.9185606060606061,485,14,29
draw_07351,2137.0253889602586,1660.2499999999998,0.8674242424242424,458,20,50
draw_07352,2093.3645034107926,1598.6249999999998,0.8352272727272727,441,15,72
draw_07353,2088.438855371274,1696.4999999999998,0.8863636363636364,468,24,36
draw_07354,2180.1600992706817,1710.9999999999998,0.8939393939393939,472,19,37
draw_07355,2121.8991542414738,1685.6249999999998,0.8806818181818182,465,25,38
draw_07356,2116.058429153257,1718.2499999999998,0.8977272727272727,474,28,26
draw_07357,2263.4497464858036,1718.2499999999998,0.8977272727272727,474,16,38
draw_07358,2183.4116417086784,1783.4999999999998,0.9318181818181818,492,14,22
draw_07359,1902.1103760179008,1692.8749999999998,0.884469696969697,467,29,32
draw_07360,2078.3738069969286,1558.7499999999998,0.8143939393939394,430,23,75
draw_07361,2256.541091711933,1685.6249999999998,0.8806818181818182,465,20,43
draw_07362,2212.691707362249,1743.6249999999998,0.9109848484848485,481,6,41
draw_07363,2299.3600529865394,1681.9999999999998,0.8787878787878788,464,19,45
draw_07364,2359.098709704097,1797.9999999999998,0.9393939393939394,496,6,26
draw_07365,2193.537254053406,1671.1249999999998,0.8731060606060606,461,15,52
draw_07366,2282.9146330922135,1783.4999999999998,0.9318181818181818,492,11,25
draw_07367,2391.410783742488,1754.4999999999998,0.9166666666666666,484,16,28
draw_07368,2244.249750508697,1678.3749999999998,0.8768939393939394,463,16,49
draw_07369,2251.169500655467,1739.9999999999998,0.9090909090909091,480,18,30
draw_07370,2234.6650893110436,1645.7499999999998,0.8598484848484849,454,13,61
draw_07371,2200.659256589737,1739.9999999999998,0.9090909090909091,480,4,44
draw_07372,2307.6604094812706,1758.1249999999998,0.9185606060606061,485,8,35
draw_07373,2200.7918503686124,1692.8749999999998,0.884469696969697,467,6,55
draw_07374,2207.649068475717,1689.2499999999998,0.8825757575757576,466,24,38
draw_07375,2063.980562927459,1721.8749999999998,0.8996212121212122,475,17,36
draw_07376,2058.44665243277,1689.2499999999998,0.8825757575757576,466,20,42
draw_07377,2219.8813064887822,1645.7499999999998,0.8598484848484849,454,13,61
draw_07378,2159.7181985672746,1660.2499999999998,0.8674242424242424,458,19,51
draw_07379,2446.8982035321887,1794.3749999999998,0.9375,495,9,24
draw_07380,2170.7546367940763,1703.7499999999998,0.8901515151515151,470,19,39
draw_07381,2116.5724120674413,1750.8749999999998,0.9147727272727273,483,14,31
draw_07382,2128.530899738949,1725.4999999999998,0.9015151515151515,476,14,38
draw_07383,2028.1142393307034,1562.3749999999998,0.8162878787878788,431,21,76
draw_07384,2105.714219664391,1729.1249999999998,0.9034090909090909,477,19,32
draw_07385,2225.225761795437,1681.9999999999998,0.8787878787878788,464,12,52
draw_07386,2146.1625766297234,1681.9999999999998,0.8787878787878788,464,8,56
draw_07387,2317.4212745291416,1681.9999999999998,0.8787878787878788,464,18,46
draw_07388,2050.6845927965983,1703.7499999999998,0.8901515151515151,470,10,48
draw_07389,2239.1496933204676,1765.3749999999998,0.9223484848484849,487,13,28
draw_07390,2375.1948706713592,1696.4999999999998,0.8863636363636364,468,20,40
draw_07391,2208.538941887973,1721.8749999999998,0.8996212121212122,475,12,41
draw_07392,2236.7548264274064,1790.7499999999998,0.9356060606060606,494,5,29
draw_07393,2143.652699675286,1649.3749999999998,0.8617424242424242,455,31,42
draw_07394,1989.5776277247126,1736.3749999999998,0.9071969696969697,479,21,28
draw_07395,2081.0118475569006,1689.2499999999998,0.8825757575757576,466,21,41
draw_07396,1990.3495326755003,1725.4999999999998,0.9015151515151515,476,13,39
draw_07397,2207.8143322214105,1678.3749999999998,0.8768939393939394,463,21,44
draw_07398,1903.110205367502,1739.9999999999998,0.9090909090909091,480,3,45
draw_07399,2418.0393946074596,1700.1249999999998,0.8882575757575758,469,13,46
draw_07400,2227.5883984358247,1710.9999999999998,0.8939393939393939,472,13,43
draw_07401,2256.3827557700893,1674.7499999999998,0.875,462,17,49
draw_07402,2092.3468578054926,1696.4999999999998,0.8863636363636364,468,12,48
draw_07403,2037.4056846908989,1718.2499999999998,0.8977272727272727,474,24,30
draw_07404,2461.97669059112,1790.7499999999998,0.9356060606060606,494,12,22
draw_07405,2035.479978644205,1656.6249999999998,0.865530303030303,457,25,46
draw_07406,2101.246496854859,1732.7499999999998,0.9053030303030303,478,7,43
draw_07407,2285.558775363453,1710.9999999999998,0.8939393939393939,472,18,38
draw_07408,2204.6461927044857,1681.9999999999998,0.8787878787878788,464,15,49
draw_07409,2262.751892814185,1779.8749999999998,0.9299242424242424,491,18,19
draw_07410,1993.515294243398,1710.9999999999998,0.8939393939393939,472,11,45
draw_07411,2313.058426471777,1678.3749999999998,0.8768939393939394,463,20,45
draw_07412,2351.760978536985,1768.9999999999998,0.9242424242424242,488,17,23
draw_07413,2168.896226593254,1703.7499999999998,0.8901515151515151,470,13,45
draw_07414,2158.673735482961,1714.6249999999998,0.8958333333333334,473,10,45
draw_07415,2217.596113401056,1776.2499999999998,0.928030303030303,490,15,23
draw_07416,2384.582667436536,1689.2499999999998,0.8825757575757576,466,19,43
draw_07417,2152.810296119716,1642.1249999999998,0.8579545454545454,453,10,65
draw_07418,2235.2874572116284,1634.8749999999998,0.8541666666666666,451,15,62
draw_07419,2247.0733567455504,1758.1249999999998,0.9185606060606061,485,7,36
draw_07420,2021.428339947971,1678.3749999999998,0.8768939393939394,463,16,49
draw_07421,1976.0802511390027,1689.2499999999998,0.8825757575757576,466,12,50
draw_07422,2262.3005481773935,1649.3749999999998,0.8617424242424242,455,18,55
draw_07423,2352.8236111295105,1747.2499999999998,0.9128787878787878,482,16,30
draw_07424,2317.8709017825117,1768.9999999999998,0.9242424242424242,488,7,33
draw_07425,2408.510988633827,1779.8749999999998,0.9299242424242424,491,14,23
draw_07426,2214.726463463317,1783.4999999999998,0.9318181818181818,492,16,20
draw_07427,2039.4971408977206,1652.9999999999998,0.8636363636363636,456,22,50
draw_07428,2102.0176579811477,1725.4999999999998,0.9015151515151515,476,17,35
draw_07429,2389.560472010707,1729.1249999999998,0.9034090909090909,477,16,35
draw_07430,2326.1376155245166,1718.2499999999998,0.8977272727272727,474,16,38
draw_07431,2260.220441543084,1707.3749999999998,0.8920454545454546,471,14,43
draw_07432,2141.9034019249575,1700.1249999999998,0.8882575757575758,469,14,45
draw_07433,2121.3696927479054,1656.6249999999998,0.865530303030303,457,17,54
draw_07434,2110.8977096406097,1696.4999999999998,0.8863636363636364,468,14,46
draw_07435,2206.6120187365486,1707.3749999999998,0.8920454545454546,471,14,43
draw_07436,2287.3361300913075,1776.2499999999998,0.928030303030303,490,11,27
draw_07437,2080.6840488606017,1721.8749999999998,0.8996212121212122,475,12,41
draw_07438,2088.8837873753387,1743.6249999999998,0.9109848484848485,481,15,32
draw_07439,2260.917351232462,1816.1249999999998,0.9488636363636364,501,10,17
draw_07440,2399.599997423097,1660.2499999999998,0.8674242424242424,458,19,51
draw_07441,2065.5870499440816,1732.7499999999998,0.9053030303030303,478,17,33
draw_07442,2276.578905848472,1783.4999999999998,0.9318181818181818,492,10,26
draw_07443,2088.2361991577914,1714.6249999999998,0.8958333333333334,473,12,43
draw_07444,2037.7369543424143,1652.9999999999998,0.8636363636363636,456,30,42
draw_07445,2068.0683954665815,1594.9999999999998,0.8333333333333334,440,18,70
draw_07446,2050.5863550971285,1671.1249999999998,0.8731060606060606,461,20,47
draw_07447,2172.575558422554,1685.6249999999998,0.8806818181818182,465,22,41
draw_07448,2193.484189072806,1736.3749999999998,0.9071969696969697,479,13,36
draw_07449,2061.2665058461707,1660.2499999999998,0.8674242424242424,458,19,51
draw_07450,2188.0461808092905,1721.8749999999998,0.8996212121212122,475,21,32
draw_07451,2396.765502593496,1805.2499999999998,0.9431818181818182,498,8,22
draw_07452,2222.74053024834,1750.8749999999998,0.9147727272727273,483,12,33
draw_07453,2220.1027627193203,1689.2499999999998,0.8825757575757576,466,21,41
draw_07454,2108.3726964203565,1692.8749999999998,0.884469696969697,467,19,42
draw_07455,1961.8038972920426,1565.9999999999998,0.8181818181818182,432,22,74
draw_07456,2129.445957657555,1623.9999999999998,0.8484848484848485,448,33,47
draw_07457,2333.4312752722135,1801.6249999999998,0.9412878787878788,497,15,16
draw_07458,2023.5325771908513,1725.4999999999998,0.9015151515151515,476,13,39
draw_07459,2137.811917030529,1721.8749999999998,0.8996212121212122,475,20,33
draw_07460,2099.5287023300157,1671.1249999999998,0.8731060606060606,461,26,41
draw_07461,1922.5195284832837,1667.4999999999998,0.8712121212121212,460,25,43
draw_07462,2225.7083702371283,1754.4999999999998,0.9166666666666666,484,10,34
draw_07463,2230.7645048797176,1768.9999999999998,0.9242424242424242,488,8,32
draw_07464,2449.629280938743,1794.3749999999998,0.9375,495,15,18
draw_07465,2372.931546412894,1721.8749999999998,0.8996212121212122,475,13,40
draw_07466,2074.8631827390523,1678.3749999999998,0.8768939393939394,463,15,50
draw_07467,1884.2543338615762,1652.9999999999998,0.8636363636363636,456,12,60
draw_07468,2456.814553245894,1787.1249999999998,0.9337121212121212,493,13,22
draw_07469,2358.015884214601,1758.1249999999998,0.9185606060606061,485,15,28
draw_07470,2287.213778245779,1710.9999999999998,0.8939393939393939,472,23,33
draw_07471,2175.965211985243,1642.1249999999998,0.8579545454545454,453,25,50
draw_07472,2329.1939220268855,1754.4999999999998,0.9166666666666666,484,23,21
draw_07473,2155.2987699195505,1768.9999999999998,0.9242424242424242,488,12,28
draw_07474,2150.6497882441618,1739.9999999999998,0.9090909090909091,480,17,31
draw_07475,2221.556330352318,1678.3749999999998,0.8768939393939394,463,16,49
draw_07476,2234.835443064187,1758.1249999999998,0.9185606060606061,485,8,35
draw_07477,2006.9623240364026,1692.8749999999998,0.884469696969697,467,18,43
draw_07478,2002.0205441640117,1623.9999999999998,0.8484848484848485,448,27,53
draw_07479,2494.626036160711,1819.7499999999998,0.9507575757575758,502,10,16
draw_07480,2209.9061557670557,1787.1249999999998,0.9337121212121212,493,5,30
draw_07481,2105.7436032208066,1652.9999999999998,0.8636363636363636,456,27,45
draw_07482,2231.6163084987443,1703.7499999999998,0.8901515151515151,470,7,51
draw_07483,2111.6727065484206,1725.4999999999998,0.9015151515151515,476,9,43
draw_07484,2335.700801539373,1739.9999999999998,0.9090909090909091,480,7,41
draw_07485,2054.872655359253,1627.6249999999998,0.8503787878787878,449,23,56
draw_07486,2174.4118215635654,1663.8749999999998,0.8693181818181818,459,23,46
draw_07487,2347.679465687902,1790.7499999999998,0.9356060606060606,494,9,25
draw_07488,2182.615481636444,1605.8749999999998,0.8390151515151515,443,22,63
draw_07489,2290.353779170907,1710.9999999999998,0.8939393939393939,472,19,37
draw_07490,2298.5082363083134,1787.1249999999998,0.9337121212121212,493,9,26
draw_07491,1988.077060244091,1667.4999999999998,0.8712121212121212,460,13,55
draw_07492,2106.8284378806047,1776.2499999999998,0.928030303030303,490,14,24
draw_07493,2116.936837461461,1718.2499999999998,0.8977272727272727,474,13,41
draw_07494,2025.6434188753667,1671.1249999999998,0.8731060606060606,461,22,45
draw_07495,2298.1796045594942,1772.6249999999998,0.9261363636363636,489,7,32
draw_07496,2274.4329875458957,1754.4999999999998,0.9166666666666666,484,16,28
draw_07497,2039.9471556023489,1620.3749999999998,0.8465909090909091,447,14,67
draw_07498,2049.027429427315,1613.1249999999998,0.8428030303030303,445,20,63
draw_07499,2147.8985851029347,1765.3749999999998,0.9223484848484849,487,9,32
draw_07500,2308.3726685207475,1739.9999999999998,0.9090909090909091,480,7,41
draw_07501,2136.0357725226677,1732.7499999999998,0.9053030303030303,478,13,37
draw_07502,2450.3810524389087,1808.8749999999998,0.9450757575757576,499,11,18
draw_07503,2231.405130397051,1732.7499999999998,0.9053030303030303,478,20,30
draw_07504,2011.4894548214656,1729.1249999999998,0.9034090909090909,477,5,46
draw_07505,2123.0486083251894,1739.9999999999998,0.9090909090909091,480,15,33
draw_07506,1993.4844462679791,1681.9999999999998,0.8787878787878788,464,11,53
draw_07507,2260.7188794943395,1761.7499999999998,0.9204545454545454,486,16,26
draw_07508,2271.182978631547,1681.9999999999998,0.8787878787878788,464,15,49
draw_07509,2118.2152624159335,1739.9999999999998,0.9090909090909091,480,12,36
draw_07510,2317.61613847652,1729.1249999999998,0.9034090909090909,477,12,39
draw_07511,2124.894639409642,1772.6249999999998,0.9261363636363636,489,9,30
draw_07512,2187.8529914841424,1729.1249999999998,0.9034090909090909,477,17,34
draw_07513,2250.707693519892,1787.1249999999998,0.9337121212121212,493,12,23
draw_07514,2410.4912401787346,1721.8749999999998,0.8996212121212122,475,20,33
draw_07515,2400.7893544282188,1797.9999999999998,0.9393939393939394,496,19,13
draw_07516,2315.951790822787,1747.2499999999998,0.9128787878787878,482,15,31
draw_07517,2267.8887100644033,1765.3749999999998,0.9223484848484849,487,17,24
draw_07518,2136.778159494648,1747.2499999999998,0.9128787878787878,482,20,26
draw_07519,2267.2389269592213,1776.2499999999998,0.928030303030303,490,15,23
draw_07520,2029.0383478009078,1681.9999999999998,0.8787878787878788,464,9,55
draw_07521,2269.9385027683393,1721.8749999999998,0.8996212121212122,475,19,34
draw_07522,1989.401671404579,1627.6249999999998,0.8503787878787878,449,9,70
draw_07523,2330.360651948532,1779.8749999999998,0.9299242424242424,491,13,24
draw_07524,2254.952651316146,1703.7499999999998,0.8901515151515151,470,21,37
draw_07525,2204.118531536137,1729.1249999999998,0.9034090909090909,477,22,29
draw_07526,2335.5671789398257,1754.4999999999998,0.9166666666666666,484,11,33
draw_07527,2237.1494629404306,1739.9999999999998,0.9090909090909091,480,23,25
draw_07528,2284.91684145614,1627.6249999999998,0.8503787878787878,449,24,55
draw_07529,2189.5235071363454,1747.2499999999998,0.9128787878787878,482,10,36
draw_07530,1863.6463585949525,1620.3749999999998,0.8465909090909091,447,10,71
draw_07531,2163.2216339440756,1725.4999999999998,0.9015151515151515,476,18,34
draw_07532,2282.671605855368,1674.7499999999998,0.875,462,16,50
draw_07533,2045.6672490417445,1692.8749999999998,0.884469696969697,467,12,49
draw_07534,2288.995688163995,1787.1249999999998,0.9337121212121212,493,8,27
draw_07535,2351.614392248952,1747.2499999999998,0.9128787878787878,482,13,33
draw_07536,2344.1993253645137,1685.6249999999998,0.8806818181818182,465,15,48
draw_07537,2120.7717373263254,1681.9999999999998,0.8787878787878788,464,16,48
draw_07538,2192.8570502437706,1638.4999999999998,0.8560606060606061,452,23,53
draw_07539,2076.0331500167827,1631.2499999999998,0.8522727272727273,450,20,58
draw_07540,2281.7721825260046,1663.8749999999998,0.8693181818181818,459,21,48
draw_07541,2161.024804274137,1656.6249999999998,0.865530303030303,457,20,51
draw_07542,2515.970053795793,1721.8749999999998,0.8996212121212122,475,9,44
draw_07543,2317.3303401426488,1732.7499999999998,0.9053030303030303,478,13,37
draw_07544,2073.9349070204357,1707.3749999999998,0.8920454545454546,471,18,39
draw_07545,2380.0067998284117,1761.7499999999998,0.9204545454545454,486,21,21
draw_07546,2349.207303496841,1710.9999999999998,0.8939393939393939,472,17,39
draw_07547,2107.414225261006,1703.7499999999998,0.8901515151515151,470,19,39
draw_07548,2141.2214479527224,1750.8749999999998,0.9147727272727273,483,16,29
draw_07549,2188.942559618067,1660.2499999999998,0.8674242424242424,458,24,46
draw_07550,2136.796826408671,1674.7499999999998,0.875,462,12,54
draw_07551,2188.955314296622,1772.6249999999998,0.9261363636363636,489,15,24
draw_07552,2126.197233772323,1732.7499999999998,0.9053030303030303,478,14,36
draw_07553,2157.0869879322863,1714.6249999999998,0.8958333333333334,473,16,39
draw_07554,2003.566639626064,1692.8749999999998,0.884469696969697,467,7,54
draw_07555,2274.3492132206393,1718.2499999999998,0.8977272727272727,474,17,37
draw_07556,2253.768908849166,1819.7499999999998,0.9507575757575758,502,10,16
draw_07557,2063.298945755752,1729.1249999999998,0.9034090909090909,477,16,35
draw_07558,2321.444660316389,1696.4999999999998,0.8863636363636364,468,11,49
draw_07559,2120.9780131002303,1743.6249999999998,0.9109848484848485,481,15,32
draw_07560,2137.9084571722287,1649.3749999999998,0.8617424242424242,455,13,60
draw_07561,2381.032445482443,1768.9999999999998,0.9242424242424242,488,11,29
draw_07562,2052.5763931200036,1671.1249999999998,0.8731060606060606,461,12,55
draw_07563,2175.144781988215,1750.8749999999998,0.9147727272727273,483,11,34
draw_07564,2189.1062276082116,1700.1249999999998,0.8882575757575758,469,6,53
draw_07565,2140.0731966304993,1681.9999999999998,0.8787878787878788,464,16,48
draw_07566,2256.5129434117016,1696.4999999999998,0.8863636363636364,468,11,49
draw_07567,2280.929078381208,1645.7499999999998,0.8598484848484849,454,23,51
draw_07568,2338.537720660642,1765.3749999999998,0.9223484848484849,487,14,27
draw_07569,2254.4333479072684,1754.4999999999998,0.9166666666666666,484,6,38
draw_07570,2336.7423566993407,1696.4999999999998,0.8863636363636364,468,20,40
draw_07571,2176.4208960386645,1739.9999999999998,0.9090909090909091,480,20,28
draw_07572,2164.8954340706036,1663.8749999999998,0.8693181818181818,459,11,58
draw_07573,2431.931383433546,1729.1249999999998,0.9034090909090909,477,24,27
draw_07574,2221.4950098238332,1707.3749999999998,0.8920454545454546,471,14,43
draw_07575,2228.1358438774346,1689.2499999999998,0.8825757575757576,466,15,47
draw_07576,1891.504427797132,1638.4999999999998,0.8560606060606061,452,14,62
draw_07577,2384.408586563312,1787.1249999999998,0.9337121212121212,493,16,19
draw_07578,2367.549562438942,1721.8749999999998,0.8996212121212122,475,6,47
draw_07579,2215.4830796323017,1754.4999999999998,0.9166666666666666,484,9,35
draw_07580,2079.072712374502,1645.7499999999998,0.8598484848484849,454,27,47
draw_07581,2269.6678638787894,1758.1249999999998,0.9185606060606061,485,12,31
draw_07582,2251.0512562331915,1747.2499999999998,0.9128787878787878,482,12,34
draw_07583,2351.140586592893,1794.3749999999998,0.9375,495,9,24
draw_07584,2188.337033127745,1707.3749999999998,0.8920454545454546,471,22,35
draw_07585,2377.609469957349,1732.7499999999998,0.9053030303030303,478,18,32
draw_07586,2161.8856816287525,1678.3749999999998,0.8768939393939394,463,19,46
draw_07587,2012.3922757468195,1674.7499999999998,0.875,462,16,50
draw_07588,2293.747614590659,1819.7499999999998,0.9507575757575758,502,8,18
draw_07589,2219.82775791756,1696.4999999999998,0.8863636363636364,468,17,43
draw_07590,2370.7136211933207,1725.4999999999998,0.9015151515151515,476,23,29
draw_07591,2201.3635332259996,1692.8749999999998,0.884469696969697,467,15,46
draw_07592,2128.919880805969,1736.3749999999998,0.9071969696969697,479,19,30
draw_07593,2334.1779285740017,1707.3749999999998,0.8920454545454546,471,12,45
draw_07594,2167.2458562675024,1700.1249999999998,0.8882575757575758,469,11,48
draw_07595,2275.471681876003,1790.7499999999998,0.9356060606060606,494,8,26
draw_07596,2465.6121282351246,1790.7499999999998,0.9356060606060606,494,14,20
draw_07597,2290.520828305916,1703.7499999999998,0.8901515151515151,470,20,38
draw_07598,2200.8593489961836,1739.9999999999998,0.9090909090909091,480,16,32
draw_07599,2221.761496263321,1754.4999999999998,0.9166666666666666,484,7,37
draw_07600,2128.191039938077,1754.4999999999998,0.9166666666666666,484,7,37
draw_07601,1990.5653235673892,1652.9999999999998,0.8636363636363636,456,14,58
draw_07602,2347.7352051096295,1783.4999999999998,0.9318181818181818,492,13,23
draw_07603,2221.8010279698865,1754.4999999999998,0.9166666666666666,484,18,26
draw_07604,2405.8450465923884,1772.6249999999998,0.9261363636363636,489,15,24
draw_07605,2136.8908778338746,1678.3749999999998,0.8768939393939394,463,16,49
draw_07606,2134.4013908289444,1674.7499999999998,0.875,462,14,52
draw_07607,2153.5244594630853,1714.6249999999998,0.8958333333333334,473,15,40
draw_07608,1869.9134179799312,1598.6249999999998,0.8352272727272727,441,16,71
draw_07609,2066.4200322381466,1707.3749999999998,0.8920454545454546,471,20,37
draw_07610,2285.1104583610218,1772.6249999999998,0.9261363636363636,489,10,29
draw_07611,2133.370495291314,1660.2499999999998,0.8674242424242424,458,14,56
draw_07612,2429.8977064457877,1783.4999999999998,0.9318181818181818,492,11,25
draw_07613,2215.8834169626016,1729.1249999999998,0.9034090909090909,477,19,32
draw_07614,1977.6292867010054,1634.8749999999998,0.8541666666666666,451,30,47
draw_07615,2303.255319759629,1747.2499999999998,0.9128787878787878,482,12,34
draw_07616,2156.1449393443554,1743.6249999999998,0.9109848484848485,481,11,36
draw_07617,2050.858815551669,1729.1249999999998,0.9034090909090909,477,14,37
draw_07618,2204.4824304498043,1663.8749999999998,0.8693181818181818,459,24,45
draw_07619,2154.8786958510846,1714.6249999999998,0.8958333333333334,473,14,41
draw_07620,2280.161984403132,1725.4999999999998,0.9015151515151515,476,12,40
draw_07621,2234.0195683818642,1823.3749999999998,0.9526515151515151,503,6,19
draw_07622,2364.6150483234314,1747.2499999999998,0.9128787878787878,482,14,32
draw_07623,2065.797051444164,1689.2499999999998,0.8825757575757576,466,20,42
draw_07624,2195.315662227691,1718.2499999999998,0.8977272727272727,474,16,38
draw_07625,1995.3351173508956,1649.3749999999998,0.8617424242424242,455,22,51
draw_07626,1877.532673299949,1558.7499999999998,0.8143939393939394,430,21,77
draw_07627,2071.7653363656877,1696.4999999999998,0.8863636363636364,468,26,34
draw_07628,2129.37968599642,1660.2499999999998,0.8674242424242424,458,6,64
draw_07629,2096.419608586721,1710.9999999999998,0.8939393939393939,472,15,41
draw_07630,2272.46252302599,1714.6249999999998,0.8958333333333334,473,11,44
draw_07631,2079.806443259491,1692.8749999999998,0.884469696969697,467,11,50
draw_07632,2302.5484960164895,1765.3749999999998,0.9223484848484849,487,14,27
draw_07633,2083.849194801195,1667.4999999999998,0.8712121212121212,460,7,61
draw_07634,2183.4606378159556,1710.9999999999998,0.8939393939393939,472,23,33
draw_07635,1970.363397108061,1692.8749999999998,0.884469696969697,467,16,45
draw_07636,2142.4952451096055,1732.7499999999998,0.9053030303030303,478,15,35
draw_07637,2024.4725760224762,1718.2499999999998,0.8977272727272727,474,20,34
draw_07638,2310.593219558971,1739.9999999999998,0.9090909090909091,480,12,36
draw_07639,2284.8518366291473,1758.1249999999998,0.9185606060606061,485,14,29
draw_07640,2296.2301605676257,1794.3749999999998,0.9375,495,9,24
draw_07641,2143.7620408799944,1580.4999999999998,0.8257575757575758,436,22,70
draw_07642,2337.6303968268207,1739.9999999999998,0.9090909090909091,480,16,32
draw_07643,2283.127532940705,1678.3749999999998,0.8768939393939394,463,27,38
draw_07644,2198.5153221486034,1729.1249999999998,0.9034090909090909,477,12,39
draw_07645,2190.484329721352,1638.4999999999998,0.8560606060606061,452,19,57
draw_07646,2159.3537318960794,1681.9999999999998,0.8787878787878788,464,17,47
draw_07647,2367.592518470445,1779.8749999999998,0.9299242424242424,491,16,21
draw_07648,2172.7690763185924,1707.3749999999998,0.8920454545454546,471,14,43
draw_07649,2021.1175105376888,1729.1249999999998,0.9034090909090909,477,4,47
draw_07650,2359.3948116128813,1758.1249999999998,0.9185606060606061,485,19,24
draw_07651,2084.1588948092603,1761.7499999999998,0.9204545454545454,486,9,33
draw_07652,2178.2091233864203,1718.2499999999998,0.8977272727272727,474,9,45
draw_07653,2369.960115769475,1765.3749999999998,0.9223484848484849,487,13,28
draw_07654,2168.863385409576,1739.9999999999998,0.9090909090909091,480,12,36
draw_07655,2176.7283346124404,1721.8749999999998,0.8996212121212122,475,10,43
draw_07656,2170.004846885856,1656.6249999999998,0.865530303030303,457,12,59
draw_07657,2183.1369917913376,1696.4999999999998,0.8863636363636364,468,22,38
draw_07658,2306.680763231,1768.9999999999998,0.9242424242424242,488,8,32
draw_07659,2188.9729607020076,1645.7499999999998,0.8598484848484849,454,24,50
draw_07660,2136.273114013143,1703.7499999999998,0.8901515151515151,470,26,32
draw_07661,2202.8178669217605,1743.6249999999998,0.9109848484848485,481,9,38
draw_07662,2197.093347835871,1801.6249999999998,0.9412878787878788,497,11,20
draw_07663,2152.1658434449587,1772.6249999999998,0.9261363636363636,489,8,31
draw_07664,2096.359124387243,1652.9999999999998,0.8636363636363636,456,27,45
draw_07665,2000.266724751283,1671.1249999999998,0.8731060606060606,461,17,50
draw_07666,2165.7642167559834,1794.3749999999998,0.9375,495,15,18
draw_07667,2097.3799096980847,1703.7499999999998,0.8901515151515151,470,17,41
draw_07668,2008.2182563175068,1736.3749999999998,0.9071969696969697,479,8,41
draw_07669,2278.6196500377446,1696.4999999999998,0.8863636363636364,468,22,38
draw_07670,2454.0153142815707,1826.9999999999998,0.9545454545454546,504,9,15
draw_07671,1985.3194985483287,1642.1249999999998,0.8579545454545454,453,19,56
draw_07672,2266.7881850077642,1729.1249999999998,0.9034090909090909,477,13,38
draw_07673,2218.374085628086,1816.1249999999998,0.9488636363636364,501,16,11
draw_07674,2518.6895115684397,1779.8749999999998,0.9299242424242424,491,12,25
draw_07675,2354.115907098207,1816.1249999999998,0.9488636363636364,501,5,22
draw_07676,2213.905714582852,1721.8749999999998,0.8996212121212122,475,12,41
draw_07677,2138.635735282227,1721.8749999999998,0.8996212121212122,475,19,34
draw_07678,2342.5141621429725,1779.8749999999998,0.9299242424242424,491,13,24
draw_07679,2300.7084665429015,1681.9999999999998,0.8787878787878788,464,24,40
draw_07680,2061.569934103364,1674.7499999999998,0.875,462,23,43
draw_07681,2187.8394879176317,1703.7499999999998,0.8901515151515151,470,11,47
draw_07682,2378.9216197557375,1739.9999999999998,0.9090909090909091,480,11,37
draw_07683,2171.9733292527185,1689.2499999999998,0.8825757575757576,466,13,49
draw_07684,2162.5148306333663,1725.4999999999998,0.9015151515151515,476,10,42
draw_07685,2125.145065961507,1736.3749999999998,0.9071969696969697,479,16,33
draw_07686,2298.530951763784,1714.6249999999998,0.8958333333333334,473,22,33
draw_07687,2423.651356963738,1736.3749999999998,0.9071969696969697,479,13,36
draw_07688,2123.7735116748036,1620.3749999999998,0.8465909090909091,447,23,58
draw_07689,2219.8308361025643,1718.2499999999998,0.8977272727272727,474,14,40
draw_07690,2242.844207490156,1725.4999999999998,0.9015151515151515,476,14,38
draw_07691,2156.106667046781,1794.3749999999998,0.9375,495,18,15
draw_07692,2429.990029901312,1732.7499999999998,0.9053030303030303,478,18,32
draw_07693,2157.4999045696186,1700.1249999999998,0.8882575757575758,469,14,45
draw_07694,2302.5913673641116,1790.7499999999998,0.9356060606060606,494,9,25
draw_07695,2388.986767363968,1779.8749999999998,0.9299242424242424,491,11,26
draw_07696,2262.5863406697945,1692.8749999999998,0.884469696969697,467,9,52
draw_07697,2163.173693927224,1645.7499999999998,0.8598484848484849,454,21,53
draw_07698,2046.5925730336628,1569.6249999999998,0.8200757575757576,433,24,71
draw_07699,2278.03411564278,1721.8749999999998,0.8996212121212122,475,19,34
draw_07700,1985.2405965756411,1689.2499999999998,0.8825757575757576,466,27,35
draw_07701,2049.6357808604703,1710.9999999999998,0.8939393939393939,472,11,45
draw_07702,2171.359678863449,1707.3749999999998,0.8920454545454546,471,11,46
draw_07703,2082.234643145851,1707.3749999999998,0.8920454545454546,471,15,42
draw_07704,2223.9303294239776,1761.7499999999998,0.9204545454545454,486,14,28
draw_07705,2483.0474799626986,1783.4999999999998,0.9318181818181818,492,14,22
draw_07706,1910.8107863593914,1645.7499999999998,0.8598484848484849,454,16,58
draw_07707,2130.853360076883,1696.4999999999998,0.8863636363636364,468,11,49
draw_07708,2024.2925639459959,1631.2499999999998,0.8522727272727273,450,26,52
draw_07709,2267.622224735687,1710.9999999999998,0.8939393939393939,472,17,39
draw_07710,2227.9609206425644,1761.7499999999998,0.9204545454545454,486,19,23
draw_07711,2045.3768944445005,1584.1249999999998,0.8276515151515151,437,31,60
draw_07712,2110.5072823753517,1732.7499999999998,0.9053030303030303,478,4,46
draw_07713,2239.616537275544,1707.3749999999998,0.8920454545454546,471,16,41
draw_07714,2272.5557388737716,1725.4999999999998,0.9015151515151515,476,13,39
draw_07715,2226.82520476999,1768.9999999999998,0.9242424242424242,488,17,23
draw_07716,2062.81166587528,1681.9999999999998,0.8787878787878788,464,29,35
draw_07717,2247.351831204462,1758.1249999999998,0.9185606060606061,485,20,23
draw_07718,2016.7556250928212,1645.7499999999998,0.8598484848484849,454,26,48
draw_07719,2437.6500017949106,1725.4999999999998,0.9015151515151515,476,17,35
draw_07720,2055.5967111928976,1674.7499999999998,0.875,462,15,51
draw_07721,2225.119221354462,1689.2499999999998,0.8825757575757576,466,21,41
draw_07722,2410.547760165119,1758.1249999999998,0.9185606060606061,485,15,28
draw_07723,2465.927545795321,1750.8749999999998,0.9147727272727273,483,13,32
draw_07724,2091.222122485423,1627.6249999999998,0.8503787878787878,449,24,55
draw_07725,2486.2633212625283,1794.3749999999998,0.9375,495,14,19
draw_07726,2116.7990891883774,1652.9999999999998,0.8636363636363636,456,19,53
draw_07727,2266.0382040608624,1656.6249999999998,0.865530303030303,457,23,48
draw_07728,2152.2268118247534,1678.3749999999998,0.8768939393939394,463,13,52
draw_07729,2307.680005535824,1779.8749999999998,0.9299242424242424,491,9,28
draw_07730,2090.8236172792326,1667.4999999999998,0.8712121212121212,460,15,53
draw_07731,2067.5908352488946,1736.3749999999998,0.9071969696969697,479,6,43
draw_07732,2215.8014959717366,1812.4999999999998,0.946969696969697,500,1,27
draw_07733,2336.82230895879,1681.9999999999998,0.8787878787878788,464,23,41
draw_07734,2338.5339346320393,1808.8749999999998,0.9450757575757576,499,7,22
draw_07735,2095.303972956891,1681.9999999999998,0.8787878787878788,464,19,45
draw_07736,1987.5325956323668,1645.7499999999998,0.8598484848484849,454,26,48
draw_07737,2020.904335234127,1681.9999999999998,0.8787878787878788,464,26,38
draw_07738,2286.6458218447106,1761.7499999999998,0.9204545454545454,486,11,31
draw_07739,2269.0871463431395,1783.4999999999998,0.9318181818181818,492,3,33
draw_07740,2084.433349099357,1591.3749999999998,0.8314393939393939,439,28,61
draw_07741,2268.2132094702965,1783.4999999999998,0.9318181818181818,492,11,25
draw_07742,2086.5641775006197,1631.2499999999998,0.8522727272727273,450,18,60
draw_07743,2186.884027439072,1696.4999999999998,0.8863636363636364,468,19,41
draw_07744,2082.074836997569,1638.4999999999998,0.8560606060606061,452,22,54
draw_07745,2382.704438542553,1732.7499999999998,0.9053030303030303,478,11,39
draw_07746,2279.1755997518044,1743.6249999999998,0.9109848484848485,481,18,29
draw_07747,2203.281625538634,1707.3749999999998,0.8920454545454546,471,21,36
draw_07748,2333.191544105006,1816.1249999999998,0.9488636363636364,501,15,12
draw_07749,2184.2010521129982,1714.6249999999998,0.8958333333333334,473,15,40
draw_07750,2097.9419800456376,1729.1249999999998,0.9034090909090909,477,8,43
draw_07751,2279.080800040935,1732.7499999999998,0.9053030303030303,478,19,31
draw_07752,2173.1518978328745,1696.4999999999998,0.8863636363636364,468,11,49
draw_07753,2147.955118854053,1649.3749999999998,0.8617424242424242,455,26,47
draw_07754,2141.0345178722987,1692.8749999999998,0.884469696969697,467,16,45
draw_07755,2192.873791489505,1743.6249999999998,0.9109848484848485,481,15,32
draw_07756,2268.1520025502823,1721.8749999999998,0.8996212121212122,475,12,41
draw_07757,2108.389113255752,1696.4999999999998,0.8863636363636364,468,16,44
draw_07758,2008.513072445002,1718.2499999999998,0.8977272727272727,474,17,37
draw_07759,2271.2343809724343,1692.8749999999998,0.884469696969697,467,20,41
draw_07760,2160.609746589036,1660.2499999999998,0.8674242424242424,458,23,47
draw_07761,2059.2918554290113,1710.9999999999998,0.8939393939393939,472,12,44
draw_07762,2360.0313606294967,1816.1249999999998,0.9488636363636364,501,7,20
draw_07763,2293.13813219768,1765.3749999999998,0.9223484848484849,487,11,30
draw_07764,2183.3175056103814,1696.4999999999998,0.8863636363636364,468,15,45
draw_07765,2078.210386775294,1656.6249999999998,0.865530303030303,457,26,45
draw_07766,2239.7436572538604,1714.6249999999998,0.8958333333333334,473,11,44
draw_07767,2205.372107182692,1714.6249999999998,0.8958333333333334,473,17,38
draw_07768,2158.1894490212017,1627.6249999999998,0.8503787878787878,449,23,56
draw_07769,2095.2765010124876,1721.8749999999998,0.8996212121212122,475,19,34
draw_07770,2163.864027653688,1758.1249999999998,0.9185606060606061,485,10,33
draw_07771,2247.724069577511,1689.2499999999998,0.8825757575757576,466,17,45
draw_07772,2097.3221485268236,1707.3749999999998,0.8920454545454546,471,16,41
draw_07773,2185.3656656278267,1703.7499999999998,0.8901515151515151,470,15,43
draw_07774,2028.7775524926715,1638.4999999999998,0.8560606060606061,452,5,71
draw_07775,2138.0726952313294,1747.2499999999998,0.9128787878787878,482,26,20
draw_07776,2210.3584844348197,1678.3749999999998,0.8768939393939394,463,31,34
draw_07777,2205.497058883457,1765.3749999999998,0.9223484848484849,487,14,27
draw_07778,2016.2353886403193,1685.6249999999998,0.8806818181818182,465,10,53
draw_07779,2316.6747358087846,1725.4999999999998,0.9015151515151515,476,18,34
draw_07780,2229.1854040424405,1710.9999999999998,0.8939393939393939,472,11,45
draw_07781,2239.4973352209518,1689.2499999999998,0.8825757575757576,466,13,49
draw_07782,2000.1891885834414,1663.8749999999998,0.8693181818181818,459,20,49
draw_07783,2077.012803836694,1685.6249999999998,0.8806818181818182,465,20,43
draw_07784,2179.8954141022678,1729.1249999999998,0.9034090909090909,477,14,37
draw_07785,2302.2713551251754,1783.4999999999998,0.9318181818181818,492,16,20
draw_07786,2242.6047707268635,1765.3749999999998,0.9223484848484849,487,24,17
draw_07787,2171.0730898149386,1739.9999999999998,0.9090909090909091,480,20,28
draw_07788,2110.3267419731837,1660.2499999999998,0.8674242424242424,458,18,52
draw_07789,2211.2316436640845,1739.9999999999998,0.9090909090909091,480,10,38
draw_07790,2173.2064576989114,1754.4999999999998,0.9166666666666666,484,8,36
draw_07791,2102.283096606142,1765.3749999999998,0.9223484848484849,487,6,35
draw_07792,2262.2153506064683,1689.2499999999998,0.8825757575757576,466,9,53
draw_07793,2093.969068793515,1747.2499999999998,0.9128787878787878,482,10,36
draw_07794,2247.6543838461243,1754.4999999999998,0.9166666666666666,484,15,29
draw_07795,2397.8003343103487,1700.1249999999998,0.8882575757575758,469,14,45
draw_07796,2241.5390134794015,1736.3749999999998,0.9071969696969697,479,14,35
draw_07797,2076.4212508803935,1620.3749999999998,0.8465909090909091,447,12,69
draw_07798,2209.096838203839,1736.3749999999998,0.9071969696969697,479,13,36
draw_07799,2119.0246915210737,1689.2499999999998,0.8825757575757576,466,22,40
draw_07800,2379.626451327555,1754.4999999999998,0.9166666666666666,484,14,30
draw_07801,2083.272518480963,1667.4999999999998,0.8712121212121212,460,16,52
draw_07802,2001.1174606218083,1649.3749999999998,0.8617424242424242,455,21,52
draw_07803,2082.3249399846186,1660.2499999999998,0.8674242424242424,458,13,57
draw_07804,2143.648488695102,1692.8749999999998,0.884469696969697,467,12,49
draw_07805,2109.2556267547534,1667.4999999999998,0.8712121212121212,460,13,55
draw_07806,2082.8547441615233,1703.7499999999998,0.8901515151515151,470,14,44
draw_07807,2044.3422631304165,1812.4999999999998,0.946969696969697,500,9,19
draw_07808,2328.442806120592,1750.8749999999998,0.9147727272727273,483,13,32
draw_07809,2276.2094668524546,1761.7499999999998,0.9204545454545454,486,12,30
draw_07810,2257.595012813554,1692.8749999999998,0.884469696969697,467,24,37
draw_07811,2327.8043896494705,1703.7499999999998,0.8901515151515151,470,26,32
draw_07812,2269.9404130129383,1667.4999999999998,0.8712121212121212,460,19,49
draw_07813,2245.37714046249,1754.4999999999998,0.9166666666666666,484,13,31
draw_07814,2347.784298424022,1739.9999999999998,0.9090909090909091,480,14,34
draw_07815,2191.616892360586,1714.6249999999998,0.8958333333333334,473,21,34
draw_07816,2096.7531312526626,1779.8749999999998,0.9299242424242424,491,15,22
draw_07817,2035.9409163773632,1602.2499999999998,0.8371212121212122,442,28,58
draw_07818,2080.409034455412,1689.2499999999998,0.8825757575757576,466,13,49
draw_07819,2363.0791020492643,1797.9999999999998,0.9393939393939394,496,6,26
draw_07820,2170.6456024445474,1707.3749999999998,0.8920454545454546,471,20,37
draw_07821,2144.84253594488,1765.3749999999998,0.9223484848484849,487,11,30
draw_07822,2230.2003269364063,1700.1249999999998,0.8882575757575758,469,15,44
draw_07823,2145.6136117289516,1732.7499999999998,0.9053030303030303,478,13,37
draw_07824,2281.9787553179867,1787.1249999999998,0.9337121212121212,493,12,23
draw_07825,2158.749436062539,1739.9999999999998,0.9090909090909091,480,13,35
draw_07826,2368.9035954937567,1754.4999999999998,0.9166666666666666,484,12,32
draw_07827,2335.58588613569,1696.4999999999998,0.8863636363636364,468,26,34
draw_07828,2047.866391340104,1663.8749999999998,0.8693181818181818,459,20,49
draw_07829,2169.840620010928,1696.4999999999998,0.8863636363636364,468,13,47
draw_07830,2181.29960282144,1703.7499999999998,0.8901515151515151,470,18,40
draw_07831,2153.021909700612,1685.6249999999998,0.8806818181818182,465,15,48
draw_07832,2071.32377251288,1750.8749999999998,0.9147727272727273,483,8,37
draw_07833,2271.261825758761,1725.4999999999998,0.9015151515151515,476,22,30
draw_07834,2254.713548891054,1794.3749999999998,0.9375,495,5,28
draw_07835,2147.4869916846883,1700.1249999999998,0.8882575757575758,469,19,40
draw_07836,1956.8742321167574,1671.1249999999998,0.8731060606060606,461,22,45
draw_07837,2364.8881712409675,1681.9999999999998,0.8787878787878788,464,21,43
draw_07838,2397.0647270120785,1685.6249999999998,0.8806818181818182,465,16,47
draw_07839,1917.6803262029218,1609.4999999999998,0.8409090909090909,444,25,59
draw_07840,1893.7776708249198,1594.9999999999998,0.8333333333333334,440,26,62
draw_07841,2165.2267975589925,1765.3749999999998,0.9223484848484849,487,15,26
draw_07842,2410.4808967227805,1812.4999999999998,0.946969696969697,500,5,23
draw_07843,2254.474163377683,1776.2499999999998,0.928030303030303,490,10,28
draw_07844,2307.956433527666,1710.9999999999998,0.8939393939393939,472,13,43
draw_07845,2180.042142910758,1692.8749999999998,0.884469696969697,467,18,43
draw_07846,2268.2363094290213,1747.2499999999998,0.9128787878787878,482,15,31
draw_07847,2265.7432244156757,1692.8749999999998,0.884469696969697,467,13,48
draw_07848,2256.6893071357135,1674.7499999999998,0.875,462,14,52
draw_07849,2401.4553169889837,1776.2499999999998,0.928030303030303,490,9,29
draw_07850,2213.487930930609,1703.7499999999998,0.8901515151515151,470,13,45
draw_07851,2212.3826669989276,1750.8749999999998,0.9147727272727273,483,9,36
draw_07852,2376.3840005100037,1859.6249999999998,0.9715909090909091,513,8,7
draw_07853,2258.0485365026852,1765.3749999999998,0.9223484848484849,487,13,28
draw_07854,2178.3177034155906,1739.9999999999998,0.9090909090909091,480,6,42
draw_07855,2067.186885318964,1692.8749999999998,0.884469696969697,467,18,43
draw_07856,2285.180136410632,1754.4999999999998,0.9166666666666666,484,18,26
draw_07857,2296.9768987703337,1725.4999999999998,0.9015151515151515,476,22,30
draw_07858,2403.0298900010093,1816.1249999999998,0.9488636363636364,501,2,25
draw_07859,2268.0216719961377,1714.6249999999998,0.8958333333333334,473,8,47
draw_07860,2229.550697265815,1725.4999999999998,0.9015151515151515,476,16,36
draw_07861,2233.398168598277,1685.6249999999998,0.8806818181818182,465,14,49
draw_07862,2195.1837769015706,1729.1249999999998,0.9034090909090909,477,11,40
draw_07863,2283.7791294549293,1725.4999999999998,0.9015151515151515,476,27,25
draw_07864,2175.7386781536206,1569.6249999999998,0.8200757575757576,433,28,67
draw_07865,2282.1241208645392,1703.7499999999998,0.8901515151515151,470,19,39
draw_07866,2208.6028540576453,1685.6249999999998,0.8806818181818182,465,15,48
draw_07867,2211.0164977334807,1736.3749999999998,0.9071969696969697,479,24,25
draw_07868,2048.4412603469345,1660.2499999999998,0.8674242424242424,458,26,44
draw_07869,2070.8260170576723,1681.9999999999998,0.8787878787878788,464,13,51
draw_07870,2145.3236654392044,1710.9999999999998,0.8939393939393939,472,16,40
draw_07871,2458.944403485903,1816.1249999999998,0.9488636363636364,501,8,19
draw_07872,2040.635145527344,1681.9999999999998,0.8787878787878788,464,21,43
draw_07873,2320.7416404878873,1765.3749999999998,0.9223484848484849,487,18,23
draw_07874,2160.4881256618164,1627.6249999999998,0.8503787878787878,449,13,66
draw_07875,2071.448151084715,1671.1249999999998,0.8731060606060606,461,11,56
draw_07876,2211.9669973439813,1779.8749999999998,0.9299242424242424,491,16,21
draw_07877,2324.829272779906,1700.1249999999998,0.8882575757575758,469,16,43
draw_07878,1991.470877866991,1678.3749999999998,0.8768939393939394,463,17,48
draw_07879,2224.1357509619324,1739.9999999999998,0.9090909090909091,480,14,34
draw_07880,2276.2704137508254,1768.9999999999998,0.9242424242424242,488,13,27
draw_07881,2031.9007926570375,1631.2499999999998,0.8522727272727273,450,18,60
draw_07882,2101.30625787927,1678.3749999999998,0.8768939393939394,463,7,58
draw_07883,2048.5589232496286,1623.9999999999998,0.8484848484848485,448,12,68
draw_07884,2107.6880450579247,1718.2499999999998,0.8977272727272727,474,12,42
draw_07885,2158.7034553453814,1743.6249999999998,0.9109848484848485,481,16,31
draw_07886,2101.9769602396123,1725.4999999999998,0.9015151515151515,476,22,30
draw_07887,2196.03002095741,1772.6249999999998,0.9261363636363636,489,7,32
draw_07888,2217.7722512551354,1743.6249999999998,0.9109848484848485,481,16,31
draw_07889,2031.8223972504215,1703.7499999999998,0.8901515151515151,470,21,37
draw_07890,2173.3283498929436,1729.1249999999998,0.9034090909090909,477,17,34
draw_07891,2091.3293916145426,1678.3749999999998,0.8768939393939394,463,20,45
draw_07892,2345.994352251916,1739.9999999999998,0.9090909090909091,480,17,31
draw_07893,2008.5237891932222,1584.1249999999998,0.8276515151515151,437,24,67
draw_07894,2086.0269252950984,1678.3749999999998,0.8768939393939394,463,19,46
draw_07895,2336.4929821225173,1671.1249999999998,0.8731060606060606,461,14,53
draw_07896,2039.020999666241,1652.9999999999998,0.8636363636363636,456,19,53
draw_07897,2123.6448223735097,1631.2499999999998,0.8522727272727273,450,31,47
draw_07898,1913.3505860106432,1663.8749999999998,0.8693181818181818,459,24,45
draw_07899,2171.160576516057,1743.6249999999998,0.9109848484848485,481,22,25
draw_07900,2037.8618548621089,1681.9999999999998,0.8787878787878788,464,19,45
draw_07901,2304.388012355983,1700.1249999999998,0.8882575757575758,469,22,37
draw_07902,2225.249747286388,1736.3749999999998,0.9071969696969697,479,12,37
draw_07903,2094.457209162729,1649.3749999999998,0.8617424242424242,455,16,57
draw_07904,2326.5166196602563,1700.1249999999998,0.8882575757575758,469,16,43
draw_07905,2230.758096339714,1765.3749999999998,0.9223484848484849,487,15,26
draw_07906,2022.3130882472155,1721.8749999999998,0.8996212121212122,475,10,43
draw_07907,2248.658628787884,1761.7499999999998,0.9204545454545454,486,15,27
draw_07908,2204.6416861769426,1747.2499999999998,0.9128787878787878,482,13,33
draw_07909,2079.9649147126893,1652.9999999999998,0.8636363636363636,456,8,64
draw_07910,2395.4883554416792,1758.1249999999998,0.9185606060606061,485,13,30
draw_07911,2293.442794004463,1750.8749999999998,0.9147727272727273,483,12,33
draw_07912,2051.734728489914,1783.4999999999998,0.9318181818181818,492,16,20
draw_07913,2270.9240645088603,1743.6249999999998,0.9109848484848485,481,9,38
draw_07914,2417.0633600052092,1794.3749999999998,0.9375,495,11,22
draw_07915,2138.104425558704,1591.3749999999998,0.8314393939393939,439,18,71
draw_07916,2195.1624180422414,1739.9999999999998,0.9090909090909091,480,12,36
draw_07917,2261.5269365677636,1725.4999999999998,0.9015151515151515,476,13,39
draw_07918,2101.4946411375167,1678.3749999999998,0.8768939393939394,463,6,59
draw_07919,2431.627622059079,1743.6249999999998,0.9109848484848485,481,4,43
draw_07920,2208.5499143156935,1663.8749999999998,0.8693181818181818,459,15,54
draw_07921,2095.9677072289805,1689.2499999999998,0.8825757575757576,466,14,48
draw_07922,2345.897148568022,1758.1249999999998,0.9185606060606061,485,14,29
draw_07923,2120.9481944712343,1667.4999999999998,0.8712121212121212,460,12,56
draw_07924,2550.0428607369627,1805.2499999999998,0.9431818181818182,498,7,23
draw_07925,2339.749287364303,1696.4999999999998,0.8863636363636364,468,12,48
draw_07926,2123.1376522930523,1732.7499999999998,0.9053030303030303,478,19,31
draw_07927,2103.2635881961564,1736.3749999999998,0.9071969696969697,479,12,37
draw_07928,2149.3541855390376,1729.1249999999998,0.9034090909090909,477,21,30
draw_07929,2127.1061966518296,1707.3749999999998,0.8920454545454546,471,14,43
draw_07930,2314.3824838258133,1710.9999999999998,0.8939393939393939,472,18,38
draw_07931,2127.90930292002,1750.8749999999998,0.9147727272727273,483,22,23
draw_07932,2131.2494333694976,1721.8749999999998,0.8996212121212122,475,12,41
draw_07933,2059.438824148565,1678.3749999999998,0.8768939393939394,463,15,50
draw_07934,2299.30443591564,1761.7499999999998,0.9204545454545454,486,11,31
draw_07935,2160.6384876071547,1649.3749999999998,0.8617424242424242,455,8,65
draw_07936,2241.792861560245,1681.9999999999998,0.8787878787878788,464,14,50
draw_07937,2303.5313917860108,1718.2499999999998,0.8977272727272727,474,8,46
draw_07938,2178.24226485712,1681.9999999999998,0.8787878787878788,464,18,46
draw_07939,2179.1905481429203,1656.6249999999998,0.865530303030303,457,22,49
draw_07940,2417.971237204364,1703.7499999999998,0.8901515151515151,470,13,45
draw_07941,2279.497274975702,1645.7499999999998,0.8598484848484849,454,30,44
draw_07942,2082.0714700463723,1761.7499999999998,0.9204545454545454,486,18,24
draw_07943,2261.051746684759,1750.8749999999998,0.9147727272727273,483,13,32
draw_07944,2155.1946865153477,1703.7499999999998,0.8901515151515151,470,13,45
draw_07945,2210.6747994841194,1718.2499999999998,0.8977272727272727,474,14,40
draw_07946,2174.913847585117,1696.4999999999998,0.8863636363636364,468,15,45
draw_07947,2225.612781556125,1627.6249999999998,0.8503787878787878,449,16,63
draw_07948,2165.8638728568985,1681.9999999999998,0.8787878787878788,464,24,40
draw_07949,2264.4619309211,1689.2499999999998,0.8825757575757576,466,19,43
draw_07950,2183.5212094631233,1816.1249999999998,0.9488636363636364,501,12,15
draw_07951,1995.7428040435545,1790.7499999999998,0.9356060606060606,494,5,29
draw_07952,2281.961817172687,1707.3749999999998,0.8920454545454546,471,10,47
draw_07953,2297.4590825608984,1692.8749999999998,0.884469696969697,467,18,43
draw_07954,2165.633119917093,1656.6249999999998,0.865530303030303,457,26,45
draw_07955,2136.3723503339365,1721.8749999999998,0.8996212121212122,475,25,28
draw_07956,2094.2483583825256,1729.1249999999998,0.9034090909090909,477,13,38
draw_07957,2057.0694711944525,1634.8749999999998,0.8541666666666666,451,20,57
draw_07958,2239.606247846563,1797.9999999999998,0.9393939393939394,496,9,23
draw_07959,2172.7180587738108,1714.6249999999998,0.8958333333333334,473,15,40
draw_07960,2185.998204775775,1689.2499999999998,0.8825757575757576,466,30,32
draw_07961,2189.0205903992855,1736.3749999999998,0.9071969696969697,479,17,32
draw_07962,2436.6701188785455,1805.2499999999998,0.9431818181818182,498,10,20
draw_07963,2162.3615582658026,1750.8749999999998,0.9147727272727273,483,14,31
draw_07964,2167.8133828200066,1645.7499999999998,0.8598484848484849,454,23,51
draw_07965,2262.581168743018,1779.8749999999998,0.9299242424242424,491,11,26
draw_07966,2366.136624359245,1805.2499999999998,0.9431818181818182,498,5,25
draw_07967,2152.6384816859345,1718.2499999999998,0.8977272727272727,474,18,36
draw_07968,2310.1440147464805,1747.2499999999998,0.9128787878787878,482,8,38
draw_07969,2208.6346229231126,1667.4999999999998,0.8712121212121212,460,20,48
draw_07970,2158.3207582163473,1725.4999999999998,0.9015151515151515,476,21,31
draw_07971,2191.8673234279177,1634.8749999999998,0.8541666666666666,451,11,66
draw_07972,2260.8078399510505,1768.9999999999998,0.9242424242424242,488,9,31
draw_07973,2458.4500521665464,1790.7499999999998,0.9356060606060606,494,10,24
draw_07974,2221.768835200198,1787.1249999999998,0.9337121212121212,493,8,27
draw_07975,2195.8613694911496,1674.7499999999998,0.875,462,18,48
draw_07976,2299.3556374791087,1794.3749999999998,0.9375,495,12,21
draw_07977,2099.988158292231,1783.4999999999998,0.9318181818181818,492,7,29
draw_07978,2189.041910657323,1721.8749999999998,0.8996212121212122,475,19,34
draw_07979,2073.9943427868357,1710.9999999999998,0.8939393939393939,472,7,49
draw_07980,2175.1871903085707,1696.4999999999998,0.8863636363636364,468,13,47
draw_07981,2175.7612009679906,1685.6249999999998,0.8806818181818182,465,16,47
draw_07982,2290.4633557701504,1710.9999999999998,0.8939393939393939,472,16,40
draw_07983,2417.623411677384,1689.2499999999998,0.8825757575757576,466,16,46
draw_07984,2097.029934440697,1591.3749999999998,0.8314393939393939,439,20,69
draw_07985,2104.552130738767,1685.6249999999998,0.8806818181818182,465,18,45
draw_07986,2129.6199446826627,1750.8749999999998,0.9147727272727273,483,19,26
draw_07987,2004.343402367282,1663.8749999999998,0.8693181818181818,459,22,47
draw_07988,2327.5511484517588,1776.2499999999998,0.928030303030303,490,11,27
draw_07989,2091.318435923454,1652.9999999999998,0.8636363636363636,456,25,47
draw_07990,2376.3255482790805,1772.6249999999998,0.9261363636363636,489,15,24
draw_07991,2137.52463474028,1681.9999999999998,0.8787878787878788,464,15,49
draw_07992,2259.1466950269282,1613.1249999999998,0.8428030303030303,445,12,71
draw_07993,1874.8003643280533,1616.7499999999998,0.8446969696969697,446,25,57
draw_07994,2224.0355080328673,1696.4999999999998,0.8863636363636364,468,17,43
draw_07995,2472.478989008916,1754.4999999999998,0.9166666666666666,484,7,37
draw_07996,2108.617343581649,1732.7499999999998,0.9053030303030303,478,15,35
draw_07997,2389.151590330109,1729.1249999999998,0.9034090909090909,477,13,38
draw_07998,2163.2222355809186,1700.1249999999998,0.8882575757575758,469,13,46
draw_07999,2056.053655637736,1750.8749999999998,0.9147727272727273,483,14,31
draw_08000,1848.736652972286,1609.4999999999998,0.8409090909090909,444,11,73
draw_08001,2254.4111578674365,1667.4999999999998,0.8712121212121212,460,17,51
draw_08002,2316.674138368449,1754.4999999999998,0.9166666666666666,484,13,31
draw_08003,2206.1450872326413,1700.1249999999998,0.8882575757575758,469,15,44
draw_08004,2184.919429305888,1768.9999999999998,0.9242424242424242,488,10,30
draw_08005,2219.7473563570184,1671.1249999999998,0.8731060606060606,461,19,48
draw_08006,2202.446290333567,1754.4999999999998,0.9166666666666666,484,16,28
draw_08007,2380.318964805579,1758.1249999999998,0.9185606060606061,485,19,24
draw_08008,2158.700315589252,1663.8749999999998,0.8693181818181818,459,21,48
draw_08009,2279.8620320732857,1736.3749999999998,0.9071969696969697,479,23,26
draw_08010,2377.1133999892545,1707.3749999999998,0.8920454545454546,471,14,43
draw_08011,2446.585817965942,1797.9999999999998,0.9393939393939394,496,3,29
draw_08012,2066.1146396341474,1631.2499999999998,0.8522727272727273,450,17,61
draw_08013,2038.019527912974,1616.7499999999998,0.8446969696969697,446,14,68
draw_08014,2029.3179867586168,1649.3749999999998,0.8617424242424242,455,19,54
draw_08015,2045.0401783135692,1620.3749999999998,0.8465909090909091,447,20,61
draw_08016,2043.4448471712972,1634.8749999999998,0.8541666666666666,451,29,48
draw_08017,2119.381310530219,1587.7499999999998,0.8295454545454546,438,30,60
draw_08018,2100.985431817509,1623.9999999999998,0.8484848484848485,448,19,61
draw_08019,2063.290726818694,1685.6249999999998,0.8806818181818182,465,20,43
draw_08020,2358.458112114814,1805.2499999999998,0.9431818181818182,498,10,20
draw_08021,2225.904385950483,1714.6249999999998,0.8958333333333334,473,12,43
draw_08022,2222.173711382736,1736.3749999999998,0.9071969696969697,479,12,37
draw_08023,2135.039365263458,1707.3749999999998,0.8920454545454546,471,10,47
draw_08024,2076.006603389804,1642.1249999999998,0.8579545454545454,453,19,56
draw_08025,2049.0851182660904,1761.7499999999998,0.9204545454545454,486,12,30
draw_08026,2158.0520640960967,1689.2499999999998,0.8825757575757576,466,11,51
draw_08027,2049.3462889198563,1707.3749999999998,0.8920454545454546,471,20,37
draw_08028,2155.6854672563964,1739.9999999999998,0.9090909090909091,480,15,33
draw_08029,2099.651972801611,1718.2499999999998,0.8977272727272727,474,19,35
draw_08030,2068.6171684501246,1700.1249999999998,0.8882575757575758,469,13,46
draw_08031,2146.477347972161,1671.1249999999998,0.8731060606060606,461,34,33
draw_08032,2295.110781349704,1689.2499999999998,0.8825757575757576,466,17,45
draw_08033,1998.627266705402,1642.1249999999998,0.8579545454545454,453,30,45
draw_08034,2086.5661776439247,1765.3749999999998,0.9223484848484849,487,9,32
draw_08035,2047.7476940065503,1696.4999999999998,0.8863636363636364,468,23,37
draw_08036,2221.071281559871,1736.3749999999998,0.9071969696969697,479,21,28
draw_08037,2188.063073018239,1667.4999999999998,0.8712121212121212,460,13,55
draw_08038,2189.514204787233,1754.4999999999998,0.9166666666666666,484,24,20
draw_08039,2185.2661707815964,1634.8749999999998,0.8541666666666666,451,21,56
draw_08040,2217.5182054895513,1790.7499999999998,0.9356060606060606,494,11,23
draw_08041,2316.3953267146985,1678.3749999999998,0.8768939393939394,463,18,47
draw_08042,2234.91810648122,1754.4999999999998,0.9166666666666666,484,15,29
draw_08043,2212.260291886981,1678.3749999999998,0.8768939393939394,463,17,48
draw_08044,2041.3411210983948,1681.9999999999998,0.8787878787878788,464,17,47
draw_08045,2124.2626045007564,1710.9999999999998,0.8939393939393939,472,14,42
draw_08046,2152.891033593518,1638.4999999999998,0.8560606060606061,452,11,65
draw_08047,2196.668952730859,1642.1249999999998,0.8579545454545454,453,15,60
draw_08048,1961.4518149073722,1667.4999999999998,0.8712121212121212,460,22,46
draw_08049,2460.800664565588,1736.3749999999998,0.9071969696969697,479,19,30
draw_08050,2020.501220573305,1620.3749999999998,0.8465909090909091,447,18,63
draw_08051,2093.631722574393,1729.1249999999998,0.9034090909090909,477,11,40
draw_08052,2250.0839035904787,1739.9999999999998,0.9090909090909091,480,13,35
draw_08053,2148.46015082392,1652.9999999999998,0.8636363636363636,456,23,49
draw_08054,2336.0955156253003,1765.3749999999998,0.9223484848484849,487,16,25
draw_08055,2405.0163471092096,1747.2499999999998,0.9128787878787878,482,15,31
draw_08056,2057.107826228008,1707.3749999999998,0.8920454545454546,471,14,43
draw_08057,2076.6150974933876,1681.9999999999998,0.8787878787878788,464,17,47
draw_08058,2335.008164936155,1834.2499999999998,0.9583333333333334,506,3,19
draw_08059,2139.1458196589824,1710.9999999999998,0.8939393939393939,472,13,43
draw_08060,1942.1767815030844,1623.9999999999998,0.8484848484848485,448,21,59
draw_08061,2104.972770334465,1703.7499999999998,0.8901515151515151,470,21,37
draw_08062,2134.220651129921,1656.6249999999998,0.865530303030303,457,28,43
draw_08063,2293.544091160151,1805.2499999999998,0.9431818181818182,498,6,24
draw_08064,2118.1695796889444,1703.7499999999998,0.8901515151515151,470,11,47
draw_08065,2257.2458971619717,1790.7499999999998,0.9356060606060606,494,11,23
draw_08066,2194.287148709751,1772.6249999999998,0.9261363636363636,489,11,28
draw_08067,2108.5074637158737,1602.2499999999998,0.8371212121212122,442,27,59
draw_08068,2330.7553178788994,1816.1249999999998,0.9488636363636364,501,15,12
draw_08069,2461.675421043986,1700.1249999999998,0.8882575757575758,469,10,49
draw_08070,2290.423020930925,1732.7499999999998,0.9053030303030303,478,13,37
draw_08071,2308.0044938451488,1768.9999999999998,0.9242424242424242,488,6,34
draw_08072,2006.937146567403,1660.2499999999998,0.8674242424242424,458,18,52
draw_08073,2398.294240000724,1823.3749999999998,0.9526515151515151,503,14,11
draw_08074,2139.4742912035135,1649.3749999999998,0.8617424242424242,455,26,47
draw_08075,2332.154113482305,1797.9999999999998,0.9393939393939394,496,8,24
draw_08076,1995.8588745423406,1642.1249999999998,0.8579545454545454,453,28,47
draw_08077,2094.9488296696723,1743.6249999999998,0.9109848484848485,481,8,39
draw_08078,2269.2856896311187,1671.1249999999998,0.8731060606060606,461,24,43
draw_08079,2112.9051210501802,1667.4999999999998,0.8712121212121212,460,24,44
draw_08080,2167.4078443060757,1710.9999999999998,0.8939393939393939,472,18,38
draw_08081,2417.8599219211164,1826.9999999999998,0.9545454545454546,504,14,10
draw_08082,2477.329149579675,1736.3749999999998,0.9071969696969697,479,12,37
draw_08083,2250.0505924334248,1801.6249999999998,0.9412878787878788,497,8,23
draw_08084,2284.8253773031993,1710.9999999999998,0.8939393939393939,472,16,40
draw_08085,2185.573504726279,1681.9999999999998,0.8787878787878788,464,19,45
draw_08086,1991.2694230026825,1634.8749999999998,0.8541666666666666,451,16,61
draw_08087,2151.279620711451,1739.9999999999998,0.9090909090909091,480,12,36
draw_08088,2288.0344201197663,1790.7499999999998,0.9356060606060606,494,7,27
draw_08089,2257.7727675704423,1678.3749999999998,0.8768939393939394,463,18,47
draw_08090,2059.9720422182377,1674.7499999999998,0.875,462,16,50
draw_08091,2121.0638319202258,1710.9999999999998,0.8939393939393939,472,17,39
draw_08092,2136.556736543678,1627.6249999999998,0.8503787878787878,449,22,57
draw_08093,2514.954354767623,1772.6249999999998,0.9261363636363636,489,9,30
draw_08094,2252.256351707703,1779.8749999999998,0.9299242424242424,491,9,28
draw_08095,2319.633014580104,1710.9999999999998,0.8939393939393939,472,10,46
draw_08096,2082.4062191445573,1652.9999999999998,0.8636363636363636,456,23,49
draw_08097,2069.579232689578,1652.9999999999998,0.8636363636363636,456,17,55
draw_08098,2295.2847789600933,1696.4999999999998,0.8863636363636364,468,14,46
draw_08099,2076.939441903162,1700.1249999999998,0.8882575757575758,469,20,39
draw_08100,2319.4162864853156,1768.9999999999998,0.9242424242424242,488,12,28
draw_08101,2287.8517360719466,1703.7499999999998,0.8901515151515151,470,18,40
draw_08102,2295.351724561482,1772.6249999999998,0.9261363636363636,489,11,28
draw_08103,2214.5254352799075,1696.4999999999998,0.8863636363636364,468,15,45
draw_08104,2286.9583832055246,1743.6249999999998,0.9109848484848485,481,8,39
draw_08105,2268.8036134486147,1783.4999999999998,0.9318181818181818,492,11,25
draw_08106,2302.827333943987,1718.2499999999998,0.8977272727272727,474,14,40
draw_08107,2284.578947854021,1725.4999999999998,0.9015151515151515,476,18,34
draw_08108,2045.4667881222256,1620.3749999999998,0.8465909090909091,447,30,51
draw_08109,1964.3361899089807,1645.7499999999998,0.8598484848484849,454,13,61
draw_08110,1983.389599723231,1689.2499999999998,0.8825757575757576,466,14,48
draw_08111,2062.4709050262454,1721.8749999999998,0.8996212121212122,475,15,38
draw_08112,2274.7279404900646,1667.4999999999998,0.8712121212121212,460,16,52
draw_08113,2011.6836971871455,1645.7499999999998,0.8598484848484849,454,22,52
draw_08114,2272.2439342482357,1721.8749999999998,0.8996212121212122,475,12,41
draw_08115,2320.481318674047,1747.2499999999998,0.9128787878787878,482,16,30
draw_08116,2086.35526341633,1732.7499999999998,0.9053030303030303,478,15,35
draw_08117,2278.0321343759683,1732.7499999999998,0.9053030303030303,478,11,39
draw_08118,2281.065678611991,1754.4999999999998,0.9166666666666666,484,7,37
draw_08119,2203.215636504728,1732.7499999999998,0.9053030303030303,478,11,39
draw_08120,2211.8133034205352,1776.2499999999998,0.928030303030303,490,10,28
draw_08121,2089.9083752264464,1623.9999999999998,0.8484848484848485,448,25,55
draw_08122,2266.7657394855923,1714.6249999999998,0.8958333333333334,473,15,40
draw_08123,2391.856458139174,1652.9999999999998,0.8636363636363636,456,17,55
draw_08124,2423.0724323000704,1750.8749999999998,0.9147727272727273,483,22,23
draw_08125,2227.795977650999,1797.9999999999998,0.9393939393939394,496,9,23
draw_08126,2221.8714500486994,1707.3749999999998,0.8920454545454546,471,16,41
draw_08127,2088.5780089960467,1645.7499999999998,0.8598484848484849,454,15,59
draw_08128,2127.033304377473,1663.8749999999998,0.8693181818181818,459,13,56
draw_08129,2241.5940180834536,1667.4999999999998,0.8712121212121212,460,23,45
draw_08130,2217.548990123139,1707.3749999999998,0.8920454545454546,471,12,45
draw_08131,2290.8629966891367,1631.2499999999998,0.8522727272727273,450,19,59
draw_08132,1938.5437172226534,1627.6249999999998,0.8503787878787878,449,33,46
draw_08133,2312.0921685634476,1703.7499999999998,0.8901515151515151,470,17,41
draw_08134,2286.486643897377,1729.1249999999998,0.9034090909090909,477,14,37
draw_08135,2102.2459184590666,1808.8749999999998,0.9450757575757576,499,9,20
draw_08136,2135.2200954138807,1678.3749999999998,0.8768939393939394,463,21,44
draw_08137,2082.9264134094565,1598.6249999999998,0.8352272727272727,441,26,61
draw_08138,2187.266686858416,1710.9999999999998,0.8939393939393939,472,14,42
draw_08139,2023.3627795536172,1700.1249999999998,0.8882575757575758,469,17,42
draw_08140,2093.6283070925574,1667.4999999999998,0.8712121212121212,460,23,45
draw_08141,2303.4617899334207,1736.3749999999998,0.9071969696969697,479,15,34
draw_08142,2150.9248895314554,1714.6249999999998,0.8958333333333334,473,14,41
draw_08143,2119.1197644484278,1598.6249999999998,0.8352272727272727,441,26,61
draw_08144,2304.9526484231405,1779.8749999999998,0.9299242424242424,491,16,21
draw_08145,2237.9329811805737,1754.4999999999998,0.9166666666666666,484,14,30
draw_08146,2051.3710531721545,1678.3749999999998,0.8768939393939394,463,18,47
draw_08147,2120.2235869408278,1714.6249999999998,0.8958333333333334,473,16,39
draw_08148,2370.940054476128,1758.1249999999998,0.9185606060606061,485,13,30
draw_08149,2285.750743236913,1772.6249999999998,0.9261363636363636,489,14,25
draw_08150,1907.8945305616428,1623.9999999999998,0.8484848484848485,448,30,50
draw_08151,2312.5741967449676,1732.7499999999998,0.9053030303030303,478,15,35
draw_08152,2198.7900262664016,1631.2499999999998,0.8522727272727273,450,18,60
draw_08153,2237.0579405043563,1714.6249999999998,0.8958333333333334,473,13,42
draw_08154,2386.6601647319117,1779.8749999999998,0.9299242424242424,491,8,29
draw_08155,2088.7472848478574,1776.2499999999998,0.928030303030303,490,12,26
draw_08156,2150.31512636036,1671.1249999999998,0.8731060606060606,461,10,57
draw_08157,2038.3902128127963,1696.4999999999998,0.8863636363636364,468,12,48
draw_08158,2118.1513231704207,1710.9999999999998,0.8939393939393939,472,17,39
draw_08159,2355.288651413344,1758.1249999999998,0.9185606060606061,485,14,29
draw_08160,2416.6213621529787,1768.9999999999998,0.9242424242424242,488,9,31
draw_08161,2122.6643796776816,1710.9999999999998,0.8939393939393939,472,16,40
draw_08162,2348.6638754069104,1783.4999999999998,0.9318181818181818,492,11,25
draw_08163,2285.6778620483633,1707.3749999999998,0.8920454545454546,471,15,42
draw_08164,2343.465998364173,1812.4999999999998,0.946969696969697,500,13,15
draw_08165,2112.9893378939096,1765.3749999999998,0.9223484848484849,487,21,20
draw_08166,2060.978542984318,1605.8749999999998,0.8390151515151515,443,19,66
draw_08167,2336.4704218652637,1667.4999999999998,0.8712121212121212,460,22,46
draw_08168,2204.7273272491498,1689.2499999999998,0.8825757575757576,466,13,49
draw_08169,2342.7038569238825,1852.3749999999998,0.9678030303030303,511,5,12
draw_08170,2136.3746629616485,1721.8749999999998,0.8996212121212122,475,12,41
draw_08171,2256.573692408923,1805.2499999999998,0.9431818181818182,498,14,16
draw_08172,2443.5905343988616,1768.9999999999998,0.9242424242424242,488,18,22
draw_08173,2359.8257142514685,1812.4999999999998,0.946969696969697,500,8,20
draw_08174,2303.431652246797,1660.2499999999998,0.8674242424242424,458,18,52
draw_08175,2278.0530582870138,1805.2499999999998,0.9431818181818182,498,10,20
draw_08176,1951.4848388339005,1692.8749999999998,0.884469696969697,467,23,38
draw_08177,2257.7891610995553,1739.9999999999998,0.9090909090909091,480,18,30
draw_08178,2238.574562867315,1754.4999999999998,0.9166666666666666,484,9,35
draw_08179,2138.0188877988185,1696.4999999999998,0.8863636363636364,468,16,44
draw_08180,2202.295122593266,1671.1249999999998,0.8731060606060606,461,24,43
draw_08181,2253.671573411664,1685.6249999999998,0.8806818181818182,465,18,45
draw_08182,1997.502179087817,1703.7499999999998,0.8901515151515151,470,16,42
draw_08183,2317.72211182085,1718.2499999999998,0.8977272727272727,474,19,35
draw_08184,2291.6758158100465,1754.4999999999998,0.9166666666666666,484,8,36
draw_08185,2213.4970374312725,1718.2499999999998,0.8977272727272727,474,12,42
draw_08186,2070.0521388218335,1692.8749999999998,0.884469696969697,467,16,45
draw_08187,2130.1007206673667,1642.1249999999998,0.8579545454545454,453,14,61
draw_08188,2106.8284835130266,1729.1249999999998,0.9034090909090909,477,12,39
draw_08189,2246.2931353918266,1703.7499999999998,0.8901515151515151,470,20,38
draw_08190,2168.144038881279,1750.8749999999998,0.9147727272727273,483,12,33
draw_08191,2357.443124754578,1765.3749999999998,0.9223484848484849,487,9,32
draw_08192,2257.9531573745408,1801.6249999999998,0.9412878787878788,497,16,15
draw_08193,2136.0029438712772,1794.3749999999998,0.9375,495,8,25
draw_08194,2179.512387321779,1671.1249999999998,0.8731060606060606,461,22,45
draw_08195,2097.3937912542356,1721.8749999999998,0.8996212121212122,475,14,39
draw_08196,2117.0628186382855,1674.7499999999998,0.875,462,7,59
draw_08197,2305.297112929159,1707.3749999999998,0.8920454545454546,471,12,45
draw_08198,2084.059557379825,1729.1249999999998,0.9034090909090909,477,19,32
draw_08199,2217.043412553294,1707.3749999999998,0.8920454545454546,471,7,50
draw_08200,2267.9382749509664,1787.1249999999998,0.9337121212121212,493,10,25
draw_08201,2254.2141984719574,1805.2499999999998,0.9431818181818182,498,5,25
draw_08202,2237.3678254187625,1761.7499999999998,0.9204545454545454,486,11,31
draw_08203,2146.0491784561177,1685.6249999999998,0.8806818181818182,465,19,44
draw_08204,2057.8893381982407,1725.4999999999998,0.9015151515151515,476,19,33
draw_08205,2076.2865990899068,1587.7499999999998,0.8295454545454546,438,19,71
draw_08206,2341.8139065992523,1761.7499999999998,0.9204545454545454,486,9,33
draw_08207,2402.56411610363,1765.3749999999998,0.9223484848484849,487,8,33
draw_08208,2275.486811676966,1758.1249999999998,0.9185606060606061,485,14,29
draw_08209,2150.0755135786094,1663.8749999999998,0.8693181818181818,459,19,50
draw_08210,2085.3421217665673,1718.2499999999998,0.8977272727272727,474,10,44
draw_08211,2293.0764268012827,1660.2499999999998,0.8674242424242424,458,32,38
draw_08212,2155.362850091408,1768.9999999999998,0.9242424242424242,488,8,32
draw_08213,2487.3758990003294,1758.1249999999998,0.9185606060606061,485,10,33
draw_08214,1947.869486108657,1587.7499999999998,0.8295454545454546,438,21,69
draw_08215,2264.851818827834,1692.8749999999998,0.884469696969697,467,13,48
draw_08216,2192.4852663278652,1739.9999999999998,0.9090909090909091,480,11,37
draw_08217,2168.91182839315,1718.2499999999998,0.8977272727272727,474,19,35
draw_08218,2212.754603609054,1692.8749999999998,0.884469696969697,467,28,33
draw_08219,2009.718738053119,1707.3749999999998,0.8920454545454546,471,11,46
draw_08220,2368.436280995498,1689.2499999999998,0.8825757575757576,466,12,50
draw_08221,2331.1033183427644,1750.8749999999998,0.9147727272727273,483,20,25
draw_08222,2367.3973541769,1826.9999999999998,0.9545454545454546,504,12,12
draw_08223,2077.7329655300423,1689.2499999999998,0.8825757575757576,466,20,42
draw_08224,2304.9448396165617,1797.9999999999998,0.9393939393939394,496,15,17
draw_08225,2204.558200840417,1681.9999999999998,0.8787878787878788,464,20,44
draw_08226,2227.4072889997105,1772.6249999999998,0.9261363636363636,489,8,31
draw_08227,2230.413443131944,1663.8749999999998,0.8693181818181818,459,19,50
draw_08228,2391.255522670191,1754.4999999999998,0.9166666666666666,484,14,30
draw_08229,2170.8263769487007,1649.3749999999998,0.8617424242424242,455,13,60
draw_08230,2067.74671310632,1656.6249999999998,0.865530303030303,457,24,47
draw_08231,2061.9919583828714,1663.8749999999998,0.8693181818181818,459,18,51
draw_08232,2298.643213176911,1790.7499999999998,0.9356060606060606,494,10,24
draw_08233,2276.190475252717,1725.4999999999998,0.9015151515151515,476,21,31
draw_08234,2085.9850889169193,1605.8749999999998,0.8390151515151515,443,23,62
draw_08235,1957.7299545785897,1497.1249999999998,0.7821969696969697,413,39,76
draw_08236,2360.4888166958585,1750.8749999999998,0.9147727272727273,483,14,31
draw_08237,2251.7685722169545,1739.9999999999998,0.9090909090909091,480,20,28
draw_08238,2179.255579320111,1681.9999999999998,0.8787878787878788,464,22,42
draw_08239,2332.927330035493,1703.7499999999998,0.8901515151515151,470,19,39
draw_08240,2272.9890179717086,1750.8749999999998,0.9147727272727273,483,11,34
draw_08241,2343.4661798392794,1765.3749999999998,0.9223484848484849,487,11,30
draw_08242,2220.1305552904146,1681.9999999999998,0.8787878787878788,464,17,47
draw_08243,2380.433641524645,1739.9999999999998,0.9090909090909091,480,20,28
draw_08244,2016.8363059492158,1605.8749999999998,0.8390151515151515,443,25,60
draw_08245,2054.47530439909,1671.1249999999998,0.8731060606060606,461,20,47
draw_08246,2318.003485650065,1743.6249999999998,0.9109848484848485,481,4,43
draw_08247,2067.597950149725,1689.2499999999998,0.8825757575757576,466,25,37
draw_08248,2116.3371833897854,1754.4999999999998,0.9166666666666666,484,7,37
draw_08249,2011.2472892754881,1725.4999999999998,0.9015151515151515,476,23,29
draw_08250,2240.5566700380546,1783.4999999999998,0.9318181818181818,492,13,23
draw_08251,2307.2504189937727,1761.7499999999998,0.9204545454545454,486,16,26
draw_08252,1888.8572765509816,1591.3749999999998,0.8314393939393939,439,18,71
draw_08253,2133.6815507046313,1685.6249999999998,0.8806818181818182,465,15,48
draw_08254,2087.426333998788,1649.3749999999998,0.8617424242424242,455,20,53
draw_08255,2137.919142985828,1671.1249999999998,0.8731060606060606,461,22,45
draw_08256,2248.9022457175056,1714.6249999999998,0.8958333333333334,473,18,37
draw_08257,2281.2855198017237,1718.2499999999998,0.8977272727272727,474,22,32
draw_08258,2266.7660597161043,1747.2499999999998,0.9128787878787878,482,11,35
draw_08259,2141.9266443663087,1790.7499999999998,0.9356060606060606,494,13,21
draw_08260,2380.9180887895363,1721.8749999999998,0.8996212121212122,475,14,39
draw_08261,1961.9238626241909,1685.6249999999998,0.8806818181818182,465,20,43
draw_08262,2327.452672331742,1710.9999999999998,0.8939393939393939,472,7,49
draw_08263,2284.2894810043103,1765.3749999999998,0.9223484848484849,487,13,28
draw_08264,2393.585980648733,1743.6249999999998,0.9109848484848485,481,15,32
draw_08265,2197.1113695866843,1692.8749999999998,0.884469696969697,467,6,55
draw_08266,2402.43406592346,1750.8749999999998,0.9147727272727273,483,13,32
draw_08267,2229.1644929412873,1729.1249999999998,0.9034090909090909,477,9,42
draw_08268,2184.537102086135,1790.7499999999998,0.9356060606060606,494,19,15
draw_08269,2130.0946229404103,1652.9999999999998,0.8636363636363636,456,21,51
draw_08270,2118.97743083537,1671.1249999999998,0.8731060606060606,461,16,51
draw_08271,2268.0330388978805,1772.6249999999998,0.9261363636363636,489,15,24
draw_08272,2167.9968636276576,1725.4999999999998,0.9015151515151515,476,26,26
draw_08273,2405.5339879210746,1743.6249999999998,0.9109848484848485,481,10,37
draw_08274,2208.0850943051137,1696.4999999999998,0.8863636363636364,468,26,34
draw_08275,2170.4082208414056,1692.8749999999998,0.884469696969697,467,22,39
draw_08276,2246.0961619237255,1718.2499999999998,0.8977272727272727,474,7,47
draw_08277,2235.9725277702073,1750.8749999999998,0.9147727272727273,483,10,35
draw_08278,2091.3280641967986,1700.1249999999998,0.8882575757575758,469,24,35
draw_08279,2227.8963507507333,1714.6249999999998,0.8958333333333334,473,9,46
draw_08280,2269.1658491450808,1794.3749999999998,0.9375,495,9,24
draw_08281,2311.772168186793,1732.7499999999998,0.9053030303030303,478,8,42
draw_08282,2145.0519104873542,1703.7499999999998,0.8901515151515151,470,23,35
draw_08283,2280.1412499571916,1689.2499999999998,0.8825757575757576,466,15,47
draw_08284,2116.95669425913,1750.8749999999998,0.9147727272727273,483,10,35
draw_08285,2466.1967727401725,1801.6249999999998,0.9412878787878788,497,10,21
draw_08286,2054.814705600095,1779.8749999999998,0.9299242424242424,491,9,28
draw_08287,2213.7725709096526,1732.7499999999998,0.9053030303030303,478,15,35
draw_08288,2330.083961489103,1656.6249999999998,0.865530303030303,457,20,51
draw_08289,2045.2193806801165,1678.3749999999998,0.8768939393939394,463,27,38
draw_08290,2192.8131726514107,1692.8749999999998,0.884469696969697,467,25,36
draw_08291,1929.528901303549,1616.7499999999998,0.8446969696969697,446,31,51
draw_08292,2199.676579181347,1736.3749999999998,0.9071969696969697,479,9,40
draw_08293,2113.493168437564,1808.8749999999998,0.9450757575757576,499,9,20
draw_08294,2113.462886575954,1707.3749999999998,0.8920454545454546,471,15,42
draw_08295,2301.3448588416677,1739.9999999999998,0.9090909090909091,480,21,27
draw_08296,2098.5019552806652,1732.7499999999998,0.9053030303030303,478,18,32
draw_08297,2188.774811868432,1660.2499999999998,0.8674242424242424,458,24,46
draw_08298,2420.4872701649792,1707.3749999999998,0.8920454545454546,471,15,42
draw_08299,2221.390751886714,1768.9999999999998,0.9242424242424242,488,14,26
draw_08300,2331.495333253538,1721.8749999999998,0.8996212121212122,475,15,38
draw_08301,2239.9179170708144,1645.7499999999998,0.8598484848484849,454,14,60
draw_08302,2065.0360810558323,1725.4999999999998,0.9015151515151515,476,21,31
draw_08303,2179.470689081766,1845.1249999999998,0.9640151515151515,509,7,12
draw_08304,2181.8609004266104,1725.4999999999998,0.9015151515151515,476,11,41
draw_08305,2197.0649718978975,1700.1249999999998,0.8882575757575758,469,15,44
draw_08306,2109.4691074134034,1700.1249999999998,0.8882575757575758,469,18,41
draw_08307,2066.3430473196877,1721.8749999999998,0.8996212121212122,475,13,40
draw_08308,2172.179031823376,1707.3749999999998,0.8920454545454546,471,12,45
draw_08309,2252.0461965037844,1667.4999999999998,0.8712121212121212,460,11,57
draw_08310,2365.844207229845,1758.1249999999998,0.9185606060606061,485,11,32
draw_08311,2148.41946264478,1692.8749999999998,0.884469696969697,467,23,38
draw_08312,2234.6629563061815,1790.7499999999998,0.9356060606060606,494,9,25
draw_08313,2266.5443266713733,1710.9999999999998,0.8939393939393939,472,14,42
draw_08314,2265.4652534320517,1772.6249999999998,0.9261363636363636,489,18,21
draw_08315,2266.275504615549,1736.3749999999998,0.9071969696969697,479,18,31
draw_08316,2252.204120252601,1729.1249999999998,0.9034090909090909,477,16,35
draw_08317,2312.2075887471583,1689.2499999999998,0.8825757575757576,466,20,42
draw_08318,2265.8566280457126,1703.7499999999998,0.8901515151515151,470,23,35
draw_08319,2062.858649122213,1652.9999999999998,0.8636363636363636,456,15,57
draw_08320,2175.3935582565355,1710.9999999999998,0.8939393939393939,472,7,49
draw_08321,2318.581086355246,1707.3749999999998,0.8920454545454546,471,18,39
draw_08322,2091.0747257582602,1714.6249999999998,0.8958333333333334,473,26,29
draw_08323,2297.565288174957,1794.3749999999998,0.9375,495,7,26
draw_08324,2121.960038827647,1681.9999999999998,0.8787878787878788,464,17,47
draw_08325,2044.3708530896436,1660.2499999999998,0.8674242424242424,458,15,55
draw_08326,2142.2475352787837,1645.7499999999998,0.8598484848484849,454,19,55
draw_08327,2164.675721445809,1703.7499999999998,0.8901515151515151,470,19,39
draw_08328,1979.80207763966,1689.2499999999998,0.8825757575757576,466,9,53
draw_08329,2280.5803158902277,1638.4999999999998,0.8560606060606061,452,30,46
draw_08330,2240.6396611520736,1638.4999999999998,0.8560606060606061,452,11,65
draw_08331,2327.5168935887514,1732.7499999999998,0.9053030303030303,478,17,33
draw_08332,1992.5753532931062,1732.7499999999998,0.9053030303030303,478,10,40
draw_08333,2172.6703312777818,1790.7499999999998,0.9356060606060606,494,6,28
draw_08334,2226.236879741099,1663.8749999999998,0.8693181818181818,459,23,46
draw_08335,2197.2810845929926,1739.9999999999998,0.9090909090909091,480,15,33
draw_08336,2241.314677301183,1725.4999999999998,0.9015151515151515,476,10,42
draw_08337,2297.2039825323777,1754.4999999999998,0.9166666666666666,484,3,41
draw_08338,2465.5773167434,1808.8749999999998,0.9450757575757576,499,8,21
draw_08339,2210.975457637635,1674.7499999999998,0.875,462,31,35
draw_08340,2247.002269743908,1707.3749999999998,0.8920454545454546,471,16,41
draw_08341,2087.3232280874986,1696.4999999999998,0.8863636363636364,468,13,47
draw_08342,2078.982658794167,1681.9999999999998,0.8787878787878788,464,13,51
draw_08343,2201.663474459998,1678.3749999999998,0.8768939393939394,463,22,43
draw_08344,2194.4857741004957,1710.9999999999998,0.8939393939393939,472,22,34
draw_08345,2221.8171118620176,1696.4999999999998,0.8863636363636364,468,21,39
draw_08346,2259.4505531653112,1787.1249999999998,0.9337121212121212,493,11,24
draw_08347,2194.200975153669,1700.1249999999998,0.8882575757575758,469,22,37
draw_08348,2057.6900161379986,1681.9999999999998,0.8787878787878788,464,20,44
draw_08349,2171.8781115308975,1743.6249999999998,0.9109848484848485,481,11,36
draw_08350,1998.6736399968208,1689.2499999999998,0.8825757575757576,466,20,42
draw_08351,2415.0629450682854,1812.4999999999998,0.946969696969697,500,10,18
draw_08352,2149.3499501562515,1678.3749999999998,0.8768939393939394,463,11,54
draw_08353,2394.593369328442,1758.1249999999998,0.9185606060606061,485,15,28
draw_08354,2407.189358710318,1703.7499999999998,0.8901515151515151,470,20,38
draw_08355,2203.2177917374415,1663.8749999999998,0.8693181818181818,459,18,51
draw_08356,2248.5971188847625,1750.8749999999998,0.9147727272727273,483,15,30
draw_08357,2057.928328700293,1678.3749999999998,0.8768939393939394,463,21,44
draw_08358,2128.3234683418887,1685.6249999999998,0.8806818181818182,465,17,46
draw_08359,2230.0697331789706,1703.7499999999998,0.8901515151515151,470,9,49
draw_08360,1918.9481922881284,1692.8749999999998,0.884469696969697,467,20,41
draw_08361,2260.8392842826706,1732.7499999999998,0.9053030303030303,478,15,35
draw_08362,2450.167992616132,1776.2499999999998,0.928030303030303,490,4,34
draw_08363,2088.779710658577,1729.1249999999998,0.9034090909090909,477,15,36
draw_08364,2244.8453050403446,1758.1249999999998,0.9185606060606061,485,11,32
draw_08365,2077.3000107790376,1700.1249999999998,0.8882575757575758,469,14,45
draw_08366,2189.6632132839445,1718.2499999999998,0.8977272727272727,474,14,40
draw_08367,2232.750801498229,1736.3749999999998,0.9071969696969697,479,18,31
draw_08368,2169.199640071832,1700.1249999999998,0.8882575757575758,469,13,46
draw_08369,2111.455822609889,1674.7499999999998,0.875,462,20,46
draw_08370,2083.5003605130046,1660.2499999999998,0.8674242424242424,458,27,43
draw_08371,2478.212601999709,1787.1249999999998,0.9337121212121212,493,11,24
draw_08372,2088.3769158970813,1787.1249999999998,0.9337121212121212,493,16,19
draw_08373,2219.71604133859,1772.6249999999998,0.9261363636363636,489,16,23
draw_08374,2082.4686138894294,1660.2499999999998,0.8674242424242424,458,11,59
draw_08375,2280.9384919218624,1703.7499999999998,0.8901515151515151,470,17,41
draw_08376,2171.1129186181333,1743.6249999999998,0.9109848484848485,481,13,34
draw_08377,2222.107236166591,1721.8749999999998,0.8996212121212122,475,19,34
draw_08378,2010.7984375650465,1580.4999999999998,0.8257575757575758,436,25,67
draw_08379,2252.5779220150753,1743.6249999999998,0.9109848484848485,481,17,30
draw_08380,2063.3083237393885,1707.3749999999998,0.8920454545454546,471,9,48
draw_08381,2256.800894225531,1692.8749999999998,0.884469696969697,467,27,34
draw_08382,2333.0690939573033,1743.6249999999998,0.9109848484848485,481,13,34
draw_08383,2266.879652988863,1743.6249999999998,0.9109848484848485,481,8,39
draw_08384,2107.586670115708,1703.7499999999998,0.8901515151515151,470,17,41
draw_08385,2078.2965464546473,1631.2499999999998,0.8522727272727273,450,16,62
draw_08386,2148.202922194802,1758.1249999999998,0.9185606060606061,485,11,32
draw_08387,2096.8310355748213,1696.4999999999998,0.8863636363636364,468,20,40
draw_08388,2170.9552981698303,1816.1249999999998,0.9488636363636364,501,12,15
draw_08389,2317.487733660749,1718.2499999999998,0.8977272727272727,474,17,37
draw_08390,2297.451385964964,1710.9999999999998,0.8939393939393939,472,10,46
draw_08391,2111.2026633339933,1761.7499999999998,0.9204545454545454,486,21,21
draw_08392,2169.7203331583,1660.2499999999998,0.8674242424242424,458,22,48
draw_08393,2136.637311877048,1613.1249999999998,0.8428030303030303,445,26,57
draw_08394,1967.1847292066768,1700.1249999999998,0.8882575757575758,469,25,34
draw_08395,2252.3932159157766,1674.7499999999998,0.875,462,23,43
draw_08396,2108.264685961745,1703.7499999999998,0.8901515151515151,470,18,40
draw_08397,2333.321100912739,1750.8749999999998,0.9147727272727273,483,18,27
draw_08398,2129.2648616009874,1696.4999999999998,0.8863636363636364,468,12,48
draw_08399,2317.9967501840124,1790.7499999999998,0.9356060606060606,494,13,21
draw_08400,2150.7275706589476,1685.6249999999998,0.8806818181818182,465,19,44
draw_08401,2243.419418646792,1736.3749999999998,0.9071969696969697,479,8,41
draw_08402,2376.757894729603,1797.9999999999998,0.9393939393939394,496,12,20
draw_08403,2165.95063652156,1714.6249999999998,0.8958333333333334,473,20,35
draw_08404,2041.8145882551771,1642.1249999999998,0.8579545454545454,453,17,58
draw_08405,2248.3305265385093,1761.7499999999998,0.9204545454545454,486,15,27
draw_08406,2338.23563838726,1783.4999999999998,0.9318181818181818,492,8,28
draw_08407,1834.4817870727666,1584.1249999999998,0.8276515151515151,437,21,70
draw_08408,2388.3167227285076,1678.3749999999998,0.8768939393939394,463,17,48
draw_08409,2086.5571852860608,1707.3749999999998,0.8920454545454546,471,20,37
draw_08410,2191.256816970712,1703.7499999999998,0.8901515151515151,470,19,39
draw_08411,2144.8930223473885,1685.6249999999998,0.8806818181818182,465,23,40
draw_08412,2068.343194241196,1707.3749999999998,0.8920454545454546,471,16,41
draw_08413,2188.7325027540514,1703.7499999999998,0.8901515151515151,470,14,44
draw_08414,2152.849341948534,1627.6249999999998,0.8503787878787878,449,20,59
draw_08415,2160.19361004756,1681.9999999999998,0.8787878787878788,464,20,44
draw_08416,1960.5971572323565,1707.3749999999998,0.8920454545454546,471,8,49
draw_08417,2074.5730044515776,1645.7499999999998,0.8598484848484849,454,23,51
draw_08418,2278.8827839031574,1743.6249999999998,0.9109848484848485,481,18,29
draw_08419,2223.3254711845443,1729.1249999999998,0.9034090909090909,477,11,40
draw_08420,2129.8013833413124,1743.6249999999998,0.9109848484848485,481,7,40
draw_08421,2248.48803728442,1678.3749999999998,0.8768939393939394,463,17,48
draw_08422,2229.627475482897,1700.1249999999998,0.8882575757575758,469,15,44
draw_08423,2377.9408664065354,1754.4999999999998,0.9166666666666666,484,18,26
draw_08424,2226.047939849818,1743.6249999999998,0.9109848484848485,481,20,27
draw_08425,2285.4914646586667,1667.4999999999998,0.8712121212121212,460,14,54
draw_08426,2145.2916507153063,1707.3749999999998,0.8920454545454546,471,9,48
draw_08427,2181.6450387334507,1750.8749999999998,0.9147727272727273,483,13,32
draw_08428,2240.199235823561,1772.6249999999998,0.9261363636363636,489,10,29
draw_08429,2342.8524909096136,1750.8749999999998,0.9147727272727273,483,15,30
draw_08430,2259.8012170437964,1732.7499999999998,0.9053030303030303,478,24,26
draw_08431,2161.6211365070953,1743.6249999999998,0.9109848484848485,481,19,28
draw_08432,2189.447744834749,1721.8749999999998,0.8996212121212122,475,18,35
draw_08433,2050.8528136219484,1703.7499999999998,0.8901515151515151,470,11,47
draw_08434,2452.572882773239,1729.1249999999998,0.9034090909090909,477,11,40
draw_08435,2343.454186142288,1663.8749999999998,0.8693181818181818,459,16,53
draw_08436,2204.7739063102804,1725.4999999999998,0.9015151515151515,476,23,29
draw_08437,2400.0400682451436,1725.4999999999998,0.9015151515151515,476,18,34
draw_08438,2243.663056977677,1779.8749999999998,0.9299242424242424,491,14,23
draw_08439,2142.3582329607434,1696.4999999999998,0.8863636363636364,468,13,47
draw_08440,2103.0317905324205,1758.1249999999998,0.9185606060606061,485,15,28
draw_08441,2046.7836784619863,1663.8749999999998,0.8693181818181818,459,18,51
draw_08442,2354.664313804038,1790.7499999999998,0.9356060606060606,494,16,18
draw_08443,2230.0700560914984,1732.7499999999998,0.9053030303030303,478,19,31
draw_08444,2489.1215438636173,1707.3749999999998,0.8920454545454546,471,14,43
draw_08445,2326.166337002569,1732.7499999999998,0.9053030303030303,478,17,33
draw_08446,2299.9604074611757,1703.7499999999998,0.8901515151515151,470,25,33
draw_08447,2271.8445545474306,1721.8749999999998,0.8996212121212122,475,14,39
draw_08448,2261.9381332049356,1750.8749999999998,0.9147727272727273,483,13,32
draw_08449,2475.7431231379037,1710.9999999999998,0.8939393939393939,472,17,39
draw_08450,2077.1699230139047,1656.6249999999998,0.865530303030303,457,25,46
draw_08451,2290.039618909749,1768.9999999999998,0.9242424242424242,488,14,26
draw_08452,2059.078219573708,1718.2499999999998,0.8977272727272727,474,13,41
draw_08453,1986.0601900530226,1674.7499999999998,0.875,462,11,55
draw_08454,2080.168641825293,1732.7499999999998,0.9053030303030303,478,16,34
draw_08455,2045.9265037963103,1692.8749999999998,0.884469696969697,467,13,48
draw_08456,2302.4689763119372,1768.9999999999998,0.9242424242424242,488,4,36
draw_08457,2223.5147446657456,1739.9999999999998,0.9090909090909091,480,13,35
draw_08458,2161.034689294806,1718.2499999999998,0.8977272727272727,474,16,38
draw_08459,2213.0932990087717,1710.9999999999998,0.8939393939393939,472,12,44
draw_08460,2229.692462255965,1721.8749999999998,0.8996212121212122,475,15,38
draw_08461,2487.014419913634,1797.9999999999998,0.9393939393939394,496,18,14
draw_08462,2126.882167279966,1707.3749999999998,0.8920454545454546,471,19,38
draw_08463,2188.620308558669,1700.1249999999998,0.8882575757575758,469,10,49
draw_08464,2243.814295036964,1721.8749999999998,0.8996212121212122,475,17,36
draw_08465,2110.83515848986,1649.3749999999998,0.8617424242424242,455,24,49
draw_08466,2311.866597456875,1718.2499999999998,0.8977272727272727,474,23,31
draw_08467,2420.965744260853,1729.1249999999998,0.9034090909090909,477,11,40
draw_08468,2369.5542812476415,1768.9999999999998,0.9242424242424242,488,8,32
draw_08469,2378.3035839546546,1761.7499999999998,0.9204545454545454,486,12,30
draw_08470,2118.268811951142,1725.4999999999998,0.9015151515151515,476,17,35
draw_08471,2361.102098033932,1729.1249999999998,0.9034090909090909,477,14,37
draw_08472,2296.7615265243435,1736.3749999999998,0.9071969696969697,479,19,30
draw_08473,1978.6050560695862,1642.1249999999998,0.8579545454545454,453,17,58
draw_08474,2283.631579182008,1758.1249999999998,0.9185606060606061,485,13,30
draw_08475,2154.406915383217,1703.7499999999998,0.8901515151515151,470,21,37
draw_08476,2128.797819443177,1739.9999999999998,0.9090909090909091,480,9,39
draw_08477,2185.2503335105193,1678.3749999999998,0.8768939393939394,463,26,39
draw_08478,2152.3936805471235,1743.6249999999998,0.9109848484848485,481,13,34
draw_08479,2239.4034605578477,1761.7499999999998,0.9204545454545454,486,16,26
draw_08480,2296.5406614455924,1692.8749999999998,0.884469696969697,467,24,37
draw_08481,2034.7446097718152,1652.9999999999998,0.8636363636363636,456,28,44
draw_08482,2319.6773612303978,1736.3749999999998,0.9071969696969697,479,13,36
draw_08483,2315.8552865094352,1718.2499999999998,0.8977272727272727,474,23,31
draw_08484,2271.2151649858833,1710.9999999999998,0.8939393939393939,472,17,39
draw_08485,2114.951028483428,1696.4999999999998,0.8863636363636364,468,11,49
draw_08486,2170.865410358716,1649.3749999999998,0.8617424242424242,455,20,53
draw_08487,2032.2769741398536,1634.8749999999998,0.8541666666666666,451,14,63
draw_08488,2226.376683536603,1721.8749999999998,0.8996212121212122,475,12,41
draw_08489,2355.1234836054323,1681.9999999999998,0.8787878787878788,464,12,52
draw_08490,2290.0443529004397,1674.7499999999998,0.875,462,25,41
draw_08491,2616.32149390441,1805.2499999999998,0.9431818181818182,498,10,20
draw_08492,2335.9217607906257,1710.9999999999998,0.8939393939393939,472,13,43
draw_08493,2253.8071448845576,1758.1249999999998,0.9185606060606061,485,10,33
draw_08494,2307.457975787175,1743.6249999999998,0.9109848484848485,481,13,34
draw_08495,2270.342257546108,1692.8749999999998,0.884469696969697,467,21,40
draw_08496,2164.505308115628,1685.6249999999998,0.8806818181818182,465,19,44
draw_08497,2192.9119623957663,1758.1249999999998,0.9185606060606061,485,12,31
draw_08498,2238.0646546660837,1729.1249999999998,0.9034090909090909,477,13,38
draw_08499,2111.910644970319,1674.7499999999998,0.875,462,18,48
draw_08500,2053.1954522067517,1700.1249999999998,0.8882575757575758,469,13,46
draw_08501,2252.2714739913417,1714.6249999999998,0.8958333333333334,473,19,36
draw_08502,2105.446638272233,1685.6249999999998,0.8806818181818182,465,18,45
draw_08503,2158.83842443729,1696.4999999999998,0.8863636363636364,468,13,47
draw_08504,2348.8468506537156,1772.6249999999998,0.9261363636363636,489,12,27
draw_08505,2241.240680384639,1681.9999999999998,0.8787878787878788,464,16,48
draw_08506,2059.824145067525,1681.9999999999998,0.8787878787878788,464,18,46
draw_08507,2108.1948607483787,1667.4999999999998,0.8712121212121212,460,19,49
draw_08508,2261.878085795236,1747.2499999999998,0.9128787878787878,482,13,33
draw_08509,2259.94815726396,1703.7499999999998,0.8901515151515151,470,15,43
draw_08510,2234.0007790389595,1758.1249999999998,0.9185606060606061,485,16,27
draw_08511,2259.5376271157274,1732.7499999999998,0.9053030303030303,478,18,32
draw_08512,2267.93067499869,1765.3749999999998,0.9223484848484849,487,13,28
draw_08513,2100.9214487586282,1772.6249999999998,0.9261363636363636,489,7,32
draw_08514,2282.8505562564806,1718.2499999999998,0.8977272727272727,474,13,41
draw_08515,2175.4698702667088,1718.2499999999998,0.8977272727272727,474,17,37
draw_08516,1887.8752532676847,1620.3749999999998,0.8465909090909091,447,21,60
draw_08517,2347.5945556329602,1736.3749999999998,0.9071969696969697,479,13,36
draw_08518,2075.2022967293474,1718.2499999999998,0.8977272727272727,474,7,47
draw_08519,2308.135990302359,1808.8749999999998,0.9450757575757576,499,7,22
draw_08520,2388.502045786022,1805.2499999999998,0.9431818181818182,498,6,24
draw_08521,2070.006478443389,1700.1249999999998,0.8882575757575758,469,19,40
draw_08522,2291.299935053009,1794.3749999999998,0.9375,495,12,21
draw_08523,2300.3483498009973,1750.8749999999998,0.9147727272727273,483,16,29
draw_08524,2292.5849472280124,1681.9999999999998,0.8787878787878788,464,19,45
draw_08525,2314.3278016055956,1729.1249999999998,0.9034090909090909,477,20,31
draw_08526,2225.184083542262,1689.2499999999998,0.8825757575757576,466,16,46
draw_08527,2135.6174496824315,1642.1249999999998,0.8579545454545454,453,15,60
draw_08528,2272.2902770794976,1761.7499999999998,0.9204545454545454,486,8,34
draw_08529,2276.0788454875055,1747.2499999999998,0.9128787878787878,482,12,34
draw_08530,2066.550844755274,1638.4999999999998,0.8560606060606061,452,23,53
draw_08531,2177.8581886884017,1700.1249999999998,0.8882575757575758,469,12,47
draw_08532,2335.4715097380977,1732.7499999999998,0.9053030303030303,478,21,29
draw_08533,2249.8359695617487,1671.1249999999998,0.8731060606060606,461,22,45
draw_08534,2206.6652310028476,1761.7499999999998,0.9204545454545454,486,16,26
draw_08535,2069.3965185632856,1660.2499999999998,0.8674242424242424,458,10,60
draw_08536,2084.200284202303,1649.3749999999998,0.8617424242424242,455,14,59
draw_08537,2097.293151584099,1747.2499999999998,0.9128787878787878,482,14,32
draw_08538,2161.666888016703,1656.6249999999998,0.865530303030303,457,10,61
draw_08539,2064.610469399283,1674.7499999999998,0.875,462,9,57
draw_08540,2288.4379781781754,1790.7499999999998,0.9356060606060606,494,11,23
draw_08541,2376.9256345916924,1754.4999999999998,0.9166666666666666,484,11,33
draw_08542,2325.815730276059,1765.3749999999998,0.9223484848484849,487,26,15
draw_08543,2066.713307790402,1681.9999999999998,0.8787878787878788,464,16,48
draw_08544,1978.5768130498684,1750.8749999999998,0.9147727272727273,483,15,30
draw_08545,2304.114228075247,1739.9999999999998,0.9090909090909091,480,15,33
draw_08546,2452.3152498142317,1754.4999999999998,0.9166666666666666,484,13,31
draw_08547,2252.905625460111,1692.8749999999998,0.884469696969697,467,14,47
draw_08548,2065.507755501753,1649.3749999999998,0.8617424242424242,455,29,44
draw_08549,2419.186981586965,1768.9999999999998,0.9242424242424242,488,18,22
draw_08550,2225.282372104832,1819.7499999999998,0.9507575757575758,502,11,15
draw_08551,2219.6885023814425,1721.8749999999998,0.8996212121212122,475,16,37
draw_08552,2222.2546163040793,1790.7499999999998,0.9356060606060606,494,16,18
draw_08553,2124.9671570856462,1710.9999999999998,0.8939393939393939,472,12,44
draw_08554,2294.989100051383,1743.6249999999998,0.9109848484848485,481,13,34
draw_08555,2129.293466586193,1678.3749999999998,0.8768939393939394,463,19,46
draw_08556,2229.54603307041,1765.3749999999998,0.9223484848484849,487,6,35
draw_08557,1998.2782951203758,1598.6249999999998,0.8352272727272727,441,30,57
draw_08558,2429.1572518942007,1754.4999999999998,0.9166666666666666,484,16,28
draw_08559,2233.069076821157,1739.9999999999998,0.9090909090909091,480,14,34
draw_08560,2239.8881559913457,1703.7499999999998,0.8901515151515151,470,16,42
draw_08561,2355.6421441572443,1739.9999999999998,0.9090909090909091,480,21,27
draw_08562,2114.729205779049,1652.9999999999998,0.8636363636363636,456,20,52
draw_08563,2253.161772167805,1696.4999999999998,0.8863636363636364,468,17,43
draw_08564,2230.099616951727,1754.4999999999998,0.9166666666666666,484,13,31
draw_08565,2176.8583572086827,1703.7499999999998,0.8901515151515151,470,9,49
draw_08566,2236.4643503078705,1765.3749999999998,0.9223484848484849,487,14,27
draw_08567,2397.500522581616,1787.1249999999998,0.9337121212121212,493,19,16
draw_08568,2416.924824394753,1718.2499999999998,0.8977272727272727,474,20,34
draw_08569,2366.315223000475,1721.8749999999998,0.8996212121212122,475,16,37
draw_08570,2191.733752085568,1761.7499999999998,0.9204545454545454,486,7,35
draw_08571,2350.1188510603997,1678.3749999999998,0.8768939393939394,463,18,47
draw_08572,2026.2299220615987,1703.7499999999998,0.8901515151515151,470,17,41
draw_08573,2168.094852850054,1681.9999999999998,0.8787878787878788,464,12,52
draw_08574,2239.220393585186,1718.2499999999998,0.8977272727272727,474,21,33
draw_08575,2400.5797256530095,1696.4999999999998,0.8863636363636364,468,12,48
draw_08576,2291.8550425551152,1729.1249999999998,0.9034090909090909,477,16,35
draw_08577,2165.640542914574,1689.2499999999998,0.8825757575757576,466,23,39
draw_08578,1967.9690807848526,1667.4999999999998,0.8712121212121212,460,23,45
draw_08579,2297.122411129365,1758.1249999999998,0.9185606060606061,485,10,33
draw_08580,2063.1485249018338,1623.9999999999998,0.8484848484848485,448,30,50
draw_08581,2273.9856309406564,1794.3749999999998,0.9375,495,9,24
draw_08582,2085.5184290892025,1678.3749999999998,0.8768939393939394,463,5,60
draw_08583,2208.75476511075,1743.6249999999998,0.9109848484848485,481,14,33
draw_08584,2019.7032199749135,1758.1249999999998,0.9185606060606061,485,10,33
draw_08585,2182.0241600368804,1685.6249999999998,0.8806818181818182,465,19,44
draw_08586,2170.0537860875716,1758.1249999999998,0.9185606060606061,485,16,27
draw_08587,2065.6987110271752,1714.6249999999998,0.8958333333333334,473,19,36
draw_08588,2074.913539789741,1743.6249999999998,0.9109848484848485,481,13,34
draw_08589,2364.1825880805577,1739.9999999999998,0.9090909090909091,480,11,37
draw_08590,2395.6362590846825,1642.1249999999998,0.8579545454545454,453,20,55
draw_08591,2206.704057496748,1721.8749999999998,0.8996212121212122,475,17,36
draw_08592,2456.349619167667,1739.9999999999998,0.9090909090909091,480,14,34
draw_08593,2386.877367042721,1754.4999999999998,0.9166666666666666,484,14,30
draw_08594,2017.4402171178886,1594.9999999999998,0.8333333333333334,440,24,64
draw_08595,2016.6675128610302,1696.4999999999998,0.8863636363636364,468,17,43
draw_08596,2270.8322189545675,1750.8749999999998,0.9147727272727273,483,10,35
draw_08597,2440.6962530082355,1732.7499999999998,0.9053030303030303,478,23,27
draw_08598,2241.902362589109,1692.8749999999998,0.884469696969697,467,15,46
draw_08599,2255.0935331452943,1729.1249999999998,0.9034090909090909,477,11,40
draw_08600,2075.2098212961405,1696.4999999999998,0.8863636363636364,468,11,49
draw_08601,2114.716186465919,1710.9999999999998,0.8939393939393939,472,21,35
draw_08602,2272.984140561874,1696.4999999999998,0.8863636363636364,468,14,46
draw_08603,2127.8199035443586,1681.9999999999998,0.8787878787878788,464,20,44
draw_08604,2081.1258912177195,1678.3749999999998,0.8768939393939394,463,19,46
draw_08605,2155.3065810890052,1696.4999999999998,0.8863636363636364,468,16,44
draw_08606,2191.375007864951,1667.4999999999998,0.8712121212121212,460,30,38
draw_08607,2174.9999723485134,1758.1249999999998,0.9185606060606061,485,15,28
draw_08608,2370.753960885158,1732.7499999999998,0.9053030303030303,478,16,34
draw_08609,2227.7220297101426,1743.6249999999998,0.9109848484848485,481,10,37
draw_08610,2200.0671349851764,1747.2499999999998,0.9128787878787878,482,21,25
draw_08611,1870.1793805131763,1652.9999999999998,0.8636363636363636,456,14,58
draw_08612,2258.7820129103734,1696.4999999999998,0.8863636363636364,468,16,44
draw_08613,2032.426030234399,1674.7499999999998,0.875,462,19,47
draw_08614,1936.661442412045,1645.7499999999998,0.8598484848484849,454,18,56
draw_08615,2187.024442584279,1758.1249999999998,0.9185606060606061,485,14,29
draw_08616,2089.9659035529835,1743.6249999999998,0.9109848484848485,481,17,30
draw_08617,2230.705808620815,1768.9999999999998,0.9242424242424242,488,8,32
draw_08618,2112.333447497514,1729.1249999999998,0.9034090909090909,477,15,36
draw_08619,2119.993777921107,1721.8749999999998,0.8996212121212122,475,26,27
draw_08620,2277.0129144193297,1761.7499999999998,0.9204545454545454,486,12,30
draw_08621,2146.5881016285143,1671.1249999999998,0.8731060606060606,461,31,36
draw_08622,2299.921564155416,1808.8749999999998,0.9450757575757576,499,6,23
draw_08623,2060.904729211615,1758.1249999999998,0.9185606060606061,485,7,36
draw_08624,2136.325578521715,1729.1249999999998,0.9034090909090909,477,13,38
draw_08625,2024.8707130428058,1580.4999999999998,0.8257575757575758,436,29,63
draw_08626,2233.788080112117,1772.6249999999998,0.9261363636363636,489,19,20
draw_08627,2042.6894864852175,1703.7499999999998,0.8901515151515151,470,22,36
draw_08628,2325.1308265737403,1700.1249999999998,0.8882575757575758,469,16,43
draw_08629,2094.48824025009,1765.3749999999998,0.9223484848484849,487,11,30
draw_08630,2247.0085769759194,1710.9999999999998,0.8939393939393939,472,12,44
draw_08631,2110.346589218124,1660.2499999999998,0.8674242424242424,458,16,54
draw_08632,2292.466845265374,1758.1249999999998,0.9185606060606061,485,11,32
draw_08633,2463.2383906603336,1721.8749999999998,0.8996212121212122,475,18,35
draw_08634,2176.7164328823105,1710.9999999999998,0.8939393939393939,472,10,46
draw_08635,2155.3307561764195,1674.7499999999998,0.875,462,19,47
draw_08636,2140.402692401494,1685.6249999999998,0.8806818181818182,465,27,36
draw_08637,2046.2044042018192,1681.9999999999998,0.8787878787878788,464,12,52
draw_08638,2127.603791878103,1750.8749999999998,0.9147727272727273,483,11,34
draw_08639,2246.4495198658806,1729.1249999999998,0.9034090909090909,477,16,35
draw_08640,2272.577884195641,1739.9999999999998,0.9090909090909091,480,8,40
draw_08641,2138.862509424153,1732.7499999999998,0.9053030303030303,478,13,37
draw_08642,2039.1093743976069,1616.7499999999998,0.8446969696969697,446,24,58
draw_08643,2017.6619363383008,1652.9999999999998,0.8636363636363636,456,13,59
draw_08644,2140.0777292262096,1743.6249999999998,0.9109848484848485,481,15,32
draw_08645,1997.3652652424994,1732.7499999999998,0.9053030303030303,478,16,34
draw_08646,2155.2369394550697,1768.9999999999998,0.9242424242424242,488,5,35
draw_08647,2041.271839467253,1703.7499999999998,0.8901515151515151,470,25,33
draw_08648,2211.97875331591,1710.9999999999998,0.8939393939393939,472,16,40
draw_08649,2136.5962522432847,1696.4999999999998,0.8863636363636364,468,18,42
draw_08650,2542.3163828258744,1837.8749999999998,0.9602272727272727,507,10,11
draw_08651,2108.769689118287,1678.3749999999998,0.8768939393939394,463,17,48
draw_08652,2163.4410229864748,1685.6249999999998,0.8806818181818182,465,22,41
draw_08653,2222.5989719605623,1747.2499999999998,0.9128787878787878,482,11,35
draw_08654,1987.1474607782422,1710.9999999999998,0.8939393939393939,472,19,37
draw_08655,2207.9037351632774,1707.3749999999998,0.8920454545454546,471,25,32
draw_08656,2056.940781859343,1700.1249999999998,0.8882575757575758,469,16,43
draw_08657,2247.308991078657,1710.9999999999998,0.8939393939393939,472,7,49
draw_08658,2109.33681377796,1761.7499999999998,0.9204545454545454,486,15,27
draw_08659,2287.246155742654,1729.1249999999998,0.9034090909090909,477,16,35
draw_08660,2309.568659969658,1805.2499999999998,0.9431818181818182,498,14,16
draw_08661,2295.829349561406,1667.4999999999998,0.8712121212121212,460,19,49
draw_08662,2187.1792936467755,1721.8749999999998,0.8996212121212122,475,10,43
draw_08663,2103.1225916627413,1718.2499999999998,0.8977272727272727,474,18,36
draw_08664,2118.043562814798,1714.6249999999998,0.8958333333333334,473,16,39
draw_08665,2320.9840357393064,1674.7499999999998,0.875,462,12,54
draw_08666,2395.2028013112727,1750.8749999999998,0.9147727272727273,483,19,26
draw_08667,2302.1614038791304,1739.9999999999998,0.9090909090909091,480,17,31
draw_08668,2321.7851934893124,1747.2499999999998,0.9128787878787878,482,21,25
draw_08669,2134.970436864077,1718.2499999999998,0.8977272727272727,474,16,38
draw_08670,2187.0248885830497,1652.9999999999998,0.8636363636363636,456,27,45
draw_08671,2018.3077375665166,1714.6249999999998,0.8958333333333334,473,25,30
draw_08672,2335.664917271074,1758.1249999999998,0.9185606060606061,485,8,35
draw_08673,2279.4788519546887,1710.9999999999998,0.8939393939393939,472,13,43
draw_08674,2114.104791919572,1725.4999999999998,0.9015151515151515,476,24,28
draw_08675,2106.5699574338837,1685.6249999999998,0.8806818181818182,465,21,42
draw_08676,2313.6231782098835,1652.9999999999998,0.8636363636363636,456,21,51
draw_08677,2652.991908663425,1768.9999999999998,0.9242424242424242,488,9,31
draw_08678,2240.3840527258094,1678.3749999999998,0.8768939393939394,463,15,50
draw_08679,2316.9639584003053,1812.4999999999998,0.946969696969697,500,11,17
draw_08680,2223.562535710343,1758.1249999999998,0.9185606060606061,485,14,29
draw_08681,2111.1612608686455,1609.4999999999998,0.8409090909090909,444,21,63
draw_08682,2143.357301791057,1721.8749999999998,0.8996212121212122,475,6,47
draw_08683,2123.4979635465365,1671.1249999999998,0.8731060606060606,461,17,50
draw_08684,2141.773201526998,1678.3749999999998,0.8768939393939394,463,30,35
draw_08685,2384.6371767683704,1787.1249999999998,0.9337121212121212,493,22,13
draw_08686,2297.7457241599204,1736.3749999999998,0.9071969696969697,479,14,35
draw_08687,2314.5712425688293,1783.4999999999998,0.9318181818181818,492,18,18
draw_08688,2259.77765411788,1696.4999999999998,0.8863636363636364,468,16,44
draw_08689,2079.4853662357277,1700.1249999999998,0.8882575757575758,469,23,36
draw_08690,2108.9222395522784,1761.7499999999998,0.9204545454545454,486,7,35
draw_08691,2178.2455104896353,1721.8749999999998,0.8996212121212122,475,15,38
draw_08692,2003.8685381086786,1634.8749999999998,0.8541666666666666,451,25,52
draw_08693,2184.2199801861184,1638.4999999999998,0.8560606060606061,452,16,60
draw_08694,1979.713401529341,1631.2499999999998,0.8522727272727273,450,15,63
draw_08695,2417.633925790602,1768.9999999999998,0.9242424242424242,488,11,29
draw_08696,2212.9909783990056,1736.3749999999998,0.9071969696969697,479,11,38
draw_08697,2253.991163863956,1710.9999999999998,0.8939393939393939,472,14,42
draw_08698,2204.220975043648,1754.4999999999998,0.9166666666666666,484,14,30
draw_08699,2310.547062153456,1754.4999999999998,0.9166666666666666,484,9,35
draw_08700,1970.8486246247496,1696.4999999999998,0.8863636363636364,468,13,47
draw_08701,2217.7472186872374,1747.2499999999998,0.9128787878787878,482,16,30
draw_08702,2239.496862881707,1743.6249999999998,0.9109848484848485,481,18,29
draw_08703,2294.401288373814,1772.6249999999998,0.9261363636363636,489,16,23
draw_08704,2354.1171535868725,1743.6249999999998,0.9109848484848485,481,22,25
draw_08705,2135.179288446465,1689.2499999999998,0.8825757575757576,466,24,38
draw_08706,2162.2081623752074,1656.6249999999998,0.865530303030303,457,15,56
draw_08707,2226.221473294942,1703.7499999999998,0.8901515151515151,470,17,41
draw_08708,2327.694893216066,1729.1249999999998,0.9034090909090909,477,21,30
draw_08709,2212.5788520150763,1761.7499999999998,0.9204545454545454,486,9,33
draw_08710,2154.362226705781,1714.6249999999998,0.8958333333333334,473,19,36
draw_08711,2087.4875306064673,1671.1249999999998,0.8731060606060606,461,20,47
draw_08712,2178.0870711749526,1761.7499999999998,0.9204545454545454,486,10,32
draw_08713,2364.908717563704,1765.3749999999998,0.9223484848484849,487,16,25
draw_08714,2224.0952623112325,1779.8749999999998,0.9299242424242424,491,12,25
draw_08715,2326.149134925986,1797.9999999999998,0.9393939393939394,496,13,19
draw_08716,2303.0815744496804,1631.2499999999998,0.8522727272727273,450,25,53
draw_08717,2183.7946221179595,1721.8749999999998,0.8996212121212122,475,16,37
draw_08718,2263.988998145375,1772.6249999999998,0.9261363636363636,489,12,27
draw_08719,2268.1284401801154,1750.8749999999998,0.9147727272727273,483,14,31
draw_08720,2397.1565412237696,1718.2499999999998,0.8977272727272727,474,19,35
draw_08721,2308.5807571450187,1736.3749999999998,0.9071969696969697,479,6,43
draw_08722,2103.3930239249275,1671.1249999999998,0.8731060606060606,461,16,51
draw_08723,2040.277145470096,1681.9999999999998,0.8787878787878788,464,13,51
draw_08724,2140.7253074250393,1667.4999999999998,0.8712121212121212,460,11,57
draw_08725,2256.733023693869,1707.3749999999998,0.8920454545454546,471,14,43
draw_08726,2210.1899056098064,1707.3749999999998,0.8920454545454546,471,18,39
draw_08727,2280.3586515341494,1754.4999999999998,0.9166666666666666,484,11,33
draw_08728,2221.776921121591,1768.9999999999998,0.9242424242424242,488,16,24
draw_08729,2117.8365400982016,1671.1249999999998,0.8731060606060606,461,18,49
draw_08730,2138.4493084570163,1761.7499999999998,0.9204545454545454,486,7,35
draw_08731,2314.7963146836155,1750.8749999999998,0.9147727272727273,483,9,36
draw_08732,2302.3142752550566,1714.6249999999998,0.8958333333333334,473,16,39
draw_08733,2086.6445063600613,1703.7499999999998,0.8901515151515151,470,23,35
draw_08734,2240.361859235151,1772.6249999999998,0.9261363636363636,489,9,30
draw_08735,2264.455972603285,1772.6249999999998,0.9261363636363636,489,6,33
draw_08736,2421.5575684919568,1790.7499999999998,0.9356060606060606,494,20,14
draw_08737,2204.5549456597673,1678.3749999999998,0.8768939393939394,463,18,47
draw_08738,2130.0970922160013,1714.6249999999998,0.8958333333333334,473,19,36
draw_08739,2136.655027999596,1721.8749999999998,0.8996212121212122,475,20,33
draw_08740,2187.603493703313,1660.2499999999998,0.8674242424242424,458,22,48
draw_08741,2162.4469140584088,1700.1249999999998,0.8882575757575758,469,13,46
draw_08742,2186.1045179683674,1729.1249999999998,0.9034090909090909,477,16,35
draw_08743,2276.383443086436,1776.2499999999998,0.928030303030303,490,14,24
draw_08744,2205.5156016425694,1761.7499999999998,0.9204545454545454,486,17,25
draw_08745,2117.7389458002535,1729.1249999999998,0.9034090909090909,477,15,36
draw_08746,2155.413920334844,1754.4999999999998,0.9166666666666666,484,13,31
draw_08747,2419.549420295518,1772.6249999999998,0.9261363636363636,489,8,31
draw_08748,2366.181407146141,1739.9999999999998,0.9090909090909091,480,14,34
draw_08749,2245.3741052955907,1718.2499999999998,0.8977272727272727,474,16,38
draw_08750,2287.5548336030715,1779.8749999999998,0.9299242424242424,491,16,21
draw_08751,2133.2246585465664,1700.1249999999998,0.8882575757575758,469,27,32
draw_08752,2472.859346110921,1768.9999999999998,0.9242424242424242,488,15,25
draw_08753,2123.678737312368,1674.7499999999998,0.875,462,12,54
draw_08754,2024.323122458336,1642.1249999999998,0.8579545454545454,453,25,50
draw_08755,2031.6127142504133,1685.6249999999998,0.8806818181818182,465,24,39
draw_08756,2288.823981720936,1837.8749999999998,0.9602272727272727,507,6,15
draw_08757,2218.282408097551,1634.8749999999998,0.8541666666666666,451,19,58
draw_08758,2285.9294959901667,1732.7499999999998,0.9053030303030303,478,13,37
draw_08759,2315.1959267970024,1739.9999999999998,0.9090909090909091,480,11,37
draw_08760,2101.0074554878115,1725.4999999999998,0.9015151515151515,476,19,33
draw_08761,2432.599794427373,1772.6249999999998,0.9261363636363636,489,10,29
draw_08762,1909.481156254031,1613.1249999999998,0.8428030303030303,445,18,65
draw_08763,2254.315383389958,1710.9999999999998,0.8939393939393939,472,18,38
draw_08764,2244.780542829549,1700.1249999999998,0.8882575757575758,469,24,35
draw_08765,1973.99211489024,1645.7499999999998,0.8598484848484849,454,19,55
draw_08766,2119.0284252231613,1739.9999999999998,0.9090909090909091,480,5,43
draw_08767,2341.5004423581877,1739.9999999999998,0.9090909090909091,480,9,39
draw_08768,2244.060089650778,1779.8749999999998,0.9299242424242424,491,10,27
draw_08769,2161.6357478225436,1663.8749999999998,0.8693181818181818,459,16,53
draw_08770,2207.13817938313,1678.3749999999998,0.8768939393939394,463,7,58
draw_08771,2061.6617048876724,1703.7499999999998,0.8901515151515151,470,18,40
draw_08772,1909.1072280107758,1718.2499999999998,0.8977272727272727,474,9,45
draw_08773,2033.2065957999735,1739.9999999999998,0.9090909090909091,480,16,32
draw_08774,2115.866618726454,1747.2499999999998,0.9128787878787878,482,10,36
draw_08775,2116.865828776639,1678.3749999999998,0.8768939393939394,463,9,56
draw_08776,2291.031545620077,1787.1249999999998,0.9337121212121212,493,17,18
draw_08777,2188.7037805467576,1768.9999999999998,0.9242424242424242,488,4,36
draw_08778,2240.416792634544,1801.6249999999998,0.9412878787878788,497,7,24
draw_08779,2250.9405290947407,1768.9999999999998,0.9242424242424242,488,13,27
draw_08780,2046.4873369975485,1700.1249999999998,0.8882575757575758,469,16,43
draw_08781,2188.9466755471058,1652.9999999999998,0.8636363636363636,456,18,54
draw_08782,2223.08633987134,1700.1249999999998,0.8882575757575758,469,15,44
draw_08783,2174.345700194708,1732.7499999999998,0.9053030303030303,478,6,44
draw_08784,2111.1138055236574,1718.2499999999998,0.8977272727272727,474,25,29
draw_08785,2086.4678821977523,1613.1249999999998,0.8428030303030303,445,13,70
draw_08786,2105.140078793748,1678.3749999999998,0.8768939393939394,463,18,47
draw_08787,2191.7358544784915,1721.8749999999998,0.8996212121212122,475,12,41
draw_08788,2228.8266040773096,1743.6249999999998,0.9109848484848485,481,15,32
draw_08789,2169.4719597733833,1674.7499999999998,0.875,462,16,50
draw_08790,2287.665846161706,1750.8749999999998,0.9147727272727273,483,9,36
draw_08791,2138.1305246505644,1714.6249999999998,0.8958333333333334,473,17,38
draw_08792,2263.996544597054,1750.8749999999998,0.9147727272727273,483,12,33
draw_08793,2128.194688208773,1747.2499999999998,0.9128787878787878,482,11,35
draw_08794,2062.3065315054896,1714.6249999999998,0.8958333333333334,473,17,38
draw_08795,2263.551481658454,1758.1249999999998,0.9185606060606061,485,16,27
draw_08796,2157.0357957938095,1685.6249999999998,0.8806818181818182,465,17,46
draw_08797,2249.6824452317937,1707.3749999999998,0.8920454545454546,471,17,40
draw_08798,2199.023705197657,1739.9999999999998,0.9090909090909091,480,14,34
draw_08799,2088.008423811371,1707.3749999999998,0.8920454545454546,471,20,37
draw_08800,2177.1066801349166,1703.7499999999998,0.8901515151515151,470,16,42
draw_08801,2108.139838977286,1689.2499999999998,0.8825757575757576,466,17,45
draw_08802,2130.4175594856765,1696.4999999999998,0.8863636363636364,468,12,48
draw_08803,2167.943603596959,1772.6249999999998,0.9261363636363636,489,8,31
draw_08804,2242.108323663738,1700.1249999999998,0.8882575757575758,469,9,50
draw_08805,2352.1616179436287,1729.1249999999998,0.9034090909090909,477,10,41
draw_08806,2034.4076701452839,1681.9999999999998,0.8787878787878788,464,13,51
draw_08807,2127.7931954339724,1667.4999999999998,0.8712121212121212,460,26,42
draw_08808,2130.530496235042,1667.4999999999998,0.8712121212121212,460,17,51
draw_08809,2071.768163690657,1758.1249999999998,0.9185606060606061,485,16,27
draw_08810,2294.6158689889276,1758.1249999999998,0.9185606060606061,485,15,28
draw_08811,2041.1924841363384,1765.3749999999998,0.9223484848484849,487,14,27
draw_08812,2310.947945948326,1812.4999999999998,0.946969696969697,500,12,16
draw_08813,2168.6609975010983,1692.8749999999998,0.884469696969697,467,19,42
draw_08814,2001.6324613775853,1616.7499999999998,0.8446969696969697,446,6,76
draw_08815,2193.256656983993,1652.9999999999998,0.8636363636363636,456,13,59
draw_08816,2099.2312535947967,1642.1249999999998,0.8579545454545454,453,25,50
draw_08817,2136.8137262816704,1718.2499999999998,0.8977272727272727,474,18,36
draw_08818,2193.946575741155,1739.9999999999998,0.9090909090909091,480,17,31
draw_08819,2378.8783574784056,1729.1249999999998,0.9034090909090909,477,10,41
draw_08820,2068.0388580926,1685.6249999999998,0.8806818181818182,465,15,48
draw_08821,2168.799629904556,1732.7499999999998,0.9053030303030303,478,19,31
draw_08822,2205.2156377320184,1754.4999999999998,0.9166666666666666,484,9,35
draw_08823,2328.223978425166,1714.6249999999998,0.8958333333333334,473,11,44
draw_08824,2216.7708965897386,1721.8749999999998,0.8996212121212122,475,16,37
draw_08825,2417.8161614957426,1725.4999999999998,0.9015151515151515,476,13,39
draw_08826,2270.0661968026548,1758.1249999999998,0.9185606060606061,485,13,30
draw_08827,1936.1804655809171,1747.2499999999998,0.9128787878787878,482,11,35
draw_08828,1910.5093537133703,1565.9999999999998,0.8181818181818182,432,19,77
draw_08829,2284.3155965108335,1758.1249999999998,0.9185606060606061,485,17,26
draw_08830,2139.093616437543,1685.6249999999998,0.8806818181818182,465,21,42
draw_08831,2160.4120827567426,1747.2499999999998,0.9128787878787878,482,19,27
draw_08832,2164.456865259322,1703.7499999999998,0.8901515151515151,470,21,37
draw_08833,2348.216848007029,1805.2499999999998,0.9431818181818182,498,10,20
draw_08834,2166.0264440968454,1794.3749999999998,0.9375,495,11,22
draw_08835,2105.612550897955,1623.9999999999998,0.8484848484848485,448,12,68
draw_08836,2195.62557480208,1729.1249999999998,0.9034090909090909,477,11,40
draw_08837,2240.515083858634,1696.4999999999998,0.8863636363636364,468,17,43
draw_08838,2077.5446785122535,1689.2499999999998,0.8825757575757576,466,10,52
draw_08839,2227.6841512019964,1729.1249999999998,0.9034090909090909,477,12,39
draw_08840,2410.2575019564642,1779.8749999999998,0.9299242424242424,491,8,29
draw_08841,2264.681631778676,1732.7499999999998,0.9053030303030303,478,13,37
draw_08842,2251.09355948885,1779.8749999999998,0.9299242424242424,491,17,20
draw_08843,2240.0713401313806,1794.3749999999998,0.9375,495,13,20
draw_08844,2186.692294087906,1754.4999999999998,0.9166666666666666,484,10,34
draw_08845,2246.1858508681244,1714.6249999999998,0.8958333333333334,473,20,35
draw_08846,2203.4806793104667,1754.4999999999998,0.9166666666666666,484,19,25
draw_08847,2170.9558134269837,1652.9999999999998,0.8636363636363636,456,17,55
draw_08848,2117.308175469871,1660.2499999999998,0.8674242424242424,458,19,51
draw_08849,1896.1825824698412,1674.7499999999998,0.875,462,21,45
draw_08850,2110.687319828207,1678.3749999999998,0.8768939393939394,463,14,51
draw_08851,2416.99125237077,1779.8749999999998,0.9299242424242424,491,15,22
draw_08852,2148.2431122596668,1710.9999999999998,0.8939393939393939,472,17,39
draw_08853,1992.7922275812634,1602.2499999999998,0.8371212121212122,442,21,65
draw_08854,2221.6448670179525,1732.7499999999998,0.9053030303030303,478,16,34
draw_08855,2311.4305044814682,1732.7499999999998,0.9053030303030303,478,16,34
draw_08856,2135.017409662204,1729.1249999999998,0.9034090909090909,477,13,38
draw_08857,2273.342620135771,1794.3749999999998,0.9375,495,10,23
draw_08858,2252.7401959240024,1623.9999999999998,0.8484848484848485,448,16,64
draw_08859,2107.761349851639,1707.3749999999998,0.8920454545454546,471,14,43
draw_08860,2238.8367080284615,1707.3749999999998,0.8920454545454546,471,18,39
draw_08861,2269.015095790384,1685.6249999999998,0.8806818181818182,465,12,51
draw_08862,2317.0414889414915,1710.9999999999998,0.8939393939393939,472,12,44
draw_08863,1954.6663008825617,1649.3749999999998,0.8617424242424242,455,25,48
draw_08864,2250.170717904492,1645.7499999999998,0.8598484848484849,454,25,49
draw_08865,2128.9410476169746,1710.9999999999998,0.8939393939393939,472,7,49
draw_08866,2303.5966093964544,1732.7499999999998,0.9053030303030303,478,14,36
draw_08867,2057.1198531930645,1580.4999999999998,0.8257575757575758,436,20,72
draw_08868,2247.3229268507407,1772.6249999999998,0.9261363636363636,489,11,28
draw_08869,2144.130966606567,1714.6249999999998,0.8958333333333334,473,19,36
draw_08870,2019.1837731164271,1743.6249999999998,0.9109848484848485,481,14,33
draw_08871,2130.0614903373958,1707.3749999999998,0.8920454545454546,471,11,46
draw_08872,2507.631793301311,1743.6249999999998,0.9109848484848485,481,19,28
draw_08873,2165.019905542781,1634.8749999999998,0.8541666666666666,451,17,60
draw_08874,2275.315640280083,1729.1249999999998,0.9034090909090909,477,16,35
draw_08875,2190.1517166251933,1616.7499999999998,0.8446969696969697,446,14,68
draw_08876,2172.27646904147,1732.7499999999998,0.9053030303030303,478,17,33
draw_08877,2442.751775779574,1700.1249999999998,0.8882575757575758,469,19,40
draw_08878,2186.005157425273,1729.1249999999998,0.9034090909090909,477,5,46
draw_08879,2337.571114267918,1707.3749999999998,0.8920454545454546,471,21,36
draw_08880,2253.901159718381,1671.1249999999998,0.8731060606060606,461,19,48
draw_08881,1973.3957697166124,1511.6249999999998,0.7897727272727273,417,18,93
draw_08882,2112.895940765625,1703.7499999999998,0.8901515151515151,470,20,38
draw_08883,2266.8480689545454,1779.8749999999998,0.9299242424242424,491,11,26
draw_08884,2282.3864607386413,1736.3749999999998,0.9071969696969697,479,22,27
draw_08885,2274.179409583348,1718.2499999999998,0.8977272727272727,474,7,47
draw_08886,2073.114712681534,1710.9999999999998,0.8939393939393939,472,28,28
draw_08887,2229.6603500402034,1707.3749999999998,0.8920454545454546,471,24,33
draw_08888,2360.4209514327345,1743.6249999999998,0.9109848484848485,481,11,36
draw_08889,2141.6826450508456,1689.2499999999998,0.8825757575757576,466,25,37
draw_08890,2342.8925332510044,1725.4999999999998,0.9015151515151515,476,15,37
draw_08891,2219.092603612017,1667.4999999999998,0.8712121212121212,460,20,48
draw_08892,2146.1919649103725,1725.4999999999998,0.9015151515151515,476,12,40
draw_08893,2035.9332815487824,1674.7499999999998,0.875,462,21,45
draw_08894,2275.355901194876,1725.4999999999998,0.9015151515151515,476,10,42
draw_08895,2163.1472647132205,1707.3749999999998,0.8920454545454546,471,13,44
draw_08896,2003.2454000460407,1667.4999999999998,0.8712121212121212,460,20,48
draw_08897,2107.242109248981,1747.2499999999998,0.9128787878787878,482,16,30
draw_08898,2080.255981007091,1609.4999999999998,0.8409090909090909,444,24,60
draw_08899,2257.007022750342,1700.1249999999998,0.8882575757575758,469,22,37
draw_08900,2108.3628557724473,1696.4999999999998,0.8863636363636364,468,14,46
draw_08901,2127.9361576660904,1700.1249999999998,0.8882575757575758,469,21,38
draw_08902,1922.339964963386,1652.9999999999998,0.8636363636363636,456,14,58
draw_08903,2219.0231039657597,1725.4999999999998,0.9015151515151515,476,18,34
draw_08904,2220.8322325872455,1743.6249999999998,0.9109848484848485,481,8,39
draw_08905,2186.8003563286716,1718.2499999999998,0.8977272727272727,474,22,32
draw_08906,2196.721406864127,1736.3749999999998,0.9071969696969697,479,16,33
draw_08907,2192.4401880070172,1754.4999999999998,0.9166666666666666,484,10,34
draw_08908,2426.2157341871284,1754.4999999999998,0.9166666666666666,484,15,29
draw_08909,2001.5577155700569,1725.4999999999998,0.9015151515151515,476,11,41
draw_08910,2085.107367294213,1721.8749999999998,0.8996212121212122,475,18,35
draw_08911,2020.3980115534434,1685.6249999999998,0.8806818181818182,465,12,51
draw_08912,2056.173663116215,1652.9999999999998,0.8636363636363636,456,17,55
draw_08913,2236.690914733404,1729.1249999999998,0.9034090909090909,477,14,37
draw_08914,2266.1518485664174,1790.7499999999998,0.9356060606060606,494,11,23
draw_08915,2246.7000471522692,1710.9999999999998,0.8939393939393939,472,15,41
draw_08916,2188.026428611983,1754.4999999999998,0.9166666666666666,484,10,34
draw_08917,2286.7290490481055,1689.2499999999998,0.8825757575757576,466,16,46
draw_08918,2149.1121338888343,1797.9999999999998,0.9393939393939394,496,10,22
draw_08919,2498.0760361738253,1801.6249999999998,0.9412878787878788,497,8,23
draw_08920,2288.031626699849,1732.7499999999998,0.9053030303030303,478,11,39
draw_08921,1906.6528833766552,1663.8749999999998,0.8693181818181818,459,21,48
draw_08922,2373.371861996724,1725.4999999999998,0.9015151515151515,476,21,31
draw_08923,2529.647749701598,1783.4999999999998,0.9318181818181818,492,14,22
draw_08924,2246.703357466146,1678.3749999999998,0.8768939393939394,463,14,51
draw_08925,2121.0141598889545,1660.2499999999998,0.8674242424242424,458,16,54
draw_08926,1983.7590282051426,1620.3749999999998,0.8465909090909091,447,20,61
draw_08927,2226.2877981658917,1754.4999999999998,0.9166666666666666,484,14,30
draw_08928,2029.8215186898208,1685.6249999999998,0.8806818181818182,465,19,44
draw_08929,2226.312517716471,1718.2499999999998,0.8977272727272727,474,13,41
draw_08930,1965.4607314479447,1620.3749999999998,0.8465909090909091,447,21,60
draw_08931,2124.295500683477,1758.1249999999998,0.9185606060606061,485,16,27
draw_08932,2227.768615092964,1808.8749999999998,0.9450757575757576,499,13,16
draw_08933,2075.6471769162267,1736.3749999999998,0.9071969696969697,479,23,26
draw_08934,2069.6032505424746,1649.3749999999998,0.8617424242424242,455,25,48
draw_08935,2162.4588440760326,1656.6249999999998,0.865530303030303,457,22,49
draw_08936,2227.8834584887513,1776.2499999999998,0.928030303030303,490,4,34
draw_08937,2284.2804675750403,1700.1249999999998,0.8882575757575758,469,28,31
draw_08938,2314.7857645195595,1689.2499999999998,0.8825757575757576,466,13,49
draw_08939,2503.6335867791167,1754.4999999999998,0.9166666666666666,484,16,28
draw_08940,2154.661834586905,1681.9999999999998,0.8787878787878788,464,18,46
draw_08941,2504.017919759417,1783.4999999999998,0.9318181818181818,492,10,26
draw_08942,2105.1313926006715,1696.4999999999998,0.8863636363636364,468,16,44
draw_08943,2144.1585869032015,1692.8749999999998,0.884469696969697,467,22,39
draw_08944,2397.6542000271675,1736.3749999999998,0.9071969696969697,479,8,41
draw_08945,2147.536881938822,1609.4999999999998,0.8409090909090909,444,18,66
draw_08946,2161.847280396427,1703.7499999999998,0.8901515151515151,470,28,30
draw_08947,2329.175168926125,1685.6249999999998,0.8806818181818182,465,13,50
draw_08948,2340.276714764898,1721.8749999999998,0.8996212121212122,475,12,41
draw_08949,1956.5806905321213,1638.4999999999998,0.8560606060606061,452,26,50
draw_08950,2156.387301865584,1794.3749999999998,0.9375,495,12,21
draw_08951,2331.047329436867,1819.7499999999998,0.9507575757575758,502,15,11
draw_08952,2160.248748131239,1620.3749999999998,0.8465909090909091,447,17,64
draw_08953,2263.5296723581537,1642.1249999999998,0.8579545454545454,453,16,59
draw_08954,2142.3908247451614,1787.1249999999998,0.9337121212121212,493,11,24
draw_08955,2354.4044469131773,1714.6249999999998,0.8958333333333334,473,15,40
draw_08956,2032.2785141820477,1707.3749999999998,0.8920454545454546,471,13,44
draw_08957,2205.147882148059,1714.6249999999998,0.8958333333333334,473,16,39
draw_08958,1987.961802473947,1598.6249999999998,0.8352272727272727,441,19,68
draw_08959,2003.9284661839824,1594.9999999999998,0.8333333333333334,440,30,58
draw_08960,2171.5568054650644,1696.4999999999998,0.8863636363636364,468,19,41
draw_08961,2122.333327315061,1721.8749999999998,0.8996212121212122,475,17,36
draw_08962,2094.4527893060804,1645.7499999999998,0.8598484848484849,454,20,54
draw_08963,2104.9165062806196,1768.9999999999998,0.9242424242424242,488,13,27
draw_08964,2142.9077036481444,1729.1249999999998,0.9034090909090909,477,14,37
draw_08965,2260.2382879371035,1736.3749999999998,0.9071969696969697,479,12,37
draw_08966,2138.6417891226797,1783.4999999999998,0.9318181818181818,492,15,21
draw_08967,2174.169869212954,1681.9999999999998,0.8787878787878788,464,17,47
draw_08968,2271.8623785078203,1794.3749999999998,0.9375,495,12,21
draw_08969,1987.2161568509575,1638.4999999999998,0.8560606060606061,452,20,56
draw_08970,2228.910778684549,1721.8749999999998,0.8996212121212122,475,18,35
draw_08971,2287.615846876572,1663.8749999999998,0.8693181818181818,459,9,60
draw_08972,2127.2053182521518,1627.6249999999998,0.8503787878787878,449,30,49
draw_08973,2226.3170619091075,1674.7499999999998,0.875,462,11,55
draw_08974,2257.7293344295936,1761.7499999999998,0.9204545454545454,486,7,35
draw_08975,2351.9482611237004,1754.4999999999998,0.9166666666666666,484,9,35
draw_08976,2098.8976994140035,1671.1249999999998,0.8731060606060606,461,14,53
draw_08977,2208.149734999111,1645.7499999999998,0.8598484848484849,454,16,58
draw_08978,2390.455843876397,1718.2499999999998,0.8977272727272727,474,9,45
draw_08979,2231.566263016649,1718.2499999999998,0.8977272727272727,474,18,36
draw_08980,2208.010467484014,1729.1249999999998,0.9034090909090909,477,13,38
draw_08981,2186.0861414130827,1758.1249999999998,0.9185606060606061,485,14,29
draw_08982,2396.332510813207,1779.8749999999998,0.9299242424242424,491,7,30
draw_08983,2175.3240397136096,1718.2499999999998,0.8977272727272727,474,7,47
draw_08984,2087.4144142066757,1729.1249999999998,0.9034090909090909,477,15,36
draw_08985,2284.044434152898,1768.9999999999998,0.9242424242424242,488,10,30
draw_08986,2210.419620898375,1718.2499999999998,0.8977272727272727,474,13,41
draw_08987,2141.8449431782155,1721.8749999999998,0.8996212121212122,475,10,43
draw_08988,2217.353794775929,1685.6249999999998,0.8806818181818182,465,15,48
draw_08989,2300.8874547464466,1729.1249999999998,0.9034090909090909,477,10,41
draw_08990,2293.255389606496,1703.7499999999998,0.8901515151515151,470,12,46
draw_08991,2290.7375278775557,1747.2499999999998,0.9128787878787878,482,11,35
draw_08992,2168.064348354601,1747.2499999999998,0.9128787878787878,482,18,28
draw_08993,2344.9475977414636,1718.2499999999998,0.8977272727272727,474,18,36
draw_08994,2133.8104732641277,1776.2499999999998,0.928030303030303,490,14,24
draw_08995,2201.1485650699638,1772.6249999999998,0.9261363636363636,489,15,24
draw_08996,2249.581020708826,1776.2499999999998,0.928030303030303,490,13,25
draw_08997,2040.3592304497874,1689.2499999999998,0.8825757575757576,466,9,53
draw_08998,2255.6009954027995,1660.2499999999998,0.8674242424242424,458,12,58
draw_08999,2398.2886819453433,1790.7499999999998,0.9356060606060606,494,8,26
draw_09000,2390.5038421348313,1725.4999999999998,0.9015151515151515,476,14,38
draw_09001,2402.6299377003124,1779.8749999999998,0.9299242424242424,491,12,25
draw_09002,2254.9067957852267,1779.8749999999998,0.9299242424242424,491,14,23
draw_09003,2213.9161896229907,1685.6249999999998,0.8806818181818182,465,13,50
draw_09004,2098.354423563122,1700.1249999999998,0.8882575757575758,469,8,51
draw_09005,2165.65651430924,1732.7499999999998,0.9053030303030303,478,8,42
draw_09006,2070.3788028826843,1671.1249999999998,0.8731060606060606,461,20,47
draw_09007,2210.007552884295,1732.7499999999998,0.9053030303030303,478,12,38
draw_09008,2539.381211990331,1790.7499999999998,0.9356060606060606,494,15,19
draw_09009,2161.1013502199353,1758.1249999999998,0.9185606060606061,485,13,30
draw_09010,2148.7484026303555,1772.6249999999998,0.9261363636363636,489,9,30
draw_09011,2200.42169617507,1718.2499999999998,0.8977272727272727,474,12,42
draw_09012,2051.7372332626387,1758.1249999999998,0.9185606060606061,485,14,29
draw_09013,2183.592029297749,1725.4999999999998,0.9015151515151515,476,14,38
draw_09014,2083.335828359892,1692.8749999999998,0.884469696969697,467,18,43
draw_09015,2143.8852437097944,1758.1249999999998,0.9185606060606061,485,10,33
draw_09016,2006.3578537699068,1652.9999999999998,0.8636363636363636,456,18,54
draw_09017,2142.035348371113,1732.7499999999998,0.9053030303030303,478,11,39
draw_09018,2178.2650638261784,1631.2499999999998,0.8522727272727273,450,16,62
draw_09019,2375.1458629170716,1739.9999999999998,0.9090909090909091,480,19,29
draw_09020,2330.5300066694413,1674.7499999999998,0.875,462,10,56
draw_09021,2219.9712564339734,1660.2499999999998,0.8674242424242424,458,11,59
draw_09022,2146.3455687709766,1667.4999999999998,0.8712121212121212,460,24,44
draw_09023,2003.1951108842095,1623.9999999999998,0.8484848484848485,448,19,61
draw_09024,2182.545238037748,1754.4999999999998,0.9166666666666666,484,18,26
draw_09025,2372.51276008131,1779.8749999999998,0.9299242424242424,491,13,24
draw_09026,2239.2061963747283,1700.1249999999998,0.8882575757575758,469,16,43
draw_09027,2268.3066980360654,1747.2499999999998,0.9128787878787878,482,17,29
draw_09028,2245.779483741533,1689.2499999999998,0.8825757575757576,466,8,54
draw_09029,2180.245585742621,1718.2499999999998,0.8977272727272727,474,18,36
draw_09030,2438.467038833373,1718.2499999999998,0.8977272727272727,474,11,43
draw_09031,2086.4742169228243,1631.2499999999998,0.8522727272727273,450,29,49
draw_09032,2135.8943789382547,1754.4999999999998,0.9166666666666666,484,11,33
draw_09033,2037.368577926,1707.3749999999998,0.8920454545454546,471,5,52
draw_09034,2146.7889842144923,1739.9999999999998,0.9090909090909091,480,15,33
draw_09035,2051.7556685593004,1631.2499999999998,0.8522727272727273,450,23,55
draw_09036,2180.841522809383,1700.1249999999998,0.8882575757575758,469,25,34
draw_09037,2174.119313432562,1768.9999999999998,0.9242424242424242,488,12,28
draw_09038,2192.69676957415,1638.4999999999998,0.8560606060606061,452,15,61
draw_09039,2185.601771069963,1758.1249999999998,0.9185606060606061,485,11,32
draw_09040,2328.7782080041957,1714.6249999999998,0.8958333333333334,473,14,41
draw_09041,2370.4052276657744,1739.9999999999998,0.9090909090909091,480,17,31
draw_09042,2283.5560281738417,1837.8749999999998,0.9602272727272727,507,6,15
draw_09043,2200.469165401859,1707.3749999999998,0.8920454545454546,471,17,40
draw_09044,2263.726649660765,1805.2499999999998,0.9431818181818182,498,7,23
draw_09045,2088.3782265295795,1714.6249999999998,0.8958333333333334,473,18,37
draw_09046,2256.416467061244,1678.3749999999998,0.8768939393939394,463,11,54
draw_09047,2083.2518270567816,1721.8749999999998,0.8996212121212122,475,15,38
draw_09048,2344.2279535652533,1765.3749999999998,0.9223484848484849,487,8,33
draw_09049,2180.3506783438374,1714.6249999999998,0.8958333333333334,473,16,39
draw_09050,2246.0746400549037,1772.6249999999998,0.9261363636363636,489,15,24
draw_09051,2173.9105634008265,1707.3749999999998,0.8920454545454546,471,21,36
draw_09052,1951.4656472012678,1652.9999999999998,0.8636363636363636,456,13,59
draw_09053,2023.757351313583,1660.2499999999998,0.8674242424242424,458,26,44
draw_09054,2196.5912408874274,1732.7499999999998,0.9053030303030303,478,24,26
draw_09055,2165.2136067625192,1718.2499999999998,0.8977272727272727,474,14,40
draw_09056,2235.220453834287,1790.7499999999998,0.9356060606060606,494,11,23
draw_09057,2140.586371774241,1754.4999999999998,0.9166666666666666,484,12,32
draw_09058,2186.0893891073956,1696.4999999999998,0.8863636363636364,468,21,39
draw_09059,2323.0525415916877,1685.6249999999998,0.8806818181818182,465,18,45
draw_09060,2084.23689190302,1634.8749999999998,0.8541666666666666,451,15,62
draw_09061,2036.2219362824906,1685.6249999999998,0.8806818181818182,465,18,45
draw_09062,2223.9539363485874,1718.2499999999998,0.8977272727272727,474,17,37
draw_09063,2125.0365583966177,1678.3749999999998,0.8768939393939394,463,14,51
draw_09064,2038.634467251022,1620.3749999999998,0.8465909090909091,447,34,47
draw_09065,2099.765046719294,1663.8749999999998,0.8693181818181818,459,14,55
draw_09066,2146.9720574448766,1671.1249999999998,0.8731060606060606,461,26,41
draw_09067,2388.554785104369,1700.1249999999998,0.8882575757575758,469,21,38
draw_09068,2218.851800737712,1681.9999999999998,0.8787878787878788,464,19,45
draw_09069,2234.866073675798,1729.1249999999998,0.9034090909090909,477,17,34
draw_09070,2318.0819581643764,1772.6249999999998,0.9261363636363636,489,28,11
draw_09071,2076.069459635435,1696.4999999999998,0.8863636363636364,468,20,40
draw_09072,2216.575101429521,1787.1249999999998,0.9337121212121212,493,7,28
draw_09073,2215.5907063231334,1707.3749999999998,0.8920454545454546,471,21,36
draw_09074,2353.138944316553,1779.8749999999998,0.9299242424242424,491,7,30
draw_09075,2114.0986489104853,1765.3749999999998,0.9223484848484849,487,11,30
draw_09076,2151.5885601013233,1725.4999999999998,0.9015151515151515,476,13,39
draw_09077,2224.7838265209025,1714.6249999999998,0.8958333333333334,473,17,38
draw_09078,2382.8840459671223,1801.6249999999998,0.9412878787878788,497,8,23
draw_09079,2226.66195166244,1729.1249999999998,0.9034090909090909,477,14,37
draw_09080,2082.538776447686,1718.2499999999998,0.8977272727272727,474,18,36
draw_09081,2288.427418704019,1794.3749999999998,0.9375,495,11,22
draw_09082,2103.5828434219916,1689.2499999999998,0.8825757575757576,466,13,49
draw_09083,2396.2908070985213,1689.2499999999998,0.8825757575757576,466,12,50
draw_09084,2311.7106065058592,1812.4999999999998,0.946969696969697,500,8,20
draw_09085,2111.5196327709655,1674.7499999999998,0.875,462,13,53
draw_09086,2341.1319162674986,1776.2499999999998,0.928030303030303,490,11,27
draw_09087,2317.3042127280914,1729.1249999999998,0.9034090909090909,477,26,25
draw_09088,2256.818359438666,1725.4999999999998,0.9015151515151515,476,21,31
draw_09089,2094.1868502193142,1700.1249999999998,0.8882575757575758,469,21,38
draw_09090,2136.1911203582113,1656.6249999999998,0.865530303030303,457,15,56
draw_09091,2003.723795135549,1667.4999999999998,0.8712121212121212,460,23,45
draw_09092,2207.2187254417986,1739.9999999999998,0.9090909090909091,480,20,28
draw_09093,2148.5834364648786,1692.8749999999998,0.884469696969697,467,13,48
draw_09094,1975.2348909261939,1663.8749999999998,0.8693181818181818,459,15,54
draw_09095,2084.3682174346864,1718.2499999999998,0.8977272727272727,474,13,41
draw_09096,2037.1121416993462,1703.7499999999998,0.8901515151515151,470,21,37
draw_09097,2408.814387868605,1743.6249999999998,0.9109848484848485,481,9,38
draw_09098,2204.813890714871,1667.4999999999998,0.8712121212121212,460,24,44
draw_09099,2375.082797099783,1790.7499999999998,0.9356060606060606,494,8,26
draw_09100,2314.707768693736,1710.9999999999998,0.8939393939393939,472,15,41
draw_09101,2270.111381973763,1620.3749999999998,0.8465909090909091,447,19,62
draw_09102,2220.137316065512,1696.4999999999998,0.8863636363636364,468,19,41
draw_09103,2183.929078075441,1743.6249999999998,0.9109848484848485,481,15,32
draw_09104,2152.91906202717,1718.2499999999998,0.8977272727272727,474,24,30
draw_09105,2224.5699794978855,1692.8749999999998,0.884469696969697,467,18,43
draw_09106,2261.4516450533492,1768.9999999999998,0.9242424242424242,488,11,29
draw_09107,2156.662137331649,1758.1249999999998,0.9185606060606061,485,16,27
draw_09108,2174.9875545366413,1692.8749999999998,0.884469696969697,467,21,40
draw_09109,2145.017799071522,1638.4999999999998,0.8560606060606061,452,7,69
draw_09110,2109.7880929768685,1689.2499999999998,0.8825757575757576,466,17,45
draw_09111,1948.238609030841,1707.3749999999998,0.8920454545454546,471,15,42
draw_09112,2212.8055328213736,1729.1249999999998,0.9034090909090909,477,11,40
draw_09113,2269.0485476165377,1714.6249999999998,0.8958333333333334,473,20,35
draw_09114,2126.250212133496,1714.6249999999998,0.8958333333333334,473,11,44
draw_09115,2218.7605799648936,1714.6249999999998,0.8958333333333334,473,19,36
draw_09116,2184.3149949629087,1681.9999999999998,0.8787878787878788,464,17,47
draw_09117,1926.5127461304974,1663.8749999999998,0.8693181818181818,459,21,48
draw_09118,2196.184940477947,1703.7499999999998,0.8901515151515151,470,12,46
draw_09119,2393.651305800105,1808.8749999999998,0.9450757575757576,499,8,21
draw_09120,2098.2570979640623,1681.9999999999998,0.8787878787878788,464,29,35
draw_09121,1990.56120953027,1645.7499999999998,0.8598484848484849,454,21,53
draw_09122,2220.1226161612603,1743.6249999999998,0.9109848484848485,481,11,36
draw_09123,2216.027320084688,1765.3749999999998,0.9223484848484849,487,18,23
draw_09124,2168.614297958978,1707.3749999999998,0.8920454545454546,471,9,48
draw_09125,2573.879262871502,1761.7499999999998,0.9204545454545454,486,5,37
draw_09126,2030.4194688719656,1642.1249999999998,0.8579545454545454,453,18,57
draw_09127,2245.48789924437,1663.8749999999998,0.8693181818181818,459,18,51
draw_09128,2189.784314643651,1674.7499999999998,0.875,462,15,51
draw_09129,2396.979953983926,1750.8749999999998,0.9147727272727273,483,8,37
draw_09130,2047.3208772086712,1656.6249999999998,0.865530303030303,457,22,49
draw_09131,2209.7923595945877,1671.1249999999998,0.8731060606060606,461,12,55
draw_09132,2241.502388071521,1674.7499999999998,0.875,462,23,43
draw_09133,2180.761363515715,1700.1249999999998,0.8882575757575758,469,17,42
draw_09134,2325.738418746055,1736.3749999999998,0.9071969696969697,479,8,41
draw_09135,1846.9990326452319,1562.3749999999998,0.8162878787878788,431,17,80
draw_09136,2220.4554503582144,1681.9999999999998,0.8787878787878788,464,10,54
draw_09137,2023.619390420367,1656.6249999999998,0.865530303030303,457,11,60
draw_09138,2145.3079345836427,1663.8749999999998,0.8693181818181818,459,23,46
draw_09139,2269.7818987006644,1710.9999999999998,0.8939393939393939,472,9,47
draw_09140,2187.7993184041466,1700.1249999999998,0.8882575757575758,469,16,43
draw_09141,2366.4480643100883,1747.2499999999998,0.9128787878787878,482,18,28
draw_09142,2056.9510330911376,1602.2499999999998,0.8371212121212122,442,17,69
draw_09143,2259.222800928346,1674.7499999999998,0.875,462,18,48
draw_09144,2315.576975990831,1754.4999999999998,0.9166666666666666,484,18,26
draw_09145,2144.0131599110405,1678.3749999999998,0.8768939393939394,463,12,53
draw_09146,2199.761292102677,1729.1249999999998,0.9034090909090909,477,22,29
draw_09147,1923.6742573067736,1631.2499999999998,0.8522727272727273,450,23,55
draw_09148,2164.772132536578,1710.9999999999998,0.8939393939393939,472,19,37
draw_09149,2010.7308413316002,1678.3749999999998,0.8768939393939394,463,14,51
draw_09150,2213.97900944331,1761.7499999999998,0.9204545454545454,486,22,20
draw_09151,2505.4401381894863,1768.9999999999998,0.9242424242424242,488,10,30
draw_09152,2094.2562678821973,1732.7499999999998,0.9053030303030303,478,13,37
draw_09153,2247.732641680248,1721.8749999999998,0.8996212121212122,475,20,33
draw_09154,2307.8458683816357,1765.3749999999998,0.9223484848484849,487,21,20
draw_09155,2451.575631092757,1808.8749999999998,0.9450757575757576,499,13,16
draw_09156,2230.175558321369,1696.4999999999998,0.8863636363636364,468,14,46
draw_09157,2001.153135998203,1721.8749999999998,0.8996212121212122,475,19,34
draw_09158,2080.8082605637455,1681.9999999999998,0.8787878787878788,464,17,47
draw_09159,2075.708411807645,1725.4999999999998,0.9015151515151515,476,13,39
draw_09160,2390.5696385833407,1787.1249999999998,0.9337121212121212,493,14,21
draw_09161,2273.78136643966,1714.6249999999998,0.8958333333333334,473,15,40
draw_09162,2367.907093657719,1750.8749999999998,0.9147727272727273,483,14,31
draw_09163,2248.678747981706,1747.2499999999998,0.9128787878787878,482,10,36
draw_09164,2074.1550400100077,1758.1249999999998,0.9185606060606061,485,12,31
draw_09165,2473.613445655177,1732.7499999999998,0.9053030303030303,478,13,37
draw_09166,2072.4089541081707,1710.9999999999998,0.8939393939393939,472,25,31
draw_09167,2335.399072647156,1783.4999999999998,0.9318181818181818,492,11,25
draw_09168,2275.1212002151333,1808.8749999999998,0.9450757575757576,499,15,14
draw_09169,2100.66820286944,1710.9999999999998,0.8939393939393939,472,12,44
draw_09170,2150.1842341162032,1747.2499999999998,0.9128787878787878,482,9,37
draw_09171,2340.641174476158,1754.4999999999998,0.9166666666666666,484,17,27
draw_09172,2074.7210096779418,1696.4999999999998,0.8863636363636364,468,14,46
draw_09173,2340.3283973948887,1747.2499999999998,0.9128787878787878,482,23,23
draw_09174,2284.7963107978267,1768.9999999999998,0.9242424242424242,488,9,31
draw_09175,2121.8407290236396,1674.7499999999998,0.875,462,21,45
draw_09176,2266.7228999125673,1808.8749999999998,0.9450757575757576,499,12,17
draw_09177,2031.2835055869396,1685.6249999999998,0.8806818181818182,465,14,49
draw_09178,2152.8683006106357,1747.2499999999998,0.9128787878787878,482,16,30
draw_09179,2168.3464138010113,1747.2499999999998,0.9128787878787878,482,15,31
draw_09180,1952.0429846187867,1652.9999999999998,0.8636363636363636,456,16,56
draw_09181,2250.597519878503,1758.1249999999998,0.9185606060606061,485,11,32
draw_09182,2314.89124180611,1768.9999999999998,0.9242424242424242,488,9,31
draw_09183,1900.2568889618099,1671.1249999999998,0.8731060606060606,461,13,54
draw_09184,2230.018694270495,1772.6249999999998,0.9261363636363636,489,9,30
draw_09185,2401.9853601949953,1776.2499999999998,0.928030303030303,490,11,27
draw_09186,2220.608633817577,1696.4999999999998,0.8863636363636364,468,18,42
draw_09187,2199.113214593205,1783.4999999999998,0.9318181818181818,492,19,17
draw_09188,1972.947233465242,1631.2499999999998,0.8522727272727273,450,22,56
draw_09189,2010.297488374743,1678.3749999999998,0.8768939393939394,463,29,36
draw_09190,2174.708735021974,1703.7499999999998,0.8901515151515151,470,13,45
draw_09191,2140.6533840118177,1739.9999999999998,0.9090909090909091,480,12,36
draw_09192,1989.875906544495,1660.2499999999998,0.8674242424242424,458,5,65
draw_09193,2029.8634986461223,1623.9999999999998,0.8484848484848485,448,20,60
draw_09194,2540.5705990871106,1772.6249999999998,0.9261363636363636,489,8,31
draw_09195,2245.5404861522957,1725.4999999999998,0.9015151515151515,476,14,38
draw_09196,2175.632795788263,1714.6249999999998,0.8958333333333334,473,13,42
draw_09197,2287.647969058937,1718.2499999999998,0.8977272727272727,474,12,42
draw_09198,2119.428634211712,1656.6249999999998,0.865530303030303,457,17,54
draw_09199,2138.176220684627,1663.8749999999998,0.8693181818181818,459,20,49
draw_09200,1974.8664041841823,1692.8749999999998,0.884469696969697,467,9,52
draw_09201,1973.247177453037,1656.6249999999998,0.865530303030303,457,33,38
draw_09202,2133.478194199347,1678.3749999999998,0.8768939393939394,463,25,40
draw_09203,2233.085937818327,1747.2499999999998,0.9128787878787878,482,20,26
draw_09204,2072.5122417012853,1710.9999999999998,0.8939393939393939,472,17,39
draw_09205,1954.4785409757599,1674.7499999999998,0.875,462,15,51
draw_09206,2310.0222195579477,1729.1249999999998,0.9034090909090909,477,18,33
draw_09207,2049.1236157086646,1631.2499999999998,0.8522727272727273,450,21,57
draw_09208,2094.9386071572226,1703.7499999999998,0.8901515151515151,470,17,41
draw_09209,2221.068918874434,1681.9999999999998,0.8787878787878788,464,24,40
draw_09210,2207.766770285641,1736.3749999999998,0.9071969696969697,479,18,31
draw_09211,2217.972208041683,1725.4999999999998,0.9015151515151515,476,21,31
draw_09212,2117.2920264463532,1703.7499999999998,0.8901515151515151,470,13,45
draw_09213,2091.9482781919637,1721.8749999999998,0.8996212121212122,475,15,38
draw_09214,2200.936752637702,1642.1249999999998,0.8579545454545454,453,17,58
draw_09215,2201.196425384157,1736.3749999999998,0.9071969696969697,479,17,32
draw_09216,2035.0551319677343,1638.4999999999998,0.8560606060606061,452,26,50
draw_09217,2204.006060677328,1747.2499999999998,0.9128787878787878,482,13,33
draw_09218,2338.1808812153745,1758.1249999999998,0.9185606060606061,485,12,31
draw_09219,2237.340435068836,1710.9999999999998,0.8939393939393939,472,9,47
draw_09220,2089.509926126699,1613.1249999999998,0.8428030303030303,445,27,56
draw_09221,2208.819589714352,1667.4999999999998,0.8712121212121212,460,17,51
draw_09222,2050.5988366085116,1613.1249999999998,0.8428030303030303,445,10,73
draw_09223,2321.8968737283694,1707.3749999999998,0.8920454545454546,471,17,40
draw_09224,2195.2151073494097,1754.4999999999998,0.9166666666666666,484,17,27
draw_09225,2266.032428978818,1779.8749999999998,0.9299242424242424,491,7,30
draw_09226,2231.741441584465,1747.2499999999998,0.9128787878787878,482,15,31
draw_09227,1969.1719433426558,1627.6249999999998,0.8503787878787878,449,28,51
draw_09228,2264.5776378330806,1710.9999999999998,0.8939393939393939,472,12,44
draw_09229,2149.20664139019,1692.8749999999998,0.884469696969697,467,27,34
draw_09230,2222.7725772842523,1729.1249999999998,0.9034090909090909,477,16,35
draw_09231,2082.699507826224,1685.6249999999998,0.8806818181818182,465,13,50
draw_09232,2464.915554329566,1729.1249999999998,0.9034090909090909,477,16,35
draw_09233,2222.193733609314,1732.7499999999998,0.9053030303030303,478,14,36
draw_09234,2275.1938415045843,1772.6249999999998,0.9261363636363636,489,12,27
draw_09235,1825.641075931888,1536.9999999999998,0.803030303030303,424,20,84
draw_09236,2042.648759231863,1729.1249999999998,0.9034090909090909,477,5,46
draw_09237,2258.5031209074186,1779.8749999999998,0.9299242424242424,491,10,27
draw_09238,2097.687435038094,1714.6249999999998,0.8958333333333334,473,17,38
draw_09239,2108.18845830418,1689.2499999999998,0.8825757575757576,466,14,48
draw_09240,2151.4551707290807,1681.9999999999998,0.8787878787878788,464,14,50
draw_09241,2211.628804613257,1750.8749999999998,0.9147727272727273,483,13,32
draw_09242,2401.3815431336193,1852.3749999999998,0.9678030303030303,511,5,12
draw_09243,2507.9048366571747,1754.4999999999998,0.9166666666666666,484,17,27
draw_09244,2170.0620347074723,1747.2499999999998,0.9128787878787878,482,13,33
draw_09245,2410.905257242772,1718.2499999999998,0.8977272727272727,474,9,45
draw_09246,2126.732281396641,1631.2499999999998,0.8522727272727273,450,25,53
draw_09247,2246.2815597187773,1729.1249999999998,0.9034090909090909,477,16,35
draw_09248,2202.6794296500716,1758.1249999999998,0.9185606060606061,485,17,26
draw_09249,1993.810916085888,1634.8749999999998,0.8541666666666666,451,11,66
draw_09250,2215.898992715243,1794.3749999999998,0.9375,495,7,26
draw_09251,2166.967661264665,1779.8749999999998,0.9299242424242424,491,5,32
draw_09252,2181.7421795484242,1729.1249999999998,0.9034090909090909,477,18,33
draw_09253,2212.701301110014,1667.4999999999998,0.8712121212121212,460,13,55
draw_09254,2093.550270977796,1743.6249999999998,0.9109848484848485,481,10,37
draw_09255,2180.8335444408294,1663.8749999999998,0.8693181818181818,459,15,54
draw_09256,2060.4478555413843,1663.8749999999998,0.8693181818181818,459,14,55
draw_09257,2039.7915786928043,1718.2499999999998,0.8977272727272727,474,12,42
draw_09258,2094.217657798426,1750.8749999999998,0.9147727272727273,483,11,34
draw_09259,1941.9927033904144,1598.6249999999998,0.8352272727272727,441,11,76
draw_09260,2139.7943351907456,1736.3749999999998,0.9071969696969697,479,9,40
draw_09261,2388.0817076068506,1739.9999999999998,0.9090909090909091,480,18,30
draw_09262,2341.635251786437,1797.9999999999998,0.9393939393939394,496,8,24
draw_09263,2158.274238198873,1754.4999999999998,0.9166666666666666,484,9,35
draw_09264,1933.1155764650005,1649.3749999999998,0.8617424242424242,455,26,47
draw_09265,2321.799702621967,1710.9999999999998,0.8939393939393939,472,11,45
draw_09266,2171.4154575302828,1732.7499999999998,0.9053030303030303,478,9,41
draw_09267,2170.6007512917076,1729.1249999999998,0.9034090909090909,477,16,35
draw_09268,2035.0494528175477,1645.7499999999998,0.8598484848484849,454,20,54
draw_09269,2216.700108925274,1812.4999999999998,0.946969696969697,500,9,19
draw_09270,2116.298492400214,1732.7499999999998,0.9053030303030303,478,14,36
draw_09271,1938.1616404000815,1489.8749999999998,0.7784090909090909,411,33,84
draw_09272,2141.966112320189,1718.2499999999998,0.8977272727272727,474,12,42
draw_09273,2359.1741020912823,1787.1249999999998,0.9337121212121212,493,7,28
draw_09274,2129.707060334461,1747.2499999999998,0.9128787878787878,482,15,31
draw_09275,2298.6150612841952,1739.9999999999998,0.9090909090909091,480,14,34
draw_09276,2154.140520803583,1674.7499999999998,0.875,462,16,50
draw_09277,2065.7304114520184,1620.3749999999998,0.8465909090909091,447,15,66
draw_09278,2386.382056009329,1732.7499999999998,0.9053030303030303,478,14,36
draw_09279,2145.8986482082723,1671.1249999999998,0.8731060606060606,461,20,47
draw_09280,2170.452764974972,1729.1249999999998,0.9034090909090909,477,17,34
draw_09281,2082.3210282289037,1685.6249999999998,0.8806818181818182,465,13,50
draw_09282,2237.805527253632,1736.3749999999998,0.9071969696969697,479,14,35
draw_09283,2270.431633195325,1750.8749999999998,0.9147727272727273,483,14,31
draw_09284,2340.2077517447647,1736.3749999999998,0.9071969696969697,479,24,25
draw_09285,2265.7399984575636,1743.6249999999998,0.9109848484848485,481,11,36
draw_09286,2281.3180261474813,1660.2499999999998,0.8674242424242424,458,11,59
draw_09287,2063.7596268040506,1710.9999999999998,0.8939393939393939,472,17,39
draw_09288,2231.737710515538,1689.2499999999998,0.8825757575757576,466,13,49
draw_09289,2243.961012466616,1761.7499999999998,0.9204545454545454,486,10,32
draw_09290,2304.8368018218716,1747.2499999999998,0.9128787878787878,482,11,35
draw_09291,2290.3812716178827,1758.1249999999998,0.9185606060606061,485,18,25
draw_09292,2227.2536132051764,1758.1249999999998,0.9185606060606061,485,10,33
draw_09293,2248.5512236810428,1772.6249999999998,0.9261363636363636,489,11,28
draw_09294,2181.797780975482,1710.9999999999998,0.8939393939393939,472,15,41
draw_09295,1963.654173880768,1620.3749999999998,0.8465909090909091,447,24,57
draw_09296,1955.8857778764132,1678.3749999999998,0.8768939393939394,463,16,49
draw_09297,2183.8276619904445,1689.2499999999998,0.8825757575757576,466,25,37
draw_09298,2198.4598811667465,1743.6249999999998,0.9109848484848485,481,26,21
draw_09299,2180.2397840771,1747.2499999999998,0.9128787878787878,482,19,27
draw_09300,2381.2428863734285,1714.6249999999998,0.8958333333333334,473,14,41
draw_09301,2126.580842385053,1739.9999999999998,0.9090909090909091,480,7,41
draw_09302,2448.451800608821,1750.8749999999998,0.9147727272727273,483,9,36
draw_09303,2128.5994496369494,1710.9999999999998,0.8939393939393939,472,27,29
draw_09304,2055.7609086901307,1678.3749999999998,0.8768939393939394,463,16,49
draw_09305,2057.9183083426137,1743.6249999999998,0.9109848484848485,481,14,33
draw_09306,2199.703399065848,1674.7499999999998,0.875,462,18,48
draw_09307,2226.251418382252,1700.1249999999998,0.8882575757575758,469,14,45
draw_09308,2057.6046299296468,1613.1249999999998,0.8428030303030303,445,17,66
draw_09309,2306.7279345436564,1758.1249999999998,0.9185606060606061,485,7,36
draw_09310,2117.949260546721,1714.6249999999998,0.8958333333333334,473,13,42
draw_09311,2090.5260419485953,1703.7499999999998,0.8901515151515151,470,19,39
draw_09312,2027.5394338515093,1656.6249999999998,0.865530303030303,457,24,47
draw_09313,2207.1213951459335,1729.1249999999998,0.9034090909090909,477,11,40
draw_09314,1946.9936439780433,1652.9999999999998,0.8636363636363636,456,26,46
draw_09315,2128.289022742951,1707.3749999999998,0.8920454545454546,471,23,34
draw_09316,1903.722356235991,1584.1249999999998,0.8276515151515151,437,41,50
draw_09317,2278.648789603813,1700.1249999999998,0.8882575757575758,469,9,50
draw_09318,2251.9181469224463,1692.8749999999998,0.884469696969697,467,22,39
draw_09319,2227.011882854008,1707.3749999999998,0.8920454545454546,471,17,40
draw_09320,2168.100155369751,1689.2499999999998,0.8825757575757576,466,20,42
draw_09321,2522.2747712308615,1776.2499999999998,0.928030303030303,490,7,31
draw_09322,2328.1655428038216,1696.4999999999998,0.8863636363636364,468,17,43
draw_09323,2067.3616453294558,1703.7499999999998,0.8901515151515151,470,21,37
draw_09324,2166.7266907865774,1725.4999999999998,0.9015151515151515,476,20,32
draw_09325,2122.41555968615,1714.6249999999998,0.8958333333333334,473,10,45
draw_09326,2194.000658188357,1710.9999999999998,0.8939393939393939,472,5,51
draw_09327,2364.9576135268235,1794.3749999999998,0.9375,495,16,17
draw_09328,2154.527108796666,1671.1249999999998,0.8731060606060606,461,19,48
draw_09329,2064.623027284096,1678.3749999999998,0.8768939393939394,463,20,45
draw_09330,1845.065924045159,1638.4999999999998,0.8560606060606061,452,25,51
draw_09331,2079.7940334528976,1685.6249999999998,0.8806818181818182,465,22,41
draw_09332,2373.7958485828945,1801.6249999999998,0.9412878787878788,497,12,19
draw_09333,2218.0448028654837,1649.3749999999998,0.8617424242424242,455,27,46
draw_09334,2134.5157818885973,1750.8749999999998,0.9147727272727273,483,18,27
draw_09335,2216.107665455795,1754.4999999999998,0.9166666666666666,484,16,28
draw_09336,2030.247361499384,1591.3749999999998,0.8314393939393939,439,20,69
draw_09337,2199.4780126747137,1725.4999999999998,0.9015151515151515,476,16,36
draw_09338,2146.984359913165,1729.1249999999998,0.9034090909090909,477,19,32
draw_09339,2353.7281585838914,1743.6249999999998,0.9109848484848485,481,12,35
draw_09340,2052.226347367308,1620.3749999999998,0.8465909090909091,447,23,58
draw_09341,2352.9366662023886,1750.8749999999998,0.9147727272727273,483,14,31
draw_09342,2065.8661418877246,1703.7499999999998,0.8901515151515151,470,10,48
draw_09343,2302.045964117862,1758.1249999999998,0.9185606060606061,485,8,35
draw_09344,2191.393794954324,1710.9999999999998,0.8939393939393939,472,24,32
draw_09345,2167.8142684927047,1649.3749999999998,0.8617424242424242,455,27,46
draw_09346,2029.6981476130568,1645.7499999999998,0.8598484848484849,454,26,48
draw_09347,2085.4876453573165,1656.6249999999998,0.865530303030303,457,15,56
draw_09348,2037.299642777177,1634.8749999999998,0.8541666666666666,451,23,54
draw_09349,2255.6283508458787,1707.3749999999998,0.8920454545454546,471,17,40
draw_09350,2029.0140283847106,1700.1249999999998,0.8882575757575758,469,25,34
draw_09351,2306.8859073267045,1765.3749999999998,0.9223484848484849,487,14,27
draw_09352,2104.097684815761,1754.4999999999998,0.9166666666666666,484,12,32
draw_09353,2076.846873447703,1725.4999999999998,0.9015151515151515,476,18,34
draw_09354,2300.3816707853143,1779.8749999999998,0.9299242424242424,491,13,24
draw_09355,1939.2155794515481,1739.9999999999998,0.9090909090909091,480,20,28
draw_09356,2090.5715009528963,1678.3749999999998,0.8768939393939394,463,22,43
draw_09357,2385.1856536244454,1725.4999999999998,0.9015151515151515,476,18,34
draw_09358,2253.1766367831474,1732.7499999999998,0.9053030303030303,478,12,38
draw_09359,2177.586142147776,1805.2499999999998,0.9431818181818182,498,13,17
draw_09360,2461.0556212841807,1729.1249999999998,0.9034090909090909,477,10,41
draw_09361,2050.74720819198,1645.7499999999998,0.8598484848484849,454,16,58
draw_09362,2221.0755031873373,1685.6249999999998,0.8806818181818182,465,12,51
draw_09363,2155.3257420595332,1718.2499999999998,0.8977272727272727,474,18,36
draw_09364,2148.8384261724145,1739.9999999999998,0.9090909090909091,480,14,34
draw_09365,2178.505251133771,1656.6249999999998,0.865530303030303,457,9,62
draw_09366,2442.0548950209627,1685.6249999999998,0.8806818181818182,465,21,42
draw_09367,2046.28763851834,1685.6249999999998,0.8806818181818182,465,21,42
draw_09368,2077.3333063849605,1685.6249999999998,0.8806818181818182,465,18,45
draw_09369,2187.423182367435,1696.4999999999998,0.8863636363636364,468,12,48
draw_09370,1938.761348359182,1736.3749999999998,0.9071969696969697,479,17,32
draw_09371,2015.1291178564632,1623.9999999999998,0.8484848484848485,448,22,58
draw_09372,2440.3183687639503,1816.1249999999998,0.9488636363636364,501,3,24
draw_09373,2271.552803850728,1696.4999999999998,0.8863636363636364,468,15,45
draw_09374,2414.1071342054447,1794.3749999999998,0.9375,495,10,23
draw_09375,2146.1389267093678,1754.4999999999998,0.9166666666666666,484,11,33
draw_09376,2106.093238102688,1638.4999999999998,0.8560606060606061,452,23,53
draw_09377,2173.1044010574806,1718.2499999999998,0.8977272727272727,474,17,37
draw_09378,2091.196874033517,1754.4999999999998,0.9166666666666666,484,11,33
draw_09379,1988.874874482558,1671.1249999999998,0.8731060606060606,461,10,57
draw_09380,2212.209514860339,1747.2499999999998,0.9128787878787878,482,11,35
draw_09381,2327.0791989929485,1743.6249999999998,0.9109848484848485,481,13,34
draw_09382,2314.312824842336,1729.1249999999998,0.9034090909090909,477,24,27
draw_09383,2130.222383109144,1667.4999999999998,0.8712121212121212,460,27,41
draw_09384,2268.530440047024,1674.7499999999998,0.875,462,14,52
draw_09385,2344.141226280525,1638.4999999999998,0.8560606060606061,452,22,54
draw_09386,2268.697724501188,1729.1249999999998,0.9034090909090909,477,19,32
draw_09387,2267.8105203549608,1765.3749999999998,0.9223484848484849,487,13,28
draw_09388,2183.2717341969305,1634.8749999999998,0.8541666666666666,451,22,55
draw_09389,2172.215649615794,1743.6249999999998,0.9109848484848485,481,18,29
draw_09390,2238.642686495101,1736.3749999999998,0.9071969696969697,479,13,36
draw_09391,2173.5728407536026,1707.3749999999998,0.8920454545454546,471,20,37
draw_09392,2340.1328213823695,1671.1249999999998,0.8731060606060606,461,13,54
draw_09393,2253.789644400607,1743.6249999999998,0.9109848484848485,481,8,39
draw_09394,2160.2615093355726,1700.1249999999998,0.8882575757575758,469,18,41
draw_09395,2372.5458510868275,1743.6249999999998,0.9109848484848485,481,19,28
draw_09396,2429.877421878737,1721.8749999999998,0.8996212121212122,475,17,36
draw_09397,2044.798500751183,1616.7499999999998,0.8446969696969697,446,21,61
draw_09398,2265.539753275952,1729.1249999999998,0.9034090909090909,477,20,31
draw_09399,2299.9578472409007,1703.7499999999998,0.8901515151515151,470,18,40
draw_09400,2188.4926089845503,1758.1249999999998,0.9185606060606061,485,9,34
draw_09401,2255.924736415508,1736.3749999999998,0.9071969696969697,479,10,39
draw_09402,2287.4306572366986,1692.8749999999998,0.884469696969697,467,27,34
draw_09403,2163.1051028438415,1678.3749999999998,0.8768939393939394,463,16,49
draw_09404,2188.2645252394177,1808.8749999999998,0.9450757575757576,499,11,18
draw_09405,2271.945920796776,1743.6249999999998,0.9109848484848485,481,12,35
draw_09406,2125.3643379868245,1660.2499999999998,0.8674242424242424,458,16,54
draw_09407,1926.2912311753953,1631.2499999999998,0.8522727272727273,450,20,58
draw_09408,2088.1933062350377,1732.7499999999998,0.9053030303030303,478,13,37
draw_09409,2050.3535493566287,1765.3749999999998,0.9223484848484849,487,16,25
draw_09410,2389.6048806493004,1823.3749999999998,0.9526515151515151,503,6,19
draw_09411,2343.5216544593864,1692.8749999999998,0.884469696969697,467,10,51
draw_09412,2288.8471030958835,1790.7499999999998,0.9356060606060606,494,10,24
draw_09413,2423.5695285766496,1797.9999999999998,0.9393939393939394,496,14,18
draw_09414,2129.106702013437,1671.1249999999998,0.8731060606060606,461,12,55
draw_09415,2175.6408183204853,1787.1249999999998,0.9337121212121212,493,11,24
draw_09416,2279.4977137940664,1725.4999999999998,0.9015151515151515,476,16,36
draw_09417,2391.871902625794,1725.4999999999998,0.9015151515151515,476,12,40
draw_09418,2331.7369080547282,1794.3749999999998,0.9375,495,8,25
draw_09419,2140.8205793632446,1656.6249999999998,0.865530303030303,457,23,48
draw_09420,2279.4391111689306,1743.6249999999998,0.9109848484848485,481,15,32
draw_09421,2297.4025652892383,1758.1249999999998,0.9185606060606061,485,14,29
draw_09422,2070.5998745175707,1594.9999999999998,0.8333333333333334,440,16,72
draw_09423,2317.533817118067,1714.6249999999998,0.8958333333333334,473,20,35
draw_09424,2237.530177175542,1736.3749999999998,0.9071969696969697,479,13,36
draw_09425,2304.345880886028,1794.3749999999998,0.9375,495,6,27
draw_09426,2352.897508313766,1754.4999999999998,0.9166666666666666,484,14,30
draw_09427,2140.853151393211,1634.8749999999998,0.8541666666666666,451,28,49
draw_09428,2159.2832843368606,1761.7499999999998,0.9204545454545454,486,8,34
draw_09429,2257.435242066445,1772.6249999999998,0.9261363636363636,489,17,22
draw_09430,2130.116165235225,1721.8749999999998,0.8996212121212122,475,13,40
draw_09431,2029.1668444073462,1642.1249999999998,0.8579545454545454,453,11,64
draw_09432,2020.776276452082,1714.6249999999998,0.8958333333333334,473,14,41
draw_09433,2433.809117221434,1819.7499999999998,0.9507575757575758,502,8,18
draw_09434,2145.7241866751338,1750.8749999999998,0.9147727272727273,483,12,33
draw_09435,2145.2691354284366,1736.3749999999998,0.9071969696969697,479,15,34
draw_09436,2229.3719382997997,1707.3749999999998,0.8920454545454546,471,13,44
draw_09437,2236.581665002356,1776.2499999999998,0.928030303030303,490,12,26
draw_09438,2201.7462636685545,1642.1249999999998,0.8579545454545454,453,24,51
draw_09439,2101.9078468825624,1642.1249999999998,0.8579545454545454,453,16,59
draw_09440,2318.6503504906273,1703.7499999999998,0.8901515151515151,470,16,42
draw_09441,2101.3969640356345,1663.8749999999998,0.8693181818181818,459,19,50
draw_09442,2089.998765717127,1602.2499999999998,0.8371212121212122,442,17,69
draw_09443,2382.5770160549964,1725.4999999999998,0.9015151515151515,476,19,33
draw_09444,2062.1917914349874,1634.8749999999998,0.8541666666666666,451,23,54
draw_09445,2079.179990227935,1736.3749999999998,0.9071969696969697,479,12,37
draw_09446,2220.927305074274,1758.1249999999998,0.9185606060606061,485,8,35
draw_09447,2147.740116241632,1710.9999999999998,0.8939393939393939,472,22,34
draw_09448,2382.141626898507,1736.3749999999998,0.9071969696969697,479,15,34
draw_09449,2267.2015572065934,1754.4999999999998,0.9166666666666666,484,12,32
draw_09450,2184.8689511848324,1700.1249999999998,0.8882575757575758,469,11,48
draw_09451,2175.0096695550724,1631.2499999999998,0.8522727272727273,450,27,51
draw_09452,2102.206033731199,1634.8749999999998,0.8541666666666666,451,22,55
draw_09453,2143.2907042452052,1642.1249999999998,0.8579545454545454,453,23,52
draw_09454,2404.6799360368163,1685.6249999999998,0.8806818181818182,465,15,48
draw_09455,1980.5943461840939,1634.8749999999998,0.8541666666666666,451,27,50
draw_09456,2334.132306495682,1710.9999999999998,0.8939393939393939,472,21,35
draw_09457,2318.3429170713007,1750.8749999999998,0.9147727272727273,483,18,27
draw_09458,2188.602154223814,1721.8749999999998,0.8996212121212122,475,18,35
draw_09459,2007.4635613629443,1714.6249999999998,0.8958333333333334,473,12,43
draw_09460,2372.94548192604,1758.1249999999998,0.9185606060606061,485,10,33
draw_09461,2046.4183510804105,1671.1249999999998,0.8731060606060606,461,21,46
draw_09462,2183.052424053552,1689.2499999999998,0.8825757575757576,466,14,48
draw_09463,2188.6624006460797,1692.8749999999998,0.884469696969697,467,17,44
draw_09464,2321.3955292763035,1754.4999999999998,0.9166666666666666,484,17,27
draw_09465,1960.34272329695,1736.3749999999998,0.9071969696969697,479,13,36
draw_09466,2384.3408000610957,1710.9999999999998,0.8939393939393939,472,27,29
draw_09467,2137.7271340524085,1689.2499999999998,0.8825757575757576,466,14,48
draw_09468,2201.256820674959,1667.4999999999998,0.8712121212121212,460,12,56
draw_09469,2123.7144731677804,1714.6249999999998,0.8958333333333334,473,10,45
draw_09470,2311.9144797081462,1725.4999999999998,0.9015151515151515,476,26,26
draw_09471,2127.8345380419455,1718.2499999999998,0.8977272727272727,474,18,36
draw_09472,2082.1919662923765,1725.4999999999998,0.9015151515151515,476,8,44
draw_09473,2323.561491084903,1681.9999999999998,0.8787878787878788,464,23,41
draw_09474,1966.007341730407,1678.3749999999998,0.8768939393939394,463,31,34
draw_09475,2017.815585276221,1707.3749999999998,0.8920454545454546,471,18,39
draw_09476,2089.775096533607,1663.8749999999998,0.8693181818181818,459,18,51
draw_09477,2236.386010611205,1739.9999999999998,0.9090909090909091,480,12,36
draw_09478,2063.063502816595,1714.6249999999998,0.8958333333333334,473,15,40
draw_09479,2108.2395222002,1703.7499999999998,0.8901515151515151,470,14,44
draw_09480,1958.5400563942553,1605.8749999999998,0.8390151515151515,443,33,52
draw_09481,2204.2761888614723,1729.1249999999998,0.9034090909090909,477,13,38
draw_09482,2168.337912636739,1732.7499999999998,0.9053030303030303,478,16,34
draw_09483,2142.3961366630456,1681.9999999999998,0.8787878787878788,464,11,53
draw_09484,2083.462883945553,1729.1249999999998,0.9034090909090909,477,19,32
draw_09485,2196.8677512295567,1739.9999999999998,0.9090909090909091,480,13,35
draw_09486,2260.3108133993433,1743.6249999999998,0.9109848484848485,481,7,40
draw_09487,2341.1978000009503,1801.6249999999998,0.9412878787878788,497,11,20
draw_09488,2245.943269247906,1761.7499999999998,0.9204545454545454,486,9,33
draw_09489,2209.7107798692623,1685.6249999999998,0.8806818181818182,465,12,51
draw_09490,2127.5339751631996,1678.3749999999998,0.8768939393939394,463,24,41
draw_09491,2397.826022450333,1736.3749999999998,0.9071969696969697,479,12,37
draw_09492,2173.6959316940342,1638.4999999999998,0.8560606060606061,452,19,57
draw_09493,2166.8812559410712,1692.8749999999998,0.884469696969697,467,19,42
draw_09494,2023.554736584284,1750.8749999999998,0.9147727272727273,483,11,34
draw_09495,2275.8910096642944,1696.4999999999998,0.8863636363636364,468,22,38
draw_09496,2253.4013544168943,1750.8749999999998,0.9147727272727273,483,15,30
draw_09497,2202.332293337588,1642.1249999999998,0.8579545454545454,453,23,52
draw_09498,2171.68729620766,1681.9999999999998,0.8787878787878788,464,19,45
draw_09499,2120.0297483390805,1652.9999999999998,0.8636363636363636,456,17,55
draw_09500,2241.007338859116,1747.2499999999998,0.9128787878787878,482,9,37
draw_09501,2428.9454753537566,1776.2499999999998,0.928030303030303,490,14,24
draw_09502,2260.411815606021,1660.2499999999998,0.8674242424242424,458,20,50
draw_09503,2129.660353836389,1700.1249999999998,0.8882575757575758,469,12,47
draw_09504,2424.5827783543505,1776.2499999999998,0.928030303030303,490,14,24
draw_09505,2226.4986077530766,1718.2499999999998,0.8977272727272727,474,16,38
draw_09506,2274.674507226831,1714.6249999999998,0.8958333333333334,473,12,43
draw_09507,2175.511748363068,1768.9999999999998,0.9242424242424242,488,20,20
draw_09508,2247.337655661891,1645.7499999999998,0.8598484848484849,454,21,53
draw_09509,2187.6698907881555,1656.6249999999998,0.865530303030303,457,22,49
draw_09510,2072.7888696205373,1660.2499999999998,0.8674242424242424,458,29,41
draw_09511,2145.147394188966,1671.1249999999998,0.8731060606060606,461,22,45
draw_09512,2234.1586763751993,1758.1249999999998,0.9185606060606061,485,7,36
draw_09513,2184.791469714598,1779.8749999999998,0.9299242424242424,491,6,31
draw_09514,2382.7704066578845,1685.6249999999998,0.8806818181818182,465,29,34
draw_09515,2264.8884389154177,1754.4999999999998,0.9166666666666666,484,6,38
draw_09516,2182.38210209363,1743.6249999999998,0.9109848484848485,481,14,33
draw_09517,2089.1615859121925,1692.8749999999998,0.884469696969697,467,13,48
draw_09518,2134.6422420310064,1660.2499999999998,0.8674242424242424,458,16,54
draw_09519,2352.6537820703793,1685.6249999999998,0.8806818181818182,465,22,41
draw_09520,2060.800226989008,1645.7499999999998,0.8598484848484849,454,24,50
draw_09521,2059.57094010778,1729.1249999999998,0.9034090909090909,477,10,41
draw_09522,2106.2046082742986,1808.8749999999998,0.9450757575757576,499,10,19
draw_09523,2270.50349870879,1754.4999999999998,0.9166666666666666,484,16,28
draw_09524,2117.5837442288553,1736.3749999999998,0.9071969696969697,479,17,32
draw_09525,2269.063658130582,1736.3749999999998,0.9071969696969697,479,13,36
draw_09526,2217.3587726287105,1732.7499999999998,0.9053030303030303,478,14,36
draw_09527,2171.2307317181303,1609.4999999999998,0.8409090909090909,444,23,61
draw_09528,2278.214605801931,1703.7499999999998,0.8901515151515151,470,16,42
draw_09529,2238.010842610543,1703.7499999999998,0.8901515151515151,470,20,38
draw_09530,2396.032455472331,1732.7499999999998,0.9053030303030303,478,13,37
draw_09531,2138.785798050104,1725.4999999999998,0.9015151515151515,476,9,43
draw_09532,2295.1461972266516,1758.1249999999998,0.9185606060606061,485,11,32
draw_09533,2440.7555914978216,1681.9999999999998,0.8787878787878788,464,17,47
draw_09534,2138.790602901248,1703.7499999999998,0.8901515151515151,470,22,36
draw_09535,2460.745548123914,1794.3749999999998,0.9375,495,8,25
draw_09536,2272.5858283243674,1794.3749999999998,0.9375,495,12,21
draw_09537,2196.6909072144213,1660.2499999999998,0.8674242424242424,458,23,47
draw_09538,2203.6186405159024,1768.9999999999998,0.9242424242424242,488,14,26
draw_09539,2341.823311986982,1674.7499999999998,0.875,462,19,47
draw_09540,2382.066821356073,1710.9999999999998,0.8939393939393939,472,10,46
draw_09541,2225.8153007317787,1696.4999999999998,0.8863636363636364,468,13,47
draw_09542,2266.87373260141,1696.4999999999998,0.8863636363636364,468,19,41
draw_09543,2396.8480154903623,1801.6249999999998,0.9412878787878788,497,14,17
draw_09544,2155.539910643335,1703.7499999999998,0.8901515151515151,470,21,37
draw_09545,2152.3882422080505,1667.4999999999998,0.8712121212121212,460,10,58
draw_09546,2052.715606035193,1714.6249999999998,0.8958333333333334,473,7,48
draw_09547,2202.756533185032,1758.1249999999998,0.9185606060606061,485,11,32
draw_09548,2415.3791738591162,1758.1249999999998,0.9185606060606061,485,4,39
draw_09549,2289.6161765456973,1776.2499999999998,0.928030303030303,490,7,31
draw_09550,2079.875688007181,1616.7499999999998,0.8446969696969697,446,25,57
draw_09551,2102.855722070016,1660.2499999999998,0.8674242424242424,458,9,61
draw_09552,2213.574516572481,1700.1249999999998,0.8882575757575758,469,13,46
draw_09553,2190.2259046140107,1725.4999999999998,0.9015151515151515,476,15,37
draw_09554,2307.269102087528,1743.6249999999998,0.9109848484848485,481,25,22
draw_09555,2364.7410367472526,1830.6249999999998,0.9564393939393939,505,2,21
draw_09556,2195.4015643359926,1642.1249999999998,0.8579545454545454,453,21,54
draw_09557,2068.191712383923,1656.6249999999998,0.865530303030303,457,16,55
draw_09558,2227.3698499712464,1707.3749999999998,0.8920454545454546,471,18,39
draw_09559,2503.875113000389,1765.3749999999998,0.9223484848484849,487,11,30
draw_09560,2026.9056557813803,1703.7499999999998,0.8901515151515151,470,19,39
draw_09561,2560.008118032282,1801.6249999999998,0.9412878787878788,497,16,15
draw_09562,2045.3658816867903,1671.1249999999998,0.8731060606060606,461,16,51
draw_09563,2501.41409528775,1736.3749999999998,0.9071969696969697,479,11,38
draw_09564,2268.142175544955,1700.1249999999998,0.8882575757575758,469,20,39
draw_09565,2289.5282237044735,1750.8749999999998,0.9147727272727273,483,12,33
draw_09566,2056.980854752117,1663.8749999999998,0.8693181818181818,459,18,51
draw_09567,2240.917039899611,1710.9999999999998,0.8939393939393939,472,10,46
draw_09568,2296.5996180752427,1776.2499999999998,0.928030303030303,490,18,20
draw_09569,2088.4277722263623,1689.2499999999998,0.8825757575757576,466,17,45
draw_09570,2109.6274751475426,1623.9999999999998,0.8484848484848485,448,18,62
draw_09571,2285.031788434804,1758.1249999999998,0.9185606060606061,485,11,32
draw_09572,2419.2437952183336,1710.9999999999998,0.8939393939393939,472,11,45
draw_09573,2208.065268071871,1721.8749999999998,0.8996212121212122,475,13,40
draw_09574,2172.9033633751706,1721.8749999999998,0.8996212121212122,475,20,33
draw_09575,2329.0492998958744,1808.8749999999998,0.9450757575757576,499,8,21
draw_09576,2220.627948352063,1710.9999999999998,0.8939393939393939,472,15,41
draw_09577,2143.2359374262383,1689.2499999999998,0.8825757575757576,466,19,43
draw_09578,2066.9590718674813,1703.7499999999998,0.8901515151515151,470,14,44
draw_09579,2446.1917503449313,1790.7499999999998,0.9356060606060606,494,9,25
draw_09580,2063.899462737354,1674.7499999999998,0.875,462,15,51
draw_09581,2002.262047723117,1692.8749999999998,0.884469696969697,467,22,39
draw_09582,2146.0839609080676,1707.3749999999998,0.8920454545454546,471,19,38
draw_09583,2197.541110477706,1700.1249999999998,0.8882575757575758,469,19,40
draw_09584,2334.913137003323,1692.8749999999998,0.884469696969697,467,22,39
draw_09585,2315.0127154884763,1714.6249999999998,0.8958333333333334,473,11,44
draw_09586,2178.333522943054,1758.1249999999998,0.9185606060606061,485,11,32
draw_09587,2204.9424590612653,1725.4999999999998,0.9015151515151515,476,15,37
draw_09588,2077.7105534223792,1703.7499999999998,0.8901515151515151,470,16,42
draw_09589,2307.8792577124395,1758.1249999999998,0.9185606060606061,485,13,30
draw_09590,2172.55090790411,1754.4999999999998,0.9166666666666666,484,8,36
draw_09591,2181.539430835139,1729.1249999999998,0.9034090909090909,477,12,39
draw_09592,2168.8886797843006,1700.1249999999998,0.8882575757575758,469,10,49
draw_09593,2190.1640908762965,1685.6249999999998,0.8806818181818182,465,21,42
draw_09594,2270.7667426626463,1768.9999999999998,0.9242424242424242,488,19,21
draw_09595,2245.8358730972914,1674.7499999999998,0.875,462,9,57
draw_09596,2115.6896283601536,1710.9999999999998,0.8939393939393939,472,11,45
draw_09597,1946.9995178832532,1587.7499999999998,0.8295454545454546,438,21,69
draw_09598,2164.4087877723846,1718.2499999999998,0.8977272727272727,474,20,34
draw_09599,2116.0289401127975,1707.3749999999998,0.8920454545454546,471,22,35
draw_09600,2132.5459253025106,1736.3749999999998,0.9071969696969697,479,10,39
draw_09601,2261.5995989642875,1732.7499999999998,0.9053030303030303,478,19,31
draw_09602,2268.0815215049406,1750.8749999999998,0.9147727272727273,483,17,28
draw_09603,2151.0798468470584,1656.6249999999998,0.865530303030303,457,14,57
draw_09604,2101.7105406449964,1718.2499999999998,0.8977272727272727,474,17,37
draw_09605,2033.9021618700776,1718.2499999999998,0.8977272727272727,474,10,44
draw_09606,2386.7516207777217,1808.8749999999998,0.9450757575757576,499,9,20
draw_09607,2460.656384626135,1743.6249999999998,0.9109848484848485,481,12,35
draw_09608,2042.0624338950859,1710.9999999999998,0.8939393939393939,472,11,45
draw_09609,2163.9582168656634,1689.2499999999998,0.8825757575757576,466,19,43
draw_09610,2093.070795179841,1710.9999999999998,0.8939393939393939,472,16,40
draw_09611,2211.088012188191,1663.8749999999998,0.8693181818181818,459,22,47
draw_09612,2232.5314119342493,1707.3749999999998,0.8920454545454546,471,10,47
draw_09613,2189.6613592661793,1721.8749999999998,0.8996212121212122,475,18,35
draw_09614,2001.6983881658098,1605.8749999999998,0.8390151515151515,443,19,66
draw_09615,2339.4167641385598,1754.4999999999998,0.9166666666666666,484,17,27
draw_09616,2158.5522184850956,1750.8749999999998,0.9147727272727273,483,4,41
draw_09617,2193.2760646119586,1700.1249999999998,0.8882575757575758,469,22,37
draw_09618,2370.778675922475,1700.1249999999998,0.8882575757575758,469,20,39
draw_09619,1955.9020854565936,1729.1249999999998,0.9034090909090909,477,19,32
draw_09620,2354.7392656758225,1685.6249999999998,0.8806818181818182,465,17,46
draw_09621,2249.8603563639545,1714.6249999999998,0.8958333333333334,473,14,41
draw_09622,2080.128702619821,1642.1249999999998,0.8579545454545454,453,23,52
draw_09623,2178.9725963383435,1634.8749999999998,0.8541666666666666,451,29,48
draw_09624,2176.6042196142953,1718.2499999999998,0.8977272727272727,474,18,36
draw_09625,2205.3067717050735,1736.3749999999998,0.9071969696969697,479,8,41
draw_09626,2075.0784607832156,1671.1249999999998,0.8731060606060606,461,30,37
draw_09627,2134.024569252486,1696.4999999999998,0.8863636363636364,468,22,38
draw_09628,2196.042743157991,1718.2499999999998,0.8977272727272727,474,8,46
draw_09629,2230.862109079584,1801.6249999999998,0.9412878787878788,497,1,30
draw_09630,2157.7794679930253,1678.3749999999998,0.8768939393939394,463,16,49
draw_09631,2307.781059767698,1674.7499999999998,0.875,462,21,45
draw_09632,2208.027586090849,1714.6249999999998,0.8958333333333334,473,15,40
draw_09633,2237.061307674134,1783.4999999999998,0.9318181818181818,492,9,27
draw_09634,2110.4709976338213,1721.8749999999998,0.8996212121212122,475,28,25
draw_09635,2117.915821201495,1736.3749999999998,0.9071969696969697,479,14,35
draw_09636,2060.4402144327773,1718.2499999999998,0.8977272727272727,474,17,37
draw_09637,2187.46572848998,1678.3749999999998,0.8768939393939394,463,13,52
draw_09638,2164.9513945182443,1714.6249999999998,0.8958333333333334,473,16,39
draw_09639,2250.9881867780477,1743.6249999999998,0.9109848484848485,481,16,31
draw_09640,2083.714731763077,1681.9999999999998,0.8787878787878788,464,14,50
draw_09641,2028.8200013245764,1663.8749999999998,0.8693181818181818,459,17,52
draw_09642,2110.85612157226,1678.3749999999998,0.8768939393939394,463,27,38
draw_09643,2196.4271528896243,1808.8749999999998,0.9450757575757576,499,5,24
draw_09644,1999.5282357669169,1736.3749999999998,0.9071969696969697,479,8,41
draw_09645,2343.063811572051,1692.8749999999998,0.884469696969697,467,22,39
draw_09646,1829.792627113868,1594.9999999999998,0.8333333333333334,440,13,75
draw_09647,2248.7977132084184,1768.9999999999998,0.9242424242424242,488,20,20
draw_09648,2123.577906762839,1631.2499999999998,0.8522727272727273,450,12,66
draw_09649,2041.9343241472627,1602.2499999999998,0.8371212121212122,442,20,66
draw_09650,2012.1441302061112,1725.4999999999998,0.9015151515151515,476,17,35
draw_09651,2175.594058360203,1768.9999999999998,0.9242424242424242,488,8,32
draw_09652,2063.29099738926,1584.1249999999998,0.8276515151515151,437,18,73
draw_09653,1947.0709257150659,1681.9999999999998,0.8787878787878788,464,11,53
draw_09654,2279.529915970924,1750.8749999999998,0.9147727272727273,483,11,34
draw_09655,2182.5924949490086,1627.6249999999998,0.8503787878787878,449,21,58
draw_09656,2197.4091059120215,1671.1249999999998,0.8731060606060606,461,12,55
draw_09657,2207.2810356547616,1772.6249999999998,0.9261363636363636,489,12,27
draw_09658,2052.5548756525886,1718.2499999999998,0.8977272727272727,474,10,44
draw_09659,2189.252777132124,1710.9999999999998,0.8939393939393939,472,15,41
draw_09660,2205.9647918855294,1732.7499999999998,0.9053030303030303,478,19,31
draw_09661,1949.7843637182164,1663.8749999999998,0.8693181818181818,459,23,46
draw_09662,2303.714764204044,1707.3749999999998,0.8920454545454546,471,17,40
draw_09663,2189.444585389939,1787.1249999999998,0.9337121212121212,493,17,18
draw_09664,2301.484302536396,1681.9999999999998,0.8787878787878788,464,20,44
draw_09665,2231.0263019563727,1761.7499999999998,0.9204545454545454,486,21,21
draw_09666,2246.263962096531,1732.7499999999998,0.9053030303030303,478,11,39
draw_09667,2178.6732358191543,1743.6249999999998,0.9109848484848485,481,19,28
draw_09668,2369.949688915584,1797.9999999999998,0.9393939393939394,496,14,18
draw_09669,2052.2822106659514,1623.9999999999998,0.8484848484848485,448,25,55
draw_09670,2390.074917652295,1689.2499999999998,0.8825757575757576,466,16,46
draw_09671,2202.386728134526,1685.6249999999998,0.8806818181818182,465,29,34
draw_09672,2379.931187953115,1739.9999999999998,0.9090909090909091,480,11,37
draw_09673,2153.872098917811,1649.3749999999998,0.8617424242424242,455,25,48
draw_09674,2325.3545501229873,1656.6249999999998,0.865530303030303,457,20,51
draw_09675,2204.666225505041,1739.9999999999998,0.9090909090909091,480,6,42
draw_09676,2031.0972790666308,1562.3749999999998,0.8162878787878788,431,25,72
draw_09677,2213.3770091842275,1779.8749999999998,0.9299242424242424,491,8,29
draw_09678,1949.0846918535028,1656.6249999999998,0.865530303030303,457,19,52
draw_09679,2100.906292203298,1725.4999999999998,0.9015151515151515,476,16,36
draw_09680,2108.2068532973785,1761.7499999999998,0.9204545454545454,486,9,33
draw_09681,1869.9703931606352,1602.2499999999998,0.8371212121212122,442,22,64
draw_09682,2314.3978867200603,1754.4999999999998,0.9166666666666666,484,20,24
draw_09683,2197.553489996595,1761.7499999999998,0.9204545454545454,486,16,26
draw_09684,2108.612910472211,1754.4999999999998,0.9166666666666666,484,5,39
draw_09685,2193.3132337875327,1671.1249999999998,0.8731060606060606,461,22,45
draw_09686,2133.139726491808,1707.3749999999998,0.8920454545454546,471,19,38
draw_09687,2352.967362463552,1700.1249999999998,0.8882575757575758,469,29,30
draw_09688,2087.8168001158447,1736.3749999999998,0.9071969696969697,479,15,34
draw_09689,2256.818937280264,1743.6249999999998,0.9109848484848485,481,14,33
draw_09690,2434.1521368253884,1772.6249999999998,0.9261363636363636,489,15,24
draw_09691,2080.7965934839794,1642.1249999999998,0.8579545454545454,453,11,64
draw_09692,2298.996246471171,1754.4999999999998,0.9166666666666666,484,9,35
draw_09693,2292.0846146836334,1816.1249999999998,0.9488636363636364,501,4,23
draw_09694,2198.357174405452,1761.7499999999998,0.9204545454545454,486,20,22
draw_09695,2142.4841068603773,1685.6249999999998,0.8806818181818182,465,13,50
draw_09696,2344.089752721254,1707.3749999999998,0.8920454545454546,471,11,46
draw_09697,2301.0567785864246,1830.6249999999998,0.9564393939393939,505,3,20
draw_09698,1999.0732273621813,1652.9999999999998,0.8636363636363636,456,23,49
draw_09699,2243.2293374893543,1696.4999999999998,0.8863636363636364,468,20,40
draw_09700,2213.80704162338,1703.7499999999998,0.8901515151515151,470,17,41
draw_09701,2215.8501605470137,1649.3749999999998,0.8617424242424242,455,25,48
draw_09702,2417.82729448535,1761.7499999999998,0.9204545454545454,486,11,31
draw_09703,2390.356484878813,1736.3749999999998,0.9071969696969697,479,18,31
draw_09704,2207.14660495928,1685.6249999999998,0.8806818181818182,465,16,47
draw_09705,2092.807520488989,1725.4999999999998,0.9015151515151515,476,24,28
draw_09706,2140.0897468331123,1652.9999999999998,0.8636363636363636,456,16,56
draw_09707,2085.83377787714,1772.6249999999998,0.9261363636363636,489,12,27
draw_09708,2309.029133321996,1736.3749999999998,0.9071969696969697,479,11,38
draw_09709,2363.4484896898643,1754.4999999999998,0.9166666666666666,484,15,29
draw_09710,1990.828370095511,1761.7499999999998,0.9204545454545454,486,11,31
draw_09711,2034.8705700151515,1649.3749999999998,0.8617424242424242,455,22,51
draw_09712,2032.3786991115726,1685.6249999999998,0.8806818181818182,465,10,53
draw_09713,2065.249594477852,1642.1249999999998,0.8579545454545454,453,22,53
draw_09714,2297.4456897770006,1685.6249999999998,0.8806818181818182,465,18,45
draw_09715,2239.212541598597,1714.6249999999998,0.8958333333333334,473,9,46
draw_09716,1962.1383746088716,1725.4999999999998,0.9015151515151515,476,17,35
draw_09717,2312.281327282185,1700.1249999999998,0.8882575757575758,469,13,46
draw_09718,2419.5704332041055,1826.9999999999998,0.9545454545454546,504,10,14
draw_09719,2449.5635423436183,1758.1249999999998,0.9185606060606061,485,8,35
draw_09720,2280.9780115189237,1663.8749999999998,0.8693181818181818,459,24,45
draw_09721,2189.6867550685365,1732.7499999999998,0.9053030303030303,478,20,30
draw_09722,2124.454824240042,1649.3749999999998,0.8617424242424242,455,17,56
draw_09723,2192.477433061658,1768.9999999999998,0.9242424242424242,488,7,33
draw_09724,1981.7681181009193,1765.3749999999998,0.9223484848484849,487,9,32
draw_09725,2157.241136898474,1623.9999999999998,0.8484848484848485,448,16,64
draw_09726,2138.0305973937116,1801.6249999999998,0.9412878787878788,497,8,23
draw_09727,2188.235691984622,1594.9999999999998,0.8333333333333334,440,25,63
draw_09728,2189.7214440306398,1652.9999999999998,0.8636363636363636,456,24,48
draw_09729,2062.733527056382,1645.7499999999998,0.8598484848484849,454,25,49
draw_09730,2133.585583693756,1765.3749999999998,0.9223484848484849,487,11,30
draw_09731,2338.904430658381,1732.7499999999998,0.9053030303030303,478,14,36
draw_09732,2204.0354083837883,1710.9999999999998,0.8939393939393939,472,29,27
draw_09733,2203.1590351562922,1783.4999999999998,0.9318181818181818,492,9,27
draw_09734,2229.889441766796,1638.4999999999998,0.8560606060606061,452,25,51
draw_09735,2278.514087291328,1736.3749999999998,0.9071969696969697,479,12,37
draw_09736,2337.1251363987085,1768.9999999999998,0.9242424242424242,488,11,29
draw_09737,2092.810465232744,1739.9999999999998,0.9090909090909091,480,10,38
draw_09738,2217.762204246194,1801.6249999999998,0.9412878787878788,497,15,16
draw_09739,2374.6321272460973,1609.4999999999998,0.8409090909090909,444,32,52
draw_09740,2091.1792707824343,1642.1249999999998,0.8579545454545454,453,26,49
draw_09741,2231.0558831696267,1634.8749999999998,0.8541666666666666,451,25,52
draw_09742,2295.341169262585,1787.1249999999998,0.9337121212121212,493,7,28
draw_09743,2141.3128364659215,1696.4999999999998,0.8863636363636364,468,17,43
draw_09744,2242.1816135313707,1732.7499999999998,0.9053030303030303,478,14,36
draw_09745,2266.051820158724,1703.7499999999998,0.8901515151515151,470,13,45
draw_09746,2065.6925682424358,1689.2499999999998,0.8825757575757576,466,10,52
draw_09747,2053.334220031662,1689.2499999999998,0.8825757575757576,466,15,47
draw_09748,2330.1232553906793,1714.6249999999998,0.8958333333333334,473,19,36
draw_09749,2124.7597326947466,1790.7499999999998,0.9356060606060606,494,8,26
draw_09750,2199.6795259371215,1721.8749999999998,0.8996212121212122,475,16,37
draw_09751,2072.57280763961,1710.9999999999998,0.8939393939393939,472,11,45
draw_09752,2498.5005728914634,1790.7499999999998,0.9356060606060606,494,13,21
draw_09753,1976.5664628929999,1685.6249999999998,0.8806818181818182,465,17,46
draw_09754,2194.8392658101575,1721.8749999999998,0.8996212121212122,475,21,32
draw_09755,2325.5906556813993,1776.2499999999998,0.928030303030303,490,10,28
draw_09756,2157.7062735602212,1743.6249999999998,0.9109848484848485,481,16,31
draw_09757,2299.1586823575753,1754.4999999999998,0.9166666666666666,484,6,38
draw_09758,2191.924368862905,1732.7499999999998,0.9053030303030303,478,17,33
draw_09759,2274.317567180032,1671.1249999999998,0.8731060606060606,461,13,54
draw_09760,2208.1513103963734,1700.1249999999998,0.8882575757575758,469,11,48
draw_09761,2240.5350174828927,1808.8749999999998,0.9450757575757576,499,8,21
draw_09762,2184.1831593057923,1700.1249999999998,0.8882575757575758,469,11,48
draw_09763,2460.6636757118326,1819.7499999999998,0.9507575757575758,502,7,19
draw_09764,2339.0436778356434,1768.9999999999998,0.9242424242424242,488,11,29
draw_09765,2187.236668437303,1732.7499999999998,0.9053030303030303,478,11,39
draw_09766,2131.114149539436,1700.1249999999998,0.8882575757575758,469,15,44
draw_09767,2151.9175478667826,1710.9999999999998,0.8939393939393939,472,12,44
draw_09768,2183.3085079788034,1721.8749999999998,0.8996212121212122,475,18,35
draw_09769,2299.931189324964,1787.1249999999998,0.9337121212121212,493,11,24
draw_09770,2272.287412387052,1721.8749999999998,0.8996212121212122,475,12,41
draw_09771,2308.892349158517,1765.3749999999998,0.9223484848484849,487,11,30
draw_09772,2369.8954155410247,1816.1249999999998,0.9488636363636364,501,7,20
draw_09773,2262.789048325999,1692.8749999999998,0.884469696969697,467,11,50
draw_09774,2095.2548091446693,1772.6249999999998,0.9261363636363636,489,10,29
draw_09775,2208.7100994378384,1721.8749999999998,0.8996212121212122,475,16,37
draw_09776,1992.7714908466248,1692.8749999999998,0.884469696969697,467,16,45
draw_09777,2325.1416313868017,1700.1249999999998,0.8882575757575758,469,22,37
draw_09778,2142.4995087095804,1732.7499999999998,0.9053030303030303,478,12,38
draw_09779,2246.9642069589595,1736.3749999999998,0.9071969696969697,479,19,30
draw_09780,2281.666120659548,1739.9999999999998,0.9090909090909091,480,12,36
draw_09781,2088.4349856812887,1663.8749999999998,0.8693181818181818,459,22,47
draw_09782,2261.3455762704357,1768.9999999999998,0.9242424242424242,488,17,23
draw_09783,2115.462771981994,1652.9999999999998,0.8636363636363636,456,9,63
draw_09784,2156.938895616044,1761.7499999999998,0.9204545454545454,486,16,26
draw_09785,2375.3708186305935,1772.6249999999998,0.9261363636363636,489,16,23
draw_09786,2347.5030744629,1808.8749999999998,0.9450757575757576,499,9,20
draw_09787,2184.7505976462494,1747.2499999999998,0.9128787878787878,482,12,34
draw_09788,2234.7021964203723,1754.4999999999998,0.9166666666666666,484,14,30
draw_09789,2211.9452785425374,1747.2499999999998,0.9128787878787878,482,18,28
draw_09790,2110.200683082652,1765.3749999999998,0.9223484848484849,487,13,28
draw_09791,2350.103016272584,1826.9999999999998,0.9545454545454546,504,11,13
draw_09792,2022.9093370679266,1696.4999999999998,0.8863636363636364,468,21,39
draw_09793,2300.9144617921834,1696.4999999999998,0.8863636363636364,468,26,34
draw_09794,2270.988253421698,1747.2499999999998,0.9128787878787878,482,8,38
draw_09795,2230.6251294126373,1801.6249999999998,0.9412878787878788,497,9,22
draw_09796,2222.0125237252864,1797.9999999999998,0.9393939393939394,496,12,20
draw_09797,2053.1084126858195,1707.3749999999998,0.8920454545454546,471,10,47
draw_09798,2621.6363175492825,1794.3749999999998,0.9375,495,8,25
draw_09799,2243.837882558534,1750.8749999999998,0.9147727272727273,483,8,37
draw_09800,2159.7089638268826,1685.6249999999998,0.8806818181818182,465,13,50
draw_09801,2201.9312305573953,1772.6249999999998,0.9261363636363636,489,20,19
draw_09802,2264.5056403847066,1739.9999999999998,0.9090909090909091,480,15,33
draw_09803,2278.4500490957616,1845.1249999999998,0.9640151515151515,509,8,11
draw_09804,2439.6177079951594,1768.9999999999998,0.9242424242424242,488,15,25
draw_09805,2174.5381768712505,1718.2499999999998,0.8977272727272727,474,13,41
draw_09806,2343.8488384847315,1703.7499999999998,0.8901515151515151,470,22,36
draw_09807,2122.758829673049,1747.2499999999998,0.9128787878787878,482,6,40
draw_09808,2308.654691058459,1718.2499999999998,0.8977272727272727,474,4,50
draw_09809,2106.0584673450085,1656.6249999999998,0.865530303030303,457,22,49
draw_09810,2252.2018009401327,1747.2499999999998,0.9128787878787878,482,9,37
draw_09811,2057.275270727002,1656.6249999999998,0.865530303030303,457,26,45
draw_09812,2183.4650219266705,1710.9999999999998,0.8939393939393939,472,17,39
draw_09813,2331.870041084045,1671.1249999999998,0.8731060606060606,461,22,45
draw_09814,2472.8005748990886,1787.1249999999998,0.9337121212121212,493,8,27
draw_09815,2034.3808219613222,1714.6249999999998,0.8958333333333334,473,12,43
draw_09816,2222.8231868666007,1783.4999999999998,0.9318181818181818,492,8,28
draw_09817,2137.777898969412,1660.2499999999998,0.8674242424242424,458,29,41
draw_09818,2062.296444843213,1671.1249999999998,0.8731060606060606,461,17,50
draw_09819,2372.718727368558,1736.3749999999998,0.9071969696969697,479,5,44
draw_09820,2175.458329686855,1692.8749999999998,0.884469696969697,467,22,39
draw_09821,2116.442802848693,1736.3749999999998,0.9071969696969697,479,21,28
draw_09822,2066.9688342224845,1758.1249999999998,0.9185606060606061,485,21,22
draw_09823,2114.0463362256646,1736.3749999999998,0.9071969696969697,479,15,34
draw_09824,2273.0123124607467,1707.3749999999998,0.8920454545454546,471,19,38
draw_09825,2029.6660534666105,1718.2499999999998,0.8977272727272727,474,17,37
draw_09826,2286.8536028694302,1710.9999999999998,0.8939393939393939,472,12,44
draw_09827,2341.7450369223434,1765.3749999999998,0.9223484848484849,487,16,25
draw_09828,2377.0529321199947,1710.9999999999998,0.8939393939393939,472,25,31
draw_09829,2388.964987711624,1787.1249999999998,0.9337121212121212,493,10,25
draw_09830,2212.968037400577,1718.2499999999998,0.8977272727272727,474,23,31
draw_09831,2291.664997225157,1689.2499999999998,0.8825757575757576,466,23,39
draw_09832,2186.408719962159,1692.8749999999998,0.884469696969697,467,22,39
draw_09833,2153.1288635237233,1660.2499999999998,0.8674242424242424,458,19,51
draw_09834,2247.6012088972043,1750.8749999999998,0.9147727272727273,483,16,29
draw_09835,2311.246219826954,1747.2499999999998,0.9128787878787878,482,13,33
draw_09836,2106.1562864725743,1787.1249999999998,0.9337121212121212,493,13,22
draw_09837,2132.919285473396,1692.8749999999998,0.884469696969697,467,16,45
draw_09838,2234.2604924404477,1700.1249999999998,0.8882575757575758,469,11,48
draw_09839,2072.4074720955473,1587.7499999999998,0.8295454545454546,438,24,66
draw_09840,2110.674501150801,1710.9999999999998,0.8939393939393939,472,12,44
draw_09841,2157.6030897391843,1765.3749999999998,0.9223484848484849,487,12,29
draw_09842,2377.6033510581074,1754.4999999999998,0.9166666666666666,484,8,36
draw_09843,2202.69033458561,1747.2499999999998,0.9128787878787878,482,14,32
draw_09844,2233.830704693593,1696.4999999999998,0.8863636363636364,468,9,51
draw_09845,2287.931580115871,1729.1249999999998,0.9034090909090909,477,8,43
draw_09846,2087.2721921771713,1703.7499999999998,0.8901515151515151,470,8,50
draw_09847,2237.622159896635,1739.9999999999998,0.9090909090909091,480,15,33
draw_09848,2358.191925707685,1718.2499999999998,0.8977272727272727,474,13,41
draw_09849,2104.536333306838,1678.3749999999998,0.8768939393939394,463,17,48
draw_09850,2122.2287453169356,1689.2499999999998,0.8825757575757576,466,20,42
draw_09851,2224.055509095388,1721.8749999999998,0.8996212121212122,475,16,37
draw_09852,2392.87776862496,1714.6249999999998,0.8958333333333334,473,14,41
draw_09853,2396.7266553845498,1689.2499999999998,0.8825757575757576,466,19,43
draw_09854,2381.930182964301,1747.2499999999998,0.9128787878787878,482,9,37
draw_09855,2246.4100829086665,1667.4999999999998,0.8712121212121212,460,23,45
draw_09856,2247.0960336117987,1801.6249999999998,0.9412878787878788,497,13,18
draw_09857,1998.419428037361,1649.3749999999998,0.8617424242424242,455,18,55
draw_09858,2329.541244917752,1787.1249999999998,0.9337121212121212,493,6,29
draw_09859,2173.3718811255585,1692.8749999999998,0.884469696969697,467,16,45
draw_09860,2451.0973669571713,1736.3749999999998,0.9071969696969697,479,9,40
draw_09861,2081.968520959222,1700.1249999999998,0.8882575757575758,469,18,41
draw_09862,2128.808668269909,1700.1249999999998,0.8882575757575758,469,9,50
draw_09863,2234.860243109982,1743.6249999999998,0.9109848484848485,481,18,29
draw_09864,2352.4295612887886,1772.6249999999998,0.9261363636363636,489,17,22
draw_09865,2337.5227734109253,1758.1249999999998,0.9185606060606061,485,14,29
draw_09866,2216.2012244113453,1750.8749999999998,0.9147727272727273,483,16,29
draw_09867,2166.955323875316,1776.2499999999998,0.928030303030303,490,12,26
draw_09868,2172.706321608058,1747.2499999999998,0.9128787878787878,482,11,35
draw_09869,2203.308431125803,1732.7499999999998,0.9053030303030303,478,20,30
draw_09870,2200.9904553561582,1721.8749999999998,0.8996212121212122,475,10,43
draw_09871,2384.303601881583,1710.9999999999998,0.8939393939393939,472,12,44
draw_09872,2197.734955716396,1747.2499999999998,0.9128787878787878,482,17,29
draw_09873,2148.697192598381,1747.2499999999998,0.9128787878787878,482,11,35
draw_09874,2122.997659224277,1609.4999999999998,0.8409090909090909,444,17,67
draw_09875,2376.2666426992178,1776.2499999999998,0.928030303030303,490,6,32
draw_09876,2359.904375918221,1729.1249999999998,0.9034090909090909,477,14,37
draw_09877,2189.3597081092407,1652.9999999999998,0.8636363636363636,456,16,56
draw_09878,2209.9538372795305,1761.7499999999998,0.9204545454545454,486,20,22
draw_09879,2240.9438387612818,1721.8749999999998,0.8996212121212122,475,8,45
draw_09880,2262.107307277743,1743.6249999999998,0.9109848484848485,481,18,29
draw_09881,2329.127057927433,1649.3749999999998,0.8617424242424242,455,22,51
draw_09882,2441.724567449051,1732.7499999999998,0.9053030303030303,478,4,46
draw_09883,2186.577435953954,1736.3749999999998,0.9071969696969697,479,20,29
draw_09884,1907.5434835644166,1584.1249999999998,0.8276515151515151,437,36,55
draw_09885,2159.0527601973727,1616.7499999999998,0.8446969696969697,446,31,51
draw_09886,2027.9596003054332,1721.8749999999998,0.8996212121212122,475,16,37
draw_09887,2153.6246521233816,1605.8749999999998,0.8390151515151515,443,35,50
draw_09888,2173.1638778776082,1645.7499999999998,0.8598484848484849,454,17,57
draw_09889,2268.2570636692158,1739.9999999999998,0.9090909090909091,480,17,31
draw_09890,2230.4294710483214,1743.6249999999998,0.9109848484848485,481,10,37
draw_09891,2087.7869515167527,1594.9999999999998,0.8333333333333334,440,20,68
draw_09892,2126.722812161048,1779.8749999999998,0.9299242424242424,491,11,26
draw_09893,2159.7851387560163,1725.4999999999998,0.9015151515151515,476,19,33
draw_09894,2229.2223049966697,1729.1249999999998,0.9034090909090909,477,11,40
draw_09895,2431.516949171904,1721.8749999999998,0.8996212121212122,475,22,31
draw_09896,2241.056357539647,1736.3749999999998,0.9071969696969697,479,15,34
draw_09897,2082.8649757755716,1652.9999999999998,0.8636363636363636,456,22,50
draw_09898,2195.3094844426355,1739.9999999999998,0.9090909090909091,480,11,37
draw_09899,2107.4215392641404,1797.9999999999998,0.9393939393939394,496,9,23
draw_09900,2343.5460983203184,1707.3749999999998,0.8920454545454546,471,10,47
draw_09901,2165.836849135874,1656.6249999999998,0.865530303030303,457,12,59
draw_09902,2191.9213456715856,1765.3749999999998,0.9223484848484849,487,8,33
draw_09903,2276.3243902965496,1696.4999999999998,0.8863636363636364,468,14,46
draw_09904,2176.0923506997124,1678.3749999999998,0.8768939393939394,463,17,48
draw_09905,2244.3295455931866,1678.3749999999998,0.8768939393939394,463,9,56
draw_09906,2362.2854676986685,1812.4999999999998,0.946969696969697,500,14,14
draw_09907,2246.100809034639,1725.4999999999998,0.9015151515151515,476,9,43
draw_09908,2154.7878240259383,1797.9999999999998,0.9393939393939394,496,12,20
draw_09909,2079.4920795103917,1743.6249999999998,0.9109848484848485,481,14,33
draw_09910,2189.0929540520615,1725.4999999999998,0.9015151515151515,476,7,45
draw_09911,2280.2607621933494,1736.3749999999998,0.9071969696969697,479,9,40
draw_09912,2016.723316184434,1681.9999999999998,0.8787878787878788,464,25,39
draw_09913,2315.625255601397,1739.9999999999998,0.9090909090909091,480,16,32
draw_09914,2115.5559287647316,1660.2499999999998,0.8674242424242424,458,23,47
draw_09915,2219.7863383714785,1758.1249999999998,0.9185606060606061,485,14,29
draw_09916,2077.6201462854383,1761.7499999999998,0.9204545454545454,486,12,30
draw_09917,2036.5460370947528,1587.7499999999998,0.8295454545454546,438,24,66
draw_09918,2348.931244239997,1736.3749999999998,0.9071969696969697,479,21,28
draw_09919,2264.0540889651,1551.4999999999998,0.8106060606060606,428,32,68
draw_09920,2125.348383139092,1685.6249999999998,0.8806818181818182,465,19,44
draw_09921,2045.0693605411711,1678.3749999999998,0.8768939393939394,463,9,56
draw_09922,2165.086210411162,1667.4999999999998,0.8712121212121212,460,24,44
draw_09923,2340.4296590747604,1768.9999999999998,0.9242424242424242,488,13,27
draw_09924,2452.4548127738635,1761.7499999999998,0.9204545454545454,486,8,34
draw_09925,2409.6852573334168,1761.7499999999998,0.9204545454545454,486,10,32
draw_09926,2254.5243192125554,1718.2499999999998,0.8977272727272727,474,9,45
draw_09927,2305.6754005538437,1721.8749999999998,0.8996212121212122,475,18,35
draw_09928,2029.2474082508506,1678.3749999999998,0.8768939393939394,463,25,40
draw_09929,2328.551888443285,1758.1249999999998,0.9185606060606061,485,15,28
draw_09930,2305.1142916517133,1700.1249999999998,0.8882575757575758,469,18,41
draw_09931,2220.949043450188,1779.8749999999998,0.9299242424242424,491,5,32
draw_09932,2222.8658813995166,1609.4999999999998,0.8409090909090909,444,18,66
draw_09933,2007.3932128607166,1631.2499999999998,0.8522727272727273,450,18,60
draw_09934,2287.5130986815875,1776.2499999999998,0.928030303030303,490,11,27
draw_09935,2103.756065420205,1754.4999999999998,0.9166666666666666,484,23,21
draw_09936,2210.882808118186,1714.6249999999998,0.8958333333333334,473,15,40
draw_09937,2240.0398685715895,1754.4999999999998,0.9166666666666666,484,15,29
draw_09938,2246.0202879578696,1656.6249999999998,0.865530303030303,457,17,54
draw_09939,2256.7040983705783,1663.8749999999998,0.8693181818181818,459,18,51
draw_09940,2098.6223957771376,1678.3749999999998,0.8768939393939394,463,21,44
draw_09941,2106.151730245995,1772.6249999999998,0.9261363636363636,489,9,30
draw_09942,2385.2605207812476,1797.9999999999998,0.9393939393939394,496,8,24
draw_09943,2148.8037759539357,1692.8749999999998,0.884469696969697,467,13,48
draw_09944,2171.473786183082,1707.3749999999998,0.8920454545454546,471,26,31
draw_09945,2184.6767370955454,1710.9999999999998,0.8939393939393939,472,13,43
draw_09946,2527.892120569386,1794.3749999999998,0.9375,495,4,29
draw_09947,2198.777832214295,1707.3749999999998,0.8920454545454546,471,9,48
draw_09948,2251.2503272439835,1692.8749999999998,0.884469696969697,467,18,43
draw_09949,2188.4926957281473,1721.8749999999998,0.8996212121212122,475,12,41
draw_09950,2149.3608815230086,1649.3749999999998,0.8617424242424242,455,18,55
draw_09951,2174.4548160497443,1703.7499999999998,0.8901515151515151,470,18,40
draw_09952,2203.617170788753,1671.1249999999998,0.8731060606060606,461,20,47
draw_09953,2225.133304210473,1725.4999999999998,0.9015151515151515,476,6,46
draw_09954,2232.3841840342407,1652.9999999999998,0.8636363636363636,456,16,56
draw_09955,2211.155990290325,1649.3749999999998,0.8617424242424242,455,20,53
draw_09956,2498.1885798286426,1776.2499999999998,0.928030303030303,490,13,25
draw_09957,2108.8074998667885,1725.4999999999998,0.9015151515151515,476,14,38
draw_09958,2245.6670183964798,1725.4999999999998,0.9015151515151515,476,5,47
draw_09959,1986.8396646894553,1642.1249999999998,0.8579545454545454,453,17,58
draw_09960,2232.6547889435556,1725.4999999999998,0.9015151515151515,476,9,43
draw_09961,2355.9191318946473,1743.6249999999998,0.9109848484848485,481,12,35
draw_09962,1976.8708952428149,1642.1249999999998,0.8579545454545454,453,17,58
draw_09963,2421.3973200069213,1779.8749999999998,0.9299242424242424,491,10,27
draw_09964,2165.881036083262,1707.3749999999998,0.8920454545454546,471,9,48
draw_09965,1987.6108235785566,1710.9999999999998,0.8939393939393939,472,22,34
draw_09966,2099.336536405587,1703.7499999999998,0.8901515151515151,470,10,48
draw_09967,2174.841657350505,1692.8749999999998,0.884469696969697,467,17,44
draw_09968,2101.3540803325823,1787.1249999999998,0.9337121212121212,493,15,20
draw_09969,2148.770296507008,1758.1249999999998,0.9185606060606061,485,10,33
draw_09970,2103.3038385384457,1758.1249999999998,0.9185606060606061,485,14,29
draw_09971,2110.346185937867,1718.2499999999998,0.8977272727272727,474,15,39
draw_09972,2186.158517378839,1725.4999999999998,0.9015151515151515,476,13,39
draw_09973,2093.8956238058436,1736.3749999999998,0.9071969696969697,479,11,38
draw_09974,2344.5267380091714,1747.2499999999998,0.9128787878787878,482,15,31
draw_09975,2270.0320060117565,1732.7499999999998,0.9053030303030303,478,13,37
draw_09976,2233.1739213537135,1721.8749999999998,0.8996212121212122,475,10,43
draw_09977,2252.684021328148,1689.2499999999998,0.8825757575757576,466,29,33
draw_09978,2152.2750711406907,1718.2499999999998,0.8977272727272727,474,14,40
draw_09979,2068.339006162455,1674.7499999999998,0.875,462,19,47
draw_09980,2373.014433093317,1797.9999999999998,0.9393939393939394,496,9,23
draw_09981,2275.8528804335306,1652.9999999999998,0.8636363636363636,456,30,42
draw_09982,2217.1146755047034,1710.9999999999998,0.8939393939393939,472,23,33
draw_09983,1986.3361949442985,1689.2499999999998,0.8825757575757576,466,16,46
draw_09984,2499.9466503987483,1710.9999999999998,0.8939393939393939,472,18,38
draw_09985,2198.9091203318835,1739.9999999999998,0.9090909090909091,480,16,32
draw_09986,2336.089431343862,1768.9999999999998,0.9242424242424242,488,17,23
draw_09987,2160.5599160330544,1736.3749999999998,0.9071969696969697,479,14,35
draw_09988,2445.3544737319494,1768.9999999999998,0.9242424242424242,488,10,30
draw_09989,2133.521938873984,1739.9999999999998,0.9090909090909091,480,7,41
draw_09990,2248.6603897817795,1758.1249999999998,0.9185606060606061,485,16,27
draw_09991,2006.5582756064643,1623.9999999999998,0.8484848484848485,448,24,56
draw_09992,1948.9425268707212,1674.7499999999998,0.875,462,10,56
draw_09993,2181.302338724267,1707.3749999999998,0.8920454545454546,471,16,41
draw_09994,2439.139752340014,1681.9999999999998,0.8787878787878788,464,16,48
draw_09995,2270.8631586518304,1754.4999999999998,0.9166666666666666,484,10,34
draw_09996,2152.531975875022,1718.2499999999998,0.8977272727272727,474,13,41
draw_09997,2300.5793358110436,1707.3749999999998,0.8920454545454546,471,24,33
draw_09998,2352.534025142588,1696.4999999999998,0.8863636363636364,468,15,45
draw_09999,2325.3522290231886,1758.1249999999998,0.9185606060606061,485,7,36
draw_10000,2016.2470713998446,1696.4999999999998,0.8863636363636364,468,13,47
