scenario,scenario_label,representative_path_id,month,age,state,potential_wage_uf,contribution_uf,fund_proxy,monthly_return,opening_balance_uf,closing_balance_uf
estable,Trayectoria estable,estable_01538,1,25.0,cotizando,40.0,4.0,A,0.008679999999999998,10.0,14.12152
estable,Trayectoria estable,estable_01538,2,25.083333333333332,cotizando,40.03318152457385,4.003318152457385,A,0.009827486142760198,14.12152,18.302959748240433
estable,Trayectoria estable,estable_01538,3,25.166666666666668,cotizando,40.06639057448702,4.0066390574487025,A,0.010336206183524772,18.302959748240433,22.540195418816456
estable,Trayectoria estable,estable_01538,4,25.25,cotizando,40.099627172572845,4.0099627172572845,A,0.0104171986309609,22.540195418816456,26.826736407060643
estable,Trayectoria estable,estable_01538,5,25.333333333333332,cotizando,40.13289134168357,4.013289134168357,A,0.010379008735728586,26.826736407060643,31.160114435731504
estable,Trayectoria estable,estable_01538,6,25.416666666666668,cotizando,40.16618310469041,4.016618310469041,A,0.01051342867575762,31.160114435731504,35.54656081697391
estable,Trayectoria estable,estable_01538,7,25.5,cotizando,40.19950248448356,4.019950248448356,A,0.010989733509961241,35.54656081697391,40.00133647795018
estable,Trayectoria estable,estable_01538,8,25.583333333333332,cotizando,40.2328495039722,4.02328495039722,A,0.011791674204378292,40.00133647795018,44.543745421201564
estable,Trayectoria estable,estable_01538,9,25.666666666666668,cotizando,40.2662241860845,4.02662241860845,A,0.012717636852109058,44.543745421201564,49.188068139770074
estable,Trayectoria estable,estable_01538,10,25.75,cotizando,40.299626553767666,4.0299626553767665,A,0.013444027579963425,49.188068139770074,53.933495468908134
estable,Trayectoria estable,estable_01538,11,25.833333333333332,cotizando,40.33305662998793,4.033305662998793,A,0.01363158239112461,53.933495468908134,58.75698035748645
estable,Trayectoria estable,estable_01538,12,25.916666666666668,cotizando,40.366514437730594,4.036651443773059,A,0.013040418595664313,58.75698035748645,63.61248704508995
estable,Trayectoria estable,estable_01538,13,26.0,cotizando,40.4,4.04,A,0.011616666806495842,63.61248704508995,68.43838344572355
estable,Trayectoria estable,estable_01538,14,26.083333333333332,cotizando,40.43351333981959,4.043351333981959,A,0.009522408502175396,68.43838344572355,73.1719354672242
estable,Trayectoria estable,estable_01538,15,26.166666666666668,cotizando,40.467054480231894,4.046705448023189,A,0.0070985786152718815,73.1719354672242,77.76678350834874
estable,Trayectoria estable,estable_01538,16,26.25,cotizando,40.500623444298576,4.050062344429858,A,0.004771779756822687,77.76678350834874,82.20725782158597
estable,Trayectoria estable,estable_01538,17,26.333333333333332,cotizando,40.53422025510041,4.053422025510041,A,0.0029338272984144043,82.20725782158597,86.5137537844112
estable,Trayectoria estable,estable_01538,18,26.416666666666668,cotizando,40.56784493573731,4.056784493573732,A,0.0018316138323691796,86.5137537844112,90.73642852869999
estable,Trayectoria estable,estable_01538,19,26.5,cotizando,40.6014975093284,4.0601497509328395,A,0.00150174536927232,90.73642852869999,94.93893860208712
estable,Trayectoria estable,estable_01538,20,26.583333333333332,cotizando,40.635177999011916,4.0635177999011916,A,0.0017703365107813506,94.93893860208712,99.17772406521378
estable,Trayectoria estable,estable_01538,21,26.666666666666668,cotizando,40.668886427945345,4.0668886427945345,A,0.00231780528830527,99.17772406521378,103.48391361733196
estable,Trayectoria estable,estable_01538,22,26.75,cotizando,40.70262281930535,4.0702622819305345,A,0.002787989068178233,103.48391361733196,107.85403576590657
estable,Trayectoria estable,estable_01538,23,26.833333333333332,cotizando,40.736387196287815,4.073638719628781,A,0.002906915935685982,107.85403576590657,112.25303882614163
estable,Trayectoria estable,estable_01538,24,26.916666666666668,cotizando,40.7701795821079,4.07701795821079,A,0.002573548354631464,112.25303882614163,116.62943781058397
estable,Trayectoria estable,estable_01538,25,27.0,cotizando,40.804,4.0804,A,-0.18010627182346325,116.62943781058397,98.96923895010477
estable,Trayectoria estable,estable_01538,26,27.083333333333332,cotizando,40.83784847321779,4.0837848473217795,A,-0.07585342739937259,98.96923895010477,95.23609873852263
estable,Trayectoria estable,estable_01538,27,27.166666666666668,cotizando,40.871725025034216,4.087172502503422,A,0.07769399012987015,95.23609873852263,107.04009249649273
estable,Trayectoria estable,estable_01538,28,27.25,cotizando,40.90562967874156,4.090562967874156,A,0.04986201766596698,107.04009249649273,116.67185417036166
estable,Trayectoria estable,estable_01538,29,27.333333333333332,cotizando,40.93956245765141,4.093956245765141,A,0.0018316138323691805,116.67185417036166,120.98700674496223
estable,Trayectoria estable,estable_01538,30,27.416666666666668,licencia,40.973523385094694,0.0,A,0.003573555001719751,120.98700674496223,121.41936046805878
estable,Trayectoria estable,estable_01538,31,27.5,cotizando,41.00751248442168,4.100751248442168,A,0.005848126137733869,121.41936046805878,126.2541691626415
estable,Trayectoria estable,estable_01538,32,27.583333333333332,cotizando,41.04152977900203,4.1041529779002035,A,0.008269811302949735,126.2541691626415,131.4363608664131
estable,Trayectoria estable,estable_01538,33,27.666666666666668,cotizando,41.0755752922248,4.10755752922248,A,0.010416669393816913,131.4363608664131,136.95583458190544
estable,Trayectoria estable,estable_01538,34,27.75,cotizando,41.109649047498394,4.1109649047498396,A,0.01195003438755036,136.95583458190544,142.75255259146246
estable,Trayectoria estable,estable_01538,35,27.833333333333332,cotizando,41.143751068250694,4.11437510682507,A,0.012707051014609795,142.75255259146246,148.73317324090868
estable,Trayectoria estable,estable_01538,36,27.916666666666668,cotizando,41.17788137792898,4.117788137792899,A,0.01273732149948309,148.73317324090868,154.79787321528718
estable,Trayectoria estable,estable_01538,37,28.0,cotizando,41.21204,4.1212040000000005,A,0.01227279489228557,154.79787321528718,160.8694584544217
estable,Trayectoria estable,estable_01538,38,28.083333333333332,cotizando,41.246226957949965,4.124622695794996,A,0.011641290471197855,160.8694584544217,166.91482517491474
estable,Trayectoria estable,estable_01538,39,28.166666666666668,cotizando,41.28044227528456,4.128044227528456,A,0.011151946501072948,166.91482517491474,172.95033033140925
estable,Trayectoria estable,estable_01538,40,28.25,cotizando,41.314685975528974,4.131468597552898,A,0.010989733509961236,172.95033033140925,179.02788070865597
estable,Trayectoria estable,estable_01538,41,28.333333333333332,cotizando,41.348958082227924,4.134895808222793,A,0.011153156379062971,179.02788070865597,185.20561960619486
estable,Trayectoria estable,estable_01538,42,28.416666666666668,cotizando,41.38325861894564,4.138325861894564,A,0.011455355116639787,185.20561960619486,191.5129476026121
estable,Trayectoria estable,estable_01538,43,28.5,cotizando,41.417587609265894,4.14175876092659,A,0.01158843131863876,191.5129476026121,197.92203749040098
estable,Trayectoria estable,estable_01538,44,28.583333333333332,cotizando,41.451945076792065,4.145194507679206,A,0.011230467075166294,197.92203749040098,204.33654139400463
estable,Trayectoria estable,estable_01538,45,28.666666666666668,cotizando,41.48633104514705,4.148633104514705,A,0.010160853723814728,204.33654139400463,210.6035618601828
estable,Trayectoria estable,estable_01538,46,28.75,cotizando,41.520745537973376,4.152074553797338,A,0.008346632418945484,210.6035618601828,216.5481227710243
estable,Trayectoria estable,estable_01538,47,28.833333333333332,cotizando,41.5551885789332,4.15551885789332,A,0.0059715178034892525,216.5481227710243,222.0215773541996
estable,Trayectoria estable,estable_01538,48,28.916666666666668,cotizando,41.58966019170827,4.158966019170827,A,0.003397304183405285,222.0215773541996,226.94894747957764
estable,Trayectoria estable,estable_01538,49,29.0,cotizando,41.6241604,4.16241604,A,0.0010687326673801077,226.94894747957764,231.3583597835738
estable,Trayectoria estable,estable_01538,50,29.083333333333332,cotizando,41.658689227529464,4.165868922752947,A,-0.0006091515216041256,231.3583597835738,235.38075876403565
estable,Trayectoria estable,estable_01538,51,29.166666666666668,cotizando,41.6932466980374,4.16932466980374,A,-0.0013832991649385118,235.38075876403565,239.21871400346438
estable,Trayectoria estable,estable_01538,52,29.25,cotizando,41.72783283528426,4.172783283528426,A,-0.0012198762958367886,239.21871400346438,243.09458976884417
estable,Trayectoria estable,estable_01538,53,29.333333333333332,cotizando,41.762447663050196,4.17624476630502,A,-0.0003057429060372904,243.09458976884417,247.19523323162016
estable,Trayectoria estable,estable_01538,54,29.416666666666668,cotizando,41.79709120513509,4.179709120513509,A,0.0010158735148210042,247.19523323162016,251.63030749835883
estable,Trayectoria estable,estable_01538,55,29.5,cotizando,41.83176348535856,4.183176348535856,A,0.002354976366286011,251.63030749835883,256.4159185555314
estable,Trayectoria estable,estable_01538,56,29.583333333333332,cotizando,41.86646452755998,4.186646452755998,A,0.0033950500278208734,256.4159185555314,261.48732375386896
estable,Trayectoria estable,estable_01538,57,29.666666666666668,cotizando,41.90119435559851,4.1901194355598514,A,0.003986213823281169,261.48732375386896,266.7364902860045
estable,Trayectoria estable,estable_01538,58,29.75,cotizando,41.93595299335311,4.193595299335311,A,0.004182337139753601,266.7364902860045,272.06320654456
estable,Trayectoria estable,estable_01538,59,29.833333333333332,cotizando,41.97074046472253,4.197074046472253,A,0.004211101864754666,272.06320654456,277.42364077378676
estable,Trayectoria estable,estable_01538,60,29.916666666666668,cotizando,42.00555679362536,4.2005556793625365,A,0.004387352683069126,277.42364077378676,282.8597811270752
estable,Trayectoria estable,estable_01538,61,30.0,cotizando,42.04040200400001,4.204040200400001,A,0.004998077457301765,282.8597811270752,288.498588541659
estable,Trayectoria estable,estable_01538,62,30.083333333333332,cotizando,42.075276119804755,4.207527611980476,A,0.0061963022124047,288.498588541659,294.51981170874666
estable,Trayectoria estable,estable_01538,63,30.166666666666668,licencia,42.110179165017776,0.0,A,0.007938243381755267,294.51981170874666,296.8577816548394
estable,Trayectoria estable,estable_01538,64,30.25,licencia,42.145111163637104,0.0,A,0.009984185929068684,296.8577816548394,299.82166494137215
estable,Trayectoria estable,estable_01538,65,30.333333333333332,cotizando,42.18007213968071,4.218007213968071,A,0.011963173856148703,299.82166494137215,307.676951612501
estable,Trayectoria estable,estable_01538,66,30.416666666666668,cotizando,42.21506211718644,4.221506211718644,A,0.013481198657944162,307.676951612501,316.10322289525436
estable,Trayectoria estable,estable_01538,67,30.5,cotizando,42.250081120212144,4.225008112021214,A,0.014238643350767246,316.10322289525436,324.8892704437704
estable,Trayectoria estable,estable_01538,68,30.583333333333332,cotizando,42.28512917283558,4.228512917283559,A,0.014119716483259501,324.8892704437704,333.7648331517109
estable,Trayectoria estable,estable_01538,69,30.666666666666668,cotizando,42.3202062991545,4.23202062991545,A,0.013225455591617984,333.7648331517109,342.46701616142184
estable,Trayectoria estable,estable_01538,70,30.75,cotizando,42.35531252328664,4.235531252328665,A,0.011839782190393347,342.46701616142184,350.8074300599838
estable,Trayectoria estable,estable_01538,71,30.833333333333332,cotizando,42.39044786936976,4.239044786936976,A,0.010339358697713602,350.8074300599838,358.71742770472184
estable,Trayectoria estable,estable_01538,72,30.916666666666668,cotizando,42.425612361561605,4.242561236156161,A,0.009075867084254303,358.71742770472184,366.2541655574079
estable,Trayectoria estable,estable_01538,73,31.0,cotizando,42.460806024040004,4.2460806024040005,A,-0.21573188815514782,366.2541655574079,290.5715284938086
estable,Trayectoria estable,estable_01538,74,31.083333333333332,cotizando,42.49602888100281,4.249602888100281,A,0.11293824338175527,290.5715284938086,328.11771207200337
estable,Trayectoria estable,estable_01538,75,31.166666666666668,cotizando,42.531280956667956,4.253128095666796,A,0.07091237629662125,328.11771207200337,355.9400462556642
estable,Trayectoria estable,estable_01538,76,31.25,cotizando,42.566562275273476,4.256656227527348,A,0.007885384229196182,355.9400462556642,363.036991880361
estable,Trayectoria estable,estable_01538,77,31.333333333333332,cotizando,42.60187286107751,4.260187286107751,A,0.007529192643299703,363.036991880361,370.0626303857536
estable,Trayectoria estable,estable_01538,78,31.416666666666668,cotizando,42.63721273835831,4.263721273835831,A,0.006609963025128573,370.0626303857536,376.8006350033906
estable,Trayectoria estable,estable_01538,79,31.5,cotizando,42.672581931414264,4.267258193141426,A,0.00507659803139513,376.8006350033906,383.0024217129614
estable,Trayectoria estable,estable_01538,80,31.583333333333332,cotizando,42.70798046456393,4.2707980464563935,A,0.00309195293163965,383.0024217129614,388.4706503265984
estable,Trayectoria estable,estable_01538,81,31.666666666666668,cotizando,42.74340836214605,4.274340836214605,A,0.0009961888674469774,388.4706503265984,393.136239350755
estable,Trayectoria estable,estable_01538,82,31.75,cotizando,42.77886564851951,4.2778865648519515,A,-0.0007868635939445592,393.136239350755,397.1014152082046
estable,Trayectoria estable,estable_01538,83,31.833333333333332,cotizando,42.81435234806346,4.281435234806346,A,-0.001871433257073391,397.1014152082046,400.631689227873
estable,Trayectoria estable,estable_01538,84,31.916666666666668,cotizando,42.849868485177225,4.284986848517723,A,-0.002021816990253833,400.631689227873,404.09800866106235
estable,Trayectoria estable,estable_01538,85,32.0,cotizando,42.8854140842804,4.28854140842804,A,-0.0012198762958367873,404.09800866106235,407.8883689975221
estable,Trayectoria estable,estable_01538,86,32.083333333333336,cotizando,42.92098916981283,4.292098916981283,A,0.0003327749192780267,407.8883689975221,412.3176312364416
estable,Trayectoria estable,estable_01538,87,32.166666666666664,cotizando,42.95659376623463,4.295659376623464,A,0.002278155250290264,412.3176312364416,417.5624003684159
estable,Trayectoria estable,estable_01538,88,32.25,cotizando,42.992227898026215,4.299222789802622,A,0.00421057262761067,417.5624003684159,423.637902161328
estable,Trayectoria estable,estable_01538,89,32.333333333333336,cotizando,43.02789158968829,4.302789158968829,A,0.00579616534377917,423.637902161328,430.42110632452045
estable,Trayectoria estable,estable_01538,90,32.416666666666664,cotizando,43.063584865741895,4.306358486574189,A,0.006865778695130771,430.42110632452045,437.71220737718284
estable,Trayectoria estable,estable_01538,91,32.5,cotizando,43.099307750728414,4.309930775072842,A,0.007452371527303961,437.71220737718284,445.3162513490596
estable,Trayectoria estable,estable_01538,92,32.583333333333336,cotizando,43.135060269209575,4.313506026920957,A,0.00776199256344082,445.3162513490596,453.1197802090346
estable,Trayectoria estable,estable_01538,93,32.666666666666664,cotizando,43.17084244576751,4.317084244576751,A,0.008088627114935704,453.1197802090346,461.13690067880196
estable,Trayectoria estable,estable_01538,94,32.75,cotizando,43.206654305004704,4.320665430500471,A,0.008701124546744352,461.13690067880196,469.50757036324393
estable,Trayectoria estable,estable_01538,95,32.833333333333336,cotizando,43.242495871544094,4.3242495871544095,A,0.009739281032423245,469.50757036324393,478.44660120699984
estable,Trayectoria estable,estable_01538,96,32.916666666666664,cotizando,43.27836717002899,4.327836717002899,A,0.011153156379062973,478.44660120699984,488.1588967259834
estable,Trayectoria estable,estable_01538,97,33.0,cotizando,43.31426822512321,4.331426822512321,A,0.012705807594177776,488.1588967259834,498.74781084149726
estable,Trayectoria estable,estable_01538,98,33.083333333333336,cotizando,43.35019906151096,4.335019906151096,A,0.01403925327296735,498.74781084149726,510.145738025796
estable,Trayectoria estable,estable_01538,99,33.166666666666664,cotizando,43.38615970389698,4.338615970389698,A,0.014783130431428433,510.145738025796,522.0900433062407
estable,Trayectoria estable,estable_01538,100,33.25,cotizando,43.42215017700647,4.3422150177006476,A,0.014671656052659465,522.0900433062407,534.1558913530948
estable,Trayectoria estable,estable_01538,101,33.333333333333336,cotizando,43.458170505585166,4.345817050558517,A,0.013631582391124606,534.1558913530948,545.8423388095191
estable,Trayectoria estable,estable_01538,102,33.416666666666664,cotizando,43.49422071439931,4.349422071439931,A,0.011812790122968287,545.8423388095191,556.6910606796322
estable,Trayectoria estable,estable_01538,103,33.5,cotizando,43.530300828235696,4.35303008282357,A,0.00955117322717648,556.6910606796322,566.4027200614117
estable,Trayectoria estable,estable_01538,104,33.583333333333336,cotizando,43.56641087190167,4.356641087190167,A,0.007274829433586363,566.4027200614117,574.9115381485807
estable,Trayectoria estable,estable_01538,105,33.666666666666664,cotizando,43.60255087022519,4.3602550870225185,A,0.005382504531055326,574.9115381485807,582.3897262874065
estable,Trayectoria estable,estable_01538,106,33.75,cotizando,43.63872084805475,4.363872084805475,A,0.004132052053517343,582.3897262874065,589.1780947832746
estable,Trayectoria estable,estable_01538,107,33.833333333333336,cotizando,43.67492083025954,4.367492083025954,A,0.003573555001719744,589.1780947832746,595.6666546669952
estable,Trayectoria estable,estable_01538,108,33.916666666666664,cotizando,43.711150841729285,4.371115084172929,A,0.0035476879165857273,595.6666546669952,602.1665164964094
estable,Trayectoria estable,estable_01538,109,34.0,cotizando,43.74741090737444,4.3747410907374435,A,0.0037493244378613818,602.1665164964094,608.8153775467895
estable,Trayectoria estable,estable_01538,110,34.083333333333336,cotizando,43.78370105212607,4.378370105212607,A,0.003835830090100738,608.8153775467895,615.5458546803072
estable,Trayectoria estable,estable_01538,111,34.166666666666664,cotizando,43.820021300935956,4.382002130093595,A,0.003545433761001301,615.5458546803072,622.1257699633215
estable,Trayectoria estable,estable_01538,112,34.25,cotizando,43.85637167877654,4.385637167877654,A,0.0027879890681782324,622.1257699633215,628.25811408537
estable,Trayectoria estable,estable_01538,113,34.333333333333336,cotizando,43.89275221064103,4.389275221064103,A,0.0016792874629899498,628.25811408537,633.7097861357896
estable,Trayectoria estable,estable_01538,114,34.416666666666664,cotizando,43.92916292154331,4.392916292154331,A,0.0005080547753120973,633.7097861357896,638.426893553052
estable,Trayectoria estable,estable_01538,115,34.5,cotizando,43.965603836518056,4.3965603836518055,A,-0.00035385089205234075,638.426893553052,642.5959902840962
estable,Trayectoria estable,estable_01538,116,34.583333333333336,cotizando,44.00207498062069,4.400207498062069,A,-0.0005695014835891373,642.5959902840962,646.6277324876447
estable,Trayectoria estable,estable_01538,117,34.666666666666664,cotizando,44.03857637892743,4.403857637892743,A,5.4262426564812406e-05,646.6277324876447,651.0669166793881
estable,Trayectoria estable,estable_01538,118,34.75,cotizando,44.0751080565353,4.40751080565353,A,0.0015017453692723018,651.0669166793881,656.4587831711937
estable,Trayectoria estable,estable_01538,119,34.833333333333336,cotizando,44.11167003856213,4.411167003856213,A,0.0035476879165857187,656.4587831711937,663.2145105117205
estable,Trayectoria estable,estable_01538,120,34.916666666666664,cotizando,44.14826235014658,4.414826235014658,A,0.005821134070308793,663.2145105117205,671.5156966252092
estable,Trayectoria estable,estable_01538,121,35.0,cotizando,44.18488501644818,4.418488501644818,B,0.006475055627279198,671.5156966252092,680.3108965759301
estable,Trayectoria estable,estable_01538,122,35.083333333333336,cotizando,44.22153806264734,4.422153806264734,B,0.007706758993041805,680.3108965759301,690.0101229760608
estable,Trayectoria estable,estable_01538,123,35.166666666666664,cotizando,44.25822151394531,4.425822151394531,B,0.008429010835890554,690.0101229760608,700.2893532337665
estable,Trayectoria estable,estable_01538,124,35.25,cotizando,44.29493539556431,4.429493539556431,B,0.008681959068408638,700.2893532337665,710.8371869557451
estable,Trayectoria estable,estable_01538,125,35.333333333333336,cotizando,44.33167973274743,4.4331679732747435,B,0.0086423535981189,710.8371869557451,721.4519742545684
estable,Trayectoria estable,estable_01538,126,35.416666666666664,cotizando,44.36845455075874,4.436845455075875,B,0.008555295466060424,721.4519742545684,732.0990130377701
estable,Trayectoria estable,estable_01538,127,35.5,cotizando,44.40525987488323,4.440525987488323,B,0.008644566349197086,732.0990130377701,742.9066039391694
estable,Trayectoria estable,estable_01538,128,35.583333333333336,cotizando,44.4420957304269,4.4442095730426905,B,0.009030730047271864,742.9066039391694,754.0999369596499
estable,Trayectoria estable,estable_01538,129,35.666666666666664,cotizando,44.47896214271671,4.447896214271672,B,0.009683756975906501,754.0999369596499,765.8934260449782
estable,Trayectoria estable,estable_01538,130,35.75,cotizando,44.515859137100655,4.4515859137100655,B,0.010425922974402313,765.8934260449782,778.3765697170847
estable,Trayectoria estable,estable_01538,131,35.833333333333336,cotizando,44.55278673894775,4.455278673894775,B,0.010984664396692182,778.3765697170847,791.4309935245967
estable,Trayectoria estable,estable_01538,132,35.916666666666664,cotizando,44.58974497364805,4.458974497364806,B,0.011079039091790659,791.4309935245967,804.707664090441
estable,Trayectoria estable,estable_01538,133,36.0,cotizando,44.62673386661266,4.462673386661266,B,0.010512549700739964,804.707664090441,817.6767808661948
estable,Trayectoria estable,estable_01538,134,36.083333333333336,cotizando,44.66375344327381,4.466375344327381,B,0.009242808517239931,817.6767808661948,829.7420679771354
estable,Trayectoria estable,estable_01538,135,36.166666666666664,cotizando,44.70080372908477,4.470080372908477,B,0.007405607712663886,829.7420679771354,840.3899962698629
estable,Trayectoria estable,estable_01538,136,36.25,cotizando,44.73788474951995,4.473788474951995,B,0.0052851805168491,840.3899962698629,849.3290423593395
estable,Trayectoria estable,estable_01538,137,36.333333333333336,cotizando,44.77499653007491,4.477499653007491,B,0.003239306847779541,849.3290423593395,856.5722833905667
estable,Trayectoria estable,estable_01538,138,36.416666666666664,cotizando,44.81213909626633,4.481213909626633,B,0.001602096405467593,856.5722833905667,862.4329880131331
estable,Trayectoria estable,estable_01538,139,36.5,cotizando,44.84931247363207,4.484931247363207,B,0.0005942868927961233,862.4329880131331,867.433117217043
estable,Trayectoria estable,estable_01538,140,36.583333333333336,cotizando,44.88651668773117,4.488651668773117,B,0.0002685090263710635,867.433117217043,872.1558877510514
estable,Trayectoria estable,estable_01538,141,36.666666666666664,cotizando,44.92375176414388,4.492375176414388,B,0.0005059508916100007,872.1558877510514,877.0918038977223
estable,Trayectoria estable,estable_01538,142,36.75,cotizando,44.96101772847166,4.496101772847166,B,0.0010646923138998797,877.0918038977223,882.5265255377641
estable,Trayectoria estable,estable_01538,143,36.833333333333336,cotizando,44.998314606337225,4.499831460633723,B,0.0016637911422552267,882.5265255377641,888.5021835941186
estable,Trayectoria estable,estable_01538,144,36.916666666666664,cotizando,45.03564242338452,4.503564242338452,B,0.0020761065462642134,888.5021835941186,894.8597229153919
estable,Trayectoria estable,estable_01538,145,37.0,cotizando,45.07300120527879,4.507300120527879,B,0.0022003385735104423,894.8597229153919,901.3459349884491
estable,Trayectoria estable,estable_01538,146,37.083333333333336,cotizando,45.11039097770655,4.511039097770655,B,0.0020896190943829724,901.3459349884491,907.7498701160503
estable,Trayectoria estable,estable_01538,147,37.166666666666664,cotizando,45.14781176637562,4.514781176637562,B,0.0019280074355792405,907.7498701160503,914.0235043235962
estable,Trayectoria estable,estable_01538,148,37.25,cotizando,45.18526359701515,4.518526359701515,B,0.0019629554920347504,914.0235043235962,920.3450878070922
estable,Trayectoria estable,estable_01538,149,37.333333333333336,cotizando,45.22274649537565,4.522274649537565,B,0.0024158940868169694,920.3450878070922,927.1017440486787
estable,Trayectoria estable,estable_01538,150,37.416666666666664,cotizando,45.26026048722899,4.526026048722899,B,0.0034000776004942616,927.1017440486787,934.7953768105083
estable,Trayectoria estable,estable_01538,151,37.5,cotizando,45.297805598368384,4.529780559836839,B,0.004872492490882492,934.7953768105083,943.9020121461291
estable,Trayectoria estable,estable_01538,152,37.583333333333336,cotizando,45.33538185460848,4.533538185460848,B,0.006635737191240221,943.9020121461291,954.7291193864197
estable,Trayectoria estable,estable_01538,153,37.666666666666664,cotizando,45.37298928178532,4.537298928178532,B,0.008389791226341134,954.7291193864197,967.3144632946977
estable,Trayectoria estable,estable_01538,154,37.75,cotizando,45.41062790575638,4.541062790575638,B,0.009817605328019193,967.3144632946977,981.3968200762331
estable,Trayectoria estable,estable_01538,155,37.833333333333336,cotizando,45.4482977524006,4.54482977524006,B,0.010677556814450257,981.3968200762331,996.469097833495
estable,Trayectoria estable,estable_01538,156,37.916666666666664,cotizando,45.485998847618376,4.548599884761837,B,0.010873500273061144,996.469097833495,1011.9022639277354
estable,Trayectoria estable,estable_01538,157,38.0,cotizando,45.52373121733158,4.552373121733158,B,0.01048015182522192,1011.9022639277354,1027.1072359691977
estable,Trayectoria estable,estable_01538,158,38.083333333333336,cotizando,45.56149488748361,4.556149488748361,B,0.009715660022415943,1027.1072359691977,1041.6866761686301
estable,Trayectoria estable,estable_01538,159,38.166666666666664,cotizando,45.599289884039365,4.559928988403937,B,0.008869959294557134,1041.6866761686301,1055.5267699568456
estable,Trayectoria estable,estable_01538,160,38.25,cotizando,45.637116232985306,4.563711623298531,B,0.008211553647304868,1055.5267699568456,1068.7954714406367
estable,Trayectoria estable,estable_01538,161,38.333333333333336,cotizando,45.67497396032942,4.567497396032942,B,0.00790226853742579,1068.7954714406367,1081.8449712545455
estable,Trayectoria estable,estable_01538,162,38.416666666666664,cotizando,45.71286309210129,4.571286309210129,B,0.007947036603440542,1081.8449712545455,1095.0500473291877
estable,Trayectoria estable,estable_01538,163,38.5,cotizando,45.75078365435207,4.575078365435207,B,0.008194717515696816,1095.0500473291877,1108.636242972853
estable,Trayectoria estable,estable_01538,164,38.583333333333336,cotizando,45.78873567315456,4.578873567315457,B,0.008389791226341153,1108.636242972853,1122.5547589579476
estable,Trayectoria estable,estable_01538,165,38.666666666666664,cotizando,45.82671917460317,4.582671917460317,B,0.00825862500356264,1122.5547589579476,1136.4460362444868
estable,Trayectoria estable,estable_01538,166,38.75,cotizando,45.86473418481394,4.586473418481394,B,0.0076030127018922415,1136.4460362444868,1149.7077943272077
estable,Trayectoria estable,estable_01538,167,38.833333333333336,cotizando,45.90278072992461,4.590278072992461,B,0.006371309336129623,1149.7077943272077,1161.6524624855601
estable,Trayectoria estable,estable_01538,168,38.916666666666664,cotizando,45.940858836094556,4.594085883609456,B,0.00468449226473397,1161.6524624855601,1171.7098213037777
estable,Trayectoria estable,estable_01538,169,39.0,cotizando,45.978968529504904,4.59789685295049,B,0.0028086562198935635,1171.7098213037777,1179.6115621458378
estable,Trayectoria estable,estable_01538,170,39.083333333333336,cotizando,46.01710983635844,4.6017109836358445,B,0.001082306707720445,1179.6115621458378,1185.494955098353
estable,Trayectoria estable,estable_01538,171,39.166666666666664,cotizando,46.055282782879765,4.605528278287976,B,-0.0001789790835340569,1185.494955098353,1189.887480282813
estable,Trayectoria estable,estable_01538,172,39.25,cotizando,46.09348739531516,4.609348739531516,B,-0.000770893162124923,1189.887480282813,1193.575999584671
estable,Trayectoria estable,estable_01538,173,39.333333333333336,cotizando,46.131723699932714,4.613172369993271,B,-0.000654413664745506,1193.575999584671,1197.405060587587
estable,Trayectoria estable,estable_01538,174,39.416666666666664,cotizando,46.16999172302229,4.616999172302229,B,4.0903329932836434e-05,1197.405060587587,1202.0712264647864
estable,Trayectoria estable,estable_01538,175,39.5,cotizando,46.20829149089559,4.620829149089559,B,0.0010646923138998676,1202.0712264647864,1207.976811370732
estable,Trayectoria estable,estable_01538,176,39.583333333333336,cotizando,46.24662302988611,4.624662302988611,B,0.0021288387039323504,1207.976811370732,1215.1829066233229
estable,Trayectoria estable,estable_01538,177,39.666666666666664,cotizando,46.2849863663492,4.62849863663492,B,0.0029990292373807737,1215.1829066233229,1223.469655328423
estable,Trayectoria estable,estable_01538,178,39.75,cotizando,46.32338152666208,4.632338152666208,B,0.003565518628431499,1223.469655328423,1232.48081401646
estable,Trayectoria estable,estable_01538,179,39.833333333333336,cotizando,46.36180853722386,4.636180853722386,B,0.0038706945833846427,1232.48081401646,1241.9054969212395
estable,Trayectoria estable,estable_01538,180,39.916666666666664,cotizando,46.4002674244555,4.64002674244555,B,0.004085007575638314,1241.9054969212395,1251.6376715712292
estable,Trayectoria estable,estable_01538,181,40.0,cotizando,46.43875821479995,4.643875821479995,B,0.004439479788990278,1251.6376715712292,1261.8587839316403
estable,Trayectoria estable,estable_01538,182,40.083333333333336,cotizando,46.47728093472203,4.647728093472203,B,0.005137009534746821,1261.8587839316403,1273.0125680532042
estable,Trayectoria estable,estable_01538,183,40.166666666666664,cotizando,46.515835610708564,4.651583561070857,B,0.006271576781604563,1273.0125680532042,1285.6771204422275
estable,Trayectoria estable,estable_01538,184,40.25,cotizando,46.55442226926831,4.655442226926831,B,0.007782029489730207,1285.6771204422275,1300.373968723405
estable,Trayectoria estable,estable_01538,185,40.333333333333336,cotizando,46.59304093693204,4.659304093693204,B,0.009456151279468262,1300.373968723405,1317.373864869596
estable,Trayectoria estable,estable_01538,186,40.416666666666664,cotizando,46.63169164025252,4.663169164025252,B,0.010984664396692156,1317.373864869596,1336.559167172479
estable,Trayectoria estable,estable_01538,187,40.5,cotizando,46.670374405804544,4.667037440580454,B,0.012048810786724663,1336.559167172479,1357.386385374639
estable,Trayectoria estable,estable_01538,188,40.583333333333336,cotizando,46.709089260184975,4.670908926018497,B,0.012414277186916222,1357.386385374639,1378.966251096567
estable,Trayectoria estable,estable_01538,189,40.666666666666664,cotizando,46.747836230012695,4.67478362300127,B,0.012001961782907229,1378.966251096567,1400.2474415395347
estable,Trayectoria estable,estable_01538,190,40.75,cotizando,46.7866153419287,4.67866153419287,B,0.01091316452711413,1400.2474415395347,1420.2582927850083
estable,Trayectoria estable,estable_01538,191,40.833333333333336,cotizando,46.8254266225961,4.68254266225961,B,0.009400996193919214,1420.2582927850083,1438.3366988178677
estable,Trayectoria estable,estable_01538,192,40.916666666666664,cotizando,46.86427009870006,4.686427009870006,B,0.0077966528702601194,1438.3366988178677,1454.2738762235745
estable,Trayectoria estable,estable_01538,193,41.0,cotizando,46.90314579694795,4.690314579694795,B,0.0064133608904916135,1454.2738762235745,1468.321054685195
estable,Trayectoria estable,estable_01538,194,41.08333333333333,cotizando,46.942053744069256,4.694205374406926,B,0.0054577791002551855,1468.321054685195,1481.0546519603122
estable,Trayectoria estable,estable_01538,195,41.16666666666667,cotizando,46.980993966815646,4.698099396681565,B,0.004976238782032112,1481.0546519603122,1493.1462118188072
estable,Trayectoria estable,estable_01538,196,41.25,cotizando,47.019966491960986,4.701996649196099,B,0.0048521678149568625,1493.1462118188072,1505.1160193368225
estable,Trayectoria estable,estable_01538,197,41.33333333333333,cotizando,47.058971346301355,4.705897134630136,B,0.004854878097061934,1505.1160193368225,1517.1519178241938
estable,Trayectoria estable,estable_01538,198,41.41666666666667,cotizando,47.098008556655046,4.709800855665505,B,0.004723711874283409,1517.1519178241938,1529.0505549514046
estable,Trayectoria estable,estable_01538,199,41.5,cotizando,47.13707814986259,4.713707814986259,B,0.0042604630011522674,1529.0505549514046,1540.2988086603966
estable,Trayectoria estable,estable_01538,200,41.58333333333333,cotizando,47.17618015278682,4.717618015278682,B,0.0034005115147211834,1540.2988086603966,1550.2702728250192
estable,Trayectoria estable,estable_01538,201,41.66666666666667,cotizando,47.21531459231282,4.721531459231282,B,0.0022400028275634076,1550.2702728250192,1558.474990322685
estable,Trayectoria estable,estable_01538,202,41.75,cotizando,47.254481495347996,4.7254481495348,B,0.0010104634630802762,1558.474990322685,1564.7799954007671
estable,Trayectoria estable,estable_01538,203,41.83333333333333,cotizando,47.29368088882205,4.729368088882206,B,9.000283423440047e-06,1564.7799954007671,1569.5234895187564
estable,Trayectoria estable,estable_01538,204,41.91666666666667,cotizando,47.332912799687065,4.733291279968706,B,-0.0004936429120307689,1569.5234895187564,1573.4796600971672
estable,Trayectoria estable,estable_01538,205,42.0,cotizando,47.372177254917425,4.7372177254917425,B,-0.00033788046023272084,1573.4796600971672,1577.683629177633
estable,Trayectoria estable,estable_01538,206,42.08333333333333,cotizando,47.411474281509946,4.741147428150994,B,0.000474047845100566,1577.683629177633,1583.174921661168
estable,Trayectoria estable,estable_01538,207,42.16666666666667,cotizando,47.45080390648381,4.745080390648382,B,0.0017776237023987857,1583.174921661168,1590.7427262849767
estable,Trayectoria estable,estable_01538,208,42.25,cotizando,47.490166156880605,4.749016615688061,B,0.003295897772605326,1590.7427262849767,1600.7503205823014
estable,Trayectoria estable,estable_01538,209,42.33333333333333,cotizando,47.52956105976437,4.752956105976437,B,0.004723711874283417,1600.7503205823014,1613.087211580571
estable,Trayectoria estable,estable_01538,210,42.41666666666667,cotizando,47.56898864222159,4.756898864222159,B,0.00581944332560884,1613.087211580571,1627.2590625551968
estable,Trayectoria estable,estable_01538,211,42.5,cotizando,47.608448931361224,4.760844893136123,B,0.006475055627279216,1627.2590625551968,1642.587327133888
estable,Trayectoria estable,estable_01538,212,42.58333333333333,cotizando,47.64794195431469,4.764794195431469,B,0.006742193764494923,1642.587327133888,1658.4588885296735
estable,Trayectoria estable,estable_01538,213,42.66666666666667,cotizando,47.68746773823595,4.768746773823596,B,0.006806123023568193,1658.4588885296735,1674.5477672055708
estable,Trayectoria estable,estable_01538,214,42.75,cotizando,47.72702631030147,4.772702631030147,B,0.006916004085945806,1674.5477672055708,1690.9346570676032
estable,Trayectoria estable,estable_01538,215,42.83333333333333,cotizando,47.766617697710274,4.776661769771027,B,0.007294009674805902,1690.9346570676032,1708.079853602652
estable,Trayectoria estable,estable_01538,216,42.91666666666667,cotizando,47.80624192768393,4.780624192768393,B,0.008052652270606203,1708.079853602652,1726.6535476111712
estable,Trayectoria estable,estable_01538,217,43.0,cotizando,47.8458990274666,4.78458990274666,B,0.00914720954465128,1726.6535476111712,1747.2759649713582
estable,Trayectoria estable,estable_01538,218,43.08333333333333,cotizando,47.88558902432505,4.788558902432505,B,0.010379073970584836,1747.2759649713582,1770.2493311683145
estable,Trayectoria estable,estable_01538,219,43.16666666666667,cotizando,47.92531194554864,4.792531194554864,B,0.011449711958369323,1770.2493311683145,1795.3655804009718
estable,Trayectoria estable,estable_01538,220,43.25,cotizando,47.965067818449405,4.796506781844941,B,0.012048810786724682,1795.3655804009718,1821.8518995567179
estable,Trayectoria estable,estable_01538,221,43.33333333333333,cotizando,48.00485667036202,4.800485667036202,B,0.01194922962523907,1821.8518995567179,1848.4794740202833
estable,Trayectoria estable,estable_01538,222,43.41666666666667,cotizando,48.04467852864381,4.804467852864381,B,0.011079039091790666,1848.4794740202833,1873.8165471133484
estable,Trayectoria estable,estable_01538,223,43.5,cotizando,48.08453342067483,4.808453342067484,B,0.00954798447219308,1873.8165471133484,1896.5620827888379
estable,Trayectoria estable,estable_01538,224,43.58333333333333,cotizando,48.124421373857835,4.8124421373857835,B,0.007619920704917578,1896.5620827888379,1915.8628480365119
estable,Trayectoria estable,estable_01538,225,43.66666666666667,cotizando,48.16434241561831,4.816434241561831,B,0.005639652730201031,1915.8628480365119,1931.5112464362137
estable,Trayectoria estable,estable_01538,226,43.75,cotizando,48.204296573404484,4.820429657340449,B,0.003936836593536114,1931.5112464362137,1943.9546974932223
estable,Trayectoria estable,estable_01538,227,43.83333333333333,cotizando,48.24428387468738,4.824428387468739,B,0.0027366636523253533,1943.9546974932223,1954.112278880899
estable,Trayectoria estable,estable_01538,228,43.91666666666667,cotizando,48.284304346960774,4.828430434696077,B,0.0021047396009217993,1954.112278880899,1963.0637694023494
estable,Trayectoria estable,estable_01538,229,44.0,cotizando,48.32435801774126,4.8324358017741265,B,0.0019426308161091155,1963.0637694023494,1971.7191010152571
estable,Trayectoria estable,estable_01538,230,44.08333333333333,cotizando,48.3644449145683,4.836444491456831,B,0.002034464008833928,1971.7191010152571,1980.5767766255085
estable,Trayectoria estable,estable_01538,231,44.16666666666667,cotizando,48.40456506500413,4.840456506500413,B,0.002128838703932372,1980.5767766255085,1989.6438661813547
estable,Trayectoria estable,estable_01538,232,44.25,cotizando,48.44471849663391,4.844471849663392,B,0.0020292575424467676,1989.6438661813547,1998.5356685342897
estable,Trayectoria estable,estable_01538,233,44.33333333333333,cotizando,48.48490523706563,4.848490523706563,B,0.0016637911422552228,1998.5356685342897,2006.7173718763713
estable,Trayectoria estable,estable_01538,234,44.41666666666667,cotizando,48.525125313930246,4.852512531393025,B,0.0011115413177173108,2006.7173718763713,2013.8058274477596
estable,Trayectoria estable,estable_01538,235,44.5,desempleado,48.56537875488158,0.0,B,0.000577450761188096,2013.8058274477596,2014.9687011557046
estable,Trayectoria estable,estable_01538,236,44.58333333333333,desempleado,48.60566558759642,0.0,B,0.00032366411192015634,2014.9687011557046,2015.620874210911
estable,Trayectoria estable,estable_01538,237,44.66666666666667,desempleado,48.6459858397745,0.0,B,0.0005796635122662496,2015.620874210911,2016.7892560862535
estable,Trayectoria estable,estable_01538,238,44.75,desempleado,48.68633953913854,0.0,B,0.0014603122965805304,2016.7892560862535,2019.734398236528
estable,Trayectoria estable,estable_01538,239,44.83333333333333,desempleado,48.726726713434246,0.0,B,0.002918537282271147,2019.734398236528,2025.6290683780667
estable,Trayectoria estable,estable_01538,240,44.91666666666667,cotizando,48.76714739043038,4.876714739043038,B,0.004748421523807259,2025.6290683780667,2040.147480481878
estable,Trayectoria estable,estable_01538,241,45.0,cotizando,48.80760159791868,4.880760159791869,C,0.005391510717494425,2040.147480481878,2056.0540323186683
estable,Trayectoria estable,estable_01538,242,45.08333333333333,cotizando,48.84808936371398,4.884808936371399,C,0.006539380131184618,2056.0540323186683,2074.4161037651297
estable,Trayectoria estable,estable_01538,243,45.16666666666667,cotizando,48.88861071565417,4.888861071565417,C,0.007295261986735716,2074.4161037651297,2094.474039305499
estable,Trayectoria estable,estable_01538,244,45.25,cotizando,48.929165681600246,4.892916568160025,C,0.00758553114765032,2094.474039305499,2115.2917693077866
estable,Trayectoria estable,estable_01538,245,45.33333333333333,cotizando,48.969754289436295,4.89697542894363,C,0.007462809315658052,2115.2917693077866,2136.0113090519053
estable,Trayectoria estable,estable_01538,246,45.41666666666667,cotizando,49.01037656706955,4.901037656706955,C,0.007085519842852776,2136.0113090519053,2156.081823623025
estable,Trayectoria estable,estable_01538,247,45.5,cotizando,49.05103254243039,4.9051032542430395,C,0.0066649578760359955,2156.081823623025,2175.3898137155693
estable,Trayectoria estable,estable_01538,248,45.58333333333333,cotizando,49.091722243472375,4.9091722243472375,C,0.006396483378482285,2175.3898137155693,2194.245232163603
estable,Trayectoria estable,estable_01538,249,45.66666666666667,cotizando,49.13244569817224,4.913244569817224,C,0.006396483378482286,2194.245232163603,2213.225357376494
estable,Trayectoria estable,estable_01538,250,45.75,cotizando,49.17320293452992,4.917320293452992,C,0.006664957876035973,2213.225357376494,2232.9265051796547
estable,Trayectoria estable,estable_01538,251,45.83333333333333,cotizando,49.213993980568596,4.9213993980568596,C,0.007085519842852748,2232.9265051796547,2253.7042203108836
estable,Trayectoria estable,estable_01538,252,45.91666666666667,cotizando,49.25481886433468,4.925481886433468,C,0.007462809315658051,2253.7042203108836,2275.485424979497
estable,Trayectoria estable,estable_01538,253,46.0,cotizando,49.29567761389787,4.929567761389787,C,0.0075855311476503325,2275.485424979497,2297.7131516978916
estable,Trayectoria estable,estable_01538,254,46.08333333333333,cotizando,49.33657025735112,4.933657025735112,C,0.007295261986735719,2297.7131516978916,2319.4452204561862
estable,Trayectoria estable,estable_01538,255,46.16666666666667,cotizando,49.37749682281072,4.937749682281073,C,0.006539380131184624,2319.4452204561862,2339.582993950655
estable,Trayectoria estable,estable_01538,256,46.25,cotizando,49.418457338416246,4.941845733841625,C,0.005391510717494485,2339.582993950655,2357.1653704850874
estable,Trayectoria estable,estable_01538,257,46.33333333333333,cotizando,49.45945183233065,4.945945183233065,C,0.004033143983634247,2357.1653704850874,2371.638050709783
estable,Trayectoria estable,estable_01538,258,46.41666666666667,cotizando,49.50048033274025,4.950048033274026,C,0.002702319080698892,2371.638050709783,2383.0103981092525
estable,Trayectoria estable,estable_01538,259,46.5,cotizando,49.5415428678547,4.954154286785471,C,0.001625594225301926,2383.0103981092525,2391.8464137826386
estable,Trayectoria estable,estable_01538,260,46.58333333333333,cotizando,49.58263946590711,4.958263946590711,C,0.0009546808647872539,2391.8464137826386,2399.09286129169
estable,Trayectoria estable,estable_01538,261,46.66666666666667,cotizando,49.62377015515396,4.962377015515397,C,0.0007274857373045115,2399.09286129169,2405.8041542047663
estable,Trayectoria estable,estable_01538,262,46.75,cotizando,49.66493496387522,4.966493496387522,C,0.0008654187354095001,2405.8041542047663,2412.85697378645
estable,Trayectoria estable,estable_01538,263,46.83333333333333,cotizando,49.706133920374285,4.9706133920374285,C,0.0012072091206136596,2412.85697378645,2420.746410693801
estable,Trayectoria estable,estable_01538,264,46.91666666666667,cotizando,49.747367052978035,4.974736705297804,C,0.0015678316112283596,2420.746410693801,2429.5242696940163
estable,Trayectoria estable,estable_01538,265,47.0,cotizando,49.78863439003685,4.978863439003685,C,0.0018031838394452246,2429.5242696940163,2438.892989839764
estable,Trayectoria estable,estable_01538,266,47.08333333333333,cotizando,49.829935959924626,4.982993595992463,C,0.001859408909267335,2438.892989839764,2448.4201482125018
estable,Trayectoria estable,estable_01538,267,47.16666666666667,cotizando,49.87127179103882,4.987127179103883,C,0.0017907727673775397,2448.4201482125018,2457.800770327663
estable,Trayectoria estable,estable_01538,268,47.25,cotizando,49.91264191180041,4.991264191180041,C,0.0017401825839269138,2457.800770327663,2467.077742325147
estable,Trayectoria estable,estable_01538,269,47.33333333333333,cotizando,49.95404635065397,4.995404635065397,C,0.0018885213993495085,2467.077742325147,2476.7417099990043
estable,Trayectoria estable,estable_01538,270,47.41666666666667,cotizando,49.99548513606765,4.999548513606765,C,0.002389116273055828,2476.7417099990043,2487.670426938838
estable,Trayectoria estable,estable_01538,271,47.5,cotizando,50.03695829653325,5.003695829653325,C,0.003308608431662585,2487.670426938838,2500.92140538847
estable,Trayectoria estable,estable_01538,272,47.58333333333333,cotizando,50.07846586056617,5.007846586056617,C,0.004593659277872384,2500.92140538847,2517.440637132551
estable,Trayectoria estable,estable_01538,273,47.66666666666667,cotizando,50.120007856705506,5.012000785670551,C,0.006074867913988199,2517.440637132551,2537.776204512865
estable,Trayectoria estable,estable_01538,274,47.75,cotizando,50.16158431351397,5.016158431351397,C,0.0075075376257473835,2537.776204512865,2561.8824722834834
estable,Trayectoria estable,estable_01538,275,47.83333333333333,cotizando,50.203195259578024,5.020319525957802,C,0.008637229487622146,2561.8824722834834,2589.0737202947175
estable,Trayectoria estable,estable_01538,276,47.91666666666667,cotizando,50.244840723507814,5.0244840723507815,C,0.009270095330130079,2589.0737202947175,2618.1457420172705
estable,Trayectoria estable,estable_01538,277,48.0,cotizando,50.286520733937216,5.028652073393722,C,0.009326320399952183,2618.1457420172705,2647.638958954905
estable,Trayectoria estable,estable_01538,278,48.08333333333333,cotizando,50.32823531952388,5.032823531952388,C,0.008860170643771311,2647.638958954905,2676.1749071416075
estable,Trayectoria estable,estable_01538,279,48.16666666666667,cotizando,50.36998450894921,5.036998450894921,C,0.008040511089060698,2676.1749071416075,2702.77021965154
estable,Trayectoria estable,estable_01538,280,48.25,cotizando,50.41176833091842,5.041176833091843,C,0.007097970577928234,2702.77021965154,2727.0313621074583
estable,Trayectoria estable,estable_01538,281,48.33333333333333,cotizando,50.4535868141605,5.045358681416051,C,0.00625528981362376,2727.0313621074583,2749.1666524704633
estable,Trayectoria estable,estable_01538,282,48.41666666666667,cotizando,50.49543998742833,5.049543998742833,C,0.005662535998537961,2749.1666524704633,2769.81204482947
estable,Trayectoria estable,estable_01538,283,48.5,cotizando,50.537327879498584,5.053732787949858,C,0.005357181325626347,2769.81204482947,2789.731236742391
estable,Trayectoria estable,estable_01538,284,48.58333333333333,cotizando,50.579250519171836,5.057925051917184,C,0.005261070232638836,2789.731236742391,2809.4927438599257
estable,Trayectoria estable,estable_01538,285,48.66666666666667,desempleado,50.62120793527256,0.0,C,0.005214576226040094,2809.4927438599257,2824.1430579292896
estable,Trayectoria estable,estable_01538,286,48.75,desempleado,50.66320015664911,0.0,C,0.005036491537505198,2824.1430579292896,2838.3668305412543
estable,Trayectoria estable,estable_01538,287,48.83333333333333,desempleado,50.7052272121738,0.0,C,0.004590124108212787,2838.3668305412543,2851.395286558073
estable,Trayectoria estable,estable_01538,288,48.91666666666667,cotizando,50.74728913074289,5.074728913074289,C,0.0038342422526617273,2851.395286558073,2867.422413497928
estable,Trayectoria estable,estable_01538,289,49.0,cotizando,50.78938594127659,5.07893859412766,C,0.002842471107349381,2867.422413497928,2880.6663541911994
estable,Trayectoria estable,estable_01538,290,49.08333333333333,cotizando,50.831517672719116,5.083151767271912,C,0.0017849108940162835,2880.6663541911994,2890.9003116890585
estable,Trayectoria estable,estable_01538,291,49.16666666666667,cotizando,50.87368435403871,5.087368435403871,C,0.0008778694704849663,2890.9003116890585,2898.529979295744
estable,Trayectoria estable,estable_01538,292,49.25,cotizando,50.9158860142276,5.09158860142276,C,0.0003178176748922745,2898.529979295744,2904.5443901526432
estable,Trayectoria estable,estable_01538,293,49.33333333333333,cotizando,50.95812268230211,5.095812268230212,C,0.0002207334848429247,2904.5443901526432,2910.282457442393
estable,Trayectoria estable,estable_01538,294,49.41666666666667,cotizando,51.000394387302606,5.100039438730261,C,0.0005862921724459537,2910.282457442393,2917.091762818731
estable,Trayectoria estable,estable_01538,295,49.5,cotizando,51.04270115829357,5.104270115829357,C,0.001298431437301726,2917.091762818731,2925.9903041296807
estable,Trayectoria estable,estable_01538,296,49.58333333333333,cotizando,51.08504302436356,5.108504302436356,C,0.0021622003668215614,2925.9903041296807,2937.436431350899
estable,Trayectoria estable,estable_01538,297,49.66666666666667,cotizando,51.12742001462529,5.112742001462529,C,0.002965192939341644,2937.436431350899,2951.274399384852
estable,Trayectoria estable,estable_01538,298,49.75,cotizando,51.1698321582156,5.11698321582156,C,0.0035439730917471005,2951.274399384852,2966.868754109283
estable,Trayectoria estable,estable_01538,299,49.83333333333333,cotizando,51.21227948429555,5.1212279484295555,C,0.0038342422526616974,2966.868754109283,2983.385311621405
estable,Trayectoria estable,estable_01538,300,49.91666666666667,cotizando,51.25476202205032,5.125476202205032,C,0.0038886221238150563,2983.385311621405,3000.1319769904007
estable,Trayectoria estable,estable_01538,301,50.0,cotizando,51.29727980068935,5.129727980068935,C,0.0038562094921798374,3000.1319769904007,3016.8506236836615
estable,Trayectoria estable,estable_01538,302,50.08333333333333,cotizando,51.33983284944631,5.133983284944631,C,0.003930245329703484,3016.8506236836615,3033.8617478565798
estable,Trayectoria estable,estable_01538,303,50.16666666666667,cotizando,51.38242119757909,5.138242119757909,C,0.004280456470229364,3033.8617478565798,3052.008297146459
estable,Trayectoria estable,estable_01538,304,50.25,cotizando,51.425044874369874,5.142504487436987,C,0.00499162263802326,3052.008297146459,3072.4109447831825
estable,Trayectoria estable,estable_01538,305,50.33333333333333,cotizando,51.467703909125134,5.146770390912514,C,0.006028094686140973,3072.4109447831825,3096.109524483228
estable,Trayectoria estable,estable_01538,306,50.41666666666667,desempleado,51.510398331175644,0.0,C,0.007235903576033221,3096.109524483228,3118.5126744632266
estable,Trayectoria estable,estable_01538,307,50.5,desempleado,51.5531281698765,0.0,C,0.00838230147426481,3118.5126744632266,3144.652987851893
estable,Trayectoria estable,estable_01538,308,50.58333333333333,cotizando,51.59589345460719,5.15958934546072,C,0.00922079313438603,3144.652987851893,3178.8563473837776
estable,Trayectoria estable,estable_01538,309,50.66666666666667,cotizando,51.63869421477153,5.163869421477154,C,0.009561672628169059,3178.8563473837776,3214.4647757598186
estable,Trayectoria estable,estable_01538,310,50.75,cotizando,51.68153047979776,5.168153047979776,C,0.009326320399952197,3214.4647757598186,3249.6602570720966
estable,Trayectoria estable,estable_01538,311,50.83333333333333,cotizando,51.724402279138495,5.1724402279138495,C,0.008568593345732357,3249.6602570720966,3282.7220350915677
estable,Trayectoria estable,estable_01538,312,50.91666666666667,cotizando,51.767309642270824,5.176730964227083,C,0.007456947442296787,3282.7220350915677,3312.416454349865
estable,Trayectoria estable,estable_01538,313,51.0,cotizando,51.81025259869625,5.181025259869625,C,0.006223206729410811,3312.416454349865,3338.2435745703183
estable,Trayectoria estable,estable_01538,314,51.08333333333333,cotizando,51.85323117794077,5.185323117794077,C,0.005094254151578766,3338.2435745703183,3360.461174230669
estable,Trayectoria estable,estable_01538,315,51.16666666666667,cotizando,51.896245409554886,5.189624540955489,C,0.004228100590269373,3360.461174230669,3379.8811089005508
estable,Trayectoria estable,estable_01538,316,51.25,cotizando,51.939295323113576,5.193929532311358,C,0.0036741671192656654,3379.8811089005508,3397.512369835319
estable,Trayectoria estable,estable_01538,317,51.33333333333333,cotizando,51.98238094821639,5.198238094821639,C,0.0033697300354652714,3397.512369835319,3414.1768240676793
estable,Trayectoria estable,estable_01538,318,51.41666666666667,cotizando,52.0255023144874,5.20255023144874,C,0.0031728522956860935,3414.1768240676793,3430.228559996695
estable,Trayectoria estable,estable_01538,319,51.5,cotizando,52.06865945157527,5.206865945157528,C,0.0029204646292522803,3430.228559996695,3445.4684935893956
estable,Trayectoria estable,estable_01538,320,51.58333333333333,cotizando,52.11185238915326,5.211185238915327,C,0.0024922747517752983,3445.4684935893956,3459.2797206683185
estable,Trayectoria estable,estable_01538,321,51.66666666666667,cotizando,52.15508115691925,5.215508115691925,C,0.0018594089092673456,3459.2797206683185,3470.937142078526
estable,Trayectoria estable,estable_01538,322,51.75,cotizando,52.198345784595745,5.219834578459575,C,0.0011016818550475202,3470.937142078526,3479.9865957234656
estable,Trayectoria estable,estable_01538,323,51.83333333333333,cotizando,52.24164630192988,5.2241646301929885,C,0.0003875495659030273,3479.9865957234656,3486.561452270914
estable,Trayectoria estable,estable_01538,324,51.91666666666667,cotizando,52.28498273869353,5.228498273869353,C,-7.712177572295284e-05,3486.561452270914,3491.520657503346
estable,Trayectoria estable,estable_01538,325,52.0,cotizando,52.32835512468321,5.232835512468322,C,-0.00011519502699995054,3491.520657503346,3496.350684402774
estable,Trayectoria estable,estable_01538,326,52.08333333333333,cotizando,52.37176348972018,5.237176348972018,C,0.000361927049701447,3496.350684402774,3502.855180115458
estable,Trayectoria estable,estable_01538,327,52.16666666666667,cotizando,52.41520786365044,5.241520786365044,C,0.0013202395523903003,3502.855180115458,3512.728228919964
estable,Trayectoria estable,estable_01538,328,52.25,cotizando,52.45868827634471,5.245868827634471,C,0.0026062079877113738,3512.728228919964,3527.14266994171
estable,Trayectoria estable,estable_01538,329,52.33333333333333,cotizando,52.50220475769854,5.250220475769854,C,0.0039866499770354145,3527.14266994171,3546.4753044529425
estable,Trayectoria estable,estable_01538,330,52.41666666666667,cotizando,52.54575733763227,5.254575733763227,C,0.005213426028959601,3546.4753044529425,3570.2465611919047
estable,Trayectoria estable,estable_01538,331,52.5,cotizando,52.58934604609102,5.258934604609102,C,0.006093012701892189,3570.2465611919047,3597.291096198087
estable,Trayectoria estable,estable_01538,332,52.58333333333333,cotizando,52.6329709130448,5.26329709130448,C,0.006539380131184603,3597.291096198087,3626.11286591038
estable,Trayectoria estable,estable_01538,333,52.66666666666667,cotizando,52.676631968488444,5.2676631968488445,C,0.006593760002337984,3626.11286591038,3655.3249807933253
estable,Trayectoria estable,estable_01538,334,52.75,cotizando,52.72032924244169,5.2720329242441695,C,0.006405249102324957,3655.3249807933253,3684.0440494536574
estable,Trayectoria estable,estable_01538,335,52.83333333333333,cotizando,52.76406276494918,5.276406276494918,C,0.006178478419321444,3684.0440494536574,3712.1148425478427
estable,Trayectoria estable,estable_01538,336,52.91666666666667,cotizando,52.807832566080464,5.280783256608046,C,0.006104906080443313,3712.1148425478427,3740.0899769638377
estable,Trayectoria estable,estable_01538,337,53.0,cotizando,52.85163867593005,5.285163867593005,C,0.006299399188432931,3740.0899769638377,3768.9687539539614
estable,Trayectoria estable,estable_01538,338,53.08333333333333,cotizando,52.89548112461738,5.2895481124617385,C,0.006762042066085314,3768.9687539539614,3799.7799954732677
estable,Trayectoria estable,estable_01538,339,53.16666666666667,cotizando,52.939359942286934,5.293935994228693,C,0.007377097140891743,3799.7799954732677,3833.144331488207
estable,Trayectoria estable,estable_01538,340,53.25,cotizando,52.98327515910816,5.298327515910817,C,0.007949288772372585,3833.144331488207,3868.9555481367356
estable,Trayectoria estable,estable_01538,341,53.33333333333333,cotizando,53.02722680527553,5.302722680527554,C,0.008265801888178114,3868.9555481367356,3906.2821221474737
estable,Trayectoria estable,estable_01538,342,53.41666666666667,cotizando,53.07121491100859,5.307121491100859,C,0.008164311300055804,3906.2821221474737,3943.52467590159
estable,Trayectoria estable,estable_01538,343,53.5,cotizando,53.11523950655193,5.311523950655193,C,0.0075855311476503515,3943.52467590159,3978.790219843193
estable,Trayectoria estable,estable_01538,344,53.58333333333333,cotizando,53.159300622175245,5.315930062217525,C,0.006593760002337944,3978.790219843193,4010.3763896817254
estable,Trayectoria estable,estable_01538,345,53.66666666666667,cotizando,53.20339828817333,5.320339828817334,C,0.005359098085859289,4010.3763896817254,4037.2172421670543
estable,Trayectoria estable,estable_01538,346,53.75,cotizando,53.24753253486612,5.324753253486612,C,0.0041071798211578525,4037.2172421670543,4059.1454423303153
estable,Trayectoria estable,estable_01538,347,53.83333333333333,cotizando,53.29170339259868,5.329170339259868,C,0.0030525302212248,4059.1454423303153,4076.8815442581495
estable,Trayectoria estable,estable_01538,348,53.91666666666667,cotizando,53.33591089174127,5.333591089174128,C,0.002336760393095841,4076.8815442581495,4091.7542939917003
estable,Trayectoria estable,estable_01538,349,54.0,cotizando,53.38015506268935,5.338015506268935,C,0.0019911529129049673,4091.7542939917003,4105.250246784466
estable,Trayectoria estable,estable_01538,350,54.08333333333333,cotizando,53.424435935863556,5.342443593586356,C,0.0019352946271967283,4105.250246784466,4118.547898326336
estable,Trayectoria estable,estable_01538,351,54.16666666666667,cotizando,53.4687535417098,5.34687535417098,C,0.002011816633641137,4118.547898326336,4132.191293781583
estable,Trayectoria estable,estable_01538,352,54.25,cotizando,53.51310791069924,5.351310791069924,C,0.002045700780734861,4132.191293781583,4146.006778709151
estable,Trayectoria estable,estable_01538,353,54.33333333333333,cotizando,53.55749907332829,5.355749907332829,C,0.0019087111050113941,4146.006778709151,4159.286280375783
estable,Trayectoria estable,estable_01538,354,54.41666666666667,cotizando,53.60192706011868,5.360192706011869,C,0.001567831611228372,4159.286280375783,4171.175937471883
estable,Trayectoria estable,estable_01538,355,54.5,cotizando,53.646391901617456,5.364639190161746,C,0.0011016818550474952,4171.175937471883,4181.141795632224
estable,Trayectoria estable,estable_01538,356,54.58333333333333,cotizando,53.690893628397006,5.369089362839701,C,0.0006791268639419915,4181.141795632224,4189.354057003249
estable,Trayectoria estable,estable_01538,357,54.66666666666667,cotizando,53.73543227105507,5.3735432271055075,C,0.0005064418710409461,4189.354057003249,4196.851985924723
estable,Trayectoria estable,estable_01538,358,54.75,cotizando,53.78000786021477,5.378000786021477,C,0.000759568821517466,4196.851985924723,4205.421869589495
estable,Trayectoria estable,estable_01538,359,54.83333333333333,cotizando,53.82462042652467,5.382462042652467,C,0.0015229627117464377,4205.421869589495,4217.217229615683
estable,Trayectoria estable,estable_01538,360,54.91666666666667,cotizando,53.86927000065868,5.386927000065868,C,0.0027546749606588575,4217.217229615683,4234.236058554752
estable,Trayectoria estable,estable_01538,361,55.0,cotizando,53.913956613316245,5.391395661331625,D,0.003143937484165517,4234.236058554752,4252.956577888291
estable,Trayectoria estable,estable_01538,362,55.08333333333333,cotizando,53.958680295222194,5.3958680295222194,D,0.004112436379345011,4252.956577888291,4275.864649432478
estable,Trayectoria estable,estable_01538,363,55.16666666666667,cotizando,54.00344107712691,5.400344107712691,D,0.004952881641732808,4275.864649432478,4302.469592330089
estable,Trayectoria estable,estable_01538,364,55.25,cotizando,54.04823898980624,5.404823898980624,D,0.005538277837784478,4302.469592330089,4331.732621636429
estable,Trayectoria estable,estable_01538,365,55.33333333333333,cotizando,54.09307406406157,5.409307406406157,D,0.005805118282758876,4331.732621636429,4362.319550950042
estable,Trayectoria estable,estable_01538,366,55.41666666666667,cotizando,54.13794633071986,5.413794633071987,D,0.005766510452945865,4362.319550950042,4392.9199255761
estable,Trayectoria estable,estable_01538,367,55.5,cotizando,54.18285582063363,5.418285582063363,D,0.005502839631555447,4392.9199255761,4422.541560979509
estable,Trayectoria estable,estable_01538,368,55.58333333333333,cotizando,54.22780256468097,5.422780256468098,D,0.0051332696475509506,4422.541560979509,4450.694276189282
estable,Trayectoria estable,estable_01538,369,55.66666666666667,cotizando,54.272786593765616,5.427278659376562,D,0.004777259152593811,4450.694276189282,4477.409602331631
estable,Trayectoria estable,estable_01538,370,55.75,desempleado,54.31780793881693,0.0,D,0.004518231688307897,4477.409602331631,4497.63957627842
estable,Trayectoria estable,estable_01538,371,55.83333333333333,desempleado,54.36286663078991,0.0,D,0.004380660375587584,4497.63957627842,4517.342207753897
estable,Trayectoria estable,estable_01538,372,55.91666666666667,cotizando,54.40796270066527,5.440796270066528,D,0.0043274119509139905,4517.342207753897,4542.354949246967
estable,Trayectoria estable,estable_01538,373,56.0,cotizando,54.4530961794494,5.4453096179449405,D,0.0042776575677763015,4542.354949246967,4567.254191058981
estable,Trayectoria estable,estable_01538,374,56.08333333333333,cotizando,54.49826709817442,5.449826709817443,D,0.0041390839603834455,4567.254191058981,4591.630823624326
estable,Trayectoria estable,estable_01538,375,56.16666666666667,cotizando,54.54347548789818,5.454347548789818,D,0.0038436172973998605,4591.630823624326,4614.7546072546575
estable,Trayectoria estable,estable_01538,376,56.25,cotizando,54.588721379704296,5.45887213797043,D,0.0033748334327688327,4614.7546072546575,4635.805930309411
estable,Trayectoria estable,estable_01538,377,56.33333333333333,cotizando,54.634004804702194,5.46340048047022,D,0.0027779901550270365,4635.805930309411,4654.162731297645
estable,Trayectoria estable,estable_01538,378,56.41666666666667,cotizando,54.679325794027065,5.4679325794027065,D,0.0021492857102742235,4654.162731297645,4669.645541478074
estable,Trayectoria estable,estable_01538,379,56.5,desempleado,54.72468437883997,0.0,D,0.0016077038686946742,4669.645541478074,4677.15294868054
estable,Trayectoria estable,estable_01538,380,56.58333333333333,cotizando,54.77008059032778,5.477008059032778,D,0.001258484042881336,4677.15294868054,4688.5229718188475
estable,Trayectoria estable,estable_01538,381,56.66666666666667,cotizando,54.815514459703266,5.481551445970327,D,0.0011600346049899838,4688.5229718188475,4699.449730947785
estable,Trayectoria estable,estable_01538,382,56.75,cotizando,54.86098601820509,5.486098601820509,D,0.0013050922609814507,4699.449730947785,4711.076204889165
estable,Trayectoria estable,estable_01538,383,56.83333333333333,cotizando,54.90649529709781,5.490649529709781,D,0.0016224345225508865,4711.076204889165,4724.219175311403
estable,Trayectoria estable,estable_01538,384,56.91666666666667,cotizando,54.952042327671926,5.495204232767193,D,0.00199890217216161,4724.219175311403,4739.168615891144
estable,Trayectoria estable,estable_01538,385,57.0,cotizando,54.997627141243896,5.49976271412439,D,0.002314969391055575,4739.168615891144,4755.65214067245
estable,Trayectoria estable,estable_01538,386,57.083333333333336,cotizando,55.04324976915616,5.504324976915616,D,0.0024826923621797774,4755.65214067245,4772.976952441776
estable,Trayectoria estable,estable_01538,387,57.166666666666664,cotizando,55.08891024277715,5.508891024277716,D,0.0024739879347321623,4772.976952441776,4790.307759789077
estable,Trayectoria estable,estable_01538,388,57.25,cotizando,55.13460859350134,5.513460859350134,D,0.0023301399978840082,4790.307759789077,4806.9961554973615
estable,Trayectoria estable,estable_01538,389,57.333333333333336,cotizando,55.18034485274921,5.518034485274921,D,0.002149285710274191,4806.9961554973615,4822.857657961658
estable,Trayectoria estable,estable_01538,390,57.416666666666664,cotizando,55.22611905196733,5.522611905196733,D,0.0020555540258377055,4822.857657961658,4838.305266368856
estable,Trayectoria estable,estable_01538,391,57.5,cotizando,55.27193122262837,5.527193122262837,D,0.00215932954091798,4838.305266368856,4854.291890012156
estable,Trayectoria estable,estable_01538,392,57.583333333333336,cotizando,55.31778139623106,5.531778139623107,D,0.0025209595402100843,4854.291890012156,4872.075086991745
estable,Trayectoria estable,estable_01538,393,57.666666666666664,cotizando,55.363669604300306,5.536366960430031,D,0.0031292068303092964,4872.075086991745,4892.874509029477
estable,Trayectoria estable,estable_01538,394,57.75,cotizando,55.409595878387144,5.540959587838715,D,0.0039011899181655486,4892.874509029477,4917.5251176584725
estable,Trayectoria estable,estable_01538,395,57.833333333333336,cotizando,55.455560250068785,5.545556025006879,D,0.004703879600524708,4917.5251176584725,4946.22820539736
estable,Trayectoria estable,estable_01538,396,57.916666666666664,cotizando,55.501562750948644,5.5501562750948645,D,0.005390537505661688,4946.22820539736,4978.471108650775
estable,Trayectoria estable,estable_01538,397,58.0,cotizando,55.547603412656336,5.554760341265634,D,0.005840889445497689,4978.471108650775,5013.137013086324
estable,Trayectoria estable,estable_01538,398,58.083333333333336,cotizando,55.59368226684772,5.559368226684772,D,0.005992763044444637,5013.137013086324,5048.77223951823
estable,Trayectoria estable,estable_01538,399,58.166666666666664,cotizando,55.63979934520493,5.563979934520493,D,0.005855705776740296,5048.77223951823,5083.932925250589
estable,Trayectoria estable,estable_01538,400,58.25,cotizando,55.68595467943635,5.568595467943635,D,0.005502839631555453,5083.932925250589,5117.508231391605
estable,Trayectoria estable,estable_01538,401,58.333333333333336,cotizando,55.73214830127671,5.573214830127672,D,0.0050440743237565215,5117.508231391605,5148.922649803133
estable,Trayectoria estable,estable_01538,402,58.416666666666664,cotizando,55.778380242487,5.577838024248701,D,0.004589614390908062,5148.922649803133,5178.157657444258
estable,Trayectoria estable,estable_01538,403,58.5,cotizando,55.82465053485465,5.582465053485465,D,0.0042156200805946896,5178.157657444258,5205.592801450729
estable,Trayectoria estable,estable_01538,404,58.583333333333336,cotizando,55.87095921019337,5.587095921019337,D,0.003943004511658714,5205.592801450729,5231.72760321815
estable,Trayectoria estable,estable_01538,405,58.666666666666664,cotizando,55.917306300343306,5.591730630034331,D,0.003735968729734335,5231.72760321815,5256.885795107074
estable,Trayectoria estable,estable_01538,406,58.75,cotizando,55.96369183717102,5.596369183717102,D,0.0035204051337762794,5256.885795107074,5281.008233518366
estable,Trayectoria estable,estable_01538,407,58.833333333333336,cotizando,56.01011585256948,5.601011585256948,D,0.003215814889092264,5281.008233518366,5303.61000182684
estable,Trayectoria estable,estable_01538,408,58.916666666666664,cotizando,56.05657837845813,5.605657837845813,D,0.0027699644929282123,5303.61000182684,5323.921998527255
estable,Trayectoria estable,estable_01538,409,59.0,cotizando,56.1030794467829,5.61030794467829,D,0.002184568296876584,5323.921998527255,5341.175033785832
estable,Trayectoria estable,estable_01538,410,59.083333333333336,cotizando,56.14961908951621,5.614961908951621,D,0.0015231329856784466,5341.175033785832,5354.933867904722
estable,Trayectoria estable,estable_01538,411,59.166666666666664,cotizando,56.19619733865698,5.619619733865698,D,0.0008978321649959542,5354.933867904722,5365.366364981971
estable,Trayectoria estable,estable_01538,412,59.25,cotizando,56.24281422623071,5.6242814226230715,D,0.00043906685719702425,5365.366364981971,5373.348870387746
estable,Trayectoria estable,estable_01538,413,59.333333333333336,cotizando,56.28946978428948,5.6289469784289485,D,0.0002570415998461865,5373.348870387746,5380.360438429887
estable,Trayectoria estable,estable_01538,414,59.416666666666664,cotizando,56.33616404491188,5.633616404491189,D,0.0004074253330266226,5380.360438429887,5388.188445255849
estable,Trayectoria estable,estable_01538,415,59.5,cotizando,56.3828970402032,5.63828970402032,D,0.0008720795590892154,5388.188445255849,5398.530581000697
estable,Trayectoria estable,estable_01538,416,59.583333333333336,cotizando,56.4296688022953,5.6429668802295305,D,0.0015612461131648701,5398.530581000697,5412.610792827423
estable,Trayectoria estable,estable_01538,417,59.666666666666664,cotizando,56.47647936334674,5.647647936334675,D,0.002336930667027827,5412.610792827423,5430.920535075861
estable,Trayectoria estable,estable_01538,418,59.75,cotizando,56.52332875554273,5.652332875554273,D,0.0030505937006609957,5430.920535075861,5453.157642895572
estable,Trayectoria estable,estable_01538,419,59.833333333333336,cotizando,56.570217011095174,5.657021701109517,D,0.0035837621742776256,5453.157642895572,5478.377758108055
estable,Trayectoria estable,estable_01538,420,59.916666666666664,cotizando,56.61714416224271,5.661714416224271,D,0.0038792288372611885,5478.377758108055,5505.313316590774
estable,Trayectoria estable,estable_01538,421,60.0,cotizando,56.664110241250725,5.666411024125073,D,0.003953417835668479,5505.313316590774,5532.766933162059
estable,Trayectoria estable,estable_01538,422,60.083333333333336,cotizando,56.71111528041137,5.671111528041138,D,0.003886352462914773,5532.766933162059,5559.962367025782
estable,Trayectoria estable,estable_01538,423,60.166666666666664,cotizando,56.758159312043546,5.675815931204355,D,0.0037926207784782597,5559.962367025782,5586.746537975161
estable,Trayectoria estable,estable_01538,424,60.25,cotizando,56.805242368493026,5.680524236849303,D,0.0037826073787024677,5586.746537975161,5613.581018082388
estable,Trayectoria estable,estable_01538,425,60.333333333333336,cotizando,56.85236448213237,5.685236448213238,D,0.003926200442739105,5613.581018082388,5641.328620187009
estable,Trayectoria estable,estable_01538,426,60.416666666666664,cotizando,56.899525685361,5.6899525685361,D,0.004230276642407128,5641.328620187009,5670.907023523112
estable,Trayectoria estable,estable_01538,427,60.5,cotizando,56.94672601060523,5.694672601060524,D,0.004636814227771007,5670.907023523112,5702.92304363415
estable,Trayectoria estable,estable_01538,428,60.583333333333336,cotizando,56.99396549031826,5.699396549031826,D,0.005041908095390927,5702.92304363415,5737.404789877873
estable,Trayectoria estable,estable_01538,429,60.666666666666664,cotizando,57.04124415698021,5.704124415698022,D,0.005329349096275691,5737.404789877873,5773.715946595773
estable,Trayectoria estable,estable_01538,430,60.75,cotizando,57.08856204309815,5.708856204309815,D,0.005407876743605466,5773.715946595773,5810.679219782562
estable,Trayectoria estable,estable_01538,431,60.833333333333336,cotizando,57.13591918120613,5.713591918120613,D,0.00524015377248127,5810.679219782562,5846.8716044351495
estable,Trayectoria estable,estable_01538,432,60.916666666666664,cotizando,57.18331560386514,5.718331560386514,D,0.0048542633337051765,5846.8716044351495,5880.999948729051
estable,Trayectoria estable,estable_01538,433,61.0,cotizando,57.23075134366324,5.723075134366325,D,0.004334202620057798,5880.999948729051,5912.237274217001
estable,Trayectoria estable,estable_01538,434,61.083333333333336,cotizando,57.27822643321548,5.727822643321549,D,0.0037926207784782623,5912.237274217001,5940.409694252984
estable,Trayectoria estable,estable_01538,435,61.166666666666664,cotizando,57.32574090516398,5.732574090516398,D,0.003334757221559475,5940.409694252984,5965.971209213279
estable,Trayectoria estable,estable_01538,436,61.25,cotizando,57.37329479217796,5.737329479217796,D,0.003025354944702434,5965.971209213279,5989.775076648351
estable,Trayectoria estable,estable_01538,437,61.333333333333336,cotizando,57.4208881269537,5.74208881269537,D,0.0028693517071870876,5989.775076648351,6012.720412875232
estable,Trayectoria estable,estable_01538,438,61.416666666666664,cotizando,57.4685209422146,5.7468520942214605,D,0.002812699658443125,6012.720412875232,6035.395405789985
estable,Trayectoria estable,estable_01538,439,61.5,cotizando,57.516193270711284,5.751619327071129,D,0.0027631526997762344,6035.395405789985,6057.839636829253
estable,Trayectoria estable,estable_01538,440,61.583333333333336,informal,57.56390514522145,0.0,D,0.0026243716679126027,6057.839636829253,6073.737659540906
estable,Trayectoria estable,estable_01538,441,61.666666666666664,informal,57.61165659855001,0.0,D,0.0023323086289993443,6073.737659540906,6087.9034902945305
estable,Trayectoria estable,estable_01538,442,61.75,informal,57.659447663529136,0.0,D,0.001881956689163377,6087.9034902945305,6099.360660991072
estable,Trayectoria estable,estable_01538,443,61.833333333333336,informal,57.70727837301819,0.0,D,0.0013354882239926867,6099.360660991072,6107.5062853277095
estable,Trayectoria estable,estable_01538,444,61.916666666666664,informal,57.75514875990379,0.0,D,0.0008086368412015292,6107.5062853277095,6112.445039917895
estable,Trayectoria estable,estable_01538,445,62.0,informal,57.80305885709987,0.0,D,0.0004390668571970264,6112.445039917895,6115.128811951361
estable,Trayectoria estable,estable_01538,446,62.083333333333336,informal,57.851008697547634,0.0,D,0.0003462369236406254,6115.128811951361,6117.246095338877
estable,Trayectoria estable,estable_01538,447,62.166666666666664,informal,57.89899831421563,0.0,D,0.0005950700947123821,6117.246095338877,6120.886285552209
estable,Trayectoria estable,estable_01538,448,62.25,informal,57.947027740099735,0.0,D,0.0011746911668024226,6120.886285552209,6128.07643660485
estable,Trayectoria estable,estable_01538,449,62.333333333333336,informal,57.99509700822323,0.0,D,0.001998901977093756,6128.07643660485,6140.325860709761
estable,Trayectoria estable,estable_01538,450,62.416666666666664,informal,58.04320615163675,0.0,D,0.0029283738882074964,6140.325860709761,6158.307030625349
estable,Trayectoria estable,estable_01538,451,62.5,informal,58.091355203418395,0.0,D,0.003807846134661013,6158.307030625349,6181.756916247972
estable,Trayectoria estable,estable_01538,452,62.583333333333336,informal,58.139544196673654,0.0,D,0.004507031245568804,6181.756916247972,6209.618287822013
estable,Trayectoria estable,estable_01538,453,62.666666666666664,informal,58.187773164535514,0.0,D,0.0049528816417328024,6209.618287822013,6240.373792241935
estable,Trayectoria estable,estable_01538,454,62.75,informal,58.23604214016443,0.0,D,0.00514368297156078,6240.373792241935,6272.472296653264
estable,Trayectoria estable,estable_01538,455,62.833333333333336,desempleado,58.28435115674837,0.0,D,0.005141209632263366,6272.472296653264,6304.720391642923
estable,Trayectoria estable,estable_01538,456,62.916666666666664,desempleado,58.332700247502835,0.0,D,0.00504407432375653,6304.720391642923,6336.521869888873
estable,Trayectoria estable,estable_01538,457,63.0,cotizando,58.38108944567087,5.838108944567087,D,0.004951244390200124,6336.521869888873,6373.76255309927
estable,Trayectoria estable,estable_01538,458,63.083333333333336,cotizando,58.42951878452311,5.842951878452311,D,0.004927642885774232,6373.76255309927,6411.041922658373
estable,Trayectoria estable,estable_01538,459,63.166666666666664,cotizando,58.47798829735778,5.847798829735779,D,0.0049828859143705335,6411.041922658373,6448.86435089538
estable,Trayectoria estable,estable_01538,460,63.25,cotizando,58.52649801750073,5.852649801750073,D,0.00506982692966322,6448.86435089538,6487.441298770619
estable,Trayectoria estable,estable_01538,461,63.333333333333336,cotizando,58.57504797830546,5.857504797830547,D,0.00510309650477692,6487.441298770619,6526.434733997412
estable,Trayectoria estable,estable_01538,462,63.416666666666664,cotizando,58.62363821315312,5.862363821315313,D,0.004991320601409516,6526.434733997412,6564.901886897598
estable,Trayectoria estable,estable_01538,463,63.5,cotizando,58.67226875545258,5.867226875545258,D,0.004672252434000035,6564.901886897598,6601.469405758222
estable,Trayectoria estable,estable_01538,464,63.583333333333336,cotizando,58.720939638640395,5.87209396386404,D,0.004139083960383456,6601.469405758222,6634.689840944362
estable,Trayectoria estable,estable_01538,465,63.666666666666664,cotizando,58.76965089618086,5.8769650896180865,D,0.0034490224311761143,6634.689840944362,6663.470269903714
estable,Trayectoria estable,estable_01538,466,63.75,cotizando,58.818402561566074,5.881840256156607,D,0.00271092478227335,6663.470269903714,6687.432222077011
estable,Trayectoria estable,estable_01538,467,63.833333333333336,cotizando,58.867194668315854,5.886719466831586,D,0.0020555540258377016,6687.432222077011,6707.07742024035
estable,Trayectoria estable,estable_01538,468,63.916666666666664,cotizando,58.91602724997786,5.891602724997786,D,0.0015976904689188945,6707.07742024035,6723.694269591488
estable,Trayectoria estable,estable_01538,469,64.0,cotizando,58.96490034012758,5.896490034012758,D,0.00140207710691796,6723.694269591488,6739.026164768497
estable,Trayectoria estable,estable_01538,470,64.08333333333334,cotizando,59.01381397236834,5.901381397236834,D,0.0014641108046580377,6739.026164768497,6754.802867462711
estable,Trayectoria estable,estable_01538,471,64.16666666666666,cotizando,59.062768180331354,5.9062768180331355,D,0.0017116298463452945,6754.802867462711,6772.280975834555
estable,Trayectoria estable,estable_01538,472,64.25,cotizando,59.11176299767575,5.911176299767575,D,0.0020275283901708303,6772.280975834555,6791.935129156806
estable,Trayectoria estable,estable_01538,473,64.33333333333334,cotizando,59.160798458088514,5.916079845808852,D,0.002286343173046388,6791.935129156806,6813.393429705704
estable,Trayectoria estable,estable_01538,474,64.41666666666666,cotizando,59.20987459528465,5.920987459528465,D,0.0023934970383853514,6813.393429705704,6835.636426026536
estable,Trayectoria estable,estable_01538,475,64.5,cotizando,59.258991443007105,5.925899144300711,D,0.002314969391055581,6835.636426026536,6857.4003325406065
estable,Trayectoria estable,estable_01538,476,64.58333333333334,cotizando,59.308149035026794,5.93081490350268,D,0.002088097495956061,6857.4003325406065,6877.662452027004
estable,Trayectoria estable,estable_01538,477,64.66666666666666,cotizando,59.357347405142676,5.935734740514268,D,0.0018100792842366486,6877.662452027004,6896.058045246395
estable,Trayectoria estable,estable_01538,478,64.75,cotizando,59.406586587181735,5.940658658718174,D,0.0016077038686946664,6896.058045246395,6913.095073923107
estable,Trayectoria estable,estable_01538,479,64.83333333333334,cotizando,59.45586661499902,5.9455866614999024,D,0.0015976904689188783,6913.095073923107,6930.095145902084
estable,Trayectoria estable,estable_01538,480,64.91666666666666,cotizando,59.50518752247764,5.950518752247764,D,0.0018499272640609794,6930.095145902084,6948.876844634149
intermitente,Trayectoria intermitente,intermitente_01033,1,25.0,cotizando,40.0,4.0,A,0.008679999999999998,10.0,14.12152
intermitente,Trayectoria intermitente,intermitente_01033,2,25.083333333333332,cotizando,40.03318152457385,4.003318152457385,A,0.009827486142760198,14.12152,18.302959748240433
intermitente,Trayectoria intermitente,intermitente_01033,3,25.166666666666668,cotizando,40.06639057448702,4.0066390574487025,A,0.010336206183524772,18.302959748240433,22.540195418816456
intermitente,Trayectoria intermitente,intermitente_01033,4,25.25,cotizando,40.099627172572845,4.0099627172572845,A,0.0104171986309609,22.540195418816456,26.826736407060643
intermitente,Trayectoria intermitente,intermitente_01033,5,25.333333333333332,cotizando,40.13289134168357,4.013289134168357,A,0.010379008735728586,26.826736407060643,31.160114435731504
intermitente,Trayectoria intermitente,intermitente_01033,6,25.416666666666668,cotizando,40.16618310469041,4.016618310469041,A,0.01051342867575762,31.160114435731504,35.54656081697391
intermitente,Trayectoria intermitente,intermitente_01033,7,25.5,cotizando,40.19950248448356,4.019950248448356,A,0.010989733509961241,35.54656081697391,40.00133647795018
intermitente,Trayectoria intermitente,intermitente_01033,8,25.583333333333332,cotizando,40.2328495039722,4.02328495039722,A,0.011791674204378292,40.00133647795018,44.543745421201564
intermitente,Trayectoria intermitente,intermitente_01033,9,25.666666666666668,cotizando,40.2662241860845,4.02662241860845,A,0.012717636852109058,44.543745421201564,49.188068139770074
intermitente,Trayectoria intermitente,intermitente_01033,10,25.75,cotizando,40.299626553767666,4.0299626553767665,A,0.013444027579963425,49.188068139770074,53.933495468908134
intermitente,Trayectoria intermitente,intermitente_01033,11,25.833333333333332,cotizando,40.33305662998793,4.033305662998793,A,0.01363158239112461,53.933495468908134,58.75698035748645
intermitente,Trayectoria intermitente,intermitente_01033,12,25.916666666666668,cotizando,40.366514437730594,4.036651443773059,A,0.013040418595664313,58.75698035748645,63.61248704508995
intermitente,Trayectoria intermitente,intermitente_01033,13,26.0,cotizando,40.4,4.04,A,0.011616666806495842,63.61248704508995,68.43838344572355
intermitente,Trayectoria intermitente,intermitente_01033,14,26.083333333333332,cotizando,40.43351333981959,4.043351333981959,A,0.009522408502175396,68.43838344572355,73.1719354672242
intermitente,Trayectoria intermitente,intermitente_01033,15,26.166666666666668,cotizando,40.467054480231894,4.046705448023189,A,0.0070985786152718815,73.1719354672242,77.76678350834874
intermitente,Trayectoria intermitente,intermitente_01033,16,26.25,cotizando,40.500623444298576,4.050062344429858,A,0.004771779756822687,77.76678350834874,82.20725782158597
intermitente,Trayectoria intermitente,intermitente_01033,17,26.333333333333332,cotizando,40.53422025510041,4.053422025510041,A,0.0029338272984144043,82.20725782158597,86.5137537844112
intermitente,Trayectoria intermitente,intermitente_01033,18,26.416666666666668,cotizando,40.56784493573731,4.056784493573732,A,0.0018316138323691796,86.5137537844112,90.73642852869999
intermitente,Trayectoria intermitente,intermitente_01033,19,26.5,cotizando,40.6014975093284,4.0601497509328395,A,0.00150174536927232,90.73642852869999,94.93893860208712
intermitente,Trayectoria intermitente,intermitente_01033,20,26.583333333333332,cotizando,40.635177999011916,4.0635177999011916,A,0.0017703365107813506,94.93893860208712,99.17772406521378
intermitente,Trayectoria intermitente,intermitente_01033,21,26.666666666666668,cotizando,40.668886427945345,4.0668886427945345,A,0.00231780528830527,99.17772406521378,103.48391361733196
intermitente,Trayectoria intermitente,intermitente_01033,22,26.75,cotizando,40.70262281930535,4.0702622819305345,A,0.002787989068178233,103.48391361733196,107.85403576590657
intermitente,Trayectoria intermitente,intermitente_01033,23,26.833333333333332,cotizando,40.736387196287815,4.073638719628781,A,0.002906915935685982,107.85403576590657,112.25303882614163
intermitente,Trayectoria intermitente,intermitente_01033,24,26.916666666666668,cotizando,40.7701795821079,4.07701795821079,A,0.002573548354631464,112.25303882614163,116.62943781058397
intermitente,Trayectoria intermitente,intermitente_01033,25,27.0,cotizando,40.804,4.0804,A,-0.18010627182346325,116.62943781058397,98.96923895010477
intermitente,Trayectoria intermitente,intermitente_01033,26,27.083333333333332,cotizando,40.83784847321779,4.0837848473217795,A,-0.07585342739937259,98.96923895010477,95.23609873852263
intermitente,Trayectoria intermitente,intermitente_01033,27,27.166666666666668,desempleado,40.871725025034216,0.0,A,0.07769399012987015,95.23609873852263,102.63537125392074
intermitente,Trayectoria intermitente,intermitente_01033,28,27.25,desempleado,40.90562967874156,0.0,A,0.04986201766596698,102.63537125392074,107.75297794853681
intermitente,Trayectoria intermitente,intermitente_01033,29,27.333333333333332,desempleado,40.93956245765141,0.0,A,0.0018316138323691805,107.75297794853681,107.95033979342631
intermitente,Trayectoria intermitente,intermitente_01033,30,27.416666666666668,desempleado,40.973523385094694,0.0,A,0.003573555001719751,107.95033979342631,108.33610627013245
intermitente,Trayectoria intermitente,intermitente_01033,31,27.5,desempleado,41.00751248442168,0.0,A,0.005848126137733869,108.33610627013245,108.96966948487112
intermitente,Trayectoria intermitente,intermitente_01033,32,27.583333333333332,desempleado,41.04152977900203,0.0,A,0.008269811302949735,108.96966948487112,109.87082808925581
intermitente,Trayectoria intermitente,intermitente_01033,33,27.666666666666668,desempleado,41.0755752922248,0.0,A,0.010416669393816913,109.87082808925581,111.0153161814865
intermitente,Trayectoria intermitente,intermitente_01033,34,27.75,desempleado,41.109649047498394,0.0,A,0.01195003438755036,111.0153161814865,112.34195302740002
intermitente,Trayectoria intermitente,intermitente_01033,35,27.833333333333332,desempleado,41.143751068250694,0.0,A,0.012707051014609795,112.34195302740002,113.7694879556001
intermitente,Trayectoria intermitente,intermitente_01033,36,27.916666666666668,licencia,41.17788137792898,0.0,A,0.01273732149948309,113.7694879556001,115.21860650052214
intermitente,Trayectoria intermitente,intermitente_01033,37,28.0,cotizando,41.21204,4.1212040000000005,A,0.01227279489228557,115.21860650052214,120.8044435172793
intermitente,Trayectoria intermitente,intermitente_01033,38,28.083333333333332,cotizando,41.246226957949965,4.124622695794996,A,0.011641290471197855,120.8044435172793,126.3834017611562
intermitente,Trayectoria intermitente,intermitente_01033,39,28.166666666666668,cotizando,41.28044227528456,4.128044227528456,A,0.011151946501072948,126.3834017611562,131.96690265212814
intermitente,Trayectoria intermitente,intermitente_01033,40,28.25,cotizando,41.314685975528974,4.131468597552898,A,0.010989733509961236,131.96690265212814,137.59405608085478
intermitente,Trayectoria intermitente,intermitente_01033,41,28.333333333333332,cotizando,41.348958082227924,4.134895808222793,A,0.011153156379062971,137.59405608085478,143.30967705293713
intermitente,Trayectoria intermitente,intermitente_01033,42,28.416666666666668,cotizando,41.38325861894564,4.138325861894564,A,0.011455355116639787,143.30967705293713,149.13707214946047
intermitente,Trayectoria intermitente,intermitente_01033,43,28.5,cotizando,41.417587609265894,4.14175876092659,A,0.01158843131863876,149.13707214946047,155.05509211499333
intermitente,Trayectoria intermitente,intermitente_01033,44,28.583333333333332,cotizando,41.451945076792065,4.145194507679206,A,0.011230467075166294,155.05509211499333,160.9881801999455
intermitente,Trayectoria intermitente,intermitente_01033,45,28.666666666666668,cotizando,41.48633104514705,4.148633104514705,A,0.010160853723814728,160.9881801999455,166.81474430886374
intermitente,Trayectoria intermitente,intermitente_01033,46,28.75,cotizando,41.520745537973376,4.152074553797338,A,0.008346632418945484,166.81474430886374,172.39381605554414
intermitente,Trayectoria intermitente,intermitente_01033,47,28.833333333333332,cotizando,41.5551885789332,4.15551885789332,A,0.0059715178034892525,172.39381605554414,177.60360241006723
intermitente,Trayectoria intermitente,intermitente_01033,48,28.916666666666668,cotizando,41.58966019170827,4.158966019170827,A,0.003397304183405285,177.60360241006723,182.38007116334919
intermitente,Trayectoria intermitente,intermitente_01033,49,29.0,cotizando,41.6241604,4.16241604,A,0.0010687326673801077,182.38007116334919,186.74185125327776
intermitente,Trayectoria intermitente,intermitente_01033,50,29.083333333333332,cotizando,41.658689227529464,4.165868922752947,A,-0.0006091515216041256,186.74185125327776,190.7914284477995
intermitente,Trayectoria intermitente,intermitente_01033,51,29.166666666666668,cotizando,41.6932466980374,4.16932466980374,A,-0.0013832991649385118,190.7914284477995,194.69106407061986
intermitente,Trayectoria intermitente,intermitente_01033,52,29.25,cotizando,41.72783283528426,4.172783283528426,A,-0.0012198762958367886,194.69106407061986,198.62125806066206
intermitente,Trayectoria intermitente,intermitente_01033,53,29.333333333333332,cotizando,41.762447663050196,4.17624476630502,A,-0.0003057429060372904,198.62125806066206,202.73549892911566
intermitente,Trayectoria intermitente,intermitente_01033,54,29.416666666666668,cotizando,41.79709120513509,4.179709120513509,A,0.0010158735148210042,202.73549892911566,207.12540772930043
intermitente,Trayectoria intermitente,intermitente_01033,55,29.5,cotizando,41.83176348535856,4.183176348535856,A,0.002354976366286011,207.12540772930043,211.80621079933294
intermitente,Trayectoria intermitente,intermitente_01033,56,29.583333333333332,cotizando,41.86646452755998,4.186646452755998,A,0.0033950500278208734,211.80621079933294,216.72616380811175
intermitente,Trayectoria intermitente,intermitente_01033,57,29.666666666666668,cotizando,41.90119435559851,4.1901194355598514,A,0.003986213823281169,216.72616380811175,221.79690278572542
intermitente,Trayectoria intermitente,intermitente_01033,58,29.75,cotizando,41.93595299335311,4.193595299335311,A,0.004182337139753601,221.79690278572542,226.93566653843328
intermitente,Trayectoria intermitente,intermitente_01033,59,29.833333333333332,cotizando,41.97074046472253,4.197074046472253,A,0.004211101864754666,226.93566653843328,232.10606409978848
intermitente,Trayectoria intermitente,intermitente_01033,60,29.916666666666668,cotizando,42.00555679362536,4.2005556793625365,A,0.004387352683069126,232.10606409978848,237.34338026146608
intermitente,Trayectoria intermitente,intermitente_01033,61,30.0,cotizando,42.04040200400001,4.204040200400001,A,0.004998077457301765,237.34338026146608,242.7546931789459
intermitente,Trayectoria intermitente,intermitente_01033,62,30.083333333333332,cotizando,42.075276119804755,4.207527611980476,A,0.0061963022124047,242.7546931789459,248.49247334599357
intermitente,Trayectoria intermitente,intermitente_01033,63,30.166666666666668,cotizando,42.110179165017776,4.211017916501778,A,0.007938243381755267,248.49247334599357,254.7095130795563
intermitente,Trayectoria intermitente,intermitente_01033,64,30.25,cotizando,42.145111163637104,4.214511116363711,A,0.009984185929068684,254.7095130795563,261.50916979499476
intermitente,Trayectoria intermitente,intermitente_01033,65,30.333333333333332,cotizando,42.18007213968071,4.218007213968071,A,0.011963173856148703,261.50916979499476,268.9061174258247
intermitente,Trayectoria intermitente,intermitente_01033,66,30.416666666666668,cotizando,42.21506211718644,4.221506211718644,A,0.013481198657944162,268.9061174258247,276.80971139077326
intermitente,Trayectoria intermitente,intermitente_01033,67,30.5,cotizando,42.250081120212144,4.225008112021214,A,0.014238643350767246,276.80971139077326,285.0362726429777
intermitente,Trayectoria intermitente,intermitente_01033,68,30.583333333333332,cotizando,42.28512917283558,4.228512917283559,A,0.014119716483259501,285.0362726429777,293.34912232096303
intermitente,Trayectoria intermitente,intermitente_01033,69,30.666666666666668,cotizando,42.3202062991545,4.23202062991545,A,0.013225455591617984,293.34912232096303,301.51678914187823
intermitente,Trayectoria intermitente,intermitente_01033,70,30.75,cotizando,42.35531252328664,4.235531252328665,A,0.011839782190393347,301.51678914187823,309.37236127188163
intermitente,Trayectoria intermitente,intermitente_01033,71,30.833333333333332,cotizando,42.39044786936976,4.239044786936976,A,0.010339358697713602,309.37236127188163,316.85394687775505
intermitente,Trayectoria intermitente,intermitente_01033,72,30.916666666666668,cotizando,42.425612361561605,4.242561236156161,A,0.009075867084254303,316.85394687775505,324.0107373427713
intermitente,Trayectoria intermitente,intermitente_01033,73,31.0,cotizando,42.460806024040004,4.2460806024040005,A,-0.21573188815514782,324.0107373427713,257.441354810062
intermitente,Trayectoria intermitente,intermitente_01033,74,31.083333333333332,cotizando,42.49602888100281,4.249602888100281,A,0.11293824338175527,257.441354810062,291.245874769482
intermitente,Trayectoria intermitente,intermitente_01033,75,31.166666666666668,cotizando,42.531280956667956,4.253128095666796,A,0.07091237629662125,291.245874769482,316.4535393515986
intermitente,Trayectoria intermitente,intermitente_01033,76,31.25,cotizando,42.566562275273476,4.256656227527348,A,0.007885384229196182,316.4535393515986,323.239118697488
intermitente,Trayectoria intermitente,intermitente_01033,77,31.333333333333332,cotizando,42.60187286107751,4.260187286107751,A,0.007529192643299703,323.239118697488,329.9651113488932
intermitente,Trayectoria intermitente,intermitente_01033,78,31.416666666666668,cotizando,42.63721273835831,4.263721273835831,A,0.006609963025128573,329.9651113488932,336.4380728482971
intermitente,Trayectoria intermitente,intermitente_01033,79,31.5,cotizando,42.672581931414264,4.267258193141426,A,0.00507659803139513,336.4380728482971,342.43495505428933
intermitente,Trayectoria intermitente,intermitente_01033,80,31.583333333333332,cotizando,42.70798046456393,4.2707980464563935,A,0.00309195293163965,342.43495505428933,347.77775097046185
intermitente,Trayectoria intermitente,intermitente_01033,81,31.666666666666668,cotizando,42.74340836214605,4.274340836214605,A,0.0009961888674469774,347.77775097046185,352.4028021812957
intermitente,Trayectoria intermitente,intermitente_01033,82,31.75,cotizando,42.77886564851951,4.2778865648519515,A,-0.0007868635939445592,352.4028021812957,356.40002969751026
intermitente,Trayectoria intermitente,intermitente_01033,83,31.833333333333332,cotizando,42.81435234806346,4.281435234806346,A,-0.001871433257073391,356.40002969751026,360.0064736436323
intermitente,Trayectoria intermitente,intermitente_01033,84,31.916666666666668,cotizando,42.849868485177225,4.284986848517723,A,-0.002021816990253833,360.0064736436323,363.55492982792265
intermitente,Trayectoria intermitente,intermitente_01033,85,32.0,cotizando,42.8854140842804,4.28854140842804,A,-0.0012198762958367873,363.55492982792265,367.39474770521116
intermitente,Trayectoria intermitente,intermitente_01033,86,32.083333333333336,cotizando,42.92098916981283,4.292098916981283,A,0.0003327749192780267,367.39474770521116,371.81053468257386
intermitente,Trayectoria intermitente,intermitente_01033,87,32.166666666666664,cotizando,42.95659376623463,4.295659376623464,A,0.002278155250290264,371.81053468257386,376.96302235985996
intermitente,Trayectoria intermitente,intermitente_01033,88,32.25,cotizando,42.992227898026215,4.299222789802622,A,0.00421057262761067,376.96302235985996,382.8675775230312
intermitente,Trayectoria intermitente,intermitente_01033,89,32.333333333333336,cotizando,43.02789158968829,4.302789158968829,A,0.00579616534377917,382.8675775230312,389.4144701435005
intermitente,Trayectoria intermitente,intermitente_01033,90,32.416666666666664,cotizando,43.063584865741895,4.306358486574189,A,0.006865778695130771,389.4144701435005,396.4240287071123
intermitente,Trayectoria intermitente,intermitente_01033,91,32.5,cotizando,43.099307750728414,4.309930775072842,A,0.007452371527303961,396.4240287071123,403.72037783185397
intermitente,Trayectoria intermitente,intermitente_01033,92,32.583333333333336,desempleado,43.135060269209575,0.0,A,0.00776199256344082,403.72037783185397,406.85405240229437
intermitente,Trayectoria intermitente,intermitente_01033,93,32.666666666666664,desempleado,43.17084244576751,0.0,A,0.008088627114935704,406.85405240229437,410.144943122377
intermitente,Trayectoria intermitente,intermitente_01033,94,32.75,desempleado,43.206654305004704,0.0,A,0.008701124546744352,410.144943122377,413.7136653547022
intermitente,Trayectoria intermitente,intermitente_01033,95,32.833333333333336,desempleado,43.242495871544094,0.0,A,0.009739281032423245,413.7136653547022,417.74293900854553
intermitente,Trayectoria intermitente,intermitente_01033,96,32.916666666666664,cotizando,43.27836717002899,4.327836717002899,A,0.011153156379062973,417.74293900854553,426.77819709024794
intermitente,Trayectoria intermitente,intermitente_01033,97,33.0,cotizando,43.31426822512321,4.331426822512321,A,0.012705807594177776,426.77819709024794,436.5872198461941
intermitente,Trayectoria intermitente,intermitente_01033,98,33.083333333333336,cotizando,43.35019906151096,4.335019906151096,A,0.01403925327296735,436.5872198461941,447.11245874991243
intermitente,Trayectoria intermitente,intermitente_01033,99,33.166666666666664,cotizando,43.38615970389698,4.338615970389698,A,0.014783130431428433,447.11245874991243,458.12493484130096
intermitente,Trayectoria intermitente,intermitente_01033,100,33.25,cotizando,43.42215017700647,4.3422150177006476,A,0.014671656052659465,458.12493484130096,469.25230881738656
intermitente,Trayectoria intermitente,intermitente_01033,101,33.333333333333336,cotizando,43.458170505585166,4.345817050558517,A,0.013631582391124606,469.25230881738656,480.0540177409962
intermitente,Trayectoria intermitente,intermitente_01033,102,33.416666666666664,cotizando,43.49422071439931,4.349422071439931,A,0.011812790122968287,480.0540177409962,490.12559598178433
intermitente,Trayectoria intermitente,intermitente_01033,103,33.5,cotizando,43.530300828235696,4.35303008282357,A,0.00955117322717648,490.12559598178433,499.2014770792872
intermitente,Trayectoria intermitente,intermitente_01033,104,33.583333333333336,cotizando,43.56641087190167,4.356641087190167,A,0.007274829433586363,499.2014770792872,507.2214175860362
intermitente,Trayectoria intermitente,intermitente_01033,105,33.666666666666664,cotizando,43.60255087022519,4.3602550870225185,A,0.005382504531055326,507.2214175860362,514.3352633442263
intermitente,Trayectoria intermitente,intermitente_01033,106,33.75,cotizando,43.63872084805475,4.363872084805475,A,0.004132052053517343,514.3352633442263,520.842427256739
intermitente,Trayectoria intermitente,intermitente_01033,107,33.833333333333336,cotizando,43.67492083025954,4.367492083025954,A,0.003573555001719744,520.842427256739,527.0867858739743
intermitente,Trayectoria intermitente,intermitente_01033,108,33.916666666666664,cotizando,43.711150841729285,4.371115084172929,A,0.0035476879165857273,527.0867858739743,533.3433477315505
intermitente,Trayectoria intermitente,intermitente_01033,109,34.0,cotizando,43.74741090737444,4.3747410907374435,A,0.0037493244378613818,533.3433477315505,539.7341683933895
intermitente,Trayectoria intermitente,intermitente_01033,110,34.083333333333336,cotizando,43.78370105212607,4.378370105212607,A,0.003835830090100738,539.7341683933895,546.1996617461762
intermitente,Trayectoria intermitente,intermitente_01033,111,34.166666666666664,cotizando,43.820021300935956,4.382002130093595,A,0.003545433761001301,546.1996617461762,552.533714695565
intermitente,Trayectoria intermitente,intermitente_01033,112,34.25,cotizando,43.85637167877654,4.385637167877654,A,0.0027879890681782324,552.533714695565,558.4720369282949
intermitente,Trayectoria intermitente,intermitente_01033,113,34.333333333333336,cotizando,43.89275221064103,4.389275221064103,A,0.0016792874629899498,558.4720369282949,563.8065180942533
intermitente,Trayectoria intermitente,intermitente_01033,114,34.416666666666664,cotizando,43.92916292154331,4.392916292154331,A,0.0005080547753120973,563.8065180942533,568.4881108223773
intermitente,Trayectoria intermitente,intermitente_01033,115,34.5,cotizando,43.965603836518056,4.3965603836518055,A,-0.00035385089205234075,568.4881108223773,572.6819554540798
intermitente,Trayectoria intermitente,intermitente_01033,116,34.583333333333336,cotizando,44.00207498062069,4.400207498062069,A,-0.0005695014835891373,572.6819554540798,576.7535138041878
intermitente,Trayectoria intermitente,intermitente_01033,117,34.666666666666664,cotizando,44.03857637892743,4.403857637892743,A,5.4262426564812406e-05,576.7535138041878,581.1889064512711
intermitente,Trayectoria intermitente,intermitente_01033,118,34.75,cotizando,44.0751080565353,4.40751080565353,A,0.0015017453692723018,581.1889064512711,586.4758339648026
intermitente,Trayectoria intermitente,intermitente_01033,119,34.833333333333336,cotizando,44.11167003856213,4.411167003856213,A,0.0035476879165857187,586.4758339648026,592.9832836420629
intermitente,Trayectoria intermitente,intermitente_01033,120,34.916666666666664,cotizando,44.14826235014658,4.414826235014658,A,0.005821134070308793,592.9832836420629,600.8756443680211
intermitente,Trayectoria intermitente,intermitente_01033,121,35.0,cotizando,44.18488501644818,4.418488501644818,B,0.006475055627279198,600.8756443680211,609.2134460508627
intermitente,Trayectoria intermitente,intermitente_01033,122,35.083333333333336,cotizando,44.22153806264734,4.422153806264734,B,0.007706758993041805,609.2134460508627,618.364741534777
intermitente,Trayectoria intermitente,intermitente_01033,123,35.166666666666664,cotizando,44.25822151394531,4.425822151394531,B,0.008429010835890554,618.364741534777,628.0400720959726
intermitente,Trayectoria intermitente,intermitente_01033,124,35.25,cotizando,44.29493539556431,4.429493539556431,B,0.008681959068408638,628.0400720959726,637.960640516391
intermitente,Trayectoria intermitente,intermitente_01033,125,35.333333333333336,cotizando,44.33167973274743,4.4331679732747435,B,0.0086423535981189,637.960640516391,647.9456029318757
intermitente,Trayectoria intermitente,intermitente_01033,126,35.416666666666664,cotizando,44.36845455075874,4.436845455075875,B,0.008555295466060424,647.9456029318757,657.9637729897738
intermitente,Trayectoria intermitente,intermitente_01033,127,35.5,cotizando,44.40525987488323,4.440525987488323,B,0.008644566349197086,657.9637729897738,668.1304968897645
intermitente,Trayectoria intermitente,intermitente_01033,128,35.583333333333336,cotizando,44.4420957304269,4.4442095730426905,B,0.009030730047271864,668.1304968897645,678.6485470734959
intermitente,Trayectoria intermitente,intermitente_01033,129,35.666666666666664,cotizando,44.47896214271671,4.447896214271672,B,0.009683756975906501,678.6485470734959,689.7113832356724
intermitente,Trayectoria intermitente,intermitente_01033,130,35.75,informal,44.515859137100655,0.0,B,0.010425922974402313,689.7113832356724,696.9022609918561
intermitente,Trayectoria intermitente,intermitente_01033,131,35.833333333333336,informal,44.55278673894775,0.0,B,0.010984664396692182,696.9022609918561,704.5574984461476
intermitente,Trayectoria intermitente,intermitente_01033,132,35.916666666666664,informal,44.58974497364805,0.0,B,0.011079039091790659,704.5574984461476,712.3633185138468
intermitente,Trayectoria intermitente,intermitente_01033,133,36.0,informal,44.62673386661266,0.0,B,0.010512549700739964,712.3633185138468,719.8520733047077
intermitente,Trayectoria intermitente,intermitente_01033,134,36.083333333333336,informal,44.66375344327381,0.0,B,0.009242808517239931,719.8520733047077,726.5055281790013
intermitente,Trayectoria intermitente,intermitente_01033,135,36.166666666666664,informal,44.70080372908477,0.0,B,0.007405607712663886,726.5055281790013,731.8857431217766
intermitente,Trayectoria intermitente,intermitente_01033,136,36.25,informal,44.73788474951995,0.0,B,0.0052851805168491,731.8857431217766,735.7538913918834
intermitente,Trayectoria intermitente,intermitente_01033,137,36.333333333333336,informal,44.77499653007491,0.0,B,0.003239306847779541,735.7538913918834,738.1372240105496
intermitente,Trayectoria intermitente,intermitente_01033,138,36.416666666666664,informal,44.81213909626633,0.0,B,0.001602096405467593,738.1372240105496,739.3197910038787
intermitente,Trayectoria intermitente,intermitente_01033,139,36.5,informal,44.84931247363207,0.0,B,0.0005942868927961233,739.3197910038787,739.7591590652571
intermitente,Trayectoria intermitente,intermitente_01033,140,36.583333333333336,desempleado,44.88651668773117,0.0,B,0.0002685090263710635,739.7591590652571,739.9577910768068
intermitente,Trayectoria intermitente,intermitente_01033,141,36.666666666666664,desempleado,44.92375176414388,0.0,B,0.0005059508916100007,739.9577910768068,740.3321733809559
intermitente,Trayectoria intermitente,intermitente_01033,142,36.75,cotizando,44.96101772847166,4.496101772847166,B,0.0010646923138998797,740.3321733809559,745.6212880935346
intermitente,Trayectoria intermitente,intermitente_01033,143,36.833333333333336,cotizando,44.998314606337225,4.499831460633723,B,0.0016637911422552267,745.6212880935346,751.3691644285011
intermitente,Trayectoria intermitente,intermitente_01033,144,36.916666666666664,cotizando,45.03564242338452,4.503564242338452,B,0.0020761065462642134,751.3691644285011,757.4420009909758
intermitente,Trayectoria intermitente,intermitente_01033,145,37.0,cotizando,45.07300120527879,4.507300120527879,B,0.0022003385735104423,757.4420009909758,763.6258475497988
intermitente,Trayectoria intermitente,intermitente_01033,146,37.083333333333336,desempleado,45.11039097770655,0.0,B,0.0020896190943829724,763.6258475497988,765.2215347018032
intermitente,Trayectoria intermitente,intermitente_01033,147,37.166666666666664,cotizando,45.14781176637562,4.514781176637562,B,0.0019280074355792405,765.2215347018032,771.2203732188898
intermitente,Trayectoria intermitente,intermitente_01033,148,37.25,cotizando,45.18526359701515,4.518526359701515,B,0.0019629554920347504,771.2203732188898,777.2616405119041
intermitente,Trayectoria intermitente,intermitente_01033,149,37.333333333333336,cotizando,45.22274649537565,4.522274649537565,B,0.0024158940868169694,777.2616405119041,783.6726222992488
intermitente,Trayectoria intermitente,intermitente_01033,150,37.416666666666664,cotizando,45.26026048722899,4.526026048722899,B,0.0034000776004942616,783.6726222992488,790.8785849169595
intermitente,Trayectoria intermitente,intermitente_01033,151,37.5,cotizando,45.297805598368384,4.529780559836839,B,0.004872492490882492,790.8785849169595,799.2839867647672
intermitente,Trayectoria intermitente,intermitente_01033,152,37.583333333333336,cotizando,45.33538185460848,4.533538185460848,B,0.006635737191240221,799.2839867647672,809.151446795511
intermitente,Trayectoria intermitente,intermitente_01033,153,37.666666666666664,cotizando,45.37298928178532,4.537298928178532,B,0.008389791226341134,809.151446795511,820.5154244235346
intermitente,Trayectoria intermitente,intermitente_01033,154,37.75,cotizando,45.41062790575638,4.541062790575638,B,0.009817605328019193,820.5154244235346,833.1565661789003
intermitente,Trayectoria intermitente,intermitente_01033,155,37.833333333333336,cotizando,45.4482977524006,4.54482977524006,B,0.010677556814450257,833.1565661789003,846.6460002029849
intermitente,Trayectoria intermitente,intermitente_01033,156,37.916666666666664,cotizando,45.485998847618376,4.548599884761837,B,0.010873500273061144,846.6460002029849,860.450064804229
intermitente,Trayectoria intermitente,intermitente_01033,157,38.0,cotizando,45.52373121733158,4.552373121733158,B,0.01048015182522192,860.450064804229,874.0677948046134
intermitente,Trayectoria intermitente,intermitente_01033,158,38.083333333333336,cotizando,45.56149488748361,4.556149488748361,B,0.009715660022415943,874.0677948046134,887.1603558236702
intermitente,Trayectoria intermitente,intermitente_01033,159,38.166666666666664,cotizando,45.599289884039365,4.559928988403937,B,0.008869959294557134,887.1603558236702,899.6298074404882
intermitente,Trayectoria intermitente,intermitente_01033,160,38.25,cotizando,45.637116232985306,4.563711623298531,B,0.008211553647304868,899.6298074404882,911.6183526531245
intermitente,Trayectoria intermitente,intermitente_01033,161,38.333333333333336,cotizando,45.67497396032942,4.567497396032942,B,0.00790226853742579,911.6183526531245,923.4257966664355
intermitente,Trayectoria intermitente,intermitente_01033,162,38.416666666666664,cotizando,45.71286309210129,4.571286309210129,B,0.007947036603440542,923.4257966664355,935.3719097619393
intermitente,Trayectoria intermitente,intermitente_01033,163,38.5,cotizando,45.75078365435207,4.575078365435207,B,0.008194717515696816,935.3719097619393,947.6495881748084
intermitente,Trayectoria intermitente,intermitente_01033,164,38.583333333333336,cotizando,45.78873567315456,4.578873567315457,B,0.008389791226341153,947.6495881748084,960.2174597359202
intermitente,Trayectoria intermitente,intermitente_01033,165,38.666666666666664,cotizando,45.82671917460317,4.582671917460317,B,0.00825862500356264,960.2174597359202,972.7680541440935
intermitente,Trayectoria intermitente,intermitente_01033,166,38.75,desempleado,45.86473418481394,0.0,B,0.0076030127018922415,972.7680541440935,980.164022015746
intermitente,Trayectoria intermitente,intermitente_01033,167,38.833333333333336,desempleado,45.90278072992461,0.0,B,0.006371309336129623,980.164022015746,986.4089502001534
intermitente,Trayectoria intermitente,intermitente_01033,168,38.916666666666664,desempleado,45.940858836094556,0.0,B,0.00468449226473397,986.4089502001534,991.0297752972305
intermitente,Trayectoria intermitente,intermitente_01033,169,39.0,informal,45.978968529504904,0.0,B,0.0028086562198935635,991.0297752972305,993.8132372397187
intermitente,Trayectoria intermitente,intermitente_01033,170,39.083333333333336,informal,46.01710983635844,0.0,B,0.001082306707720445,993.8132372397187,994.8888479726045
intermitente,Trayectoria intermitente,intermitente_01033,171,39.166666666666664,informal,46.055282782879765,0.0,B,-0.0001789790835340569,994.8888479726045,994.7107836783761
intermitente,Trayectoria intermitente,intermitente_01033,172,39.25,informal,46.09348739531516,0.0,B,-0.000770893162124923,994.7107836783761,993.9439679369465
intermitente,Trayectoria intermitente,intermitente_01033,173,39.333333333333336,informal,46.131723699932714,0.0,B,-0.000654413664745506,993.9439679369465,993.2935174223372
intermitente,Trayectoria intermitente,intermitente_01033,174,39.416666666666664,informal,46.16999172302229,0.0,B,4.0903329932836434e-05,993.2935174223372,993.3341464348006
intermitente,Trayectoria intermitente,intermitente_01033,175,39.5,informal,46.20829149089559,0.0,B,0.0010646923138998676,993.3341464348006,994.3917416656441
intermitente,Trayectoria intermitente,intermitente_01033,176,39.583333333333336,informal,46.24662302988611,0.0,B,0.0021288387039323504,994.3917416656441,996.5086412921727
intermitente,Trayectoria intermitente,intermitente_01033,177,39.666666666666664,informal,46.2849863663492,0.0,B,0.0029990292373807737,996.5086412921727,999.4971998427104
intermitente,Trayectoria intermitente,intermitente_01033,178,39.75,informal,46.32338152666208,0.0,B,0.003565518628431499,999.4971998427104,1003.0609257278148
intermitente,Trayectoria intermitente,intermitente_01033,179,39.833333333333336,informal,46.36180853722386,0.0,B,0.0038706945833846427,1003.0609257278148,1006.9434682198342
intermitente,Trayectoria intermitente,intermitente_01033,180,39.916666666666664,informal,46.4002674244555,0.0,B,0.004085007575638314,1006.9434682198342,1011.0568399157517
intermitente,Trayectoria intermitente,intermitente_01033,181,40.0,informal,46.43875821479995,0.0,B,0.004439479788990278,1011.0568399157517,1015.545406322078
intermitente,Trayectoria intermitente,intermitente_01033,182,40.083333333333336,cotizando,46.47728093472203,4.647728093472203,B,0.005137009534746821,1015.545406322078,1025.433876274326
intermitente,Trayectoria intermitente,intermitente_01033,183,40.166666666666664,cotizando,46.515835610708564,4.651583561070857,B,0.006271576781604563,1025.433876274326,1036.545719888369
intermitente,Trayectoria intermitente,intermitente_01033,184,40.25,cotizando,46.55442226926831,4.655442226926831,B,0.007782029489730207,1036.545719888369,1049.3038202636183
intermitente,Trayectoria intermitente,intermitente_01033,185,40.333333333333336,cotizando,46.59304093693204,4.659304093693204,B,0.009456151279468262,1049.3038202636183,1063.929559104215
intermitente,Trayectoria intermitente,intermitente_01033,186,40.416666666666664,cotizando,46.63169164025252,4.663169164025252,B,0.010984664396692156,1063.929559104215,1080.3308607650126
intermitente,Trayectoria intermitente,intermitente_01033,187,40.5,cotizando,46.670374405804544,4.667037440580454,B,0.012048810786724663,1080.3308607650126,1098.0708325850665
intermitente,Trayectoria intermitente,intermitente_01033,188,40.583333333333336,cotizando,46.709089260184975,4.670908926018497,B,0.012414277186916222,1098.0708325850665,1116.4314831557863
intermitente,Trayectoria intermitente,intermitente_01033,189,40.666666666666664,cotizando,46.747836230012695,4.67478362300127,B,0.012001961782907229,1116.4314831557863,1134.5617413472444
intermitente,Trayectoria intermitente,intermitente_01033,190,40.75,cotizando,46.7866153419287,4.67866153419287,B,0.01091316452711413,1134.5617413472444,1151.673120834018
intermitente,Trayectoria intermitente,intermitente_01033,191,40.833333333333336,cotizando,46.8254266225961,4.68254266225961,B,0.009400996193919214,1151.673120834018,1167.226558687623
intermitente,Trayectoria intermitente,intermitente_01033,192,40.916666666666664,cotizando,46.86427009870006,4.686427009870006,B,0.0077966528702601194,1167.226558687623,1181.0499844411265
intermitente,Trayectoria intermitente,intermitente_01033,193,41.0,cotizando,46.90314579694795,4.690314579694795,B,0.0064133608904916135,1181.0499844411265,1193.3448794808414
intermitente,Trayectoria intermitente,intermitente_01033,194,41.08333333333333,cotizando,46.942053744069256,4.694205374406926,B,0.0054577791002551855,1193.3448794808414,1204.5777175338603
intermitente,Trayectoria intermitente,intermitente_01033,195,41.16666666666667,cotizando,46.980993966815646,4.698099396681565,B,0.004976238782032112,1204.5777175338603,1215.293462148925
intermitente,Trayectoria intermitente,intermitente_01033,196,41.25,cotizando,47.019966491960986,4.701996649196099,B,0.0048521678149568625,1215.293462148925,1225.9150814976952
intermitente,Trayectoria intermitente,intermitente_01033,197,41.33333333333333,cotizando,47.058971346301355,4.705897134630136,B,0.004854878097061934,1225.9150814976952,1236.595493467272
intermitente,Trayectoria intermitente,intermitente_01033,198,41.41666666666667,cotizando,47.098008556655046,4.709800855665505,B,0.004723711874283409,1236.595493467272,1247.1688628813415
intermitente,Trayectoria intermitente,intermitente_01033,199,41.5,cotizando,47.13707814986259,4.713707814986259,B,0.0042604630011522674,1247.1688628813415,1257.216170070567
intermitente,Trayectoria intermitente,intermitente_01033,200,41.58333333333333,cotizando,47.17618015278682,4.717618015278682,B,0.0034005115147211834,1257.216170070567,1266.2250084630473
intermitente,Trayectoria intermitente,intermitente_01033,201,41.66666666666667,cotizando,47.21531459231282,4.721531459231282,B,0.0022400028275634076,1266.2250084630473,1273.7934637653864
intermitente,Trayectoria intermitente,intermitente_01033,202,41.75,cotizando,47.254481495347996,4.7254481495348,B,0.0010104634630802762,1273.7934637653864,1279.8108085622682
intermitente,Trayectoria intermitente,intermitente_01033,203,41.83333333333333,cotizando,47.29368088882205,4.729368088882206,B,9.000283423440047e-06,1279.8108085622682,1284.551737876809
intermitente,Trayectoria intermitente,intermitente_01033,204,41.91666666666667,cotizando,47.332912799687065,4.733291279968706,B,-0.0004936429120307689,1284.551737876809,1288.648582740547
intermitente,Trayectoria intermitente,intermitente_01033,205,42.0,cotizando,47.372177254917425,4.7372177254917425,B,-0.00033788046023272084,1288.648582740547,1292.9487906765187
intermitente,Trayectoria intermitente,intermitente_01033,206,42.08333333333333,cotizando,47.411474281509946,4.741147428150994,B,0.000474047845100566,1292.9487906765187,1298.3051052234368
intermitente,Trayectoria intermitente,intermitente_01033,207,42.16666666666667,cotizando,47.45080390648381,4.745080390648382,B,0.0017776237023987857,1298.3051052234368,1305.3665185094478
intermitente,Trayectoria intermitente,intermitente_01033,208,42.25,cotizando,47.490166156880605,4.749016615688061,B,0.003295897772605326,1305.3665185094478,1314.4335419992105
intermitente,Trayectoria intermitente,intermitente_01033,209,42.33333333333333,cotizando,47.52956105976437,4.752956105976437,B,0.004723711874283417,1314.4335419992105,1325.4179550306808
intermitente,Trayectoria intermitente,intermitente_01033,210,42.41666666666667,cotizando,47.56898864222159,4.756898864222159,B,0.00581944332560884,1325.4179550306808,1337.9157310702944
intermitente,Trayectoria intermitente,intermitente_01033,211,42.5,desempleado,47.608448931361224,0.0,B,0.006475055627279216,1337.9157310702944,1346.5788098535866
intermitente,Trayectoria intermitente,intermitente_01033,212,42.58333333333333,cotizando,47.64794195431469,4.764794195431469,B,0.006742193764494923,1346.5788098535866,1360.4546244699275
intermitente,Trayectoria intermitente,intermitente_01033,213,42.66666666666667,cotizando,47.68746773823595,4.768746773823596,B,0.006806123023568193,1360.4546244699275,1374.5152494630863
intermitente,Trayectoria intermitente,intermitente_01033,214,42.75,cotizando,47.72702631030147,4.772702631030147,B,0.006916004085945806,1374.5152494630863,1388.8271132064951
intermitente,Trayectoria intermitente,intermitente_01033,215,42.83333333333333,cotizando,47.766617697710274,4.776661769771027,B,0.007294009674805902,1388.8271132064951,1403.7687343937891
intermitente,Trayectoria intermitente,intermitente_01033,216,42.91666666666667,cotizando,47.80624192768393,4.780624192768393,B,0.008052652270606203,1403.7687343937891,1419.8919167772403
intermitente,Trayectoria intermitente,intermitente_01033,217,43.0,cotizando,47.8458990274666,4.78458990274666,B,0.00914720954465128,1419.8919167772403,1437.7083212199304
intermitente,Trayectoria intermitente,intermitente_01033,218,43.08333333333333,cotizando,47.88558902432505,4.788558902432505,B,0.010379073970584836,1437.7083212199304,1457.4686619434908
intermitente,Trayectoria intermitente,intermitente_01033,219,43.16666666666667,cotizando,47.92531194554864,4.792531194554864,B,0.011449711958369323,1457.4686619434908,1479.003662607378
intermitente,Trayectoria intermitente,intermitente_01033,220,43.25,cotizando,47.965067818449405,4.796506781844941,B,0.012048810786724682,1479.003662607378,1501.6781968755038
intermitente,Trayectoria intermitente,intermitente_01033,221,43.33333333333333,cotizando,48.00485667036202,4.800485667036202,B,0.01194922962523907,1501.6781968755038,1524.4799422457684
intermitente,Trayectoria intermitente,intermitente_01033,222,43.41666666666667,cotizando,48.04467852864381,4.804467852864381,B,0.011079039091790666,1524.4799422457684,1546.2274118605817
intermitente,Trayectoria intermitente,intermitente_01033,223,43.5,cotizando,48.08453342067483,4.808453342067484,B,0.00954798447219308,1546.2274118605817,1565.8451315594186
intermitente,Trayectoria intermitente,intermitente_01033,224,43.58333333333333,cotizando,48.124421373857835,4.8124421373857835,B,0.007619920704917578,1565.8451315594186,1582.6258598629524
intermitente,Trayectoria intermitente,intermitente_01033,225,43.66666666666667,cotizando,48.16434241561831,4.816434241561831,B,0.005639652730201031,1582.6258598629524,1596.3949173724973
intermitente,Trayectoria intermitente,intermitente_01033,226,43.75,cotizando,48.204296573404484,4.820429657340449,B,0.003936836593536114,1596.3949173724973,1607.5190702021564
intermitente,Trayectoria intermitente,intermitente_01033,227,43.83333333333333,cotizando,48.24428387468738,4.824428387468739,B,0.0027366636523253533,1607.5190702021564,1616.7559404372785
intermitente,Trayectoria intermitente,intermitente_01033,228,43.91666666666667,cotizando,48.284304346960774,4.828430434696077,B,0.0021047396009217993,1616.7559404372785,1624.9973837135844
intermitente,Trayectoria intermitente,intermitente_01033,229,44.0,cotizando,48.32435801774126,4.8324358017741265,B,0.0019426308161091155,1624.9973837135844,1632.9959771477625
intermitente,Trayectoria intermitente,intermitente_01033,230,44.08333333333333,cotizando,48.3644449145683,4.836444491456831,B,0.002034464008833928,1632.9959771477625,1641.1645327535455
intermitente,Trayectoria intermitente,intermitente_01033,231,44.16666666666667,cotizando,48.40456506500413,4.840456506500413,B,0.002128838703932372,1641.1645327535455,1649.5090683880487
intermitente,Trayectoria intermitente,intermitente_01033,232,44.25,cotizando,48.44471849663391,4.844471849663392,B,0.0020292575424467676,1649.5090683880487,1657.710649637113
intermitente,Trayectoria intermitente,intermitente_01033,233,44.33333333333333,cotizando,48.48490523706563,4.848490523706563,B,0.0016637911422552228,1657.710649637113,1665.3252913316944
intermitente,Trayectoria intermitente,intermitente_01033,234,44.41666666666667,cotizando,48.525125313930246,4.852512531393025,B,0.0011115413177173108,1665.3252913316944,1672.0342755000158
intermitente,Trayectoria intermitente,intermitente_01033,235,44.5,cotizando,48.56537875488158,4.856537875488158,B,0.000577450761188096,1672.0342755000158,1677.859135252117
intermitente,Trayectoria intermitente,intermitente_01033,236,44.58333333333333,cotizando,48.60566558759642,4.8605665587596425,B,0.00032366411192015634,1677.859135252117,1683.2643377887741
intermitente,Trayectoria intermitente,intermitente_01033,237,44.66666666666667,cotizando,48.6459858397745,4.86459858397745,B,0.0005796635122662496,1683.2643377887741,1689.1074831211677
intermitente,Trayectoria intermitente,intermitente_01033,238,44.75,cotizando,48.68633953913854,4.868633953913854,B,0.0014603122965805304,1689.1074831211677,1696.4498512289601
intermitente,Trayectoria intermitente,intermitente_01033,239,44.83333333333333,cotizando,48.726726713434246,4.872672671343425,B,0.002918537282271147,1696.4498512289601,1706.2878971154742
intermitente,Trayectoria intermitente,intermitente_01033,240,44.91666666666667,cotizando,48.76714739043038,4.876714739043038,B,0.004748421523807259,1706.2878971154742,1719.2899427282243
intermitente,Trayectoria intermitente,intermitente_01033,241,45.0,desempleado,48.80760159791868,0.0,C,0.005391510717494425,1719.2899427282243,1728.5595128809239
intermitente,Trayectoria intermitente,intermitente_01033,242,45.08333333333333,desempleado,48.84808936371398,0.0,C,0.006539380131184618,1728.5595128809239,1739.8632206150276
intermitente,Trayectoria intermitente,intermitente_01033,243,45.16666666666667,desempleado,48.88861071565417,0.0,C,0.007295261986735716,1739.8632206150276,1752.5559786304998
intermitente,Trayectoria intermitente,intermitente_01033,244,45.25,desempleado,48.929165681600246,0.0,C,0.00758553114765032,1752.5559786304998,1765.850046594402
intermitente,Trayectoria intermitente,intermitente_01033,245,45.33333333333333,desempleado,48.969754289436295,0.0,C,0.007462809315658052,1765.850046594402,1779.0282487721822
intermitente,Trayectoria intermitente,intermitente_01033,246,45.41666666666667,cotizando,49.01037656706955,4.901037656706955,C,0.007085519842852776,1779.0282487721822,1796.5693527861272
intermitente,Trayectoria intermitente,intermitente_01033,247,45.5,cotizando,49.05103254243039,4.9051032542430395,C,0.0066649578760359955,1796.5693527861272,1813.4812074046342
intermitente,Trayectoria intermitente,intermitente_01033,248,45.58333333333333,cotizando,49.091722243472375,4.9091722243472375,C,0.006396483378482285,1813.4812074046342,1830.0216834678702
intermitente,Trayectoria intermitente,intermitente_01033,249,45.66666666666667,cotizando,49.13244569817224,4.913244569817224,C,0.006396483378482286,1830.0216834678702,1846.6720588054768
intermitente,Trayectoria intermitente,intermitente_01033,250,45.75,cotizando,49.17320293452992,4.917320293452992,C,0.006664957876035973,1846.6720588054768,1863.93014431434
intermitente,Trayectoria intermitente,intermitente_01033,251,45.83333333333333,cotizando,49.213993980568596,4.9213993980568596,C,0.007085519842852748,1863.93014431434,1882.0933284087168
intermitente,Trayectoria intermitente,intermitente_01033,252,45.91666666666667,cotizando,49.25481886433468,4.925481886433468,C,0.007462809315658051,1882.0933284087168,1901.1012718514432
intermitente,Trayectoria intermitente,intermitente_01033,253,46.0,cotizando,49.29567761389787,4.929567761389787,C,0.0075855311476503325,1901.1012718514432,1920.4890959150982
intermitente,Trayectoria intermitente,intermitente_01033,254,46.08333333333333,cotizando,49.33657025735112,4.933657025735112,C,0.007295261986735719,1920.4890959150982,1939.4692163587586
intermitente,Trayectoria intermitente,intermitente_01033,255,46.16666666666667,cotizando,49.37749682281072,4.937749682281073,C,0.006539380131184624,1939.4692163587586,1957.1221823217054
intermitente,Trayectoria intermitente,intermitente_01033,256,46.25,cotizando,49.418457338416246,4.941845733841625,C,0.005391510717494485,1957.1221823217054,1972.6425172912188
intermitente,Trayectoria intermitente,intermitente_01033,257,46.33333333333333,cotizando,49.45945183233065,4.945945183233065,C,0.004033143983634247,1972.6425172912188,1985.5643614839853
intermitente,Trayectoria intermitente,intermitente_01033,258,46.41666666666667,cotizando,49.50048033274025,4.950048033274026,C,0.002702319080698892,1985.5643614839853,1995.893414586504
intermitente,Trayectoria intermitente,intermitente_01033,259,46.5,cotizando,49.5415428678547,4.954154286785471,C,0.001625594225301926,1995.893414586504,2004.100135126959
intermitente,Trayectoria intermitente,intermitente_01033,260,46.58333333333333,cotizando,49.58263946590711,4.958263946590711,C,0.0009546808647872539,2004.100135126959,2010.9764086833854
intermitente,Trayectoria intermitente,intermitente_01033,261,46.66666666666667,cotizando,49.62377015515396,4.962377015515397,C,0.0007274857373045115,2010.9764086833854,2017.4053524127758
intermitente,Trayectoria intermitente,intermitente_01033,262,46.75,cotizando,49.66493496387522,4.966493496387522,C,0.0008654187354095001,2017.4053524127758,2024.1220443945779
intermitente,Trayectoria intermitente,intermitente_01033,263,46.83333333333333,cotizando,49.706133920374285,4.9706133920374285,C,0.0012072091206136596,2024.1220443945779,2031.5421969496656
intermitente,Trayectoria intermitente,intermitente_01033,264,46.91666666666667,cotizando,49.747367052978035,4.974736705297804,C,0.0015678316112283596,2031.5421969496656,2039.7098492803495
intermitente,Trayectoria intermitente,intermitente_01033,265,47.0,cotizando,49.78863439003685,4.978863439003685,C,0.0018031838394452246,2039.7098492803495,2048.3756623628246
intermitente,Trayectoria intermitente,intermitente_01033,266,47.08333333333333,cotizando,49.829935959924626,4.982993595992463,C,0.001859408909267335,2048.3756623628246,2057.176689337628
intermitente,Trayectoria intermitente,intermitente_01033,267,47.16666666666667,cotizando,49.87127179103882,4.987127179103883,C,0.0017907727673775397,2057.176689337628,2065.8566833212217
intermitente,Trayectoria intermitente,intermitente_01033,268,47.25,cotizando,49.91264191180041,4.991264191180041,C,0.0017401825839269138,2065.8566833212217,2074.4516010446237
intermitente,Trayectoria intermitente,intermitente_01033,269,47.33333333333333,cotizando,49.95404635065397,4.995404635065397,C,0.0018885213993495085,2074.4516010446237,2083.3740858487286
intermitente,Trayectoria intermitente,intermitente_01033,270,47.41666666666667,cotizando,49.99548513606765,4.999548513606765,C,0.002389116273055828,2083.3740858487286,2093.363001796411
intermitente,Trayectoria intermitente,intermitente_01033,271,47.5,cotizando,50.03695829653325,5.003695829653325,C,0.003308608431662585,2093.363001796411,2105.3093713745498
intermitente,Trayectoria intermitente,intermitente_01033,272,47.58333333333333,cotizando,50.07846586056617,5.007846586056617,C,0.004593659277872384,2105.3093713745498,2120.0112962281446
intermitente,Trayectoria intermitente,intermitente_01033,273,47.66666666666667,cotizando,50.120007856705506,5.012000785670551,C,0.006074867913988199,2120.0112962281446,2137.9325328573213
intermitente,Trayectoria intermitente,intermitente_01033,274,47.75,cotizando,50.16158431351397,5.016158431351397,C,0.0075075376257473835,2137.9325328573213,2159.0369592185684
intermitente,Trayectoria intermitente,intermitente_01033,275,47.83333333333333,cotizando,50.203195259578024,5.020319525957802,C,0.008637229487622146,2159.0369592185684,2182.748738085402
intermitente,Trayectoria intermitente,intermitente_01033,276,47.91666666666667,cotizando,50.244840723507814,5.0244840723507815,C,0.009270095330130079,2182.748738085402,2208.054088487861
intermitente,Trayectoria intermitente,intermitente_01033,277,48.0,cotizando,50.286520733937216,5.028652073393722,C,0.009326320399952183,2208.054088487861,2233.7226592713337
intermitente,Trayectoria intermitente,intermitente_01033,278,48.08333333333333,cotizando,50.32823531952388,5.032823531952388,C,0.008860170643771311,2233.7226592713337,2258.591238410602
intermitente,Trayectoria intermitente,intermitente_01033,279,48.16666666666667,cotizando,50.36998450894921,5.036998450894921,C,0.008040511089060698,2258.591238410602,2281.8289648014925
intermitente,Trayectoria intermitente,intermitente_01033,280,48.25,cotizando,50.41176833091842,5.041176833091843,C,0.007097970577928234,2281.8289648014925,2303.102278615449
intermitente,Trayectoria intermitente,intermitente_01033,281,48.33333333333333,cotizando,50.4535868141605,5.045358681416051,C,0.00625528981362376,2303.102278615449,2322.5857697007878
intermitente,Trayectoria intermitente,intermitente_01033,282,48.41666666666667,cotizando,50.49543998742833,5.049543998742833,C,0.005662535998537961,2322.5857697007878,2340.8156324548227
intermitente,Trayectoria intermitente,intermitente_01033,283,48.5,cotizando,50.537327879498584,5.053732787949858,C,0.005357181325626347,2340.8156324548227,2358.43661279861
intermitente,Trayectoria intermitente,intermitente_01033,284,48.58333333333333,cotizando,50.579250519171836,5.057925051917184,C,0.005261070232638836,2358.43661279861,2375.929048608617
intermitente,Trayectoria intermitente,intermitente_01033,285,48.66666666666667,cotizando,50.62120793527256,5.0621207935272565,C,0.005214576226040094,2375.929048608617,2393.40702934852
intermitente,Trayectoria intermitente,intermitente_01033,286,48.75,cotizando,50.66320015664911,5.066320015664911,C,0.005036491537505198,2393.40702934852,2410.5532400911898
intermitente,Trayectoria intermitente,intermitente_01033,287,48.83333333333333,cotizando,50.7052272121738,5.0705227212173805,C,0.004590124108212787,2410.5532400911898,2426.711775682464
intermitente,Trayectoria intermitente,intermitente_01033,288,48.91666666666667,cotizando,50.74728913074289,5.074728913074289,C,0.0038342422526617273,2426.711775682464,2441.110563160911
intermitente,Trayectoria intermitente,intermitente_01033,289,49.0,cotizando,50.78938594127659,5.07893859412766,C,0.002842471107349381,2441.110563160911,2453.142724736879
intermitente,Trayectoria intermitente,intermitente_01033,290,49.08333333333333,cotizando,50.831517672719116,5.083151767271912,C,0.0017849108940162835,2453.142724736879,2462.6135906510754
intermitente,Trayectoria intermitente,intermitente_01033,291,49.16666666666667,cotizando,50.87368435403871,5.087368435403871,C,0.0008778694704849663,2462.6135906510754,2469.8672784207474
intermitente,Trayectoria intermitente,intermitente_01033,292,49.25,cotizando,50.9158860142276,5.09158860142276,C,0.0003178176748922745,2469.8672784207474,2475.7454526947413
intermitente,Trayectoria intermitente,intermitente_01033,293,49.33333333333333,cotizando,50.95812268230211,5.095812268230212,C,0.0002207334848429247,2475.7454526947413,2481.3888697007287
intermitente,Trayectoria intermitente,intermitente_01033,294,49.41666666666667,cotizando,51.000394387302606,5.100039438730261,C,0.0005862921724459537,2481.3888697007287,2487.946718123761
intermitente,Trayectoria intermitente,intermitente_01033,295,49.5,cotizando,51.04270115829357,5.104270115829357,C,0.001298431437301726,2487.946718123761,2496.2880440175168
intermitente,Trayectoria intermitente,intermitente_01033,296,49.58333333333333,cotizando,51.08504302436356,5.108504302436356,C,0.0021622003668215614,2496.2880440175168,2506.8050688542967
intermitente,Trayectoria intermitente,intermitente_01033,297,49.66666666666667,cotizando,51.12742001462529,5.112742001462529,C,0.002965192939341644,2506.8050688542967,2519.3661318127156
intermitente,Trayectoria intermitente,intermitente_01033,298,49.75,cotizando,51.1698321582156,5.11698321582156,C,0.0035439730917471005,2519.3661318127156,2533.429815258768
intermitente,Trayectoria intermitente,intermitente_01033,299,49.83333333333333,cotizando,51.21227948429555,5.1212279484295555,C,0.0038342422526616974,2533.429815258768,2548.2844628776006
intermitente,Trayectoria intermitente,intermitente_01033,300,49.91666666666667,cotizando,51.25476202205032,5.125476202205032,C,0.0038886221238150563,2548.2844628776006,2563.3391854600804
intermitente,Trayectoria intermitente,intermitente_01033,301,50.0,cotizando,51.29727980068935,5.129727980068935,C,0.0038562094921798374,2563.3391854600804,2578.373467644526
intermitente,Trayectoria intermitente,intermitente_01033,302,50.08333333333333,cotizando,51.33983284944631,5.133983284944631,C,0.003930245329703484,2578.373467644526,2593.66126902274
intermitente,Trayectoria intermitente,intermitente_01033,303,50.16666666666667,cotizando,51.38242119757909,5.138242119757909,C,0.004280456470229364,2593.66126902274,2609.9235593247968
intermitente,Trayectoria intermitente,intermitente_01033,304,50.25,cotizando,51.425044874369874,5.142504487436987,C,0.00499162263802326,2609.9235593247968,2628.119486776285
intermitente,Trayectoria intermitente,intermitente_01033,305,50.33333333333333,cotizando,51.467703909125134,5.146770390912514,C,0.006028094686140973,2628.119486776285,2649.1398354992216
intermitente,Trayectoria intermitente,intermitente_01033,306,50.41666666666667,cotizando,51.510398331175644,5.151039833117565,C,0.007235903576033221,2649.1398354992216,2673.497068168989
intermitente,Trayectoria intermitente,intermitente_01033,307,50.5,cotizando,51.5531281698765,5.15531281698765,C,0.00838230147426481,2673.497068168989,2701.105652788158
intermitente,Trayectoria intermitente,intermitente_01033,308,50.58333333333333,cotizando,51.59589345460719,5.15958934546072,C,0.00922079313438603,2701.105652788158,2731.219154098111
intermitente,Trayectoria intermitente,intermitente_01033,309,50.66666666666667,desempleado,51.63869421477153,0.0,C,0.009561672628169059,2731.219154098111,2757.334177525382
intermitente,Trayectoria intermitente,intermitente_01033,310,50.75,desempleado,51.68153047979776,0.0,C,0.009326320399952197,2757.334177525382,2783.0499595147226
intermitente,Trayectoria intermitente,intermitente_01033,311,50.83333333333333,desempleado,51.724402279138495,0.0,C,0.008568593345732357,2783.0499595147226,2806.8967828786613
intermitente,Trayectoria intermitente,intermitente_01033,312,50.91666666666667,desempleado,51.767309642270824,0.0,C,0.007456947442296787,2806.8967828786613,2827.827664664539
intermitente,Trayectoria intermitente,intermitente_01033,313,51.0,desempleado,51.81025259869625,0.0,C,0.006223206729410811,2827.827664664539,2845.4258208168935
intermitente,Trayectoria intermitente,intermitente_01033,314,51.08333333333333,desempleado,51.85323117794077,0.0,C,0.005094254151578766,2845.4258208168935,2859.9211431175995
intermitente,Trayectoria intermitente,intermitente_01033,315,51.16666666666667,desempleado,51.896245409554886,0.0,C,0.004228100590269373,2859.9211431175995,2872.013177390939
intermitente,Trayectoria intermitente,intermitente_01033,316,51.25,desempleado,51.939295323113576,0.0,C,0.0036741671192656654,2872.013177390939,2882.5654337734063
intermitente,Trayectoria intermitente,intermitente_01033,317,51.33333333333333,desempleado,51.98238094821639,0.0,C,0.0033697300354652714,2882.5654337734063,2892.2789010947868
intermitente,Trayectoria intermitente,intermitente_01033,318,51.41666666666667,cotizando,52.0255023144874,5.20255023144874,C,0.0031728522956860935,2892.2789010947868,2906.674732000784
intermitente,Trayectoria intermitente,intermitente_01033,319,51.5,cotizando,52.06865945157527,5.206865945157528,C,0.0029204646292522803,2906.674732000784,2920.385645157313
intermitente,Trayectoria intermitente,intermitente_01033,320,51.58333333333333,cotizando,52.11185238915326,5.211185238915327,C,0.0024922747517752983,2920.385645157313,2932.8882215104986
intermitente,Trayectoria intermitente,intermitente_01033,321,51.66666666666667,cotizando,52.15508115691925,5.215508115691925,C,0.0018594089092673456,2932.8882215104986,2943.5668658774093
intermitente,Trayectoria intermitente,intermitente_01033,322,51.75,cotizando,52.198345784595745,5.219834578459575,C,0.0011016818550475202,2943.5668658774093,2952.0353252581667
intermitente,Trayectoria intermitente,intermitente_01033,323,51.83333333333333,cotizando,52.24164630192988,5.2241646301929885,C,0.0003875495659030273,2952.0353252581667,2958.4055745199285
intermitente,Trayectoria intermitente,intermitente_01033,324,51.91666666666667,cotizando,52.28498273869353,5.228498273869353,C,-7.712177572295284e-05,2958.4055745199285,2963.4055120715107
intermitente,Trayectoria intermitente,intermitente_01033,325,52.0,cotizando,52.32835512468321,5.232835512468322,C,-0.00011519502699995054,2963.4055120715107,2968.2963752093756
intermitente,Trayectoria intermitente,intermitente_01033,326,52.08333333333333,cotizando,52.37176348972018,5.237176348972018,C,0.000361927049701447,2968.2963752093756,2974.6097537838514
intermitente,Trayectoria intermitente,intermitente_01033,327,52.16666666666667,cotizando,52.41520786365044,5.241520786365044,C,0.0013202395523903003,2974.6097537838514,2983.785392083145
intermitente,Trayectoria intermitente,intermitente_01033,328,52.25,cotizando,52.45868827634471,5.245868827634471,C,0.0026062079877113738,2983.785392083145,2996.8212980584844
intermitente,Trayectoria intermitente,intermitente_01033,329,52.33333333333333,cotizando,52.50220475769854,5.250220475769854,C,0.0039866499770354145,2996.8212980584844,3014.0397268846773
intermitente,Trayectoria intermitente,intermitente_01033,330,52.41666666666667,cotizando,52.54575733763227,5.254575733763227,C,0.005213426028959601,3014.0397268846773,3035.035170124801
intermitente,Trayectoria intermitente,intermitente_01033,331,52.5,informal,52.58934604609102,0.0,C,0.006093012701892189,3035.035170124801,3053.5276779670608
intermitente,Trayectoria intermitente,intermitente_01033,332,52.58333333333333,informal,52.6329709130448,0.0,C,0.006539380131184603,3053.5276779670608,3073.495856194381
intermitente,Trayectoria intermitente,intermitente_01033,333,52.66666666666667,informal,52.676631968488444,0.0,C,0.006593760002337984,3073.495856194381,3093.761750238307
intermitente,Trayectoria intermitente,intermitente_01033,334,52.75,informal,52.72032924244169,0.0,C,0.006405249102324957,3093.761750238307,3113.5780649118283
intermitente,Trayectoria intermitente,intermitente_01033,335,52.83333333333333,desempleado,52.76406276494918,0.0,C,0.006178478419321444,3113.5780649118283,3132.815239792759
intermitente,Trayectoria intermitente,intermitente_01033,336,52.91666666666667,desempleado,52.807832566080464,0.0,C,0.006104906080443313,3132.815239792759,3151.9407825990747
intermitente,Trayectoria intermitente,intermitente_01033,337,53.0,desempleado,52.85163867593005,0.0,C,0.006299399188432931,3151.9407825990747,3171.7961158069684
intermitente,Trayectoria intermitente,intermitente_01033,338,53.08333333333333,desempleado,52.89548112461738,0.0,C,0.006762042066085314,3171.7961158069684,3193.243934567101
intermitente,Trayectoria intermitente,intermitente_01033,339,53.16666666666667,desempleado,52.939359942286934,0.0,C,0.007377097140891743,3193.243934567101,3216.8008052669657
intermitente,Trayectoria intermitente,intermitente_01033,340,53.25,informal,52.98327515910816,0.0,C,0.007949288772372585,3216.8008052669657,3242.3720837912338
intermitente,Trayectoria intermitente,intermitente_01033,341,53.33333333333333,informal,53.02722680527553,0.0,C,0.008265801888178114,3242.3720837912338,3269.172889083611
intermitente,Trayectoria intermitente,intermitente_01033,342,53.41666666666667,informal,53.07121491100859,0.0,C,0.008164311300055804,3269.172889083611,3295.8634342437927
intermitente,Trayectoria intermitente,intermitente_01033,343,53.5,informal,53.11523950655193,0.0,C,0.0075855311476503515,3295.8634342437927,3320.8643089826505
intermitente,Trayectoria intermitente,intermitente_01033,344,53.58333333333333,informal,53.159300622175245,0.0,C,0.006593760002337944,3320.8643089826505,3342.761291236412
intermitente,Trayectoria intermitente,intermitente_01033,345,53.66666666666667,informal,53.20339828817333,0.0,C,0.005359098085859289,3342.761291236412,3360.675476873762
intermitente,Trayectoria intermitente,intermitente_01033,346,53.75,informal,53.24753253486612,0.0,C,0.0041071798211578525,3360.675476873762,3374.478375377838
intermitente,Trayectoria intermitente,intermitente_01033,347,53.83333333333333,cotizando,53.29170339259868,5.329170339259868,C,0.0030525302212248,3374.478375377838,3390.1245103923225
intermitente,Trayectoria intermitente,intermitente_01033,348,53.91666666666667,cotizando,53.33591089174127,5.333591089174128,C,0.002336760393095841,3390.1245103923225,3403.3924734894554
intermitente,Trayectoria intermitente,intermitente_01033,349,54.0,cotizando,53.38015506268935,5.338015506268935,C,0.0019911529129049673,3403.3924734894554,3415.5177926381957
intermitente,Trayectoria intermitente,intermitente_01033,350,54.08333333333333,cotizando,53.424435935863556,5.342443593586356,C,0.0019352946271967283,3415.5177926381957,3427.480608667352
intermitente,Trayectoria intermitente,intermitente_01033,351,54.16666666666667,cotizando,53.4687535417098,5.34687535417098,C,0.002011816633641137,3427.480608667352,3439.733703454298
intermitente,Trayectoria intermitente,intermitente_01033,352,54.25,cotizando,53.51310791069924,5.351310791069924,C,0.002045700780734861,3439.733703454298,3452.1326273487075
intermitente,Trayectoria intermitente,intermitente_01033,353,54.33333333333333,cotizando,53.55749907332829,5.355749907332829,C,0.0019087111050113941,3452.1326273487075,3464.087723717156
intermitente,Trayectoria intermitente,intermitente_01033,354,54.41666666666667,cotizando,53.60192706011868,5.360192706011869,C,0.001567831611228372,3464.087723717156,3474.887426540047
intermitente,Trayectoria intermitente,intermitente_01033,355,54.5,cotizando,53.646391901617456,5.364639190161746,C,0.0011016818550474952,3474.887426540047,3484.086196282015
intermitente,Trayectoria intermitente,intermitente_01033,356,54.58333333333333,cotizando,53.690893628397006,5.369089362839701,C,0.0006791268639419915,3484.086196282015,3491.82506846986
intermitente,Trayectoria intermitente,intermitente_01033,357,54.66666666666667,cotizando,53.73543227105507,5.3735432271055075,C,0.0005064418710409461,3491.82506846986,3498.9697395052754
intermitente,Trayectoria intermitente,intermitente_01033,358,54.75,cotizando,53.78000786021477,5.378000786021477,C,0.000759568821517466,3498.9697395052754,3507.009533574577
intermitente,Trayectoria intermitente,intermitente_01033,359,54.83333333333333,cotizando,53.82462042652467,5.382462042652467,C,0.0015229627117464377,3507.009533574577,3517.741237655591
intermitente,Trayectoria intermitente,intermitente_01033,360,54.91666666666667,cotizando,53.86927000065868,5.386927000065868,C,0.0027546749606588575,3517.741237655591,3532.833237594026
intermitente,Trayectoria intermitente,intermitente_01033,361,55.0,cotizando,53.913956613316245,5.391395661331625,D,0.003143937484165517,3532.833237594026,3549.3485903072465
intermitente,Trayectoria intermitente,intermitente_01033,362,55.08333333333333,cotizando,53.958680295222194,5.3958680295222194,D,0.004112436379345011,3549.3485903072465,3569.363118766508
intermitente,Trayectoria intermitente,intermitente_01033,363,55.16666666666667,cotizando,54.00344107712691,5.400344107712691,D,0.004952881641732808,3569.363118766508,3592.468843203027
intermitente,Trayectoria intermitente,intermitente_01033,364,55.25,cotizando,54.04823898980624,5.404823898980624,D,0.005538277837784478,3592.468843203027,3617.7996910956667
intermitente,Trayectoria intermitente,intermitente_01033,365,55.33333333333333,cotizando,54.09307406406157,5.409307406406157,D,0.005805118282758876,3617.7996910956667,3644.2421553015342
intermitente,Trayectoria intermitente,intermitente_01033,366,55.41666666666667,cotizando,54.13794633071986,5.413794633071987,D,0.005766510452945865,3644.2421553015342,3670.7017291195602
intermitente,Trayectoria intermitente,intermitente_01033,367,55.5,desempleado,54.18285582063363,0.0,D,0.005502839631555447,3670.7017291195602,3690.9010120701787
intermitente,Trayectoria intermitente,intermitente_01033,368,55.58333333333333,desempleado,54.22780256468097,0.0,D,0.0051332696475509506,3690.9010120701787,3709.847402207554
intermitente,Trayectoria intermitente,intermitente_01033,369,55.66666666666667,desempleado,54.272786593765616,0.0,D,0.004777259152593811,3709.847402207554,3727.570304664476
intermitente,Trayectoria intermitente,intermitente_01033,370,55.75,desempleado,54.31780793881693,0.0,D,0.004518231688307897,3727.570304664476,3744.4123309354068
intermitente,Trayectoria intermitente,intermitente_01033,371,55.83333333333333,desempleado,54.36286663078991,0.0,D,0.004380660375587584,3744.4123309354068,3760.8153296633973
intermitente,Trayectoria intermitente,intermitente_01033,372,55.91666666666667,desempleado,54.40796270066527,0.0,D,0.0043274119509139905,3760.8153296633973,3777.0899268661633
intermitente,Trayectoria intermitente,intermitente_01033,373,56.0,informal,54.4530961794494,0.0,D,0.0042776575677763015,3777.0899268661633,3793.247024175994
intermitente,Trayectoria intermitente,intermitente_01033,374,56.08333333333333,desempleado,54.49826709817442,0.0,D,0.0041390839603834455,3793.247024175994,3808.947592091533
intermitente,Trayectoria intermitente,intermitente_01033,375,56.16666666666667,licencia,54.54347548789818,0.0,D,0.0038436172973998605,3808.947592091533,3823.5877289413856
intermitente,Trayectoria intermitente,intermitente_01033,376,56.25,cotizando,54.588721379704296,5.45887213797043,D,0.0033748334327688327,3823.5877289413856,3841.9689955643084
intermitente,Trayectoria intermitente,intermitente_01033,377,56.33333333333333,cotizando,54.634004804702194,5.46340048047022,D,0.0027779901550270365,3841.9689955643084,3858.1205253631233
intermitente,Trayectoria intermitente,intermitente_01033,378,56.41666666666667,cotizando,54.679325794027065,5.4679325794027065,D,0.0021492857102742235,3858.1205253631233,3871.8924134055624
intermitente,Trayectoria intermitente,intermitente_01033,379,56.5,cotizando,54.72468437883997,5.472468437883997,D,0.0016077038686946742,3871.8924134055624,3883.5985363643263
intermitente,Trayectoria intermitente,intermitente_01033,380,56.58333333333333,cotizando,54.77008059032778,5.477008059032778,D,0.001258484042881336,3883.5985363643263,3893.969883937576
intermitente,Trayectoria intermitente,intermitente_01033,381,56.66666666666667,cotizando,54.815514459703266,5.481551445970327,D,0.0011600346049899838,3893.969883937576,3903.974933989069
intermitente,Trayectoria intermitente,intermitente_01033,382,56.75,cotizando,54.86098601820509,5.486098601820509,D,0.0013050922609814507,3903.974933989069,3914.5632399291326
intermitente,Trayectoria intermitente,intermitente_01033,383,56.83333333333333,cotizando,54.90649529709781,5.490649529709781,D,0.0016224345225508865,3914.5632399291326,3926.41392021936
intermitente,Trayectoria intermitente,intermitente_01033,384,56.91666666666667,cotizando,54.952042327671926,5.495204232767193,D,0.00199890217216161,3926.41392021936,3939.7686261417366
intermitente,Trayectoria intermitente,intermitente_01033,385,57.0,cotizando,54.997627141243896,5.49976271412439,D,0.002314969391055575,3939.7686261417366,3954.401564415561
intermitente,Trayectoria intermitente,intermitente_01033,386,57.083333333333336,cotizando,55.04324976915616,5.504324976915616,D,0.0024826923621797774,3954.401564415561,3969.7371174990217
intermitente,Trayectoria intermitente,intermitente_01033,387,57.166666666666664,cotizando,55.08891024277715,5.508891024277716,D,0.0024739879347321623,3969.7371174990217,3985.080719185978
intermitente,Trayectoria intermitente,intermitente_01033,388,57.25,cotizando,55.13460859350134,5.513460859350134,D,0.0023301399978840082,3985.080719185978,3999.8928231595755
intermitente,Trayectoria intermitente,intermitente_01033,389,57.333333333333336,cotizando,55.18034485274921,5.518034485274921,D,0.002149285710274191,3999.8928231595755,4014.0196299649638
intermitente,Trayectoria intermitente,intermitente_01033,390,57.416666666666664,cotizando,55.22611905196733,5.522611905196733,D,0.0020555540258377055,4014.0196299649638,4027.8046281074617
intermitente,Trayectoria intermitente,intermitente_01033,391,57.5,cotizando,55.27193122262837,5.527193122262837,D,0.00215932954091798,4027.8046281074617,4042.04111377963
intermitente,Trayectoria intermitente,intermitente_01033,392,57.583333333333336,cotizando,55.31778139623106,5.531778139623107,D,0.0025209595402100843,4042.04111377963,4057.7766594158325
intermitente,Trayectoria intermitente,intermitente_01033,393,57.666666666666664,cotizando,55.363669604300306,5.536366960430031,D,0.0031292068303092964,4057.7766594158325,4076.0279732520835
intermitente,Trayectoria intermitente,intermitente_01033,394,57.75,cotizando,55.409595878387144,5.540959587838715,D,0.0039011899181655486,4076.0279732520835,4097.491908411015
intermitente,Trayectoria intermitente,intermitente_01033,395,57.833333333333336,cotizando,55.455560250068785,5.545556025006879,D,0.004703879600524708,4097.491908411015,4122.337658665171
intermitente,Trayectoria intermitente,intermitente_01033,396,57.916666666666664,cotizando,55.501562750948644,5.5501562750948645,D,0.005390537505661688,4122.337658665171,4150.139349025866
intermitente,Trayectoria intermitente,intermitente_01033,397,58.0,cotizando,55.547603412656336,5.554760341265634,D,0.005840889445497689,4150.139349025866,4179.967059229251
intermitente,Trayectoria intermitente,intermitente_01033,398,58.083333333333336,cotizando,55.59368226684772,5.559368226684772,D,0.005992763044444637,4179.967059229251,4210.609295551941
intermitente,Trayectoria intermitente,intermitente_01033,399,58.166666666666664,cotizando,55.63979934520493,5.563979934520493,D,0.005855705776740296,4210.609295551941,4240.861945691466
intermitente,Trayectoria intermitente,intermitente_01033,400,58.25,cotizando,55.68595467943635,5.568595467943635,D,0.005502839631555453,4240.861945691466,4269.797967433949
intermitente,Trayectoria intermitente,intermitente_01033,401,58.333333333333336,cotizando,55.73214830127671,5.573214830127672,D,0.0050440743237565215,4269.797967433949,4296.936472269064
intermitente,Trayectoria intermitente,intermitente_01033,402,58.416666666666664,cotizando,55.778380242487,5.577838024248701,D,0.004589614390908062,4296.936472269064,4322.261191888923
intermitente,Trayectoria intermitente,intermitente_01033,403,58.5,cotizando,55.82465053485465,5.582465053485465,D,0.0042156200805946896,4322.261191888923,4346.088201568289
intermitente,Trayectoria intermitente,intermitente_01033,404,58.583333333333336,cotizando,55.87095921019337,5.587095921019337,D,0.003943004511658714,4346.088201568289,4368.833972820583
intermitente,Trayectoria intermitente,intermitente_01033,405,58.666666666666664,cotizando,55.917306300343306,5.591730630034331,D,0.003735968729734335,4368.833972820583,4390.768421089255
intermitente,Trayectoria intermitente,intermitente_01033,406,58.75,cotizando,55.96369183717102,5.596369183717102,D,0.0035204051337762794,4390.768421089255,4411.841775450602
intermitente,Trayectoria intermitente,intermitente_01033,407,58.833333333333336,cotizando,56.01011585256948,5.601011585256948,D,0.003215814889092264,4411.841775450602,4431.648465322121
intermitente,Trayectoria intermitente,intermitente_01033,408,58.916666666666664,cotizando,56.05657837845813,5.605657837845813,D,0.0027699644929282123,4431.648465322121,4449.54515952722
intermitente,Trayectoria intermitente,intermitente_01033,409,59.0,cotizando,56.1030794467829,5.61030794467829,D,0.002184568296876584,4449.54515952722,4464.888058863794
intermitente,Trayectoria intermitente,intermitente_01033,410,59.083333333333336,cotizando,56.14961908951621,5.614961908951621,D,0.0015231329856784466,4464.888058863794,4477.31219138626
intermitente,Trayectoria intermitente,intermitente_01033,411,59.166666666666664,cotizando,56.19619733865698,5.619619733865698,D,0.0008978321649959542,4477.31219138626,4486.956731493633
intermitente,Trayectoria intermitente,intermitente_01033,412,59.25,cotizando,56.24281422623071,5.6242814226230715,D,0.00043906685719702425,4486.956731493633,4494.5535563423
intermitente,Trayectoria intermitente,intermitente_01033,413,59.333333333333336,cotizando,56.28946978428948,5.6289469784289485,D,0.0002570415998461865,4494.5535563423,4501.339237430982
intermitente,Trayectoria intermitente,intermitente_01033,414,59.416666666666664,cotizando,56.33616404491188,5.633616404491189,D,0.0004074253330266226,4501.339237430982,4508.809108751389
intermitente,Trayectoria intermitente,intermitente_01033,415,59.5,cotizando,56.3828970402032,5.63828970402032,D,0.0008720795590892154,4508.809108751389,4518.384355752187
intermitente,Trayectoria intermitente,intermitente_01033,416,59.583333333333336,cotizando,56.4296688022953,5.6429668802295305,D,0.0015612461131648701,4518.384355752187,4531.090442705728
intermitente,Trayectoria intermitente,intermitente_01033,417,59.666666666666664,cotizando,56.47647936334674,5.647647936334675,D,0.002336930667027827,4531.090442705728,4547.340133014357
intermitente,Trayectoria intermitente,intermitente_01033,418,59.75,cotizando,56.52332875554273,5.652332875554273,D,0.0030505937006609957,4547.340133014357,4566.881796025512
intermitente,Trayectoria intermitente,intermitente_01033,419,59.833333333333336,cotizando,56.570217011095174,5.657021701109517,D,0.0035837621742776256,4566.881796025512,4588.925709382006
intermitente,Trayectoria intermitente,intermitente_01033,420,59.916666666666664,cotizando,56.61714416224271,5.661714416224271,D,0.0038792288372611885,4588.925709382006,4612.410879827946
intermitente,Trayectoria intermitente,intermitente_01033,421,60.0,cotizando,56.664110241250725,5.666411024125073,D,0.003953417835668479,4612.410879827946,4636.334479980221
intermitente,Trayectoria intermitente,intermitente_01033,422,60.083333333333336,cotizando,56.71111528041137,5.671111528041138,D,0.003886352462914773,4636.334479980221,4660.046061371684
intermitente,Trayectoria intermitente,intermitente_01033,423,60.166666666666664,cotizando,56.758159312043546,5.675815931204355,D,0.0037926207784782597,4660.046061371684,4683.417191041347
intermitente,Trayectoria intermitente,intermitente_01033,424,60.25,cotizando,56.805242368493026,5.680524236849303,D,0.0037826073787024677,4683.417191041347,4706.834730895464
intermitente,Trayectoria intermitente,intermitente_01033,425,60.333333333333336,cotizando,56.85236448213237,5.685236448213238,D,0.003926200442739105,4706.834730895464,4731.022265325879
intermitente,Trayectoria intermitente,intermitente_01033,426,60.416666666666664,cotizando,56.899525685361,5.6899525685361,D,0.004230276642407128,4731.022265325879,4756.749820951578
intermitente,Trayectoria intermitente,intermitente_01033,427,60.5,cotizando,56.94672601060523,5.694672601060524,D,0.004636814227771007,4756.749820951578,4784.527063939313
intermitente,Trayectoria intermitente,intermitente_01033,428,60.583333333333336,cotizando,56.99396549031826,5.699396549031826,D,0.005041908095390927,4784.527063939313,4814.378342058237
intermitente,Trayectoria intermitente,intermitente_01033,429,60.666666666666664,cotizando,57.04124415698021,5.704124415698022,D,0.005329349096275691,4814.378342058237,4845.7703686106115
intermitente,Trayectoria intermitente,intermitente_01033,430,60.75,cotizando,57.08856204309815,5.708856204309815,D,0.005407876743605466,4845.7703686106115,4877.715426486883
intermitente,Trayectoria intermitente,intermitente_01033,431,60.833333333333336,cotizando,57.13591918120613,5.713591918120613,D,0.00524015377248127,4877.715426486883,4909.018937398444
intermitente,Trayectoria intermitente,intermitente_01033,432,60.916666666666664,cotizando,57.18331560386514,5.718331560386514,D,0.0048542633337051765,4909.018937398444,4938.594697878331
intermitente,Trayectoria intermitente,intermitente_01033,433,61.0,cotizando,57.23075134366324,5.723075134366325,D,0.004334202620057798,4938.594697878331,4965.747448058888
intermitente,Trayectoria intermitente,intermitente_01033,434,61.083333333333336,cotizando,57.27822643321548,5.727822643321549,D,0.0037926207784782623,4965.747448058888,4990.330191113566
intermitente,Trayectoria intermitente,intermitente_01033,435,61.166666666666664,cotizando,57.32574090516398,5.732574090516398,D,0.003334757221559475,4990.330191113566,5012.723421589711
intermitente,Trayectoria intermitente,intermitente_01033,436,61.25,cotizando,57.37329479217796,5.737329479217796,D,0.003025354944702434,5012.723421589711,5033.643376116969
intermitente,Trayectoria intermitente,intermitente_01033,437,61.333333333333336,cotizando,57.4208881269537,5.74208881269537,D,0.0028693517071870876,5033.643376116969,5053.845234216635
intermitente,Trayectoria intermitente,intermitente_01033,438,61.416666666666664,cotizando,57.4685209422146,5.7468520942214605,D,0.002812699658443125,5053.845234216635,5073.823199243884
intermitente,Trayectoria intermitente,intermitente_01033,439,61.5,cotizando,57.516193270711284,5.751619327071129,D,0.0027631526997762344,5073.823199243884,5093.610459444605
intermitente,Trayectoria intermitente,intermitente_01033,440,61.583333333333336,cotizando,57.56390514522145,5.7563905145221455,D,0.0026243716679126027,5093.610459444605,5112.749483844454
intermitente,Trayectoria intermitente,intermitente_01033,441,61.666666666666664,cotizando,57.61165659855001,5.761165659855002,D,0.0023323086289993443,5112.749483844454,5130.448596059771
intermitente,Trayectoria intermitente,intermitente_01033,442,61.75,informal,57.659447663529136,0.0,D,0.001881956689163377,5130.448596059771,5140.103878113535
intermitente,Trayectoria intermitente,intermitente_01033,443,61.833333333333336,informal,57.70727837301819,0.0,D,0.0013354882239926867,5140.103878113535,5146.968426312855
intermitente,Trayectoria intermitente,intermitente_01033,444,61.916666666666664,informal,57.75514875990379,0.0,D,0.0008086368412015292,5146.968426312855,5151.130454602872
intermitente,Trayectoria intermitente,intermitente_01033,445,62.0,informal,57.80305885709987,0.0,D,0.0004390668571970264,5151.130454602872,5153.392145262586
intermitente,Trayectoria intermitente,intermitente_01033,446,62.083333333333336,informal,57.851008697547634,0.0,D,0.0003462369236406254,5153.392145262586,5155.176439905276
intermitente,Trayectoria intermitente,intermitente_01033,447,62.166666666666664,desempleado,57.89899831421563,0.0,D,0.0005950700947123821,5155.176439905276,5158.2441312376295
intermitente,Trayectoria intermitente,intermitente_01033,448,62.25,desempleado,57.947027740099735,0.0,D,0.0011746911668024226,5158.2441312376295,5164.303475054805
intermitente,Trayectoria intermitente,intermitente_01033,449,62.333333333333336,desempleado,57.99509700822323,0.0,D,0.001998901977093756,5164.303475054805,5174.626411481405
intermitente,Trayectoria intermitente,intermitente_01033,450,62.416666666666664,desempleado,58.04320615163675,0.0,D,0.0029283738882074964,5174.626411481405,5189.7796523460165
intermitente,Trayectoria intermitente,intermitente_01033,451,62.5,desempleado,58.091355203418395,0.0,D,0.003807846134661013,5189.7796523460165,5209.541534734945
intermitente,Trayectoria intermitente,intermitente_01033,452,62.583333333333336,cotizando,58.139544196673654,5.813954419667366,D,0.004507031245568804,5209.541534734945,5238.861259300981
intermitente,Trayectoria intermitente,intermitente_01033,453,62.666666666666664,cotizando,58.187773164535514,5.818777316453552,D,0.0049528816417328024,5238.861259300981,5270.656316087559
intermitente,Trayectoria intermitente,intermitente_01033,454,62.75,cotizando,58.23604214016443,5.823604214016443,D,0.00514368297156078,5270.656316087559,5303.620460217413
intermitente,Trayectoria intermitente,intermitente_01033,455,62.833333333333336,cotizando,58.28435115674837,5.8284351156748375,D,0.005141209632263366,5303.620460217413,5336.745885135784
intermitente,Trayectoria intermitente,intermitente_01033,456,62.916666666666664,cotizando,58.332700247502835,5.833270024750284,D,0.00504407432375653,5336.745885135784,5369.527521499716
intermitente,Trayectoria intermitente,intermitente_01033,457,63.0,cotizando,58.38108944567087,5.838108944567087,D,0.004951244390200124,5369.527521499716,5401.980379367296
intermitente,Trayectoria intermitente,intermitente_01033,458,63.083333333333336,informal,58.42951878452311,0.0,D,0.004927642885774232,5401.980379367296,5428.599409552778
intermitente,Trayectoria intermitente,intermitente_01033,459,63.166666666666664,informal,58.47798829735778,0.0,D,0.0049828859143705335,5428.599409552778,5455.649501085399
intermitente,Trayectoria intermitente,intermitente_01033,460,63.25,informal,58.52649801750073,0.0,D,0.00506982692966322,5455.649501085399,5483.308699844805
intermitente,Trayectoria intermitente,intermitente_01033,461,63.333333333333336,informal,58.57504797830546,0.0,D,0.00510309650477692,5483.308699844805,5511.290553305596
intermitente,Trayectoria intermitente,intermitente_01033,462,63.416666666666664,informal,58.62363821315312,0.0,D,0.004991320601409516,5511.290553305596,5538.799171384665
intermitente,Trayectoria intermitente,intermitente_01033,463,63.5,informal,58.67226875545258,0.0,D,0.004672252434000035,5538.799171384665,5564.6778392946035
intermitente,Trayectoria intermitente,intermitente_01033,464,63.583333333333336,informal,58.720939638640395,0.0,D,0.004139083960383456,5564.6778392946035,5587.710508083929
intermitente,Trayectoria intermitente,intermitente_01033,465,63.666666666666664,informal,58.76965089618086,0.0,D,0.0034490224311761143,5587.710508083929,5606.982646965229
intermitente,Trayectoria intermitente,intermitente_01033,466,63.75,informal,58.818402561566074,0.0,D,0.00271092478227335,5606.982646965229,5622.182755176664
intermitente,Trayectoria intermitente,intermitente_01033,467,63.833333333333336,informal,58.867194668315854,0.0,D,0.0020555540258377016,5622.182755176664,5633.7394555730625
intermitente,Trayectoria intermitente,intermitente_01033,468,63.916666666666664,informal,58.91602724997786,0.0,D,0.0015976904689188945,5633.7394555730625,5642.740427405604
intermitente,Trayectoria intermitente,intermitente_01033,469,64.0,informal,58.96490034012758,0.0,D,0.00140207710691796,5642.740427405604,5650.65198457915
intermitente,Trayectoria intermitente,intermitente_01033,470,64.08333333333334,informal,59.01381397236834,0.0,D,0.0014641108046580377,5650.65198457915,5658.925165203134
intermitente,Trayectoria intermitente,intermitente_01033,471,64.16666666666666,informal,59.062768180331354,0.0,D,0.0017116298463452945,5658.925165203134,5668.611150414131
intermitente,Trayectoria intermitente,intermitente_01033,472,64.25,informal,59.11176299767575,0.0,D,0.0020275283901708303,5668.611150414131,5680.104420454434
intermitente,Trayectoria intermitente,intermitente_01033,473,64.33333333333334,informal,59.160798458088514,0.0,D,0.002286343173046388,5680.104420454434,5693.091088418331
intermitente,Trayectoria intermitente,intermitente_01033,474,64.41666666666666,informal,59.20987459528465,0.0,D,0.0023934970383853514,5693.091088418331,5706.717485077719
intermitente,Trayectoria intermitente,intermitente_01033,475,64.5,desempleado,59.258991443007105,0.0,D,0.002314969391055581,5706.717485077719,5719.928361379076
intermitente,Trayectoria intermitente,intermitente_01033,476,64.58333333333334,desempleado,59.308149035026794,0.0,D,0.002088097495956061,5719.928361379076,5731.87212946752
intermitente,Trayectoria intermitente,intermitente_01033,477,64.66666666666666,desempleado,59.357347405142676,0.0,D,0.0018100792842366486,5731.87212946752,5742.247272468962
intermitente,Trayectoria intermitente,intermitente_01033,478,64.75,cotizando,59.406586587181735,5.940658658718174,D,0.0016077038686946664,5742.247272468962,5757.429315102539
intermitente,Trayectoria intermitente,intermitente_01033,479,64.83333333333334,cotizando,59.45586661499902,5.9455866614999024,D,0.0015976904689188783,5757.429315102539,5772.582990913393
intermitente,Trayectoria intermitente,intermitente_01033,480,64.91666666666666,cotizando,59.50518752247764,5.950518752247764,D,0.0018499272640609794,5772.582990913393,5789.223376351462
adversa,Trayectoria adversa,adversa_00868,1,25.0,cotizando,40.0,4.0,A,0.008679999999999998,10.0,14.12152
adversa,Trayectoria adversa,adversa_00868,2,25.083333333333332,cotizando,40.03318152457385,4.003318152457385,A,0.009827486142760198,14.12152,18.302959748240433
adversa,Trayectoria adversa,adversa_00868,3,25.166666666666668,cotizando,40.06639057448702,4.0066390574487025,A,0.010336206183524772,18.302959748240433,22.540195418816456
adversa,Trayectoria adversa,adversa_00868,4,25.25,cotizando,40.099627172572845,4.0099627172572845,A,0.0104171986309609,22.540195418816456,26.826736407060643
adversa,Trayectoria adversa,adversa_00868,5,25.333333333333332,cotizando,40.13289134168357,4.013289134168357,A,0.010379008735728586,26.826736407060643,31.160114435731504
adversa,Trayectoria adversa,adversa_00868,6,25.416666666666668,cotizando,40.16618310469041,4.016618310469041,A,0.01051342867575762,31.160114435731504,35.54656081697391
adversa,Trayectoria adversa,adversa_00868,7,25.5,licencia,40.19950248448356,0.0,A,0.010989733509961241,35.54656081697391,35.937208047548076
adversa,Trayectoria adversa,adversa_00868,8,25.583333333333332,cotizando,40.2328495039722,4.02328495039722,A,0.011791674204378292,35.937208047548076,40.4316941124234
adversa,Trayectoria adversa,adversa_00868,9,25.666666666666668,cotizando,40.2662241860845,4.02662241860845,A,0.012717636852109058,40.4316941124234,45.02372125572963
adversa,Trayectoria adversa,adversa_00868,10,25.75,cotizando,40.299626553767666,4.0299626553767665,A,0.013444027579963425,45.02372125572963,49.71316299050612
adversa,Trayectoria adversa,adversa_00868,11,25.833333333333332,cotizando,40.33305662998793,4.033305662998793,A,0.01363158239112461,49.71316299050612,54.47911806918716
adversa,Trayectoria adversa,adversa_00868,12,25.916666666666668,desempleado,40.366514437730594,0.0,A,0.013040418595664313,54.47911806918716,55.18954857353198
adversa,Trayectoria adversa,adversa_00868,13,26.0,informal,40.4,0.0,A,0.011616666806495842,55.18954857353198,55.83066717051162
adversa,Trayectoria adversa,adversa_00868,14,26.083333333333332,informal,40.43351333981959,0.0,A,0.009522408502175396,55.83066717051162,56.36230959025823
adversa,Trayectoria adversa,adversa_00868,15,26.166666666666668,informal,40.467054480231894,0.0,A,0.0070985786152718815,56.36230959025823,56.762401875822974
adversa,Trayectoria adversa,adversa_00868,16,26.25,informal,40.500623444298576,0.0,A,0.004771779756822687,56.762401875822974,57.033259556042665
adversa,Trayectoria adversa,adversa_00868,17,26.333333333333332,informal,40.53422025510041,0.0,A,0.0029338272984144043,57.033259556042665,57.20058528984573
adversa,Trayectoria adversa,adversa_00868,18,26.416666666666668,informal,40.56784493573731,0.0,A,0.0018316138323691796,57.20058528984573,57.30535467308222
adversa,Trayectoria adversa,adversa_00868,19,26.5,informal,40.6014975093284,0.0,A,0.00150174536927232,57.30535467308222,57.39141272409703
adversa,Trayectoria adversa,adversa_00868,20,26.583333333333332,informal,40.635177999011916,0.0,A,0.0017703365107813506,57.39141272409703,57.49301483744782
adversa,Trayectoria adversa,adversa_00868,21,26.666666666666668,informal,40.668886427945345,0.0,A,0.00231780528830527,57.49301483744782,57.626272451278666
adversa,Trayectoria adversa,adversa_00868,22,26.75,informal,40.70262281930535,0.0,A,0.002787989068178233,57.626272451278666,57.7869338689127
adversa,Trayectoria adversa,adversa_00868,23,26.833333333333332,informal,40.736387196287815,0.0,A,0.002906915935685982,57.7869338689127,57.954915627850674
adversa,Trayectoria adversa,adversa_00868,24,26.916666666666668,informal,40.7701795821079,0.0,A,0.002573548354631464,57.954915627850674,58.104065405607535
adversa,Trayectoria adversa,adversa_00868,25,27.0,informal,40.804,0.0,A,-0.18010627182346325,58.104065405607535,47.639158807616894
adversa,Trayectoria adversa,adversa_00868,26,27.083333333333332,informal,40.83784847321779,0.0,A,-0.07585342739937259,47.639158807616894,44.025565333636145
adversa,Trayectoria adversa,adversa_00868,27,27.166666666666668,informal,40.871725025034216,0.0,A,0.07769399012987015,44.025565333636145,47.44608717212962
adversa,Trayectoria adversa,adversa_00868,28,27.25,informal,40.90562967874156,0.0,A,0.04986201766596698,47.44608717212962,49.81184480888736
adversa,Trayectoria adversa,adversa_00868,29,27.333333333333332,informal,40.93956245765141,0.0,A,0.0018316138323691805,49.81184480888736,49.903080872855135
adversa,Trayectoria adversa,adversa_00868,30,27.416666666666668,informal,40.973523385094694,0.0,A,0.003573555001719751,49.903080872855135,50.08141227710955
adversa,Trayectoria adversa,adversa_00868,31,27.5,informal,41.00751248442168,0.0,A,0.005848126137733869,50.08141227710955,50.37429469326194
adversa,Trayectoria adversa,adversa_00868,32,27.583333333333332,informal,41.04152977900203,0.0,A,0.008269811302949735,50.37429469326194,50.7908806048944
adversa,Trayectoria adversa,adversa_00868,33,27.666666666666668,informal,41.0755752922248,0.0,A,0.010416669393816913,50.7908806048944,51.31995241637642
adversa,Trayectoria adversa,adversa_00868,34,27.75,informal,41.109649047498394,0.0,A,0.01195003438755036,51.31995241637642,51.93322761251956
adversa,Trayectoria adversa,adversa_00868,35,27.833333333333332,informal,41.143751068250694,0.0,A,0.012707051014609795,51.93322761251956,52.59314578514519
adversa,Trayectoria adversa,adversa_00868,36,27.916666666666668,informal,41.17788137792898,0.0,A,0.01273732149948309,52.59314578514519,53.263041591679766
adversa,Trayectoria adversa,adversa_00868,37,28.0,informal,41.21204,0.0,A,0.01227279489228557,53.263041591679766,53.91672797647373
adversa,Trayectoria adversa,adversa_00868,38,28.083333333333332,informal,41.246226957949965,0.0,A,0.011641290471197855,53.91672797647373,54.54438826810441
adversa,Trayectoria adversa,adversa_00868,39,28.166666666666668,informal,41.28044227528456,0.0,A,0.011151946501072948,54.54438826810441,55.15266436800407
adversa,Trayectoria adversa,adversa_00868,40,28.25,informal,41.314685975528974,0.0,A,0.010989733509961236,55.15266436800407,55.75877745177276
adversa,Trayectoria adversa,adversa_00868,41,28.333333333333332,informal,41.348958082227924,0.0,A,0.011153156379062971,55.75877745177276,56.38066381619775
adversa,Trayectoria adversa,adversa_00868,42,28.416666666666668,informal,41.38325861894564,0.0,A,0.011455355116639787,56.38066381619775,57.02652434192419
adversa,Trayectoria adversa,adversa_00868,43,28.5,informal,41.417587609265894,0.0,A,0.01158843131863876,57.02652434192419,57.687372302601254
adversa,Trayectoria adversa,adversa_00868,44,28.583333333333332,informal,41.451945076792065,0.0,A,0.011230467075166294,57.687372302601254,58.335228437898486
adversa,Trayectoria adversa,adversa_00868,45,28.666666666666668,informal,41.48633104514705,0.0,A,0.010160853723814728,58.335228437898486,58.92796416100129
adversa,Trayectoria adversa,adversa_00868,46,28.75,informal,41.520745537973376,0.0,A,0.008346632418945484,58.92796416100129,59.41981421704996
adversa,Trayectoria adversa,adversa_00868,47,28.833333333333332,informal,41.5551885789332,0.0,A,0.0059715178034892525,59.41981421704996,59.77464069552709
adversa,Trayectoria adversa,adversa_00868,48,28.916666666666668,informal,41.58966019170827,0.0,A,0.003397304183405285,59.77464069552709,59.97771333242355
adversa,Trayectoria adversa,adversa_00868,49,29.0,informal,41.6241604,0.0,A,0.0010687326673801077,59.97771333242355,60.041813473976674
adversa,Trayectoria adversa,adversa_00868,50,29.083333333333332,informal,41.658689227529464,0.0,A,-0.0006091515216041256,60.041813473976674,60.00523891193913
adversa,Trayectoria adversa,adversa_00868,51,29.166666666666668,informal,41.6932466980374,0.0,A,-0.0013832991649385118,60.00523891193913,59.92223371506031
adversa,Trayectoria adversa,adversa_00868,52,29.25,informal,41.72783283528426,0.0,A,-0.0012198762958367886,59.92223371506031,59.849136002557714
adversa,Trayectoria adversa,adversa_00868,53,29.333333333333332,informal,41.762447663050196,0.0,A,-0.0003057429060372904,59.849136002557714,59.83083755379247
adversa,Trayectoria adversa,adversa_00868,54,29.416666666666668,informal,41.79709120513509,0.0,A,0.0010158735148210042,59.83083755379247,59.89161811703292
adversa,Trayectoria adversa,adversa_00868,55,29.5,informal,41.83176348535856,0.0,A,0.002354976366286011,59.89161811703292,60.03266146223716
adversa,Trayectoria adversa,adversa_00868,56,29.583333333333332,informal,41.86646452755998,0.0,A,0.0033950500278208734,60.03266146223716,60.23647535120468
adversa,Trayectoria adversa,adversa_00868,57,29.666666666666668,informal,41.90119435559851,0.0,A,0.003986213823281169,60.23647535120468,60.47659082191539
adversa,Trayectoria adversa,adversa_00868,58,29.75,desempleado,41.93595299335311,0.0,A,0.004182337139753601,60.47659082191539,60.729524313795565
adversa,Trayectoria adversa,adversa_00868,59,29.833333333333332,cotizando,41.97074046472253,4.197074046472253,A,0.004211101864754666,60.729524313795565,65.20001087969491
adversa,Trayectoria adversa,adversa_00868,60,29.916666666666668,cotizando,42.00555679362536,4.2005556793625365,A,0.004387352683069126,65.20001087969491,69.70505132095685
adversa,Trayectoria adversa,adversa_00868,61,30.0,cotizando,42.04040200400001,4.204040200400001,A,0.004998077457301765,69.70505132095685,74.2784948855794
adversa,Trayectoria adversa,adversa_00868,62,30.083333333333332,cotizando,42.075276119804755,4.207527611980476,A,0.0061963022124047,74.2784948855794,78.97234561240437
adversa,Trayectoria adversa,adversa_00868,63,30.166666666666668,cotizando,42.110179165017776,4.211017916501778,A,0.007938243381755267,78.97234561240437,83.84369331391161
adversa,Trayectoria adversa,adversa_00868,64,30.25,cotizando,42.145111163637104,4.214511116363711,A,0.009984185929068684,83.84369331391161,88.93739391588713
adversa,Trayectoria adversa,adversa_00868,65,30.333333333333332,cotizando,42.18007213968071,4.218007213968071,A,0.011963173856148703,88.93739391588713,94.26983538921093
adversa,Trayectoria adversa,adversa_00868,66,30.416666666666668,cotizando,42.21506211718644,4.221506211718644,A,0.013481198657944162,94.26983538921093,99.81912294313915
adversa,Trayectoria adversa,adversa_00868,67,30.5,cotizando,42.250081120212144,4.225008112021214,A,0.014238643350767246,99.81912294313915,105.52557832999528
adversa,Trayectoria adversa,adversa_00868,68,30.583333333333332,cotizando,42.28512917283558,4.228512917283559,A,0.014119716483259501,105.52557832999528,111.30378789856822
adversa,Trayectoria adversa,adversa_00868,69,30.666666666666668,cotizando,42.3202062991545,4.23202062991545,A,0.013225455591617984,111.30378789856822,117.06382223341882
adversa,Trayectoria adversa,adversa_00868,70,30.75,cotizando,42.35531252328664,4.235531252328665,A,0.011839782190393347,117.06382223341882,122.73551141085426
adversa,Trayectoria adversa,adversa_00868,71,30.833333333333332,cotizando,42.39044786936976,4.239044786936976,A,0.010339358697713602,122.73551141085426,128.2873916798032
adversa,Trayectoria adversa,adversa_00868,72,30.916666666666668,desempleado,42.425612361561605,0.0,A,0.009075867084254303,128.2873916798032,129.45171099527477
adversa,Trayectoria adversa,adversa_00868,73,31.0,desempleado,42.460806024040004,0.0,A,-0.21573188815514782,129.45171099527477,101.52484895734963
adversa,Trayectoria adversa,adversa_00868,74,31.083333333333332,desempleado,42.49602888100281,0.0,A,0.11293824338175527,101.52484895734963,112.99088705819072
adversa,Trayectoria adversa,adversa_00868,75,31.166666666666668,desempleado,42.531280956667956,0.0,A,0.07091237629662125,112.99088705819072,121.00333935935018
adversa,Trayectoria adversa,adversa_00868,76,31.25,desempleado,42.566562275273476,0.0,A,0.007885384229196182,121.00333935935018,121.95749718321447
adversa,Trayectoria adversa,adversa_00868,77,31.333333333333332,desempleado,42.60187286107751,0.0,A,0.007529192643299703,121.95749718321447,122.87573867380156
adversa,Trayectoria adversa,adversa_00868,78,31.416666666666668,cotizando,42.63721273835831,4.263721273835831,A,0.006609963025128573,122.87573867380156,127.97984707692609
adversa,Trayectoria adversa,adversa_00868,79,31.5,cotizando,42.672581931414264,4.267258193141426,A,0.00507659803139513,127.97984707692609,132.91847066433925
adversa,Trayectoria adversa,adversa_00868,80,31.583333333333332,cotizando,42.70798046456393,4.2707980464563935,A,0.00309195293163965,132.91847066433925,137.6134514723755
adversa,Trayectoria adversa,adversa_00868,81,31.666666666666668,cotizando,42.74340836214605,4.274340836214605,A,0.0009961888674469774,137.6134514723755,142.02913934771453
adversa,Trayectoria adversa,adversa_00868,82,31.75,cotizando,42.77886564851951,4.2778865648519515,A,-0.0007868635939445592,142.02913934771453,146.19190224033758
adversa,Trayectoria adversa,adversa_00868,83,31.833333333333332,cotizando,42.81435234806346,4.281435234806346,A,-0.001871433257073391,146.19190224033758,150.1917366670901
adversa,Trayectoria adversa,adversa_00868,84,31.916666666666668,cotizando,42.849868485177225,4.284986848517723,A,-0.002021816990253833,150.1917366670901,154.16439985140522
adversa,Trayectoria adversa,adversa_00868,85,32.0,cotizando,42.8854140842804,4.28854140842804,A,-0.0012198762958367873,154.16439985140522,158.25964827278477
adversa,Trayectoria adversa,adversa_00868,86,32.083333333333336,cotizando,42.92098916981283,4.292098916981283,A,0.0003327749192780267,158.25964827278477,162.60584033431564
adversa,Trayectoria adversa,adversa_00868,87,32.166666666666664,cotizando,42.95659376623463,4.295659376623464,A,0.002278155250290264,162.60584033431564,167.28172723878689
adversa,Trayectoria adversa,adversa_00868,88,32.25,cotizando,42.992227898026215,4.299222789802622,A,0.00421057262761067,167.28172723878689,172.30340408019933
adversa,Trayectoria adversa,adversa_00868,89,32.333333333333336,cotizando,43.02789158968829,4.302789158968829,A,0.00579616534377917,172.30340408019933,177.62983193591782
adversa,Trayectoria adversa,adversa_00868,90,32.416666666666664,cotizando,43.063584865741895,4.306358486574189,A,0.006865778695130771,177.62983193591782,183.185324042568
adversa,Trayectoria adversa,adversa_00868,91,32.5,cotizando,43.099307750728414,4.309930775072842,A,0.007452371527303961,183.185324042568,188.89253911614844
adversa,Trayectoria adversa,adversa_00868,92,32.583333333333336,cotizando,43.135060269209575,4.313506026920957,A,0.00776199256344082,188.89253911614844,194.70570902868172
adversa,Trayectoria adversa,adversa_00868,93,32.666666666666664,cotizando,43.17084244576751,4.317084244576751,A,0.008088627114935704,194.70570902868172,200.6326144354188
adversa,Trayectoria adversa,adversa_00868,94,32.75,cotizando,43.206654305004704,4.320665430500471,A,0.008701124546744352,200.6326144354188,206.73660388029637
adversa,Trayectoria adversa,adversa_00868,95,32.833333333333336,cotizando,43.242495871544094,4.3242495871544095,A,0.009739281032423245,206.73660388029637,213.1164344343134
adversa,Trayectoria adversa,adversa_00868,96,32.916666666666664,cotizando,43.27836717002899,4.327836717002899,A,0.011153156379062973,213.1164344343134,219.8694611111983
adversa,Trayectoria adversa,adversa_00868,97,33.0,cotizando,43.31426822512321,4.331426822512321,A,0.012705807594177776,219.8694611111983,227.04954127824016
adversa,Trayectoria adversa,adversa_00868,98,33.083333333333336,cotizando,43.35019906151096,4.335019906151096,A,0.01403925327296735,227.04954127824016,234.63302764231335
adversa,Trayectoria adversa,adversa_00868,99,33.166666666666664,licencia,43.38615970389698,0.0,A,0.014783130431428433,234.63302764231335,238.10163829347064
adversa,Trayectoria adversa,adversa_00868,100,33.25,licencia,43.42215017700647,0.0,A,0.014671656052659465,238.10163829347064,241.59498363608716
adversa,Trayectoria adversa,adversa_00868,101,33.333333333333336,licencia,43.458170505585166,0.0,A,0.013631582391124606,241.59498363608716,244.8883055608049
adversa,Trayectoria adversa,adversa_00868,102,33.416666666666664,licencia,43.49422071439931,0.0,A,0.011812790122968287,244.8883055608049,247.78111971796403
adversa,Trayectoria adversa,adversa_00868,103,33.5,licencia,43.530300828235696,0.0,A,0.00955117322717648,247.78111971796403,250.14772011481406
adversa,Trayectoria adversa,adversa_00868,104,33.583333333333336,cotizando,43.56641087190167,4.356641087190167,A,0.007274829433586363,250.14772011481406,256.35583701985263
adversa,Trayectoria adversa,adversa_00868,105,33.666666666666664,cotizando,43.60255087022519,4.3602550870225185,A,0.005382504531055326,256.35583701985263,262.1193976539594
adversa,Trayectoria adversa,adversa_00868,106,33.75,cotizando,43.63872084805475,4.363872084805475,A,0.004132052053517343,262.1193976539594,267.58439248071693
adversa,Trayectoria adversa,adversa_00868,107,33.833333333333336,cotizando,43.67492083025954,4.367492083025954,A,0.003573555001719744,267.58439248071693,272.9237195810528
adversa,Trayectoria adversa,adversa_00868,108,33.916666666666664,cotizando,43.711150841729285,4.371115084172929,A,0.0035476879165857273,272.9237195810528,278.27859019949915
adversa,Trayectoria adversa,adversa_00868,109,34.0,cotizando,43.74741090737444,4.3747410907374435,A,0.0037493244378613818,278.27859019949915,283.713090332686
adversa,Trayectoria adversa,adversa_00868,110,34.083333333333336,cotizando,43.78370105212607,4.378370105212607,A,0.003835830090100738,283.713090332686,289.1965303305474
adversa,Trayectoria adversa,adversa_00868,111,34.166666666666664,cotizando,43.820021300935956,4.382002130093595,A,0.003545433761001301,289.1965303305474,294.61939570113213
adversa,Trayectoria adversa,adversa_00868,112,34.25,informal,43.85637167877654,0.0,A,0.0027879890681782324,294.61939570113213,295.4407913556202
adversa,Trayectoria adversa,adversa_00868,113,34.333333333333336,informal,43.89275221064103,0.0,A,0.0016792874629899498,295.4407913556202,295.9369213725995
adversa,Trayectoria adversa,adversa_00868,114,34.416666666666664,informal,43.92916292154331,0.0,A,0.0005080547753120973,295.9369213725995,296.087273538694
adversa,Trayectoria adversa,adversa_00868,115,34.5,informal,43.965603836518056,0.0,A,-0.00035385089205234075,296.087273538694,295.98250279282695
adversa,Trayectoria adversa,adversa_00868,116,34.583333333333336,informal,44.00207498062069,0.0,A,-0.0005695014835891373,295.98250279282695,295.81394031837
adversa,Trayectoria adversa,adversa_00868,117,34.666666666666664,informal,44.03857637892743,0.0,A,5.4262426564812406e-05,295.81394031837,295.82999190058337
adversa,Trayectoria adversa,adversa_00868,118,34.75,informal,44.0751080565353,0.0,A,0.0015017453692723018,295.82999190058337,296.2742532210119
adversa,Trayectoria adversa,adversa_00868,119,34.833333333333336,informal,44.11167003856213,0.0,A,0.0035476879165857187,296.2742532210119,297.32534180915957
adversa,Trayectoria adversa,adversa_00868,120,34.916666666666664,cotizando,44.14826235014658,4.414826235014658,A,0.005821134070308793,297.32534180915957,303.49663801675683
adversa,Trayectoria adversa,adversa_00868,121,35.0,cotizando,44.18488501644818,4.418488501644818,B,0.006475055627279198,303.49663801675683,309.90889409108905
adversa,Trayectoria adversa,adversa_00868,122,35.083333333333336,cotizando,44.22153806264734,4.422153806264734,B,0.007706758993041805,309.90889409108905,316.75352152752896
adversa,Trayectoria adversa,adversa_00868,123,35.166666666666664,cotizando,44.25822151394531,4.425822151394531,B,0.008429010835890554,316.75352152752896,323.8865678470574
adversa,Trayectoria adversa,adversa_00868,124,35.25,cotizando,44.29493539556431,4.429493539556431,B,0.008681959068408638,323.8865678470574,331.16648799307353
adversa,Trayectoria adversa,adversa_00868,125,35.333333333333336,cotizando,44.33167973274743,4.4331679732747435,B,0.0086423535981189,331.16648799307353,338.5000268606165
adversa,Trayectoria adversa,adversa_00868,126,35.416666666666664,cotizando,44.36845455075874,4.436845455075875,B,0.008555295466060424,338.5000268606165,345.87079858455974
adversa,Trayectoria adversa,adversa_00868,127,35.5,cotizando,44.40525987488323,4.440525987488323,B,0.008644566349197086,345.87079858455974,353.3396140601863
adversa,Trayectoria adversa,adversa_00868,128,35.583333333333336,cotizando,44.4420957304269,4.4442095730426905,B,0.009030730047271864,353.3396140601863,361.0148727597414
adversa,Trayectoria adversa,adversa_00868,129,35.666666666666664,cotizando,44.47896214271671,4.447896214271672,B,0.009683756975906501,361.0148727597414,369.0018216124993
adversa,Trayectoria adversa,adversa_00868,130,35.75,cotizando,44.515859137100655,4.4515859137100655,B,0.010425922974402313,369.0018216124993,377.3470039876058
adversa,Trayectoria adversa,adversa_00868,131,35.833333333333336,cotizando,44.55278673894775,4.455278673894775,B,0.010984664396692182,377.3470039876058,385.99625260242817
adversa,Trayectoria adversa,adversa_00868,132,35.916666666666664,cotizando,44.58974497364805,4.458974497364806,B,0.011079039091790659,385.99625260242817,394.7810958244256
adversa,Trayectoria adversa,adversa_00868,133,36.0,cotizando,44.62673386661266,4.462673386661266,B,0.010512549700739964,394.7810958244256,403.4408391776292
adversa,Trayectoria adversa,adversa_00868,134,36.083333333333336,cotizando,44.66375344327381,4.466375344327381,B,0.009242808517239931,403.4408391776292,411.6774227985838
adversa,Trayectoria adversa,adversa_00868,135,36.166666666666664,cotizando,44.70080372908477,4.470080372908477,B,0.007405607712663886,411.6774227985838,419.22932833058485
adversa,Trayectoria adversa,adversa_00868,136,36.25,cotizando,44.73788474951995,4.473788474951995,B,0.0052851805168491,419.22932833058485,425.94246426340567
adversa,Trayectoria adversa,adversa_00868,137,36.333333333333336,licencia,44.77499653007491,0.0,B,0.003239306847779541,425.94246426340567,427.32222260465426
adversa,Trayectoria adversa,adversa_00868,138,36.416666666666664,licencia,44.81213909626633,0.0,B,0.001602096405467593,427.32222260465426,428.00683400146556
adversa,Trayectoria adversa,adversa_00868,139,36.5,licencia,44.84931247363207,0.0,B,0.0005942868927961233,428.00683400146556,428.2611928529398
adversa,Trayectoria adversa,adversa_00868,140,36.583333333333336,desempleado,44.88651668773117,0.0,B,0.0002685090263710635,428.2611928529398,428.37618484886525
adversa,Trayectoria adversa,adversa_00868,141,36.666666666666664,desempleado,44.92375176414388,0.0,B,0.0005059508916100007,428.37618484886525,428.5929221615341
adversa,Trayectoria adversa,adversa_00868,142,36.75,desempleado,44.96101772847166,0.0,B,0.0010646923138998797,428.5929221615341,429.0492417515514
adversa,Trayectoria adversa,adversa_00868,143,36.833333333333336,desempleado,44.998314606337225,0.0,B,0.0016637911422552267,429.0492417515514,429.76309007956894
adversa,Trayectoria adversa,adversa_00868,144,36.916666666666664,desempleado,45.03564242338452,0.0,B,0.0020761065462642134,429.76309007956894,430.6553240442259
adversa,Trayectoria adversa,adversa_00868,145,37.0,desempleado,45.07300120527879,0.0,B,0.0022003385735104423,430.6553240442259,431.6029115656081
adversa,Trayectoria adversa,adversa_00868,146,37.083333333333336,desempleado,45.11039097770655,0.0,B,0.0020896190943829724,431.6029115656081,432.50479725080686
adversa,Trayectoria adversa,adversa_00868,147,37.166666666666664,desempleado,45.14781176637562,0.0,B,0.0019280074355792405,432.50479725080686,433.33866971583006
adversa,Trayectoria adversa,adversa_00868,148,37.25,cotizando,45.18526359701515,4.518526359701515,B,0.0019629554920347504,433.33866971583006,438.71669026329505
adversa,Trayectoria adversa,adversa_00868,149,37.333333333333336,cotizando,45.22274649537565,4.522274649537565,B,0.0024158940868169694,438.71669026329505,444.30978330721234
adversa,Trayectoria adversa,adversa_00868,150,37.416666666666664,cotizando,45.26026048722899,4.526026048722899,B,0.0034000776004942616,444.30978330721234,450.3618859376261
adversa,Trayectoria adversa,adversa_00868,151,37.5,informal,45.297805598368384,0.0,B,0.004872492490882492,450.3618859376261,452.55627084503686
adversa,Trayectoria adversa,adversa_00868,152,37.583333333333336,informal,45.33538185460848,0.0,B,0.006635737191240221,452.55627084503686,455.55931532261224
adversa,Trayectoria adversa,adversa_00868,153,37.666666666666664,informal,45.37298928178532,0.0,B,0.008389791226341134,455.55931532261224,459.38136286938385
adversa,Trayectoria adversa,adversa_00868,154,37.75,informal,45.41062790575638,0.0,B,0.009817605328019193,459.38136286938385,463.89138778508305
adversa,Trayectoria adversa,adversa_00868,155,37.833333333333336,informal,45.4482977524006,0.0,B,0.010677556814450257,463.89138778508305,468.8446144338924
adversa,Trayectoria adversa,adversa_00868,156,37.916666666666664,informal,45.485998847618376,0.0,B,0.010873500273061144,468.8446144338924,473.94259647696254
adversa,Trayectoria adversa,adversa_00868,157,38.0,informal,45.52373121733158,0.0,B,0.01048015182522192,473.94259647696254,478.909586844481
adversa,Trayectoria adversa,adversa_00868,158,38.083333333333336,licencia,45.56149488748361,0.0,B,0.009715660022415943,478.909586844481,483.5625095717377
adversa,Trayectoria adversa,adversa_00868,159,38.166666666666664,licencia,45.599289884039365,0.0,B,0.008869959294557134,483.5625095717377,487.8516893480129
adversa,Trayectoria adversa,adversa_00868,160,38.25,desempleado,45.637116232985306,0.0,B,0.008211553647304868,487.8516893480129,491.8577096670224
adversa,Trayectoria adversa,adversa_00868,161,38.333333333333336,cotizando,45.67497396032942,4.567497396032942,B,0.00790226853742579,491.8577096670224,500.34809235801475
adversa,Trayectoria adversa,adversa_00868,162,38.416666666666664,cotizando,45.71286309210129,4.571286309210129,B,0.007947036603440542,500.34809235801475,508.9319914512798
adversa,Trayectoria adversa,adversa_00868,163,38.5,cotizando,45.75078365435207,4.575078365435207,B,0.008194717515696816,508.9319914512798,517.7151151961762
adversa,Trayectoria adversa,adversa_00868,164,38.583333333333336,cotizando,45.78873567315456,4.578873567315457,B,0.008389791226341153,517.7151151961762,526.6759262879903
adversa,Trayectoria adversa,adversa_00868,165,38.666666666666664,cotizando,45.82671917460317,4.582671917460317,B,0.00825862500356264,526.6759262879903,535.6460637479477
adversa,Trayectoria adversa,adversa_00868,166,38.75,informal,45.86473418481394,0.0,B,0.0076030127018922415,535.6460637479477,539.7185875743419
adversa,Trayectoria adversa,adversa_00868,167,38.833333333333336,desempleado,45.90278072992461,0.0,B,0.006371309336129623,539.7185875743419,543.1573016502371
adversa,Trayectoria adversa,adversa_00868,168,38.916666666666664,desempleado,45.940858836094556,0.0,B,0.00468449226473397,543.1573016502371,545.7017178283514
adversa,Trayectoria adversa,adversa_00868,169,39.0,desempleado,45.978968529504904,0.0,B,0.0028086562198935635,545.7017178283514,547.2344063523366
adversa,Trayectoria adversa,adversa_00868,170,39.083333333333336,desempleado,46.01710983635844,0.0,B,0.001082306707720445,547.2344063523366,547.8266818210271
adversa,Trayectoria adversa,adversa_00868,171,39.166666666666664,desempleado,46.055282782879765,0.0,B,-0.0001789790835340569,547.8266818210271,547.7286323035793
adversa,Trayectoria adversa,adversa_00868,172,39.25,informal,46.09348739531516,0.0,B,-0.000770893162124923,547.7286323035793,547.3063920462364
adversa,Trayectoria adversa,adversa_00868,173,39.333333333333336,cotizando,46.131723699932714,4.613172369993271,B,-0.000654413664745506,547.3063920462364,551.5583807114353
adversa,Trayectoria adversa,adversa_00868,174,39.416666666666664,cotizando,46.16999172302229,4.616999172302229,B,4.0903329932836434e-05,551.5583807114353,556.1981293088015
adversa,Trayectoria adversa,adversa_00868,175,39.5,cotizando,46.20829149089559,4.620829149089559,B,0.0010646923138998676,556.1981293088015,561.4160580924506
adversa,Trayectoria adversa,adversa_00868,176,39.583333333333336,cotizando,46.24662302988611,4.624662302988611,B,0.0021288387039323504,561.4160580924506,567.2457297890188
adversa,Trayectoria adversa,adversa_00868,177,39.666666666666664,cotizando,46.2849863663492,4.62849863663492,B,0.0029990292373807737,567.2457297890188,573.5892959568068
adversa,Trayectoria adversa,adversa_00868,178,39.75,cotizando,46.32338152666208,4.632338152666208,B,0.003565518628431499,573.5892959568068,580.2832941172525
adversa,Trayectoria adversa,adversa_00868,179,39.833333333333336,cotizando,46.36180853722386,4.636180853722386,B,0.0038706945833846427,580.2832941172525,587.1835196144613
adversa,Trayectoria adversa,adversa_00868,180,39.916666666666664,cotizando,46.4002674244555,4.64002674244555,B,0.004085007575638314,587.1835196144613,594.2411500272159
adversa,Trayectoria adversa,adversa_00868,181,40.0,cotizando,46.43875821479995,4.643875821479995,B,0.004439479788990278,594.2411500272159,601.5437638168801
adversa,Trayectoria adversa,adversa_00868,182,40.083333333333336,cotizando,46.47728093472203,4.647728093472203,B,0.005137009534746821,601.5437638168801,609.3055033841781
adversa,Trayectoria adversa,adversa_00868,183,40.166666666666664,cotizando,46.515835610708564,4.651583561070857,B,0.006271576781604563,609.3055033841781,617.8075659566364
adversa,Trayectoria adversa,adversa_00868,184,40.25,cotizando,46.55442226926831,4.655442226926831,B,0.007782029489730207,617.8075659566364,627.3070336695139
adversa,Trayectoria adversa,adversa_00868,185,40.333333333333336,cotizando,46.59304093693204,4.659304093693204,B,0.009456151279468262,627.3070336695139,637.9423070566274
adversa,Trayectoria adversa,adversa_00868,186,40.416666666666664,cotizando,46.63169164025252,4.663169164025252,B,0.010984664396692156,637.9423070566274,649.6642817164131
adversa,Trayectoria adversa,adversa_00868,187,40.5,cotizando,46.670374405804544,4.667037440580454,B,0.012048810786724663,649.6642817164131,662.2152334133442
adversa,Trayectoria adversa,adversa_00868,188,40.583333333333336,cotizando,46.709089260184975,4.670908926018497,B,0.012414277186916222,662.2152334133442,675.1650517624768
adversa,Trayectoria adversa,adversa_00868,189,40.666666666666664,cotizando,46.747836230012695,4.67478362300127,B,0.012001961782907229,675.1650517624768,687.9992471082726
adversa,Trayectoria adversa,adversa_00868,190,40.75,cotizando,46.7866153419287,4.67866153419287,B,0.01091316452711413,687.9992471082726,700.237216623778
adversa,Trayectoria adversa,adversa_00868,191,40.833333333333336,cotizando,46.8254266225961,4.68254266225961,B,0.009400996193919214,700.237216623778,711.5467072601041
adversa,Trayectoria adversa,adversa_00868,192,40.916666666666664,cotizando,46.86427009870006,4.686427009870006,B,0.0077966528702601194,711.5467072601041,721.8173553920556
adversa,Trayectoria adversa,adversa_00868,193,41.0,cotizando,46.90314579694795,4.690314579694795,B,0.0064133608904916135,721.8173553920556,731.1670258489895
adversa,Trayectoria adversa,adversa_00868,194,41.08333333333333,cotizando,46.942053744069256,4.694205374406926,B,0.0054577791002551855,731.1670258489895,739.8773992718556
adversa,Trayectoria adversa,adversa_00868,195,41.16666666666667,cotizando,46.980993966815646,4.698099396681565,B,0.004976238782032112,739.8773992718556,748.2806841411623
adversa,Trayectoria adversa,adversa_00868,196,41.25,cotizando,47.019966491960986,4.701996649196099,B,0.0048521678149568625,748.2806841411623,756.6362791193093
adversa,Trayectoria adversa,adversa_00868,197,41.33333333333333,cotizando,47.058971346301355,4.705897134630136,B,0.004854878097061934,756.6362791193093,765.0383997098041
adversa,Trayectoria adversa,adversa_00868,198,41.41666666666667,cotizando,47.098008556655046,4.709800855665505,B,0.004723711874283409,765.0383997098041,773.3842692806891
adversa,Trayectoria adversa,adversa_00868,199,41.5,cotizando,47.13707814986259,4.713707814986259,B,0.0042604630011522674,773.3842692806891,781.4130347383629
adversa,Trayectoria adversa,adversa_00868,200,41.58333333333333,cotizando,47.17618015278682,4.717618015278682,B,0.0034005115147211834,781.4130347383629,788.8038990904056
adversa,Trayectoria adversa,adversa_00868,201,41.66666666666667,cotizando,47.21531459231282,4.721531459231282,B,0.0022400028275634076,788.8038990904056,795.3029297578115
adversa,Trayectoria adversa,adversa_00868,202,41.75,cotizando,47.254481495347996,4.7254481495348,B,0.0010104634630802762,795.3029297578115,800.8367773526492
adversa,Trayectoria adversa,adversa_00868,203,41.83333333333333,cotizando,47.29368088882205,4.729368088882206,B,9.000283423440047e-06,800.8367773526492,805.5733957651566
adversa,Trayectoria adversa,adversa_00868,204,41.91666666666667,cotizando,47.332912799687065,4.733291279968706,B,-0.0004936429120307689,805.5733957651566,809.9066848924944
adversa,Trayectoria adversa,adversa_00868,205,42.0,cotizando,47.372177254917425,4.7372177254917425,B,-0.00033788046023272084,809.9066848924944,814.3686503612437
adversa,Trayectoria adversa,adversa_00868,206,42.08333333333333,cotizando,47.411474281509946,4.741147428150994,B,0.000474047845100566,814.3686503612437,819.4980950239375
adversa,Trayectoria adversa,adversa_00868,207,42.16666666666667,cotizando,47.45080390648381,4.745080390648382,B,0.0017776237023987857,819.4980950239375,825.7083696197432
adversa,Trayectoria adversa,adversa_00868,208,42.25,cotizando,47.490166156880605,4.749016615688061,B,0.003295897772605326,825.7083696197432,833.1944888849683
adversa,Trayectoria adversa,adversa_00868,209,42.33333333333333,cotizando,47.52956105976437,4.752956105976437,B,0.004723711874283417,833.1944888849683,841.9056672868738
adversa,Trayectoria adversa,adversa_00868,210,42.41666666666667,cotizando,47.56898864222159,4.756898864222159,B,0.00581944332560884,841.9056672868738,851.589670970727
adversa,Trayectoria adversa,adversa_00868,211,42.5,cotizando,47.608448931361224,4.760844893136123,B,0.006475055627279216,851.589670970727,861.8954330905308
adversa,Trayectoria adversa,adversa_00868,212,42.58333333333333,cotizando,47.64794195431469,4.764794195431469,B,0.006742193764494923,861.8954330905308,872.5034184663054
adversa,Trayectoria adversa,adversa_00868,213,42.66666666666667,cotizando,47.68746773823595,4.768746773823596,B,0.006806123023568193,872.5034184663054,883.2429875219053
adversa,Trayectoria adversa,adversa_00868,214,42.75,cotizando,47.72702631030147,4.772702631030147,B,0.006916004085945806,883.2429875219053,894.157210294417
adversa,Trayectoria adversa,adversa_00868,215,42.83333333333333,cotizando,47.766617697710274,4.776661769771027,B,0.007294009674805902,894.157210294417,905.4907044240351
adversa,Trayectoria adversa,adversa_00868,216,42.91666666666667,cotizando,47.80624192768393,4.780624192768393,B,0.008052652270606203,905.4907044240351,917.6014270980573
adversa,Trayectoria adversa,adversa_00868,217,43.0,cotizando,47.8458990274666,4.78458990274666,B,0.00914720954465128,917.6014270980573,930.8232751793666
adversa,Trayectoria adversa,adversa_00868,218,43.08333333333333,cotizando,47.88558902432505,4.788558902432505,B,0.010379073970584836,930.8232751793666,945.3226185154888
adversa,Trayectoria adversa,adversa_00868,219,43.16666666666667,cotizando,47.92531194554864,4.792531194554864,B,0.011449711958369323,945.3226185154888,960.9936945015066
adversa,Trayectoria adversa,adversa_00868,220,43.25,cotizando,47.965067818449405,4.796506781844941,B,0.012048810786724682,960.9936945015066,977.4268246782875
adversa,Trayectoria adversa,adversa_00868,221,43.33333333333333,cotizando,48.00485667036202,4.800485667036202,B,0.01194922962523907,977.4268246782875,993.9641700208209
adversa,Trayectoria adversa,adversa_00868,222,43.41666666666667,cotizando,48.04467852864381,4.804467852864381,B,0.011079039091790666,993.9641700208209,1009.8340346563425
adversa,Trayectoria adversa,adversa_00868,223,43.5,cotizando,48.08453342067483,4.808453342067484,B,0.00954798447219308,1009.8340346563425,1024.3302787186462
adversa,Trayectoria adversa,adversa_00868,224,43.58333333333333,cotizando,48.124421373857835,4.8124421373857835,B,0.007619920704917578,1024.3302787186462,1036.984706782998
adversa,Trayectoria adversa,adversa_00868,225,43.66666666666667,cotizando,48.16434241561831,4.816434241561831,B,0.005639652730201031,1036.984706782998,1047.6765376738656
adversa,Trayectoria adversa,adversa_00868,226,43.75,cotizando,48.204296573404484,4.820429657340449,B,0.003936836593536114,1047.6765376738656,1056.6404759067814
adversa,Trayectoria adversa,adversa_00868,227,43.83333333333333,cotizando,48.24428387468738,4.824428387468739,B,0.0027366636523253533,1056.6404759067814,1064.3697767160513
adversa,Trayectoria adversa,adversa_00868,228,43.91666666666667,cotizando,48.284304346960774,4.828430434696077,B,0.0021047396009217993,1064.3697767160513,1071.448590958572
adversa,Trayectoria adversa,adversa_00868,229,44.0,cotizando,48.32435801774126,4.8324358017741265,B,0.0019426308161091155,1071.448590958572,1078.371843449724
adversa,Trayectoria adversa,adversa_00868,230,44.08333333333333,cotizando,48.3644449145683,4.836444491456831,B,0.002034464008833928,1078.371843449724,1085.412036217068
adversa,Trayectoria adversa,adversa_00868,231,44.16666666666667,cotizando,48.40456506500413,4.840456506500413,B,0.002128838703932372,1085.412036217068,1092.5734644271372
adversa,Trayectoria adversa,adversa_00868,232,44.25,cotizando,48.44471849663391,4.844471849663392,B,0.0020292575424467676,1092.5734644271372,1099.6448799012067
adversa,Trayectoria adversa,adversa_00868,233,44.33333333333333,cotizando,48.48490523706563,4.848490523706563,B,0.0016637911422552228,1099.6448799012067,1106.3310167113057
adversa,Trayectoria adversa,adversa_00868,234,44.41666666666667,cotizando,48.525125313930246,4.852512531393025,B,0.0011115413177173108,1106.3310167113057,1112.418655647019
adversa,Trayectoria adversa,adversa_00868,235,44.5,cotizando,48.56537875488158,4.856537875488158,B,0.000577450761188096,1112.418655647019,1117.9203649334634
adversa,Trayectoria adversa,adversa_00868,236,44.58333333333333,cotizando,48.60566558759642,4.8605665587596425,B,0.00032366411192015634,1117.9203649334634,1123.1443353852956
adversa,Trayectoria adversa,adversa_00868,237,44.66666666666667,cotizando,48.6459858397745,4.86459858397745,B,0.0005796635122662496,1123.1443353852956,1128.6627995898054
adversa,Trayectoria adversa,adversa_00868,238,44.75,cotizando,48.68633953913854,4.868633953913854,B,0.0014603122965805304,1128.6627995898054,1135.1867434346839
adversa,Trayectoria adversa,adversa_00868,239,44.83333333333333,cotizando,48.726726713434246,4.872672671343425,B,0.002918537282271147,1135.1867434346839,1143.386722015937
adversa,Trayectoria adversa,adversa_00868,240,44.91666666666667,cotizando,48.76714739043038,4.876714739043038,B,0.004748421523807259,1143.386722015937,1153.7158755730684
adversa,Trayectoria adversa,adversa_00868,241,45.0,cotizando,48.80760159791868,4.880760159791869,C,0.005391510717494425,1153.7158755730684,1164.843221911667
adversa,Trayectoria adversa,adversa_00868,242,45.08333333333333,cotizando,48.84808936371398,4.884808936371399,C,0.006539380131184618,1164.843221911667,1177.3773270918557
adversa,Trayectoria adversa,adversa_00868,243,45.16666666666667,cotizando,48.88861071565417,4.888861071565417,C,0.007295261986735716,1177.3773270918557,1190.8911297441325
adversa,Trayectoria adversa,adversa_00868,244,45.25,cotizando,48.929165681600246,4.892916568160025,C,0.00758553114765032,1190.8911297441325,1204.8547034414576
adversa,Trayectoria adversa,adversa_00868,245,45.33333333333333,cotizando,48.969754289436295,4.89697542894363,C,0.007462809315658052,1204.8547034414576,1218.7798249691084
adversa,Trayectoria adversa,adversa_00868,246,45.41666666666667,cotizando,49.01037656706955,4.901037656706955,C,0.007085519842852776,1218.7798249691084,1232.3512776592697
adversa,Trayectoria adversa,adversa_00868,247,45.5,cotizando,49.05103254243039,4.9051032542430395,C,0.0066649578760359955,1232.3512776592697,1245.502642574158
adversa,Trayectoria adversa,adversa_00868,248,45.58333333333333,cotizando,49.091722243472375,4.9091722243472375,C,0.006396483378482285,1245.502642574158,1258.4100531881215
adversa,Trayectoria adversa,adversa_00868,249,45.66666666666667,cotizando,49.13244569817224,4.913244569817224,C,0.006396483378482286,1258.4100531881215,1271.4041242336966
adversa,Trayectoria adversa,adversa_00868,250,45.75,cotizando,49.17320293452992,4.917320293452992,C,0.006664957876035973,1271.4041242336966,1284.8280731912046
adversa,Trayectoria adversa,adversa_00868,251,45.83333333333333,cotizando,49.213993980568596,4.9213993980568596,C,0.007085519842852748,1284.8280731912046,1298.8880180696015
adversa,Trayectoria adversa,adversa_00868,252,45.91666666666667,cotizando,49.25481886433468,4.925481886433468,C,0.007462809315658051,1298.8880180696015,1313.5436114893878
adversa,Trayectoria adversa,adversa_00868,253,46.0,cotizando,49.29567761389787,4.929567761389787,C,0.0075855311476503325,1313.5436114893878,1328.4744986193257
adversa,Trayectoria adversa,adversa_00868,254,46.08333333333333,cotizando,49.33657025735112,4.933657025735112,C,0.007295261986735719,1328.4744986193257,1343.1357174757416
adversa,Trayectoria adversa,adversa_00868,255,46.16666666666667,cotizando,49.37749682281072,4.937749682281073,C,0.006539380131184624,1343.1357174757416,1356.889032004533
adversa,Trayectoria adversa,adversa_00868,256,46.25,cotizando,49.418457338416246,4.941845733841625,C,0.005391510717494485,1356.889032004533,1369.1732035111158
adversa,Trayectoria adversa,adversa_00868,257,46.33333333333333,desempleado,49.45945183233065,0.0,C,0.004033143983634247,1369.1732035111158,1374.69527617941
adversa,Trayectoria adversa,adversa_00868,258,46.41666666666667,desempleado,49.50048033274025,0.0,C,0.002702319080698892,1374.69527617941,1378.4101414543763
adversa,Trayectoria adversa,adversa_00868,259,46.5,desempleado,49.5415428678547,0.0,C,0.001625594225301926,1378.4101414543763,1380.650877020422
adversa,Trayectoria adversa,adversa_00868,260,46.58333333333333,desempleado,49.58263946590711,0.0,C,0.0009546808647872539,1380.650877020422,1381.9689579936653
adversa,Trayectoria adversa,adversa_00868,261,46.66666666666667,desempleado,49.62377015515396,0.0,C,0.0007274857373045115,1381.9689579936653,1382.9743207000033
adversa,Trayectoria adversa,adversa_00868,262,46.75,desempleado,49.66493496387522,0.0,C,0.0008654187354095001,1382.9743207000033,1384.1711725877274
adversa,Trayectoria adversa,adversa_00868,263,46.83333333333333,desempleado,49.706133920374285,0.0,C,0.0012072091206136596,1384.1711725877274,1385.842156651766
adversa,Trayectoria adversa,adversa_00868,264,46.91666666666667,desempleado,49.747367052978035,0.0,C,0.0015678316112283596,1385.842156651766,1388.0149237931375
adversa,Trayectoria adversa,adversa_00868,265,47.0,cotizando,49.78863439003685,4.978863439003685,C,0.0018031838394452246,1388.0149237931375,1395.5056111177257
adversa,Trayectoria adversa,adversa_00868,266,47.08333333333333,cotizando,49.829935959924626,4.982993595992463,C,0.001859408909267335,1395.5056111177257,1403.0926857026502
adversa,Trayectoria adversa,adversa_00868,267,47.16666666666667,cotizando,49.87127179103882,4.987127179103883,C,0.0017907727673775397,1403.0926857026502,1410.601363864957
adversa,Trayectoria adversa,adversa_00868,268,47.25,cotizando,49.91264191180041,4.991264191180041,C,0.0017401825839269138,1410.601363864957,1418.0560176934157
adversa,Trayectoria adversa,adversa_00868,269,47.33333333333333,cotizando,49.95404635065397,4.995404635065397,C,0.0018885213993495085,1418.0560176934157,1425.7388853919233
adversa,Trayectoria adversa,adversa_00868,270,47.41666666666667,cotizando,49.99548513606765,4.999548513606765,C,0.002389116273055828,1425.7388853919233,1434.15663438046
adversa,Trayectoria adversa,adversa_00868,271,47.5,cotizando,50.03695829653325,5.003695829653325,C,0.003308608431662585,1434.15663438046,1443.9219482131605
adversa,Trayectoria adversa,adversa_00868,272,47.58333333333333,cotizando,50.07846586056617,5.007846586056617,C,0.004593659277872384,1443.9219482131605,1455.585684594082
adversa,Trayectoria adversa,adversa_00868,273,47.66666666666667,cotizando,50.120007856705506,5.012000785670551,C,0.006074867913988199,1455.585684594082,1469.4706233939114
adversa,Trayectoria adversa,adversa_00868,274,47.75,cotizando,50.16158431351397,5.016158431351397,C,0.0075075376257473835,1469.4706233939114,1485.5565468184832
adversa,Trayectoria adversa,adversa_00868,275,47.83333333333333,cotizando,50.203195259578024,5.020319525957802,C,0.008637229487622146,1485.5565468184832,1503.4513208079989
adversa,Trayectoria adversa,adversa_00868,276,47.91666666666667,cotizando,50.244840723507814,5.0244840723507815,C,0.009270095330130079,1503.4513208079989,1522.4595193947853
adversa,Trayectoria adversa,adversa_00868,277,48.0,cotizando,50.286520733937216,5.028652073393722,C,0.009326320399952183,1522.4595193947853,1541.7340155624286
adversa,Trayectoria adversa,adversa_00868,278,48.08333333333333,cotizando,50.32823531952388,5.032823531952388,C,0.008860170643771311,1541.7340155624286,1560.4714572348837
adversa,Trayectoria adversa,adversa_00868,279,48.16666666666667,cotizando,50.36998450894921,5.036998450894921,C,0.008040511089060698,1560.4714572348837,1578.0959437837384
adversa,Trayectoria adversa,adversa_00868,280,48.25,cotizando,50.41176833091842,5.041176833091843,C,0.007097970577928234,1578.0959437837384,1594.3741813197944
adversa,Trayectoria adversa,adversa_00868,281,48.33333333333333,cotizando,50.4535868141605,5.045358681416051,C,0.00625528981362376,1594.3741813197944,1609.4243727574906
adversa,Trayectoria adversa,adversa_00868,282,48.41666666666667,cotizando,50.49543998742833,5.049543998742833,C,0.005662535998537961,1609.4243727574906,1623.6159334285662
adversa,Trayectoria adversa,adversa_00868,283,48.5,cotizando,50.537327879498584,5.053732787949858,C,0.005357181325626347,1623.6159334285662,1637.3947449379853
adversa,Trayectoria adversa,adversa_00868,284,48.58333333333333,cotizando,50.579250519171836,5.057925051917184,C,0.005261070232638836,1637.3947449379853,1651.0937288405044
adversa,Trayectoria adversa,adversa_00868,285,48.66666666666667,cotizando,50.62120793527256,5.0621207935272565,C,0.005214576226040094,1651.0937288405044,1664.7920005541505
adversa,Trayectoria adversa,adversa_00868,286,48.75,cotizando,50.66320015664911,5.066320015664911,C,0.005036491537505198,1664.7920005541505,1678.2685478701978
adversa,Trayectoria adversa,adversa_00868,287,48.83333333333333,cotizando,50.7052272121738,5.0705227212173805,C,0.004590124108212787,1678.2685478701978,1691.0658058416334
adversa,Trayectoria adversa,adversa_00868,288,48.91666666666667,cotizando,50.74728913074289,5.074728913074289,C,0.0038342422526617273,1691.0658058416334,1702.6439484595167
adversa,Trayectoria adversa,adversa_00868,289,49.0,cotizando,50.78938594127659,5.07893859412766,C,0.002842471107349381,1702.6439484595167,1712.5770400194535
adversa,Trayectoria adversa,adversa_00868,290,49.08333333333333,desempleado,50.831517672719116,0.0,C,0.0017849108940162835,1712.5770400194535,1715.6338374350264
adversa,Trayectoria adversa,adversa_00868,291,49.16666666666667,desempleado,50.87368435403871,0.0,C,0.0008778694704849663,1715.6338374350264,1717.1399400034416
adversa,Trayectoria adversa,adversa_00868,292,49.25,desempleado,50.9158860142276,0.0,C,0.0003178176748922745,1717.1399400034416,1717.6856774266382
adversa,Trayectoria adversa,adversa_00868,293,49.33333333333333,cotizando,50.95812268230211,5.095812268230212,C,0.0002207334848429247,1717.6856774266382,1723.1617652567118
adversa,Trayectoria adversa,adversa_00868,294,49.41666666666667,cotizando,51.000394387302606,5.100039438730261,C,0.0005862921724459537,1723.1617652567118,1729.2750710634723
adversa,Trayectoria adversa,adversa_00868,295,49.5,cotizando,51.04270115829357,5.104270115829357,C,0.001298431437301726,1729.2750710634723,1736.6313138400956
adversa,Trayectoria adversa,adversa_00868,296,49.58333333333333,cotizando,51.08504302436356,5.108504302436356,C,0.0021622003668215614,1736.6313138400956,1745.5058086162276
adversa,Trayectoria adversa,adversa_00868,297,49.66666666666667,cotizando,51.12742001462529,5.112742001462529,C,0.002965192939341644,1745.5058086162276,1755.8094723834622
adversa,Trayectoria adversa,adversa_00868,298,49.75,cotizando,51.1698321582156,5.11698321582156,C,0.0035439730917471005,1755.8094723834622,1767.1671315744732
adversa,Trayectoria adversa,adversa_00868,299,49.83333333333333,informal,51.21227948429555,0.0,C,0.0038342422526616974,1767.1671315744732,1773.9428784578708
adversa,Trayectoria adversa,adversa_00868,300,49.91666666666667,informal,51.25476202205032,0.0,C,0.0038886221238150563,1773.9428784578708,1780.8410719814262
adversa,Trayectoria adversa,adversa_00868,301,50.0,informal,51.29727980068935,0.0,C,0.0038562094921798374,1780.8410719814262,1787.7083682272648
adversa,Trayectoria adversa,adversa_00868,302,50.08333333333333,informal,51.33983284944631,0.0,C,0.003930245329703484,1787.7083682272648,1794.7345006923617
adversa,Trayectoria adversa,adversa_00868,303,50.16666666666667,informal,51.38242119757909,0.0,C,0.004280456470229364,1794.7345006923617,1802.4167835981943
adversa,Trayectoria adversa,adversa_00868,304,50.25,informal,51.425044874369874,0.0,C,0.00499162263802326,1802.4167835981943,1811.4137680183562
adversa,Trayectoria adversa,adversa_00868,305,50.33333333333333,informal,51.467703909125134,0.0,C,0.006028094686140973,1811.4137680183562,1822.3331417277504
adversa,Trayectoria adversa,adversa_00868,306,50.41666666666667,informal,51.510398331175644,0.0,C,0.007235903576033221,1822.3331417277504,1835.519368624702
adversa,Trayectoria adversa,adversa_00868,307,50.5,informal,51.5531281698765,0.0,C,0.00838230147426481,1835.519368624702,1850.9052453343666
adversa,Trayectoria adversa,adversa_00868,308,50.58333333333333,informal,51.59589345460719,0.0,C,0.00922079313438603,1850.9052453343666,1867.9720597129447
adversa,Trayectoria adversa,adversa_00868,309,50.66666666666667,informal,51.63869421477153,0.0,C,0.009561672628169059,1867.9720597129447,1885.8329970264865
adversa,Trayectoria adversa,adversa_00868,310,50.75,informal,51.68153047979776,0.0,C,0.009326320399952197,1885.8329970264865,1903.4208797775577
adversa,Trayectoria adversa,adversa_00868,311,50.83333333333333,desempleado,51.724402279138495,0.0,C,0.008568593345732357,1903.4208797775577,1919.730519262148
adversa,Trayectoria adversa,adversa_00868,312,50.91666666666667,desempleado,51.767309642270824,0.0,C,0.007456947442296787,1919.730519262148,1934.0458488476588
adversa,Trayectoria adversa,adversa_00868,313,51.0,desempleado,51.81025259869625,0.0,C,0.006223206729410811,1934.0458488476588,1946.0818159891967
adversa,Trayectoria adversa,adversa_00868,314,51.08333333333333,desempleado,51.85323117794077,0.0,C,0.005094254151578766,1946.0818159891967,1955.9956513596117
adversa,Trayectoria adversa,adversa_00868,315,51.16666666666667,cotizando,51.896245409554886,5.189624540955489,C,0.004228100590269373,1955.9956513596117,1969.4773645232299
adversa,Trayectoria adversa,adversa_00868,316,51.25,cotizando,51.939295323113576,5.193929532311358,C,0.0036741671192656654,1969.4773645232299,1981.926566395518
adversa,Trayectoria adversa,adversa_00868,317,51.33333333333333,cotizando,51.98238094821639,5.198238094821639,C,0.0033697300354652714,1981.926566395518,1993.820878628249
adversa,Trayectoria adversa,adversa_00868,318,51.41666666666667,cotizando,52.0255023144874,5.20255023144874,C,0.0031728522956860935,1993.820878628249,2005.3660349350855
adversa,Trayectoria adversa,adversa_00868,319,51.5,cotizando,52.06865945157527,5.206865945157528,C,0.0029204646292522803,2005.3660349350855,2016.4447079217966
adversa,Trayectoria adversa,adversa_00868,320,51.58333333333333,cotizando,52.11185238915326,5.211185238915327,C,0.0024922747517752983,2016.4447079217966,2026.694415100014
adversa,Trayectoria adversa,adversa_00868,321,51.66666666666667,cotizando,52.15508115691925,5.215508115691925,C,0.0018594089092673456,2026.694415100014,2035.688074629762
adversa,Trayectoria adversa,adversa_00868,322,51.75,cotizando,52.198345784595745,5.219834578459575,C,0.0011016818550475202,2035.688074629762,2043.1563404196193
adversa,Trayectoria adversa,adversa_00868,323,51.83333333333333,cotizando,52.24164630192988,5.2241646301929885,C,0.0003875495659030273,2043.1563404196193,2049.1743540253483
adversa,Trayectoria adversa,adversa_00868,324,51.91666666666667,cotizando,52.28498273869353,5.228498273869353,C,-7.712177572295284e-05,2049.1743540253483,2054.244413103198
adversa,Trayectoria adversa,adversa_00868,325,52.0,cotizando,52.32835512468321,5.232835512468322,C,-0.00011519502699995054,2054.244413103198,2059.240007078406
adversa,Trayectoria adversa,adversa_00868,326,52.08333333333333,cotizando,52.37176348972018,5.237176348972018,C,0.000361927049701447,2059.240007078406,2065.224373563552
adversa,Trayectoria adversa,adversa_00868,327,52.16666666666667,informal,52.41520786365044,0.0,C,0.0013202395523903003,2065.224373563552,2067.950964466091
adversa,Trayectoria adversa,adversa_00868,328,52.25,informal,52.45868827634471,0.0,C,0.0026062079877113738,2067.950964466091,2073.340474787878
adversa,Trayectoria adversa,adversa_00868,329,52.33333333333333,informal,52.50220475769854,0.0,C,0.0039866499770354145,2073.340474787878,2081.6061575440776
adversa,Trayectoria adversa,adversa_00868,330,52.41666666666667,informal,52.54575733763227,0.0,C,0.005213426028959601,2081.6061575440776,2092.4584572678605
adversa,Trayectoria adversa,adversa_00868,331,52.5,informal,52.58934604609102,0.0,C,0.006093012701892189,2092.4584572678605,2105.207833226175
adversa,Trayectoria adversa,adversa_00868,332,52.58333333333333,informal,52.6329709130448,0.0,C,0.006539380131184603,2105.207833226175,2118.9745875027884
adversa,Trayectoria adversa,adversa_00868,333,52.66666666666667,informal,52.676631968488444,0.0,C,0.006593760002337984,2118.9745875027884,2132.946597383835
adversa,Trayectoria adversa,adversa_00868,334,52.75,informal,52.72032924244169,0.0,C,0.006405249102324957,2132.946597383835,2146.608651662035
adversa,Trayectoria adversa,adversa_00868,335,52.83333333333333,informal,52.76406276494918,0.0,C,0.006178478419321444,2146.608651662035,2159.8714268910576
adversa,Trayectoria adversa,adversa_00868,336,52.91666666666667,informal,52.807832566080464,0.0,C,0.006104906080443313,2159.8714268910576,2173.0572390980606
adversa,Trayectoria adversa,adversa_00868,337,53.0,informal,52.85163867593005,0.0,C,0.006299399188432931,2173.0572390980606,2186.7461941064535
adversa,Trayectoria adversa,adversa_00868,338,53.08333333333333,informal,52.89548112461738,0.0,C,0.006762042066085314,2186.7461941064535,2201.533063858853
adversa,Trayectoria adversa,adversa_00868,339,53.16666666666667,informal,52.939359942286934,0.0,C,0.007377097140891743,2201.533063858853,2217.773987129825
adversa,Trayectoria adversa,adversa_00868,340,53.25,informal,52.98327515910816,0.0,C,0.007949288772372585,2217.773987129825,2235.4037129853764
adversa,Trayectoria adversa,adversa_00868,341,53.33333333333333,informal,53.02722680527553,0.0,C,0.008265801888178114,2235.4037129853764,2253.8811172170113
adversa,Trayectoria adversa,adversa_00868,342,53.41666666666667,informal,53.07121491100859,0.0,C,0.008164311300055804,2253.8811172170113,2272.2825042912887
adversa,Trayectoria adversa,adversa_00868,343,53.5,informal,53.11523950655193,0.0,C,0.0075855311476503515,2272.2825042912887,2289.518974003851
adversa,Trayectoria adversa,adversa_00868,344,53.58333333333333,informal,53.159300622175245,0.0,C,0.006593760002337944,2289.518974003851,2304.6155126392314
adversa,Trayectoria adversa,adversa_00868,345,53.66666666666667,informal,53.20339828817333,0.0,C,0.005359098085859289,2304.6155126392314,2316.966173221658
adversa,Trayectoria adversa,adversa_00868,346,53.75,informal,53.24753253486612,0.0,C,0.0041071798211578525,2316.966173221658,2326.4823699346193
adversa,Trayectoria adversa,adversa_00868,347,53.83333333333333,informal,53.29170339259868,0.0,C,0.0030525302212248,2326.4823699346193,2333.5840276779913
adversa,Trayectoria adversa,adversa_00868,348,53.91666666666667,informal,53.33591089174127,0.0,C,0.002336760393095841,2333.5840276779913,2339.0370544078305
adversa,Trayectoria adversa,adversa_00868,349,54.0,informal,53.38015506268935,0.0,C,0.0019911529129049673,2339.0370544078305,2343.694434852107
adversa,Trayectoria adversa,adversa_00868,350,54.08333333333333,informal,53.424435935863556,0.0,C,0.0019352946271967283,2343.694434852107,2348.230174099667
adversa,Trayectoria adversa,adversa_00868,351,54.16666666666667,informal,53.4687535417098,0.0,C,0.002011816633641137,2348.230174099667,2352.9543826235385
adversa,Trayectoria adversa,adversa_00868,352,54.25,informal,53.51310791069924,0.0,C,0.002045700780734861,2352.9543826235385,2357.767823241105
adversa,Trayectoria adversa,adversa_00868,353,54.33333333333333,informal,53.55749907332829,0.0,C,0.0019087111050113941,2357.767823241105,2362.2681208683634
adversa,Trayectoria adversa,adversa_00868,354,54.41666666666667,informal,53.60192706011868,0.0,C,0.001567831611228372,2362.2681208683634,2365.971759502458
adversa,Trayectoria adversa,adversa_00868,355,54.5,informal,53.646391901617456,0.0,C,0.0011016818550474952,2365.971759502458,2368.578307659457
adversa,Trayectoria adversa,adversa_00868,356,54.58333333333333,informal,53.690893628397006,0.0,C,0.0006791268639419915,2368.578307659457,2370.1868728175386
adversa,Trayectoria adversa,adversa_00868,357,54.66666666666667,desempleado,53.73543227105507,0.0,C,0.0005064418710409461,2370.1868728175386,2371.3872346921253
adversa,Trayectoria adversa,adversa_00868,358,54.75,desempleado,53.78000786021477,0.0,C,0.000759568821517466,2371.3872346921253,2373.1884664993418
adversa,Trayectoria adversa,adversa_00868,359,54.83333333333333,desempleado,53.82462042652467,0.0,C,0.0015229627117464377,2373.1884664993418,2376.802744041767
adversa,Trayectoria adversa,adversa_00868,360,54.91666666666667,desempleado,53.86927000065868,0.0,C,0.0027546749606588575,2376.802744041767,2383.350063047204
adversa,Trayectoria adversa,adversa_00868,361,55.0,desempleado,53.913956613316245,0.0,D,0.003143937484165517,2383.350063047204,2390.8431666483066
adversa,Trayectoria adversa,adversa_00868,362,55.08333333333333,desempleado,53.958680295222194,0.0,D,0.004112436379345011,2390.8431666483066,2400.6753570641395
adversa,Trayectoria adversa,adversa_00868,363,55.16666666666667,desempleado,54.00344107712691,0.0,D,0.004952881641732808,2400.6753570641395,2412.5656179679027
adversa,Trayectoria adversa,adversa_00868,364,55.25,informal,54.04823898980624,0.0,D,0.005538277837784478,2412.5656179679027,2425.927076662095
adversa,Trayectoria adversa,adversa_00868,365,55.33333333333333,informal,54.09307406406157,0.0,D,0.005805118282758876,2425.927076662095,2440.009870287466
adversa,Trayectoria adversa,adversa_00868,366,55.41666666666667,informal,54.13794633071986,0.0,D,0.005766510452945865,2440.009870287466,2454.08021270977
adversa,Trayectoria adversa,adversa_00868,367,55.5,informal,54.18285582063363,0.0,D,0.005502839631555447,2454.08021270977,2467.5846225632854
adversa,Trayectoria adversa,adversa_00868,368,55.58333333333333,informal,54.22780256468097,0.0,D,0.0051332696475509506,2467.5846225632854,2480.251399809053
adversa,Trayectoria adversa,adversa_00868,369,55.66666666666667,informal,54.272786593765616,0.0,D,0.004777259152593811,2480.251399809053,2492.1002035095244
adversa,Trayectoria adversa,adversa_00868,370,55.75,informal,54.31780793881693,0.0,D,0.004518231688307897,2492.1002035095244,2503.36008961946
adversa,Trayectoria adversa,adversa_00868,371,55.83333333333333,informal,54.36286663078991,0.0,D,0.004380660375587584,2503.36008961946,2514.326459969883
adversa,Trayectoria adversa,adversa_00868,372,55.91666666666667,informal,54.40796270066527,0.0,D,0.0043274119509139905,2514.326459969883,2525.206986341256
adversa,Trayectoria adversa,adversa_00868,373,56.0,informal,54.4530961794494,0.0,D,0.0042776575677763015,2525.206986341256,2536.0089571165804
adversa,Trayectoria adversa,adversa_00868,374,56.08333333333333,informal,54.49826709817442,0.0,D,0.0041390839603834455,2536.0089571165804,2546.5057111143706
adversa,Trayectoria adversa,adversa_00868,375,56.16666666666667,informal,54.54347548789818,0.0,D,0.0038436172973998605,2546.5057111143706,2556.2935045135373
adversa,Trayectoria adversa,adversa_00868,376,56.25,informal,54.588721379704296,0.0,D,0.0033748334327688327,2556.2935045135373,2564.9205692965393
adversa,Trayectoria adversa,adversa_00868,377,56.33333333333333,informal,54.634004804702194,0.0,D,0.0027779901550270365,2564.9205692965393,2572.0458933864716
adversa,Trayectoria adversa,adversa_00868,378,56.41666666666667,informal,54.679325794027065,0.0,D,0.0021492857102742235,2572.0458933864716,2577.573954871297
adversa,Trayectoria adversa,adversa_00868,379,56.5,informal,54.72468437883997,0.0,D,0.0016077038686946742,2577.573954871297,2581.71793049039
adversa,Trayectoria adversa,adversa_00868,380,56.58333333333333,informal,54.77008059032778,0.0,D,0.001258484042881336,2581.71793049039,2584.9669813091327
adversa,Trayectoria adversa,adversa_00868,381,56.66666666666667,informal,54.815514459703266,0.0,D,0.0011600346049899838,2584.9669813091327,2587.965632460208
adversa,Trayectoria adversa,adversa_00868,382,56.75,informal,54.86098601820509,0.0,D,0.0013050922609814507,2587.965632460208,2591.3431663788174
adversa,Trayectoria adversa,adversa_00868,383,56.83333333333333,informal,54.90649529709781,0.0,D,0.0016224345225508865,2591.3431663788174,2595.5474509917267
adversa,Trayectoria adversa,adversa_00868,384,56.91666666666667,informal,54.952042327671926,0.0,D,0.00199890217216161,2595.5474509917267,2600.7356964294627
adversa,Trayectoria adversa,adversa_00868,385,57.0,informal,54.997627141243896,0.0,D,0.002314969391055575,2600.7356964294627,2606.7563199609226
adversa,Trayectoria adversa,adversa_00868,386,57.083333333333336,informal,55.04324976915616,0.0,D,0.0024826923621797774,2606.7563199609226,2613.2280939665534
adversa,Trayectoria adversa,adversa_00868,387,57.166666666666664,informal,55.08891024277715,0.0,D,0.0024739879347321623,2613.2280939665534,2619.69318874173
adversa,Trayectoria adversa,adversa_00868,388,57.25,informal,55.13460859350134,0.0,D,0.0023301399978840082,2619.69318874173,2625.7974406230014
adversa,Trayectoria adversa,adversa_00868,389,57.333333333333336,informal,55.18034485274921,0.0,D,0.002149285710274191,2625.7974406230014,2631.441029540207
adversa,Trayectoria adversa,adversa_00868,390,57.416666666666664,informal,55.22611905196733,0.0,D,0.0020555540258377055,2631.441029540207,2636.8500987422335
adversa,Trayectoria adversa,adversa_00868,391,57.5,informal,55.27193122262837,0.0,D,0.00215932954091798,2636.8500987422335,2642.5439270554198
adversa,Trayectoria adversa,adversa_00868,392,57.583333333333336,informal,55.31778139623106,0.0,D,0.0025209595402100843,2642.5439270554198,2649.205673378754
adversa,Trayectoria adversa,adversa_00868,393,57.666666666666664,desempleado,55.363669604300306,0.0,D,0.0031292068303092964,2649.205673378754,2657.495585866785
adversa,Trayectoria adversa,adversa_00868,394,57.75,desempleado,55.409595878387144,0.0,D,0.0039011899181655486,2657.495585866785,2667.862980853938
adversa,Trayectoria adversa,adversa_00868,395,57.833333333333336,desempleado,55.455560250068785,0.0,D,0.004703879600524708,2667.862980853938,2680.412287106572
adversa,Trayectoria adversa,adversa_00868,396,57.916666666666664,desempleado,55.501562750948644,0.0,D,0.005390537505661688,2680.412287106572,2694.8611500708566
adversa,Trayectoria adversa,adversa_00868,397,58.0,desempleado,55.547603412656336,0.0,D,0.005840889445497689,2694.8611500708566,2710.6015361193877
adversa,Trayectoria adversa,adversa_00868,398,58.083333333333336,desempleado,55.59368226684772,0.0,D,0.005992763044444637,2710.6015361193877,2726.845528833259
adversa,Trayectoria adversa,adversa_00868,399,58.166666666666664,desempleado,55.63979934520493,0.0,D,0.005855705776740296,2726.845528833259,2742.8131339487263
adversa,Trayectoria adversa,adversa_00868,400,58.25,desempleado,55.68595467943635,0.0,D,0.005502839631555453,2742.8131339487263,2757.9063947641703
adversa,Trayectoria adversa,adversa_00868,401,58.333333333333336,desempleado,55.73214830127671,0.0,D,0.0050440743237565215,2757.9063947641703,2771.817479597324
adversa,Trayectoria adversa,adversa_00868,402,58.416666666666664,desempleado,55.778380242487,0.0,D,0.004589614390908062,2771.817479597324,2784.5390529906545
adversa,Trayectoria adversa,adversa_00868,403,58.5,desempleado,55.82465053485465,0.0,D,0.0042156200805946896,2784.5390529906545,2796.277611737642
adversa,Trayectoria adversa,adversa_00868,404,58.583333333333336,desempleado,55.87095921019337,0.0,D,0.003943004511658714,2796.277611737642,2807.3033469765737
adversa,Trayectoria adversa,adversa_00868,405,58.666666666666664,desempleado,55.917306300343306,0.0,D,0.003735968729734335,2807.3033469765737,2817.7913444957567
adversa,Trayectoria adversa,adversa_00868,406,58.75,desempleado,55.96369183717102,0.0,D,0.0035204051337762794,2817.7913444957567,2827.71111161083
adversa,Trayectoria adversa,adversa_00868,407,58.833333333333336,desempleado,56.01011585256948,0.0,D,0.003215814889092264,2827.71111161083,2836.8045071055994
adversa,Trayectoria adversa,adversa_00868,408,58.916666666666664,desempleado,56.05657837845813,0.0,D,0.0027699644929282123,2836.8045071055994,2844.6623548636608
adversa,Trayectoria adversa,adversa_00868,409,59.0,desempleado,56.1030794467829,0.0,D,0.002184568296876584,2844.6623548636608,2850.8767140594146
adversa,Trayectoria adversa,adversa_00868,410,59.083333333333336,desempleado,56.14961908951621,0.0,D,0.0015231329856784466,2850.8767140594146,2855.2189784207008
adversa,Trayectoria adversa,adversa_00868,411,59.166666666666664,desempleado,56.19619733865698,0.0,D,0.0008978321649959542,2855.2189784207008,2857.7824858576337
adversa,Trayectoria adversa,adversa_00868,412,59.25,desempleado,56.24281422623071,0.0,D,0.00043906685719702425,2857.7824858576337,2859.0372434322517
adversa,Trayectoria adversa,adversa_00868,413,59.333333333333336,desempleado,56.28946978428948,0.0,D,0.0002570415998461865,2859.0372434322517,2859.772134939323
adversa,Trayectoria adversa,adversa_00868,414,59.416666666666664,informal,56.33616404491188,0.0,D,0.0004074253330266226,2859.772134939323,2860.937278553781
adversa,Trayectoria adversa,adversa_00868,415,59.5,desempleado,56.3828970402032,0.0,D,0.0008720795590892154,2860.937278553781,2863.4322434742444
adversa,Trayectoria adversa,adversa_00868,416,59.583333333333336,informal,56.4296688022953,0.0,D,0.0015612461131648701,2863.4322434742444,2867.9027659346793
adversa,Trayectoria adversa,adversa_00868,417,59.666666666666664,informal,56.47647936334674,0.0,D,0.002336930667027827,2867.9027659346793,2874.6048558584457
adversa,Trayectoria adversa,adversa_00868,418,59.75,informal,56.52332875554273,0.0,D,0.0030505937006609957,2874.6048558584457,2883.3741073236174
adversa,Trayectoria adversa,adversa_00868,419,59.833333333333336,informal,56.570217011095174,0.0,D,0.0035837621742776256,2883.3741073236174,2893.7074343837353
adversa,Trayectoria adversa,adversa_00868,420,59.916666666666664,informal,56.61714416224271,0.0,D,0.0038792288372611885,2893.7074343837353,2904.9327877097935
adversa,Trayectoria adversa,adversa_00868,421,60.0,cotizando,56.664110241250725,5.666411024125073,D,0.003953417835668479,2904.9327877097935,2922.1060135186754
adversa,Trayectoria adversa,adversa_00868,422,60.083333333333336,cotizando,56.71111528041137,5.671111528041138,D,0.003886352462914773,2922.1060135186754,2939.1554988875073
adversa,Trayectoria adversa,adversa_00868,423,60.166666666666664,cotizando,56.758159312043546,5.675815931204355,D,0.0037926207784782597,2939.1554988875073,2955.9999432524064
adversa,Trayectoria adversa,adversa_00868,424,60.25,cotizando,56.805242368493026,5.680524236849303,D,0.0037826073787024677,2955.9999432524064,2972.883341878939
adversa,Trayectoria adversa,adversa_00868,425,60.333333333333336,cotizando,56.85236448213237,5.685236448213238,D,0.003926200442739105,2972.883341878939,2990.2630355981096
adversa,Trayectoria adversa,adversa_00868,426,60.416666666666664,informal,56.899525685361,0.0,D,0.004230276642407128,2990.2630355981096,3002.912675472254
adversa,Trayectoria adversa,adversa_00868,427,60.5,informal,56.94672601060523,0.0,D,0.004636814227771007,3002.912675472254,3016.8366236906377
adversa,Trayectoria adversa,adversa_00868,428,60.583333333333336,informal,56.99396549031826,0.0,D,0.005041908095390927,3016.8366236906377,3032.0472366860954
adversa,Trayectoria adversa,adversa_00868,429,60.666666666666664,informal,57.04124415698021,0.0,D,0.005329349096275691,3032.0472366860954,3048.2060748867934
adversa,Trayectoria adversa,adversa_00868,430,60.75,desempleado,57.08856204309815,0.0,D,0.005407876743605466,3048.2060748867934,3064.6903976288904
adversa,Trayectoria adversa,adversa_00868,431,60.833333333333336,cotizando,57.13591918120613,5.713591918120613,D,0.00524015377248127,3064.6903976288904,3086.4933785958774
adversa,Trayectoria adversa,adversa_00868,432,60.916666666666664,cotizando,57.18331560386514,5.718331560386514,D,0.0048542633337051765,3086.4933785958774,3107.2221200809295
adversa,Trayectoria adversa,adversa_00868,433,61.0,cotizando,57.23075134366324,5.723075134366325,D,0.004334202620057798,3107.2221200809295,3126.4373304364944
adversa,Trayectoria adversa,adversa_00868,434,61.083333333333336,cotizando,57.27822643321548,5.727822643321549,D,0.0037926207784782623,3126.4373304364944,3144.0442677210117
adversa,Trayectoria adversa,adversa_00868,435,61.166666666666664,cotizando,57.32574090516398,5.732574090516398,D,0.003334757221559475,3144.0442677210117,3160.2805828810597
adversa,Trayectoria adversa,adversa_00868,436,61.25,cotizando,57.37329479217796,5.737329479217796,D,0.003025354944702434,3160.2805828810597,3175.5962403064527
adversa,Trayectoria adversa,adversa_00868,437,61.333333333333336,cotizando,57.4208881269537,5.74208881269537,D,0.0028693517071870876,3175.5962403064527,3190.466707684946
adversa,Trayectoria adversa,adversa_00868,438,61.416666666666664,cotizando,57.4685209422146,5.7468520942214605,D,0.002812699658443125,3190.466707684946,3205.20354856707
adversa,Trayectoria adversa,adversa_00868,439,61.5,cotizando,57.516193270711284,5.751619327071129,D,0.0027631526997762344,3205.20354856707,3219.8275273351683
adversa,Trayectoria adversa,adversa_00868,440,61.583333333333336,cotizando,57.56390514522145,5.7563905145221455,D,0.0026243716679126027,3219.8275273351683,3234.0490488961696
adversa,Trayectoria adversa,adversa_00868,441,61.666666666666664,cotizando,57.61165659855001,5.761165659855002,D,0.0023323086289993443,3234.0490488961696,3247.3664518757537
adversa,Trayectoria adversa,adversa_00868,442,61.75,cotizando,57.659447663529136,5.765944766352914,D,0.001881956689163377,3247.3664518757537,3259.2546509167014
adversa,Trayectoria adversa,adversa_00868,443,61.833333333333336,cotizando,57.70727837301819,5.77072783730182,D,0.0013354882239926867,3259.2546509167014,3269.3857816983664
adversa,Trayectoria adversa,adversa_00868,444,61.916666666666664,cotizando,57.75514875990379,5.775514875990379,D,0.0008086368412015292,3269.3857816983664,3277.809712659644
adversa,Trayectoria adversa,adversa_00868,445,62.0,cotizando,57.80305885709987,5.780305885709987,D,0.0004390668571970264,3277.809712659644,3285.0317340951196
adversa,Trayectoria adversa,adversa_00868,446,62.083333333333336,cotizando,57.851008697547634,5.785100869754764,D,0.0003462369236406254,3285.0317340951196,3291.9562372620776
adversa,Trayectoria adversa,adversa_00868,447,62.166666666666664,cotizando,57.89899831421563,5.789899831421564,D,0.0005950700947123821,3291.9562372620776,3299.708527199637
adversa,Trayectoria adversa,adversa_00868,448,62.25,cotizando,57.947027740099735,5.7947027740099735,D,0.0011746911668024226,3299.708527199637,3309.386175419734
adversa,Trayectoria adversa,adversa_00868,449,62.333333333333336,cotizando,57.99509700822323,5.799509700822323,D,0.001998901977093756,3309.386175419734,3321.8124163409775
adversa,Trayectoria adversa,adversa_00868,450,62.416666666666664,cotizando,58.04320615163675,5.804320615163675,D,0.0029283738882074964,3321.8124163409775,3337.361242918606
adversa,Trayectoria adversa,adversa_00868,451,62.5,cotizando,58.091355203418395,5.80913552034184,D,0.003807846134661013,3337.361242918606,3355.900656842
adversa,Trayectoria adversa,adversa_00868,452,62.583333333333336,cotizando,58.139544196673654,5.813954419667366,D,0.004507031245568804,3355.900656842,3376.865964053309
adversa,Trayectoria adversa,adversa_00868,453,62.666666666666664,cotizando,58.187773164535514,5.818777316453552,D,0.0049528816417328024,3376.865964053309,3399.438778525063
adversa,Trayectoria adversa,adversa_00868,454,62.75,cotizando,58.23604214016443,5.823604214016443,D,0.00514368297156078,3399.438778525063,3422.7779728708706
adversa,Trayectoria adversa,adversa_00868,455,62.833333333333336,cotizando,58.28435115674837,5.8284351156748375,D,0.005141209632263366,3422.7779728708706,3446.233592276526
adversa,Trayectoria adversa,adversa_00868,456,62.916666666666664,cotizando,58.332700247502835,5.833270024750284,D,0.00504407432375653,3446.233592276526,3469.479344125301
adversa,Trayectoria adversa,adversa_00868,457,63.0,cotizando,58.38108944567087,5.838108944567087,D,0.004951244390200124,3469.479344125301,3492.5245991135453
adversa,Trayectoria adversa,adversa_00868,458,63.083333333333336,cotizando,58.42951878452311,5.842951878452311,D,0.004927642885774232,3492.5245991135453,3515.606256966467
adversa,Trayectoria adversa,adversa_00868,459,63.166666666666664,cotizando,58.47798829735778,5.847798829735779,D,0.0049828859143705335,3515.606256966467,3539.001059608933
adversa,Trayectoria adversa,adversa_00868,460,63.25,cotizando,58.52649801750073,5.852649801750073,D,0.00506982692966322,3539.001059608933,3562.8255042083692
adversa,Trayectoria adversa,adversa_00868,461,63.333333333333336,cotizando,58.57504797830546,5.857504797830547,D,0.00510309650477692,3562.8255042083692,3586.8943427961162
adversa,Trayectoria adversa,adversa_00868,462,63.416666666666664,cotizando,58.62363821315312,5.862363821315313,D,0.004991320601409516,3586.8943427961162,3610.6893071830236
adversa,Trayectoria adversa,adversa_00868,463,63.5,cotizando,58.67226875545258,5.867226875545258,D,0.004672252434000035,3610.6893071830236,3633.4539991275224
adversa,Trayectoria adversa,adversa_00868,464,63.583333333333336,cotizando,58.720939638640395,5.87209396386404,D,0.004139083960383456,3633.4539991275224,3654.389569349906
adversa,Trayectoria adversa,adversa_00868,465,63.666666666666664,cotizando,58.76965089618086,5.8769650896180865,D,0.0034490224311761143,3654.389569349906,3672.890875820889
adversa,Trayectoria adversa,adversa_00868,466,63.75,cotizando,58.818402561566074,5.881840256156607,D,0.00271092478227335,3672.890875820889,3688.74559220141
adversa,Trayectoria adversa,adversa_00868,467,63.833333333333336,cotizando,58.867194668315854,5.886719466831586,D,0.0020555540258377016,3688.74559220141,3702.2268279904815
adversa,Trayectoria adversa,adversa_00868,468,63.916666666666664,cotizando,58.91602724997786,5.891602724997786,D,0.0015976904689188945,3702.2268279904815,3714.0428561898566
adversa,Trayectoria adversa,adversa_00868,469,64.0,cotizando,58.96490034012758,5.896490034012758,D,0.00140207710691796,3714.0428561898566,3725.154988020333
adversa,Trayectoria adversa,adversa_00868,470,64.08333333333334,cotizando,59.01381397236834,5.901381397236834,D,0.0014641108046580377,3725.154988020333,3736.5190493608225
adversa,Trayectoria adversa,adversa_00868,471,64.16666666666666,cotizando,59.062768180331354,5.9062768180331355,D,0.0017116298463452945,3736.5190493608225,3748.830973064862
adversa,Trayectoria adversa,adversa_00868,472,64.25,cotizando,59.11176299767575,5.911176299767575,D,0.0020275283901708303,3748.830973064862,3762.3549956702373
adversa,Trayectoria adversa,adversa_00868,473,64.33333333333334,cotizando,59.160798458088514,5.916079845808852,D,0.002286343173046388,3762.3549956702373,3776.8866363637403
adversa,Trayectoria adversa,adversa_00868,474,64.41666666666666,cotizando,59.20987459528465,5.920987459528465,D,0.0023934970383853514,3776.8866363637403,3791.8617626676714
adversa,Trayectoria adversa,adversa_00868,475,64.5,desempleado,59.258991443007105,0.0,D,0.002314969391055581,3791.8617626676714,3800.639806583361
adversa,Trayectoria adversa,adversa_00868,476,64.58333333333334,desempleado,59.308149035026794,0.0,D,0.002088097495956061,3800.639806583361,3808.5759130465185
adversa,Trayectoria adversa,adversa_00868,477,64.66666666666666,desempleado,59.357347405142676,0.0,D,0.0018100792842366486,3808.5759130465185,3815.4697374091666
adversa,Trayectoria adversa,adversa_00868,478,64.75,informal,59.406586587181735,0.0,D,0.0016077038686946664,3815.4697374091666,3821.6038828668866
adversa,Trayectoria adversa,adversa_00868,479,64.83333333333334,cotizando,59.45586661499902,5.9455866614999024,D,0.0015976904689188783,3821.6038828668866,3833.664708835167
adversa,Trayectoria adversa,adversa_00868,480,64.91666666666666,cotizando,59.50518752247764,5.950518752247764,D,0.0018499272640609794,3833.664708835167,3846.7182364804326
